collection,unit,section,chapter,content_type,activity_type,topic,level,status,qa,word_count,summary,title
cosmopolite-a1-methode,page-001,none,,[cover],cover,none,A1,verified,pass,73,Front cover of the Cosmopolite 1 A1 French textbook.,Nathalie Hirschsprung - Tony Tricot
cosmopolite-a1-methode,page-002,,,[cover],cover,none,A1,verified,pass,34,"Title page listing authors, contributors, and publisher Hachette.",Cosmopolite 1
cosmopolite-a1-methode,page-003,none,,[intro],none,none,A1,transcribed,fail,256,Page could not be transcribed (content-filter block on a real-person photo); see page-003.md for detail.,This page could not be transcribed.
cosmopolite-a1-methode,page-004,none,,[instructions],instructions,none,A1,verified,pass,552,"User guide explaining the structure of the student book (dossiers, leçons).",MODE D'EMPLOI
cosmopolite-a1-methode,page-005,none,,[instructions],instructions,none,A1,transcribed,fail,862,"User guide continued: Cultures, Projets, DELF pages, and digital resources.",MODE D'EMPLOI
cosmopolite-a1-methode,page-006,none,Dossier 0 / Dossier 1,[toc],none,mixed,A1,verified,pass,515,"Contents table for Dossier 0 and Dossier 1: lessons, grammar, vocabulary.",TABLEAU DES CONTENUS
cosmopolite-a1-methode,page-007,none,Dossier 2 / Dossier 3,[toc],none,mixed,A1,verified,pass,764,"Contents table for Dossier 2 (travel) and Dossier 3 (family, description).",TABLEAU DES CONTENUS
cosmopolite-a1-methode,page-008,none,Dossier 4 / Dossier 5,[toc],none,mixed,A1,verified,pass,739,"Contents table for Dossier 4 (daily routine) and Dossier 5 (news, biography).",DOSSIER 4 – Nous parlons de notre quotidien
cosmopolite-a1-methode,page-009,none,Dossier 6 / Dossier 7,[toc],none,mixed,A1,verified,pass,714,"Contents table for Dossier 6 (travel) and Dossier 7 (shopping, food).",TABLEAU DES CONTENUS
cosmopolite-a1-methode,page-010,none,Dossier 8,[toc],none,mixed,A1,verified,pass,339,"Contents table for Dossier 8: restaurants, clothing, events, evening party.",DOSSIER 8 – Nous organisons une soirée française
cosmopolite-a1-methode,page-011,speaking,Dossier 0,"[chapter-opener, lesson, picture-story, exercise]",speaking-task,communication,A1,verified,pass,250,Comic-strip intro activity: greetings and answering the phone in six languages.,"Bandeau bleu, en haut de page :"
cosmopolite-a1-methode,page-012,speaking,Leçon 1,"[lesson, dialogue, grammar-box, exercise, speaking-prompt]",speaking-task,personal-info,A1,verified,pass,273,Practice self-introductions (je m'appelle) via dialogue matching and speaking.,Badge en haut à droite : Dossier 0 Leçon 1
cosmopolite-a1-methode,page-013,listening,Leçon 2,"[chapter-opener, lesson, listening-sheet, exercise]",listening-comprehension,communication,A1,verified,pass,219,Listening activity: identify audio type and match alphabet pronunciation.,Logo leçon stylisé (nœud papillon/molécule bleu formé de flèches et de ronds)
cosmopolite-a1-methode,page-014,listening,Leçon 2,"[lesson, grammar-box, exercise, listening-sheet, speaking-prompt]",listening-comprehension,communication,A1,verified,pass,459,"Alphabet sounds, accents, and spelling names via listening and forum reading.",Badge en haut à droite : Dossier 0 Leçon 2
cosmopolite-a1-methode,page-015,grammar,Leçon 3,"[chapter-opener, lesson, vocabulary, exercise, grammar-box]",fill-in,travel,A1,verified,pass,438,"Practice country names, numbers, and definite articles via an Olympic medal table.",Logo leçon stylisé (nœud papillon/molécule bleu formé de flèches et de ronds)
cosmopolite-a1-methode,page-016,grammar,Leçon 3,"[grammar-box, vocabulary, exercise, listening-sheet, speaking-prompt]",fill-in,travel,A1,verified,pass,726,Complete country-article rules and number tables 0-69; play a counting game.,Badge en haut à droite : Dossier 0 Leçon 3
cosmopolite-a1-methode,page-017,reading,Leçon 4,"[lesson, chapter-opener, reading-text, exercise]",reading-comprehension,time-dates,A1,verified,pass,298,Read a language-school course calendar and complete months per season.,Logo dossier/leçon stylisé (nœud papillon bleu formé de flèches)
cosmopolite-a1-methode,page-018,listening,Leçon 4,"[lesson, exercise, grammar-box, vocabulary]",listening-comprehension,time-dates,A1,verified,pass,393,Song-based practice of days/months; classroom communication expressions.,Dossier 0 Leçon 4 logo dossier/leçon
cosmopolite-a1-methode,page-019,speaking,Dossier 1,"[chapter-opener, speaking-prompt]",speaking-task,communication,A1,verified,pass,201,Discussion prompts on French greeting customs and use of tu/vous.,Logo dossier stylisé (nœud papillon bleu/vert formé de flèches)
cosmopolite-a1-methode,page-020,speaking,Dossier 1,"[chapter-opener, speaking-prompt]",speaking-task,communication,A1,verified,pass,215,Discuss where French is spoken and its uses; unit project overview.,③ On parle français en :
cosmopolite-a1-methode,page-021,listening,Leçon 1,"[lesson, exercise, grammar-box, dialogue]",matching,communication,A1,verified,pass,471,Match greeting phrases to photos; reconstruct formal/informal dialogues.,Logo dossier/leçon stylisé (nœud papillon vert/bleu formé de flèches)
cosmopolite-a1-methode,page-022,speaking,Leçon 1,"[lesson, exercise, grammar-box, dialogue, audio-script]",true-false,personal-info,A1,verified,pass,349,True/false on an embassy invitation; greeting role-play and article practice.,Dossier 1 Leçon 1 logo dossier/leçon
cosmopolite-a1-methode,page-023,listening,Leçon 2,"[lesson, exercise, listening-sheet, grammar-box]",matching,travel,A1,verified,pass,477,Match listening dialogues about travel situations to photos and topics.,Logo dossier/leçon stylisé (nœud papillon vert/bleu formé de flèches)
cosmopolite-a1-methode,page-024,listening,Leçon 2,"[lesson, exercise, listening-sheet, grammar-box, speaking-prompt]",listening-comprehension,personal-info,A1,verified,pass,607,Listen to a conversation with phone numbers; true/false and matching drills.,Dossier 1 Leçon 2 logo dossier/leçon
cosmopolite-a1-methode,page-025,listening,Leçon 3,"[lesson, exercise, listening-sheet, reading-text]",multiple-choice,personal-info,A1,verified,pass,409,Multiple-choice and true/false on a francophone festival poster and program.,Logo dossier/leçon stylisé (croix bleue et verte formée de cercles/nœuds)
cosmopolite-a1-methode,page-026,grammar,Leçon 3,"[lesson, exercise, grammar-box, vocabulary]",fill-in,personal-info,A1,verified,pass,539,Complete festival badges and grammar tables for nationality and profession.,Dossier 1 Leçon 3 logo dossier/leçon
cosmopolite-a1-methode,page-027,listening,Leçon 4,"[lesson, exercise, listening-sheet, reading-text]",reading-comprehension,personal-info,A1,transcribed,fail,536,"Read a film webpage to identify director, actors, characters; verb drills.",Logo dossier/leçon stylisé (croix bleue et verte formée de cercles/nœuds)
cosmopolite-a1-methode,page-028,grammar,Leçon 4,"[lesson, exercise, grammar-box, reading-text, listening-sheet]",reading-comprehension,personal-info,A1,transcribed,fail,688,Read a student blog profile; multiple-choice questions and registration form.,Dossier 1 Leçon 4 logo dossier/leçon
cosmopolite-a1-methode,page-029,listening,"Dossier 1, Leçon 5","[chapter-opener, exercise, grammar-box, listening-sheet]",fill-in,personal-info,A1,verified,pass,408,Complete a registration form and grammar tables about identity via listening.,LEÇON
cosmopolite-a1-methode,page-030,reading,"Dossier 1, Leçon 5","[exercise, grammar-box, dialogue, listening-sheet]",true-false,school,A1,verified,pass,525,True/false comprehension of a chat about a French class; possessives practice.,Dossier 1 Leçon 5
cosmopolite-a1-methode,page-031,reading,"Dossier 1, Leçon 6","[chapter-opener, reading-text, exercise]",matching,mixed,A1,transcribed,fail,377,Poster listing ten reasons to speak French; match speech-bubble icons to people.,LEÇON
cosmopolite-a1-methode,page-032,grammar,"Dossier 1, Leçon 6","[exercise, grammar-box, listening-sheet]",fill-in,school,A1,verified,pass,481,Match reasons to speak French; grammar focus on parce que/pour and punctuation.,Dossier 1 Leçon 6
cosmopolite-a1-methode,page-033,reading,"Dossier 1, Cultures","[reading-text, exercise]",reading-comprehension,personal-info,A1,verified,pass,274,Forum discussion about French first names used abroad; read and discuss.,CULTURES
cosmopolite-a1-methode,page-034,reading,"Dossier 1, Cultures","[reading-text, exercise, vocabulary]",matching,mixed,A1,transcribed,fail,445,Facts about global French speakers; match trivia and classify famous French people.,Dossier 1 Cultures
cosmopolite-a1-methode,page-035,speaking,Dossier 1,"[review, exercise, speaking-prompt]",speaking-task,personal-info,A1,verified,pass,523,Class project: interview a classmate and build their personal-info slide.,PROJETS
cosmopolite-a1-methode,page-036,writing,Dossier 1,"[exercise, listening-sheet, writing-prompt]",writing-task,personal-info,A1,verified,pass,327,"DELF 1 exam: listen to dialogues, fill a registration form, write a short message.",Pastille en haut à droite : « Dossier 1 / DELF »
cosmopolite-a1-methode,page-037,speaking,Dossier 2,"[chapter-opener, intro]",speaking-task,travel,A1,verified,pass,176,Dossier 2 opener: discuss where French people travel and where francophones live.,"Logo « croix »/molécule rouge et bleu, en haut à gauche"
cosmopolite-a1-methode,page-038,speaking,Dossier 2,"[chapter-opener, intro]",speaking-task,travel,A1,verified,pass,225,"Opener continued: discuss free tours, couchsurfing; intro survival-kit class project.","En France, il est possible de :"
cosmopolite-a1-methode,page-039,reading,Dossier 2 - Leçon 1,"[lesson, reading-text, grammar-box, exercise]",matching,travel,A1,verified,pass,397,Anne's travel journal: match cities/photos to countries; learn location prepositions.,Logo « croix »/molécule rouge et bleu
cosmopolite-a1-methode,page-040,listening,Dossier 2 - Leçon 1,"[lesson, reading-text, listening-sheet, exercise, writing-prompt]",listening-comprehension,travel,A1,verified,pass,391,More of Anne's travel journal; listening dream exercise; write own travel entry.,Pastille en haut à droite : « Dossier 2 Leçon 1 »
cosmopolite-a1-methode,page-041,listening,"Dossier 2, Leçon 2","[lesson, exercise, grammar-box]",matching,city-places,A1,verified,pass,511,"Audio-guided New Orleans tour: match places/names, learn definite/indefinite articles.",Logo dossier/leçon stylisé (nœud papillon bleu et rouge formé de flèches)
cosmopolite-a1-methode,page-042,reading,"Dossier 2, Leçon 2","[reading-text, exercise, grammar-box, speaking-prompt]",matching,city-places,A1,verified,pass,603,New Orleans audioguide text and map; match photos to location prepositions.,document 2 Dossier 2 Leçon 2
cosmopolite-a1-methode,page-043,reading,"Dossier 2, Leçon 3","[lesson, reading-text, exercise, grammar-box, listening-sheet]",fill-in,travel,A1,verified,pass,524,"Aosta Valley tourism webpage; identify region facts, fill in le/la/l' elision.",Logo dossier/leçon stylisé (nœud papillon bleu et rouge formé de flèches)
cosmopolite-a1-methode,page-044,speaking,"Dossier 2, Leçon 3","[dialogue, exercise, grammar-box, writing-prompt, speaking-prompt]",reading-comprehension,travel,A1,verified,pass,605,Forum thread about visiting Aosta; learn transport prepositions and verbs aller/prendre.,5 icône bulle de dialogue
cosmopolite-a1-methode,page-045,reading,"Dossier 2, Leçon 4","[lesson, reading-text, exercise]",reading-comprehension,communication,A1,verified,pass,392,Article about a francophone meetup cafe in Istanbul; match testimonials to photos.,Logo dossier/leçon stylisé (nœud papillon bleu et rouge formé de flèches)
cosmopolite-a1-methode,page-046,none,"Dossier 2, Leçon 4","[exercise, grammar-box, speaking-prompt, listening-sheet]",fill-in,personal-info,A1,verified,pass,626,Cafe Mila interview Q&A matching; negation and habiter grammar; correct Vittoria's text.,Dossier 2 Leçon 4
cosmopolite-a1-methode,page-047,reading,"Dossier 2, Leçon 5","[lesson, reading-text, exercise, grammar-box]",true-false,home,A1,verified,pass,411,Article on couchsurfing; true/false comprehension; demonstrative adjectives grammar focus.,LEÇON 5 Nous couchsurfons
cosmopolite-a1-methode,page-048,listening,"Dossier 2, Leçon 5","[exercise, listening-sheet, grammar-box, speaking-prompt]",listening-comprehension,home,A1,verified,pass,567,Radio report on couchsurfers in Limoges; listening table; verb venir conjugation.,Dossier 2 Leçon 5
cosmopolite-a1-methode,page-049,listening,"Dossier 2, Leçon 6","[lesson, exercise, listening-sheet, grammar-box]",ordering,home,A1,verified,pass,402,"Renting a room dialogue; listen, then reorder scrambled question words.",LEÇON 6 En route !
cosmopolite-a1-methode,page-050,reading,"Dossier 2, Leçon 6","[reading-text, exercise, listening-sheet, speaking-prompt, writing-prompt]",true-false,travel,A1,verified,pass,387,Greeter tourism webpage in Toulouse; true/false check; choose Magnus's best greeter.,Dossier 2 Leçon 6
cosmopolite-a1-methode,page-051,none,Dossier 2 — Cultures,"[chapter-opener, exercise, reading-text, picture-story]",matching,profession,A1,verified,pass,429,Video and portraits of French expatriates abroad; match photos to professions.,CULTURES
cosmopolite-a1-methode,page-052,reading,Dossier 2 — Cultures,"[reading-text, exercise, picture-story]",multiple-choice,hobby,A1,verified,pass,351,Stockholm French-meetup flyer; choose correct answer and match activities to purposes.,Dossier 2 Cultures
cosmopolite-a1-methode,page-053,speaking,,"[exercise, speaking-prompt]",matching,communication,A1,verified,pass,398,"Survival-kit project: match phrasebook categories, build a French survival kit.",PROJETS
cosmopolite-a1-methode,page-054,none,Dossier 2,"[exercise, reading-text, speaking-prompt, review]",reading-comprehension,city-places,A1,verified,pass,329,"DELF 2 exam: tourist itinerary reading, transport choice, oral exam preparation.",DELF 2
cosmopolite-a1-methode,page-055,speaking,Dossier 3,"[chapter-opener, speaking-prompt]",speaking-task,family,A1,verified,pass,225,Dossier 3 opener: discuss French families and stereotypes about French people.,"Decorative logo: interlocking white and blue ""X""-shaped connector icons, over a teal backg"
cosmopolite-a1-methode,page-056,speaking,Dossier 3,"[chapter-opener, speaking-prompt]",speaking-task,family,A1,verified,pass,173,Opener continued: discuss France's image; intro family-themed roman-photo project.,"③ La France, c'est :"
cosmopolite-a1-methode,page-057,reading,Dossier 3,"[lesson, reading-text, exercise, listening-sheet]",true-false,family,A1,verified,pass,573,"Au pair website; choose correct site type, true/false, match hosts' testimonials.","Decorative logo: interlocking white and blue/teal ""X""-shaped connector icons."
cosmopolite-a1-methode,page-058,grammar,Dossier 3 / Leçon 1,"[exercise, grammar-box, listening-sheet, vocabulary, speaking-prompt]",vocabulary,family,A1,verified,pass,721,Family vocabulary tree and possessive adjectives; sounds practice; introduce your family.,Dossier 3 Leçon 1
cosmopolite-a1-methode,page-059,reading,Dossier 3,"[lesson, reading-text]",reading-comprehension,personal-info,A1,transcribed,fail,431,Selfie-contest website and Instagram/Twitter posts describing friends and family members.,Logo LEÇON (croix géométrique turquoise/bleu/gris)
cosmopolite-a1-methode,page-060,none,Dossier 3,"[lesson, exercise, grammar-box, listening-sheet, speaking-prompt]",matching,personal-info,A1,verified,pass,578,Match selfie-contest elements; adjective agreement grammar; describe your group's selfie.,Dossier 3 Leçon 2 logo dossier
cosmopolite-a1-methode,page-061,reading,Dossier 3,"[lesson, reading-text, exercise]",reading-comprehension,travel,A1,verified,pass,412,Read tourist testimonials about France and match photos to visitors' opinions.,Logo LEÇON (croix géométrique turquoise/bleu/gris)
cosmopolite-a1-methode,page-062,none,Dossier 3,"[lesson, exercise, grammar-box, listening-sheet, speaking-prompt]",speaking-task,travel,A1,verified,pass,604,"Express likes/dislikes about France, hear a street interview, then write tourist testimonials.",Dossier 3 Leçon 3 logo dossier
cosmopolite-a1-methode,page-063,reading,Dossier 3,"[lesson, reading-text, exercise]",listening-comprehension,profession,A1,verified,pass,502,"Read about a speak-dating event, then hear Pierre and Suzan describe jobs and dreams.",Logo LEÇON (croix géométrique turquoise/bleu/gris)
cosmopolite-a1-methode,page-064,none,Dossier 3,"[lesson, grammar-box, exercise, listening-sheet, vocabulary, speaking-prompt]",fill-in,profession,A1,verified,pass,566,Complete -er verb conjugation tables and match masculine/feminine profession pairs.,Dossier 3 Leçon 4 logo dossier
cosmopolite-a1-methode,page-065,reading,"Dossier 3, Leçon 5","[lesson, reading-text, exercise]",reading-comprehension,vacation,A1,verified,pass,416,Read a summer-camp brochure and match sports/culture activities to photos.,Logo LEÇON (croix géométrique turquoise/bleu/gris)
cosmopolite-a1-methode,page-066,listening,"Dossier 3, Leçon 5","[lesson, exercise, listening-sheet, grammar-box]",listening-comprehension,hobby,A1,verified,pass,537,Listen to camp staff describe sports and arts activities; learn faire + du/de la.,Dossier 3 Leçon 5 logo dossier
cosmopolite-a1-methode,page-067,reading,"Dossier 3, Leçon 6","[lesson, reading-text, exercise, vocabulary]",reading-comprehension,health,A1,verified,pass,445,Read a forum post about illness abroad and a list of French-speaking doctors.,Logo LEÇON (croix géométrique bleu foncé/turquoise/gris)
cosmopolite-a1-methode,page-068,grammar,"Dossier 3, Leçon 6","[exercise, grammar-box, listening-sheet, vocabulary, speaking-prompt]",vocabulary,health,A1,verified,pass,781,Learn body-part vocabulary and avoir mal à; complete a medical phone-call form.,Dossier 3 Leçon 6 logo dossier : croix géométrique turquoise/bleu
cosmopolite-a1-methode,page-069,listening,Dossier 3,"[exercise, listening-sheet, speaking-prompt]",listening-comprehension,travel,A1,verified,pass,391,Watch tourism-industry interviews; match languages spoken and visitor percentages to venues.,"Logo « C » stylisé bleu/orange, avec un demi-cercle turquoise et un point orange à gauche"
cosmopolite-a1-methode,page-070,reading,Dossier 3,"[exercise, reading-text, speaking-prompt, writing-prompt]",reading-comprehension,travel,A1,verified,pass,414,Read a guide's tips on nationalities' habits and match traits to emoticons.,Dossier 3 Cultures
cosmopolite-a1-methode,page-071,writing,PROJETS,"[chapter-opener, instructions, picture-story, writing-prompt, speaking-prompt]",writing-task,mixed,A1,verified,pass,515,Class project: create a photo-story about classmates with speech/thought bubbles.,PROJETS
cosmopolite-a1-methode,page-072,none,Dossier 3,"[review, listening-sheet, speaking-prompt, writing-prompt, exercise]",listening-comprehension,mixed,A1,verified,pass,293,"DELF 3 practice: listening about France, oral self-intro, and au-pair form.",DELF 3
cosmopolite-a1-methode,page-073,reading,Dossier 4,"[chapter-opener, reading-text, instructions, speaking-prompt]",reading-comprehension,daily-routine,A1,verified,pass,245,Read students' opinions on French wake-up times and social-media habits.,DOSSIER 4
cosmopolite-a1-methode,page-074,speaking,Dossier 4,"[chapter-opener, reading-text, speaking-prompt]",reading-comprehension,daily-routine,A1,verified,pass,306,Read opinions on coffee/lunch habits; preview Dossier 4 projects and goals.,"Photo, en haut, rognée : deux femmes et un homme (visages hors cadre) tenant des tasses/mu"
cosmopolite-a1-methode,page-075,listening,Dossier 4,"[lesson, instructions, exercise, listening-sheet, grammar-box, vocabulary]",listening-comprehension,travel,A1,verified,pass,487,"Read a safari itinerary, then listen to a guide narrate the day's schedule.",LEÇON 1 Une journée sur Terre
cosmopolite-a1-methode,page-076,listening,Dossier 4,"[lesson, exercise, grammar-box, listening-sheet, speaking-prompt]",listening-comprehension,time-dates,A1,verified,pass,513,Practice formal/informal time-telling; listen to office hours and narrate your day.,"En-tête de page, en haut à droite : Dossier 4 Leçon 1"
cosmopolite-a1-methode,page-077,reading,"Dossier 4, Leçon 2","[lesson, reading-text, exercise, listening-sheet, speaking-prompt]",reading-comprehension,daily-routine,A1,verified,pass,566,Read about Marc's eco-friendly routine in Normandy; start Natasha's listening interview.,Logo LEÇON (croix géométrique rose/bleu/gris)
cosmopolite-a1-methode,page-078,reading,"Dossier 4, Leçon 2","[lesson, reading-text, exercise, listening-sheet, grammar-box]",listening-comprehension,daily-routine,A1,verified,pass,577,"Continue Marc's day, conjugate reflexive verbs, and listen to routine intonation patterns.",Dossier 4 Leçon 2 logo dossier (croix géométrique rose/gris)
cosmopolite-a1-methode,page-079,reading,"Dossier 4, Leçon 3","[lesson, listening-sheet, exercise, reading-text, grammar-box]",listening-comprehension,daily-routine,A1,verified,pass,670,Listen to a vox pop mapping Frédérique and Stéphane's daily schedules.,Logo LEÇON (croix géométrique rose/bleu/gris)
cosmopolite-a1-methode,page-080,reading,"Dossier 4, Leçon 3","[lesson, reading-text, grammar-box, writing-prompt, speaking-prompt]",reading-comprehension,daily-routine,A1,verified,pass,514,Read writer Émilie Frèche's daily schedule and learn frequency adverbs.,Dossier 4 Leçon 3 logo dossier (croix géométrique rose/gris)
cosmopolite-a1-methode,page-081,reading,"Dossier 4, Leçon 4","[lesson, reading-text, exercise, listening-sheet]",reading-comprehension,profession,A1,verified,pass,548,Read Romain's email on starting work in Poland; classify obligation/possibility phrases.,Logo LEÇON (croix géométrique rose/bleu/gris)
cosmopolite-a1-methode,page-082,grammar,"Dossier 4, Leçon 4","[lesson, exercise, grammar-box, listening-sheet, speaking-prompt, writing-prompt]",fill-in,profession,A1,verified,pass,591,Match phrases about Polish work culture; conjugate pouvoir/devoir/vouloir for an ideal week.,Dossier 4 Leçon 4 logo dossier (croix géométrique rose/gris)
cosmopolite-a1-methode,page-083,none,"Dossier 4, Leçon 5","[lesson, reading-text, grammar-box, listening-sheet, exercise]",reading-comprehension,hobby,A1,verified,pass,405,Read a survey on Berliners' French-style outings; conjugate choisir and sortir.,Logo LEÇON (croix géométrique turquoise/bleu/gris)
cosmopolite-a1-methode,page-084,none,"Dossier 4, Leçon 5","[lesson, exercise, grammar-box, listening-sheet]",matching,hobby,A1,verified,pass,655,Match survey questions to answers on outings; study formal vs informal questions.,Dossier 4 Leçon 5 logo dossier
cosmopolite-a1-methode,page-085,none,"Dossier 4, Leçon 6","[lesson, listening-sheet, grammar-box, exercise, reading-text]",listening-comprehension,communication,A1,transcribed,fail,714,"Listen to a call about concerts, fill a calendar, read a birthday invite.",Logo LEÇON (croix géométrique turquoise/bleu/gris)
cosmopolite-a1-methode,page-086,none,"Dossier 4, Leçon 6","[lesson, grammar-box, exercise, reading-text, listening-sheet, writing-prompt, speaking-prompt]",reading-comprehension,communication,A1,verified,pass,599,Compare invitation emails; learn the imperative for giving instructions and invitations.,Dossier 4 Leçon 6 logo dossier
cosmopolite-a1-methode,page-087,listening,"Dossier 4, Cultures","[chapter-opener, exercise, listening-sheet]",listening-comprehension,home,A1,transcribed,fail,479,Watch a video on household chores; match tasks and opinions to speakers.,"Logo « C » stylisé bleu/orange, avec point rose ULTURES"
cosmopolite-a1-methode,page-088,reading,"Dossier 4, Cultures","[exercise, reading-text, review]",reading-comprehension,daily-routine,A1,verified,pass,419,Answer true/false on housework; read a graph of daily activity rhythms.,Dossier 4 Cultures logo dossier
cosmopolite-a1-methode,page-089,writing,PROJETS,"[chapter-opener, instructions, writing-prompt, speaking-prompt]",writing-task,communication,A1,verified,pass,355,Class project: draft an invitation email and welcome note for a guest speaker.,PROJETS
cosmopolite-a1-methode,page-090,none,Dossier 4,"[exercise, reading-text, writing-prompt, review]",reading-comprehension,daily-routine,A1,verified,pass,406,DELF 4: read an email about work in Brussels; complete a form and reply.,Dossier 4
cosmopolite-a1-methode,page-091,none,Dossier 5,"[chapter-opener, exercise, reading-text]",speaking-task,communication,A1,transcribed,fail,863,"Discussion questions on francophone media, magazines, and journals worldwide.",DOSSIER 5
cosmopolite-a1-methode,page-092,none,Dossier 5,"[chapter-opener, exercise, reading-text]",matching,mixed,A1,verified,pass,205,Matches francophone authors to writing/translation status; introduces Dossier 5 projects.,3 Ces auteurs étrangers écrivent en français ou leurs livres sont traduits en français ?
cosmopolite-a1-methode,page-093,reading,Leçon 1,"[lesson, reading-text, exercise, instructions]",reading-comprehension,school,A1,verified,pass,473,Reads a Japanese professor's project and two students' learning journals in French.,LEÇON 1 Apprendre autrement
cosmopolite-a1-methode,page-094,grammar,Dossier 5 / Leçon 1,"[grammar-box, exercise, instructions, listening-sheet]",fill-in,school,A1,verified,pass,549,"Grammar focus completing passe compose rules with avoir/etre, plus a listening interview task.",Dossier 5 Leçon 1
cosmopolite-a1-methode,page-095,reading,"Dossier 5, Leçon 2","[lesson, reading-text, exercise]",reading-comprehension,profession,A1,verified,pass,560,"Reading article ranking five young Acadian talents in music, sports, and academics.",LEÇON 2 Jeunes talents
cosmopolite-a1-methode,page-096,grammar,"Dossier 5, Leçon 2","[lesson, grammar-box, exercise, listening-sheet, writing-prompt]",fill-in,profession,A1,verified,pass,560,"Grammar practice on passe recent, futur proche, and verb dire, with a listening task.",Dossier 5 Leçon 2
cosmopolite-a1-methode,page-097,listening,"Dossier 5, Leçon 3","[lesson, listening-sheet, exercise, grammar-box, reading-text]",listening-comprehension,personal-info,A1,verified,pass,502,Listening exercise completing Ahmadou Kourouma's biography; reads Tahar Ben Jelloun's biography.,LEÇON 3 Écrivains francophones
cosmopolite-a1-methode,page-098,grammar,"Dossier 5, Leçon 3","[reading-text, exercise, grammar-box, writing-prompt]",reading-comprehension,personal-info,A1,verified,pass,658,"Reads Andrei Makine's biography, compares two writers' timelines, studies passe compose with etre.",Dossier 5 Leçon 3
cosmopolite-a1-methode,page-099,listening,"Dossier 5, Leçon 4","[lesson, listening-sheet, exercise, reading-text]",matching,personal-info,A1,verified,pass,600,Reading and listening about a TV book show; matches characters to physical descriptions.,"LEÇON 4 Un livre, un jour"
cosmopolite-a1-methode,page-100,grammar,"Dossier 5, Leçon 4","[reading-text, grammar-box, exercise, speaking-prompt, writing-prompt]",writing-task,personal-info,A1,verified,pass,509,Reads literary character descriptions; groups write physical-description portraits like the authors.,Dossier 5 Leçon 4
cosmopolite-a1-methode,page-101,reading,"Dossier 5, Leçon 5","[lesson, reading-text, exercise, grammar-box]",reading-comprehension,restaurant,A1,verified,pass,481,Reading article about chef Keisuke Matsushima's fusion restaurant and career in Nice.,LEÇON
cosmopolite-a1-methode,page-102,listening,"Dossier 5, Leçon 5","[exercise, grammar-box, reading-text, listening-sheet, writing-prompt, speaking-prompt]",true-false,restaurant,A1,transcribed,fail,655,True/false listening about two fusion chefs; corrects a learner's errors; writes a chef profile.,Dossier 5 Leçon 5
cosmopolite-a1-methode,page-103,reading,"Dossier 5, Leçon 6","[lesson, reading-text, exercise]",reading-comprehension,communication,A1,transcribed,fail,572,Reading a press-directory website (Giga Presse) and extracting its usage advice.,LEÇON
cosmopolite-a1-methode,page-104,grammar,"Dossier 5, Leçon 6","[exercise, grammar-box, listening-sheet, writing-prompt, speaking-prompt]",true-false,communication,A1,verified,pass,570,Listening to ten reporting commandments; classifies them and studies the imperative for advice.,Dossier 5 Leçon 6
cosmopolite-a1-methode,page-105,listening,"Dossier 5, Cultures","[chapter-opener, exercise, listening-sheet, speaking-prompt]",listening-comprehension,hobby,A1,verified,pass,394,"Video listening about a themed bookshop, Le Barbouquin a Belleville, in Paris.",CULTURES
cosmopolite-a1-methode,page-106,reading,"Dossier 5, Cultures","[reading-text, exercise, speaking-prompt, wordlist]",true-false,communication,A1,transcribed,fail,696,"Reading and true/false about the France 24 TV channel's structure, schedule, and programs.",Dossier 5 Cultures
cosmopolite-a1-methode,page-107,none,PROJETS,"[chapter-opener, exercise, speaking-prompt, writing-prompt]",matching,personal-info,A1,verified,pass,271,Matches biography elements to portray a francophone celebrity (Viggo Mortensen).,PROJETS
cosmopolite-a1-methode,page-108,none,Dossier 5,"[exercise, reading-text, speaking-prompt, review]",reading-comprehension,personal-info,A1,verified,pass,325,DELF exam: reading comprehension on Amin Maalouf's biography plus oral production tasks.,Dossier 5 / DELF
cosmopolite-a1-methode,page-109,none,Dossier 6,"[chapter-opener, exercise]",speaking-task,travel,A1,verified,pass,157,Discussion on a world map showing francophone speaker populations by region.,DOSSIER 6
cosmopolite-a1-methode,page-110,none,Dossier 6,"[exercise, chapter-opener]",instructions,travel,A1,verified,pass,258,Francophone world map exercise; introduces Dossier 6 travel-planning class projects.,"Carte du monde de la francophonie, pays et territoires francophones ou partiellement franc"
cosmopolite-a1-methode,page-111,reading,Dossier 6,"[lesson, reading-text, exercise]",true-false,travel,A1,transcribed,fail,590,True/false reading about a Madagascar photography-tour travel agency website.,LEÇON 1 100 % photo
cosmopolite-a1-methode,page-112,grammar,Dossier 6,"[grammar-box, exercise, listening-sheet, speaking-prompt, writing-prompt]",fill-in,travel,A1,verified,pass,594,Future tense grammar practice plus listening to a Madagascar trip phone call.,Dossier 6 Leçon 1
cosmopolite-a1-methode,page-113,reading,Dossier 6,"[lesson, reading-text, exercise]",matching,travel,A1,verified,pass,426,Reading matches 'mission' versus 'immersion' trips; profiles Burkina Faso.,LEÇON 2 Voyager autrement
cosmopolite-a1-methode,page-114,grammar,Dossier 6,"[exercise, grammar-box, listening-sheet]",multiple-choice,city-places,A1,verified,pass,567,Multiple-choice on Burkina Faso; grammar on the pronoun y and locating places.,Dossier 6 Leçon 2
cosmopolite-a1-methode,page-115,listening,Dossier 6,"[lesson, reading-text, exercise, grammar-box]",listening-comprehension,city-places,A1,verified,pass,478,Listening to a sound-postcard contest; matches French cities to descriptions and colors.,LEÇON 3 Tour de France
cosmopolite-a1-methode,page-116,reading,Dossier 6,"[reading-text, exercise, grammar-box]",reading-comprehension,city-places,A1,verified,pass,480,Reading a flyer ranking top 5 French cities; adjective-placement grammar practice.,document 2
cosmopolite-a1-methode,page-117,reading,Dossier 6,"[lesson, reading-text, exercise]",reading-comprehension,home,A1,verified,pass,470,Reading a Moroccan guesthouse (Kasbah) website describing rooms and hospitality.,LEÇON 4 Séjour au Maroc
cosmopolite-a1-methode,page-118,grammar,Dossier 6,"[grammar-box, exercise, listening-sheet, vocabulary]",fill-in,home,A1,verified,pass,555,Grammar on -ir verbs; listening to guests reviewing their stay at the Kasbah.,FOCUS LANGUE ► p. 214 et 219
cosmopolite-a1-methode,page-119,reading,"Dossier 6, Leçon 5","[lesson, reading-text, exercise]",reading-comprehension,weather,A1,verified,pass,590,Reading a travel-weather website comparing climate and seasons across countries.,LEÇON 5 Quand partir ?
cosmopolite-a1-methode,page-120,listening,"Dossier 6, Leçon 5","[lesson, exercise, listening-sheet, grammar-box]",listening-comprehension,weather,A1,verified,pass,508,Listening to an African weather forecast; grammar for describing climate and forecasts.,Dossier 6 Leçon 5
cosmopolite-a1-methode,page-121,listening,"Dossier 6, Leçon 6","[lesson, reading-text, exercise, listening-sheet, grammar-box]",listening-comprehension,travel,A1,transcribed,fail,527,Listening and reading tasks on expressing travel emotions and the five senses.,LEÇON 6 Carnets de voyages
cosmopolite-a1-methode,page-122,speaking,"Dossier 6, Leçon 6","[lesson, exercise, grammar-box, picture-story]",writing-task,travel,A1,verified,pass,543,Students write and share a travel journal entry describing sensations and emotions.,Dossier 6 Leçon 6
cosmopolite-a1-methode,page-123,none,"Dossier 6, Cultures","[chapter-opener, reading-text, exercise]",listening-comprehension,communication,A1,verified,pass,307,Video-based comprehension on Francophonie statistics and worldwide French speaker distribution.,"logo « CULTURES », lettre C stylisée en grand médaillon bleu"
cosmopolite-a1-methode,page-124,none,"Dossier 6, Cultures","[reading-text, exercise, writing-prompt]",reading-comprehension,communication,A1,verified,pass,295,"Infographic reading on Francophonie growth, ranking regions and completing a cultural notebook.",Dossier 6 Cultures
cosmopolite-a1-methode,page-125,none,PROJETS,"[chapter-opener, reading-text, exercise, writing-prompt, speaking-prompt]",instructions,travel,A1,verified,pass,462,Class project: plan a virtual trip through a francophone country step by step.,bandeau gris PROJETS
cosmopolite-a1-methode,page-126,none,Dossier 6,"[exercise, listening-sheet, speaking-prompt, review]",listening-comprehension,travel,A1,verified,pass,325,DELF 6 practice: listening comprehension about a travel agency call plus oral exam drills.,Dossier 6 / DELF
cosmopolite-a1-methode,page-127,speaking,Dossier 7,"[chapter-opener, exercise, speaking-prompt]",speaking-task,mixed,A1,verified,pass,169,Discussion prompts on French-origin foods and store brands recognized worldwide.,"Décoration : logos blancs et bleus en forme de ""X"" entrelacés, sur fond vert olive."
cosmopolite-a1-methode,page-128,speaking,Dossier 7,"[chapter-opener, exercise, speaking-prompt]",instructions,mixed,A1,transcribed,fail,286,"Discussion on French events celebrated abroad, plus class project instructions and unit goals.",③ Quels événements français on peut fêter à l'étranger ?
cosmopolite-a1-methode,page-129,reading,Dossier 7 - Leçon 1,"[lesson, reading-text, exercise, vocabulary]",reading-comprehension,restaurant,A1,verified,pass,517,Reading TripAdvisor photos and a French menu to analyze a Bogota restaurant.,Logo « croix »/molécule bleu et vert olive
cosmopolite-a1-methode,page-130,none,Dossier 7 - Leçon 1,"[vocabulary, grammar-box, exercise, listening-sheet, speaking-prompt]",vocabulary,food,A1,verified,pass,692,Food vocabulary plus articles for precise vs. indefinite quantities on a menu.,Dossier 7 Leçon 1 logo dossier/leçon
cosmopolite-a1-methode,page-131,reading,Leçon 2,"[chapter-opener, lesson, reading-text, exercise, grammar-box]",reading-comprehension,shopping,A1,verified,pass,682,Reading a French grocery shop profile in Budapest and quantity expressions for shopping.,logo décoratif : motifs hexagonaux bleus et vert olive LEÇON 2 La France à Budapest
cosmopolite-a1-methode,page-132,listening,Leçon 2,"[exercise, listening-sheet, grammar-box, speaking-prompt]",listening-comprehension,shopping,A1,verified,pass,663,"Listening to a shop conversation, comparing baskets, and using the pronoun en.",Dossier 7 Leçon 2 logo dossier/leçon
cosmopolite-a1-methode,page-133,reading,Leçon 3,"[chapter-opener, lesson, reading-text, exercise, grammar-box]",reading-comprehension,hobby,A1,verified,pass,548,Listening to a bookshop dialogue and reading survey results on French reading habits.,logo décoratif : motifs hexagonaux bleus et vert olive LEÇON 3 Les Français et les livres
cosmopolite-a1-methode,page-134,reading,Leçon 3,"[exercise, reading-text, grammar-box, speaking-prompt]",fill-in,hobby,A1,verified,pass,620,Building reader profiles and using comparative structures to discuss reading habits.,Dossier 7 Leçon 3 logo dossier/leçon
cosmopolite-a1-methode,page-135,reading,Leçon 4,"[chapter-opener, lesson, reading-text, exercise, grammar-box]",reading-comprehension,profession,A1,verified,pass,566,"Reading about professionals who became chefs, using imparfait to describe past situations.",logo décoratif : motifs hexagonaux bleus et vert olive LEÇON 4 Retour aux sources
cosmopolite-a1-methode,page-136,writing,Leçon 4,"[exercise, reading-text, grammar-box, writing-prompt]",listening-comprehension,profession,A1,verified,pass,608,Listening to a chef career-change report and using past time markers.,Dossier 7 Leçon 4 logo dossier/leçon
cosmopolite-a1-methode,page-137,reading,Leçon 5,"[lesson, reading-text, exercise, vocabulary, grammar-box]",reading-comprehension,shopping,A1,verified,pass,599,Reading about Chinese shoppers' views of Galeries Lafayette and clothing vocabulary.,Décoration : molécules/icônes bleues et vertes olive.
cosmopolite-a1-methode,page-138,listening,Dossier 7 Leçon 5,"[exercise, listening-sheet, grammar-box, vocabulary, speaking-prompt]",listening-comprehension,shopping,A1,verified,pass,574,Listening to Galeries Lafayette staff training interview and store vocabulary practice.,Badge en haut à droite : Dossier 7 Leçon 5
cosmopolite-a1-methode,page-139,reading,Leçon 6,"[lesson, reading-text, exercise, grammar-box]",reading-comprehension,city-places,A1,verified,pass,493,"Reading a magazine article praising 'little corners of France' abroad, with appreciation phrases.",Décoration : molécules/icônes bleues et vertes olive.
cosmopolite-a1-methode,page-140,listening,Dossier 7 Leçon 6,"[grammar-box, exercise, listening-sheet, audio-script, speaking-prompt]",listening-comprehension,mixed,A1,verified,pass,591,Listening to a radio show on French celebrations abroad and reciprocal verbs.,Badge en haut à droite : Dossier 7 Leçon 6
cosmopolite-a1-methode,page-141,listening,Dossier 7,"[chapter-opener, exercise, listening-sheet, speaking-prompt]",listening-comprehension,shopping,A1,transcribed,fail,462,Video segment on French brand names dominating a Tokyo metro station's shops.,"Grand « C » stylisé bleu, décoration circulaire."
cosmopolite-a1-methode,page-142,speaking,Dossier 7,"[exercise, vocabulary, speaking-prompt]",matching,shopping,A1,verified,pass,394,Matching French brand slogans to store photos and completing a cultural notebook.,Badge en haut à droite : Dossier 7 cultures
cosmopolite-a1-methode,page-143,none,,"[instructions, exercise, writing-prompt, speaking-prompt]",instructions,city-places,A1,verified,pass,488,Class project: plan and document a 'France in our city' discovery rally.,PROJETS
cosmopolite-a1-methode,page-144,speaking,Dossier 7,"[instructions, listening-sheet, speaking-prompt, exercise]",listening-comprehension,mixed,A1,verified,pass,442,DELF 7 practice: matching listening dialogues to pictures plus oral exam exercises.,Dossier 7
cosmopolite-a1-methode,page-145,none,Dossier 8,"[chapter-opener, instructions]",speaking-task,mixed,A1,verified,pass,227,Discussion prompts on French social gatherings and tourist activities to try.,Logo dossier (motif de croix/molécules bleu et blanc clair) en haut à gauche
cosmopolite-a1-methode,page-146,none,Dossier 8,"[chapter-opener, instructions]",instructions,school,A1,verified,pass,220,"Discussion on French language school offerings, plus class party project instructions.",3 Que proposent les écoles de français en France aux étudiants étrangers ?
cosmopolite-a1-methode,page-147,listening,"Dossier 8, Leçon 1","[lesson, instructions, exercise, listening-sheet, reading-text]",listening-comprehension,school,A1,verified,pass,487,Listening to language-school student testimonials about why they chose to study French.,Logo leçon (motif de croix/molécules orange et bleu)
cosmopolite-a1-methode,page-148,grammar,"Dossier 8, Leçon 1","[reading-text, grammar-box, exercise, speaking-prompt]",fill-in,school,A1,verified,pass,553,Reading a testimonial and using imparfait/passe compose/present to describe life changes.,Dossier 8 Leçon 1
cosmopolite-a1-methode,page-149,reading,Leçon 2,"[lesson, reading-text, exercise, grammar-box]",reading-comprehension,restaurant,A1,verified,pass,600,"Reading online reviews to characterize a restaurant's food, service, and atmosphere.",logo décoratif : molécules/points bleus et orange reliés en X LEÇON
cosmopolite-a1-methode,page-150,listening,"Dossier 8, Leçon 2","[exercise, listening-sheet, grammar-box, speaking-prompt, vocabulary]",listening-comprehension,restaurant,A1,verified,pass,635,Listening to a restaurant order dialogue and completing ordering-phrase expressions.,"logo décoratif : molécule orange/bleu, en haut à droite Dossier 8 Leçon 2"
cosmopolite-a1-methode,page-151,reading,"Dossier 8, Leçon 3","[chapter-opener, reading-text, exercise, speaking-prompt]",reading-comprehension,shopping,A1,verified,pass,559,Reading about costume shops in Kuala Lumpur for a costume party.,logo décoratif : molécules/points bleus et orange reliés en X LEÇON
cosmopolite-a1-methode,page-152,grammar,"Dossier 8, Leçon 3","[grammar-box, exercise, listening-sheet, speaking-prompt]",grammar,shopping,A1,verified,pass,654,Grammar on direct object pronouns and costume shop buying/renting vocabulary.,"logo décoratif : molécule, en haut à droite Dossier 8 Leçon 3"
cosmopolite-a1-methode,page-153,reading,"Dossier 8, Leçon 4","[chapter-opener, reading-text, exercise, grammar-box, speaking-prompt]",reading-comprehension,food,A1,transcribed,fail,578,"Reading about VizEat, a site for booking meals with local hosts abroad.",logo décoratif : molécules/points bleus et orange reliés en X LEÇON
cosmopolite-a1-methode,page-154,grammar,"Dossier 8, Leçon 4","[exercise, listening-sheet, grammar-box, reading-text, speaking-prompt]",listening-comprehension,food,A1,transcribed,fail,689,Listening to VizEat founder interview; grammar on tonic pronouns after prepositions.,"logo décoratif : molécule, en haut à droite Dossier 8 Leçon 4"
cosmopolite-a1-methode,page-155,listening,Leçon 5,"[chapter-opener, lesson, grammar-box, exercise, listening-sheet, speaking-prompt]",listening-comprehension,hobby,A1,verified,pass,468,Listening to a book-club discussion giving opinions about a French film.,Logo dossier : croix stylisée bleue et orange
cosmopolite-a1-methode,page-156,reading,Leçon 5,"[exercise, reading-text, grammar-box, speaking-prompt]",reading-comprehension,hobby,A1,verified,pass,621,Reading a forum thread recommending a French play and booking tips.,En haut à droite : Dossier 8 Leçon 5
cosmopolite-a1-methode,page-157,reading,Leçon 6,"[chapter-opener, lesson, reading-text, exercise, speaking-prompt]",reading-comprehension,hobby,A1,verified,pass,555,Reading party-theme suggestions from a brainstorming website for an event.,Logo dossier : croix stylisée bleue et orange
cosmopolite-a1-methode,page-158,listening,Leçon 6,"[exercise, listening-sheet, grammar-box, vocabulary, speaking-prompt]",listening-comprehension,hobby,A1,verified,pass,511,Listening to friends planning a birthday party; grammar on pronouns lui/leur.,En haut à droite : Dossier 8 Leçon 6
cosmopolite-a1-methode,page-159,none,Cultures,"[chapter-opener, reading-text, exercise, listening-sheet, vocabulary]",listening-comprehension,hobby,A1,verified,pass,599,Watching a video presentation of a cultural events program in Paris.,Grande lettre stylisée « C » bleue : ULTURES
cosmopolite-a1-methode,page-160,none,Cultures,"[reading-text, exercise, vocabulary, writing-prompt, review]",reading-comprehension,hobby,A1,verified,pass,425,Reading and matching party types on an event-planning website; writing invitation.,En haut à droite : Dossier 8 Cultures
cosmopolite-a1-methode,page-161,none,,"[instructions, exercise, writing-prompt, speaking-prompt]",instructions,hobby,A1,verified,pass,485,Class project instructions for planning an end-of-course celebration party.,PROJETS
cosmopolite-a1-methode,page-162,none,Dossier 8,"[exercise, reading-text, speaking-prompt, review]",reading-comprehension,food,A1,verified,pass,396,DELF exam practice: reading about a meal-sharing site plus oral exercises.,Dossier 8
cosmopolite-a1-methode,page-163,grammar,Dossier 0,"[chapter-opener, exercise, grammar-box, wordlist]",fill-in,mixed,A1,verified,pass,548,"Workbook exercises: greetings, spelling, country capitals, numbers, months, and days.",S'EXERCER
cosmopolite-a1-methode,page-164,grammar,Dossier 1,"[chapter-opener, exercise, grammar-box, wordlist]",fill-in,personal-info,A1,verified,pass,435,"Workbook exercises on greetings, articles, question words, and phone numbers.",Dossier 1
cosmopolite-a1-methode,page-165,grammar,Dossier 1,"[exercise, grammar-box, wordlist]",fill-in,personal-info,A1,verified,pass,522,"Exercises on nationalities, professions, and personal-information question forms.",Dossier 1
cosmopolite-a1-methode,page-166,grammar,Dossier 1,"[exercise, grammar-box, wordlist]",fill-in,personal-info,A1,verified,pass,409,"Exercises on possessive adjectives, verb conjugation, and registration forms.",Dossier 1
cosmopolite-a1-methode,page-167,none,Dossier 1,"[vocabulary, review]",vocabulary,personal-info,A1,verified,pass,467,"Reference expressions for greetings, introductions, and sharing personal details.",Dossier 1
cosmopolite-a1-methode,page-168,grammar,Dossier 2,"[chapter-opener, exercise, grammar-box]",fill-in,travel,A1,verified,pass,446,Exercises on prepositions for countries/cities and articles describing a city.,S'EXERCER
cosmopolite-a1-methode,page-169,grammar,Dossier 2,"[exercise, grammar-box]",fill-in,city-places,A1,verified,pass,716,"Exercises on location prepositions, cardinal directions, transport verbs, and negation.",Dossier 2
cosmopolite-a1-methode,page-170,grammar,Dossier 2,"[exercise, grammar-box, dialogue]",fill-in,personal-info,A1,verified,pass,616,"Exercises on habiter, demonstratives, verb venir, and dialogue reordering.",Dossier 2
cosmopolite-a1-methode,page-171,none,Dossier 2,"[vocabulary, review]",vocabulary,travel,A1,verified,pass,557,"Reference expressions for travel, city locations, directions, and lodging.",Dossier 2
cosmopolite-a1-methode,page-172,grammar,Dossier 3,"[chapter-opener, exercise, grammar-box, wordlist]",fill-in,family,A1,verified,pass,504,"Exercises on possessive adjectives, family vocabulary, and family descriptions.",Dossier 3
cosmopolite-a1-methode,page-173,none,Dossier 3,"[exercise, vocabulary, listening-sheet, grammar-box]",fill-in,mixed,A1,verified,pass,563,"Exercises on personality adjectives, describing people, and expressing likes/dislikes.",7. Lisez les phrases. Complétez avec l'adjectif qui convient. Faites les transformations n
cosmopolite-a1-methode,page-174,none,Dossier 3,"[exercise, grammar-box, vocabulary]",fill-in,mixed,A1,verified,pass,626,"Exercises on professions, hobbies with faire, pronouns, and body aches.",Leçon 4
cosmopolite-a1-methode,page-175,none,Dossier 3,"[vocabulary, wordlist]",vocabulary,mixed,A1,verified,pass,429,"Reference expressions for family, personal traits, and hobbies/preferences.",EXPRESSIONS UTILES
cosmopolite-a1-methode,page-176,none,Dossier 4,"[exercise, listening-sheet, reading-text, vocabulary]",fill-in,time-dates,A1,verified,pass,610,"Exercises on telling time, a safari schedule, and reflexive verbs.",S'EXERCER
cosmopolite-a1-methode,page-177,none,Dossier 4,"[exercise, grammar-box, listening-sheet]",fill-in,daily-routine,A1,verified,pass,643,"Exercises on verbs lire/écrire, frequency, the pronoun on, and modals.",d. Marc se connecte à Internet tard le soir.
cosmopolite-a1-methode,page-178,none,Dossier 4,"[exercise, listening-sheet, grammar-box]",speaking-task,communication,A1,verified,pass,686,Speaking and grammar exercises on questions and proposing/accepting outings.,Exemple : Elle peut. Elle peut. → Identiques.
cosmopolite-a1-methode,page-179,none,Dossier 4,"[vocabulary, review]",vocabulary,daily-routine,A1,verified,pass,580,"Reference expressions for daily routines, work life, and social outings.",Dossier 4
cosmopolite-a1-methode,page-180,grammar,Dossier 5,"[exercise, grammar-box]",fill-in,school,A1,verified,pass,610,"Exercises on the passé composé, time expressions, and near tenses.",S'EXERCER
cosmopolite-a1-methode,page-181,grammar,Dossier 5,"[exercise, grammar-box, reading-text]",fill-in,mixed,A1,verified,pass,577,"Fill-in exercises: dire/venir verbs, numbers, writer biography, physical descriptions.",Dossier 5
cosmopolite-a1-methode,page-182,grammar,Dossier 5,"[exercise, grammar-box, reading-text]",fill-in,mixed,A1,verified,pass,634,"Physical description, biography, imparfait/actual events table, word order, imperative table.",Dossier 5
cosmopolite-a1-methode,page-183,none,Dossier 5,"[exercise, vocabulary, review]",vocabulary,mixed,A1,verified,pass,482,Advice-giving exercise plus vocabulary lists for learning French and describing people.,Dossier 5
cosmopolite-a1-methode,page-184,grammar,Dossier 6,"[exercise, grammar-box]",fill-in,travel,A1,verified,pass,602,"Il faut obligations, future-tense travel email, country geography quiz, pronoun y practice.",S'EXERCER
cosmopolite-a1-methode,page-185,grammar,Dossier 6,"[exercise, grammar-box, reading-text]",fill-in,travel,A1,verified,pass,669,"Adjective word-order practice, city-photo matching, -ir verb conjugation, adjective placement.",Dossier 6
cosmopolite-a1-methode,page-186,grammar,Dossier 6,"[exercise, grammar-box, reading-text, vocabulary]",fill-in,weather,A1,verified,pass,638,"Adjective placement, weather forecasts, nasal-vowel listening, emotions and sensations.","Encadré en pointillés, pastille « b » ; icône : trois pastilles rose/jaune/bleu ; photo ro"
cosmopolite-a1-methode,page-187,none,Dossier 6,"[exercise, vocabulary, wordlist]",vocabulary,travel,A1,verified,pass,587,"Listening practice plus travel, city, weather, and emotion vocabulary reference lists.",Onglet en haut à droite : Dossier 6
cosmopolite-a1-methode,page-188,grammar,Dossier 7,"[chapter-opener, exercise, grammar-box]",fill-in,food,A1,verified,pass,606,"Food vocabulary matching, partitive articles, [p]/[b] sounds, quantities, dialogue ordering.",S'EXERCER
cosmopolite-a1-methode,page-189,grammar,Dossier 7,"[exercise, grammar-box, reading-text]",fill-in,mixed,A1,verified,pass,626,"Bookshop dialogue, comparatives on reading, imparfait correction, MasterChef biography.",Sons du français ▶ p. 131
cosmopolite-a1-methode,page-190,grammar,Dossier 7,"[exercise, vocabulary, grammar-box]",fill-in,shopping,A1,verified,pass,670,"Clothes-shop dialogues, outfit-ad matching, [ʒ]/[ʃ] sounds, reciprocal verbs, appreciation.",Leçon 5
cosmopolite-a1-methode,page-191,none,Dossier 7,"[exercise, listening-sheet, vocabulary, review]",vocabulary,mixed,A1,verified,pass,531,"Intonation listening exercise plus menu, book, clothing, and appreciation vocabulary.",Onglet en haut à gauche : Dossier 7
cosmopolite-a1-methode,page-192,none,Dossier 8,"[chapter-opener, exercise, grammar-box]",fill-in,restaurant,A1,verified,pass,640,"Life-change narratives, restaurant review adjectives, restaurant-order dialogue reordering.",Bandeau bleu en haut : S'EXERCER
cosmopolite-a1-methode,page-193,none,Dossier 8,"[exercise, grammar-box, listening-sheet]",fill-in,restaurant,A1,verified,pass,709,"Restaurant dialogue conclusion, matching responses, COD pronouns, relative pronouns qui/que.",Onglet en haut à droite : Dossier 8
cosmopolite-a1-methode,page-194,none,Dossier 8,"[exercise, grammar-box]",fill-in,mixed,A1,verified,pass,670,"Relative pronouns, tonic pronouns for a VizEat dinner, opinion structures, advice, COI pronouns.",Onglet en haut à droite : Dossier 8
cosmopolite-a1-methode,page-195,none,Dossier 8,"[exercise, listening-sheet, vocabulary, review]",vocabulary,mixed,A1,verified,pass,590,"COI pronoun practice, [w]/[ɥ] sounds, plus learning-French, restaurant, film-advice vocabulary.",Onglet en haut à gauche : Dossier 8
cosmopolite-a1-methode,page-196,listening,DELF A1,"[exercise, listening-sheet]",listening-comprehension,mixed,A1,verified,pass,297,"DELF listening exam: phone message about an outing, store sale announcement.",DELF A1
cosmopolite-a1-methode,page-197,listening,DELF A1,"[exercise, listening-sheet]",listening-comprehension,mixed,A1,verified,pass,367,"DELF listening exam: catering order message, five dialogues matched to pictures.",DELF A1
cosmopolite-a1-methode,page-198,reading,DELF A1,"[exercise, reading-text]",reading-comprehension,personal-info,A1,verified,pass,299,DELF reading exam: email introduction from new pen pal Saïdou.,Compréhension des écrits 25 points
cosmopolite-a1-methode,page-199,reading,DELF A1,"[exercise, reading-text]",reading-comprehension,city-places,A1,verified,pass,408,"DELF reading exam: friend's email inviting to the pool, with route map.",DELF A1
cosmopolite-a1-methode,page-200,reading,DELF A1,"[exercise, reading-text]",reading-comprehension,school,A1,verified,pass,485,"DELF reading exam: language school's cultural program, Erasmus+ article.",Exercice 3 6 points
cosmopolite-a1-methode,page-201,writing,DELF A1,"[exercise, reading-text, writing-prompt]",writing-task,mixed,A1,verified,pass,348,"DELF writing exam: course registration form, reply email describing your country.",DELF A1
cosmopolite-a1-methode,page-202,speaking,DELF A1,"[exercise, speaking-prompt]",speaking-task,mixed,A1,verified,pass,262,"DELF speaking exam: personal interview, info exchange, tourist-office roleplay.",Production orale 25 points
cosmopolite-a1-methode,page-203,listening,Dossier 1,"[grammar-box, exercise, listening-sheet, vocabulary]",none,personal-info,A1,verified,pass,403,"Phonetics précis: sound [y], syllable stress, silent letters, liaison (Dossier 1).",PRÉCIS
cosmopolite-a1-methode,page-204,listening,Dossier 2 / Dossier 3,"[grammar-box, exercise, listening-sheet, vocabulary]",none,personal-info,A1,verified,pass,448,Phonetics précis: sounds [ə]/[e] and [ɛ] with dictation drills (Dossiers 2-3).,DOSSIER 2
cosmopolite-a1-methode,page-205,listening,Dossier 4,"[grammar-box, exercise, listening-sheet, vocabulary]",none,family,A1,verified,pass,390,Phonetics précis: sounds [ø] and [ɔ̃] with dictation drills (Dossier 4).,PRÉCIS
cosmopolite-a1-methode,page-206,listening,Dossier 5 / Dossier 6,"[grammar-box, exercise, listening-sheet, vocabulary]",none,mixed,A1,verified,pass,518,Phonetics précis: sounds [ɛ̃] and [ɑ̃] with dictation drills (Dossiers 5-6).,DOSSIER 5
cosmopolite-a1-methode,page-207,listening,Dossier 7,"[grammar-box, exercise, listening-sheet, vocabulary]",none,shopping,A1,verified,pass,487,"Phonetics précis: sounds [p]/[b], [ɛ̃]/[ɑ̃], [ʒ]/[ʃ] drills (Dossier 7).",PRÉCIS
cosmopolite-a1-methode,page-208,listening,Dossier 7 / Dossier 8,"[grammar-box, exercise, listening-sheet, vocabulary]",none,mixed,A1,verified,pass,274,"Phonetics précis: [ʒ] spellings, [j]/[w]/[ɥ] sounds, [o]/[ɔ] odd-one-out (Dossiers 7-8).",2. Complétez le tableau des deux graphies du son ʒ. Recopiez les mots de l'exercice 1.
cosmopolite-a1-methode,page-209,grammar,Précis de grammaire,"[chapter-opener, grammar-box]",none,mixed,A1,verified,pass,396,"Grammar précis: articles (indefinite, definite, partitive, contracted), demonstratives.","Bandeau bleu en haut de page, avec liseré blanc et orange ; décoration de trois cercles bl"
cosmopolite-a1-methode,page-210,grammar,Précis de grammaire,[grammar-box],none,family,A1,verified,pass,397,Grammar précis: possessive and interrogative adjectives; common noun gender/number rules.,3. Les adjectifs possessifs
cosmopolite-a1-methode,page-211,grammar,Précis de grammaire,[grammar-box],none,mixed,A1,verified,pass,470,"Reference tables: profession nouns, country names, and adjective gender agreement rules.","Bandeau bleu en haut de page avec bannière ""PRÉCIS"" (ovale jaune) et décoration de cercles"
cosmopolite-a1-methode,page-212,grammar,Précis de grammaire,[grammar-box],none,travel,A1,verified,pass,474,"Reference: adjective plural/placement rules and prepositions for countries, cities, and location.",2. Le pluriel des adjectifs qualificatifs
cosmopolite-a1-methode,page-213,grammar,Précis de grammaire,[grammar-box],none,travel,A1,verified,pass,523,"Reference: transport prepositions (en/à) and personal, tonic, COD/COI pronouns overview.","Bandeau bleu en haut de page avec bannière ""PRÉCIS"" (ovale jaune) et décoration de cercles"
cosmopolite-a1-methode,page-214,grammar,Précis de grammaire,[grammar-box],none,personal-info,A1,verified,pass,329,"Reference: pronoun placement, relative pronouns qui/que, and c'est vs il/elle est.",4. La place des pronoms
cosmopolite-a1-methode,page-215,grammar,,[grammar-box],none,daily-routine,A1,verified,pass,659,Reference: pronominal verbs and present-tense conjugation patterns (one to three verb bases).,PRÉCIS
cosmopolite-a1-methode,page-216,grammar,,[grammar-box],none,mixed,A1,verified,pass,438,"Reference: passé composé, imparfait formation/uses, and intro to futur simple.",Le passé composé : auxiliaire avoir ou être + participe passé
cosmopolite-a1-methode,page-217,grammar,,[grammar-box],none,mixed,A1,verified,pass,398,"Reference: futur simple irregulars, imperative mood, adverbs, and comparison structures.",PRÉCIS
cosmopolite-a1-methode,page-218,grammar,,[grammar-box],none,mixed,A1,verified,pass,559,"Reference: quantity expressions, time markers, question forms, and negation patterns.",L'expression de la quantité
cosmopolite-a1-methode,page-219,grammar,,"[grammar-box, vocabulary]",none,none,A1,verified,pass,357,"Conjugation charts for être, avoir, aller, pouvoir, devoir, vouloir, faire, prendre verbs.",PRÉCIS
cosmopolite-a1-methode,page-220,grammar,,"[grammar-box, vocabulary]",none,none,A1,verified,pass,357,"Conjugation charts for venir, parler, voir, choisir, écrire, sortir, réfléchir, connaître verbs.",Présent Passé composé Imparfait Futur Impératif
cosmopolite-a1-methode,page-221,none,,[vocabulary],vocabulary,city-places,A1,transcribed,fail,208,"Map of France showing regions, regional capitals, neighboring countries, and seas.",Carte de la France
cosmopolite-a1-methode,page-222,none,,[vocabulary],vocabulary,travel,A1,transcribed,fail,235,"Map of Europe showing countries, EU membership status, seas, and scale.",Carte de l'Europe
cosmopolite-a1-methode,page-223,none,,[vocabulary],vocabulary,city-places,A1,verified,pass,296,"Map of Paris showing arrondissements, monuments, parks, gates, and transport access.",Plan de Paris
cosmopolite-a1-methode,page-224,none,,[cover],cover,none,A1,verified,pass,302,"Back cover: Cosmopolite 1 course description, A1 materials list, and publisher details.",Cosmopolite 1
tricolore-1-5th-edition,page-001,none,,[cover],cover,none,mixed,verified,pass,11,"Front cover of Tricolore 1, 5th edition, listing the three authors.",Tricolore
tricolore-1-5th-edition,page-002,none,,[intro],none,none,,verified,pass,13,Blank page.,
tricolore-1-5th-edition,page-003,none,,[cover],cover,none,,verified,pass,13,"Title page repeating book title, edition, authors, and Oxford University Press.",Tricolore
tricolore-1-5th-edition,page-004,none,,[intro],none,none,,verified,pass,361,"Copyright, publication history, and acknowledgements for the 5th edition.",OXFORD
tricolore-1-5th-edition,page-005,none,,"[picture-story, vocabulary]",vocabulary,travel,A1,verified,pass,294,"Illustrated map of France with neighbouring countries, cities, rivers, and mountains.",A1 (inferred)
tricolore-1-5th-edition,page-006,none,,[toc],none,none,mixed,verified,pass,929,"Table of contents for Unites 1-3: greetings, numbers, family, home.",Table des matières
tricolore-1-5th-edition,page-007,none,,[toc],none,none,mixed,verified,pass,880,"Table of contents continued for Unites 4-8: animals, festivals, weather, school.",A1 (inferred)
tricolore-1-5th-edition,page-008,none,,[toc],none,none,mixed,verified,pass,843,"Table of contents continued for Unites 9-10 plus Au choix, Grammaire, Glossaire sections.",Table des matières
tricolore-1-5th-edition,page-009,none,,"[intro, instructions]",instructions,none,,verified,pass,506,"Explains the course's icons: Dossier-langue, Strategies, Phonetique, Sommaire, Glossaire.",Course information
tricolore-1-5th-edition,page-010,listening,Unité 1,"[chapter-opener, exercise, dialogue]",listening-comprehension,personal-info,A1,verified,pass,254,"Greeting dialogues to repeat, plus a listening task on how six people are feeling.",unité 1 Bonjour!
tricolore-1-5th-edition,page-011,speaking,Unité 1,"[exercise, dialogue, speaking-prompt, grammar-box]",fill-in,personal-info,A1,transcribed,fail,579,Pair speaking on ages using a number diagram; fill-in greeting conversation practice.,"(running header, top right) 1 Bonjour!"
tricolore-1-5th-edition,page-012,vocabulary,Unité 1,"[exercise, vocabulary, grammar-box]",listening-comprehension,school,A1,verified,pass,481,"Listening exercises identifying classroom objects by letter/number, with gender practice.",1B Qu'est-ce que c'est?
tricolore-1-5th-edition,page-013,writing,Unité 1,"[exercise, grammar-box, instructions]",fill-in,school,mixed,verified,pass,436,Fill-in exercises describing schoolbag contents; plural nouns and cognate pronunciation.,1 Bonjour!
tricolore-1-5th-edition,page-014,writing,Unité 1,"[lesson, exercise, grammar-box, vocabulary]",matching,school,mixed,verified,pass,475,Match classroom commands to pictures and to English translations; imperatives explained.,1C En classe
tricolore-1-5th-edition,page-015,none,Unité 1,"[song, vocabulary, review]",vocabulary,mixed,A1,verified,pass,666,"Unit 1 summary: counting song, greetings, numbers, classroom commands and objects vocabulary.",Sommaire
tricolore-1-5th-edition,page-016,reading,Unité 2,"[chapter-opener, lesson, reading-text, picture-story]",reading-comprehension,personal-info,A1,verified,pass,343,"Eight people describe, with photos, where they live across France and nearby countries.",unité 2 J'habite ici
tricolore-1-5th-edition,page-017,reading,Unité 2,"[exercise, grammar-box, instructions]",true-false,personal-info,A1,verified,pass,374,True/false statements and translation practice about where people live in France.,2 J'habite ici
tricolore-1-5th-edition,page-018,writing,Unité 2,"[lesson, exercise, grammar-box, dialogue]",fill-in,personal-info,A1,verified,pass,400,"Fill-in sentences and a paired dialogue practising where you live, using prepositions.",2B Où habites-tu?
tricolore-1-5th-edition,page-019,listening,2 J'habite ici,"[exercise, vocabulary, dialogue, lesson, instructions]",matching,personal-info,A1,verified,pass,500,"Matching names to house numbers and personal details; dialogue practice with names, ages, places.",2 J'habite ici
tricolore-1-5th-edition,page-020,reading,2C Comment ça s'écrit?,"[chapter-opener, reading-text, exercise, vocabulary, song, picture-story]",reading-comprehension,time-dates,A1,verified,pass,465,A reporter's week across countries; select true statements; days-of-week matching; alphabet song.,2C Comment ça s'écrit?
tricolore-1-5th-edition,page-021,writing,2 J'habite ici,"[exercise, instructions, vocabulary, wordlist]",vocabulary,mixed,A1,verified,pass,696,"Unit 2 summary: spelling dialogue, city-name listening, alphabet, days of week, numbers to 30.",Sommaire
tricolore-1-5th-edition,page-022,reading,unité 3 Chez moi,"[chapter-opener, exercise, grammar-box, vocabulary]",reading-comprehension,family,A1,verified,pass,460,Reading text introducing the Laurent family; identify-the-speaker and family-vocabulary fill-in.,unité 3 Chez moi
tricolore-1-5th-edition,page-023,reading,3 Chez moi,"[exercise, picture-story, dialogue, vocabulary, grammar-box, lesson, instructions]",true-false,family,A1,verified,pass,568,"Dialogues on family types (only child, step-family) with true/false and avoir-verb exercises.",3 Chez moi
tricolore-1-5th-edition,page-024,writing,3B C'est à qui?,"[exercise, grammar-box, vocabulary, dialogue]",fill-in,personal-info,A1,verified,pass,591,Vampire-family cartoon fill-ins practising possessives mon/ma/mes and ton/ta/tes.,3B C'est à qui?
tricolore-1-5th-edition,page-025,listening,3 Chez moi,"[picture-story, exercise, grammar-box, dialogue, instructions]",multiple-choice,family,A1,verified,pass,503,Comic strip about a brother's belongings; choose-the-correct-sentence exercise using de (possession).,3 Chez moi
tricolore-1-5th-edition,page-026,writing,3C Ma maison,"[reading-text, exercise, grammar-box, writing-prompt, instructions]",true-false,family,A1,verified,pass,510,Pen-pal messages about family and friends; true/false and etre-verb fill-in exercises.,3C Ma maison
tricolore-1-5th-edition,page-027,reading,3 Chez moi,"[exercise, reading-text, vocabulary, instructions]",matching,home,A1,verified,pass,542,Floor-plan reading and matching exercises naming rooms of the Laurent family's house.,3 Chez moi
tricolore-1-5th-edition,page-028,writing,3D C'est où?,"[reading-text, exercise, grammar-box, instructions]",fill-in,home,A1,verified,pass,529,"Reading text about a shared bedroom; fill-in exercise practising sur, sous, dans.",3D C'est où?
tricolore-1-5th-edition,page-029,grammar,3 Chez moi,"[grammar-box, exercise, writing-prompt, instructions]",matching,home,A1,verified,pass,521,Matching exercise locating a fantastical family's belongings; gender-agreement grammar practice.,3 Chez moi
tricolore-1-5th-edition,page-030,reading,3E Une famille fantastique,"[song, exercise, vocabulary, instructions]",true-false,family,A1,verified,pass,353,Comic poem about an extraordinary family; true/false and fill-in comprehension exercises.,3E Une famille fantastique
tricolore-1-5th-edition,page-031,none,3 Chez moi,"[review, vocabulary]",vocabulary,mixed,A1,verified,pass,705,"Chapter 3 vocabulary review: family, home rooms, belongings, and numbers to seventy.",Sommaire
tricolore-1-5th-edition,page-032,none,Rappel 1 Unités 1–3,"[review, exercise]",multiple-choice,mixed,A1,verified,pass,379,"Rappel 1 revision: numbers, masculine/feminine words, and a general-knowledge multiple-choice quiz.",Rappel 1 — Unités 1–3
tricolore-1-5th-edition,page-033,none,Rappel 1 Unités 1–3,"[review, exercise]",fill-in,mixed,A1,verified,pass,493,"More revision exercises: matching pictures, describing scenes, filling gaps, personal Q&A practice.",A1 (inferred)
tricolore-1-5th-edition,page-034,none,unité 4,"[chapter-opener, exercise, vocabulary, listening-sheet]",matching,mixed,A1,verified,pass,302,Unit 4 opener: match pet-contest finalists to descriptions; vote on favourite animals.,unité 4 Les animaux
tricolore-1-5th-edition,page-035,none,4 Les animaux,"[exercise, dialogue, grammar-box, vocabulary]",fill-in,mixed,A1,verified,pass,424,Dialogue about Sophie's bird and Noah's rat; puzzle matching names to pet animals.,4 Les animaux
tricolore-1-5th-edition,page-036,reading,4B,"[lesson, picture-story, exercise, grammar-box]",fill-in,mixed,A1,verified,pass,513,Comic strip about grandma's cats; identify each cat from adjective clues; negation grammar.,4B Les adjectifs
tricolore-1-5th-edition,page-037,grammar,4 Les animaux,"[grammar-box, exercise, vocabulary, instructions]",fill-in,mixed,A1,verified,pass,559,Adjective agreement rules; complete colour/size adjective tables; listening and animal description exercises.,4 Les animaux
tricolore-1-5th-edition,page-038,grammar,4C Tu as des questions?,"[lesson, chapter-opener, instructions, exercise, grammar-box, vocabulary, dialogue]",speaking-task,mixed,A1,verified,pass,488,Practise question formation and avoir by interviewing partners about their pets.,4C Tu as des questions?
tricolore-1-5th-edition,page-039,grammar,4 Les animaux,"[exercise, grammar-box, writing-prompt, vocabulary, instructions]",fill-in,mixed,A1,verified,pass,413,Write a pet description; avoir verb practice; complete pet-related questions and answers.,4 Les animaux
tricolore-1-5th-edition,page-040,reading,4D Tu aimes ça? Et vous aussi?,"[reading-text, exercise, grammar-box, instructions, picture-story]",true-false,mixed,A1,verified,pass,546,Reading about eccentric family pets and their TV/music tastes; true-or-false comprehension check.,4D Tu aimes ça? Et vous aussi?
tricolore-1-5th-edition,page-041,grammar,4 Les animaux,"[exercise, listening-sheet, vocabulary, grammar-box, instructions, picture-story]",listening-comprehension,hobby,A1,verified,pass,544,"Listening table on likes/dislikes (TV, sport, music); match speech bubbles; tu vs vous.",4 Les animaux
tricolore-1-5th-edition,page-042,reading,4E Un zoo extraordinaire,"[reading-text, song, exercise, vocabulary, instructions]",ordering,mixed,A1,verified,pass,388,Illustrated poem about a colourful zoo; order animal pictures to match verses.,4E Un zoo extraordinaire
tricolore-1-5th-edition,page-043,grammar,4 Les animaux,"[review, vocabulary, grammar-box, instructions]",vocabulary,mixed,A1,verified,pass,713,"Unit 4 summary: pets, colours, sizes, qualities, likes/dislikes, and question vocabulary.",Sommaire
tricolore-1-5th-edition,page-044,reading,,"[reading-text, picture-story]",reading-comprehension,mixed,mixed,verified,pass,432,"Reading: cat Mangetout's self-introduction, and facts about France's geography, food, and sports.",Presse-Jeunesse 1
tricolore-1-5th-edition,page-045,reading,,"[picture-story, song, exercise, reading-text, dialogue]",fill-in,mixed,mixed,verified,pass,575,Comic strip on a girl's morning routine; poem about colours; vocabulary-matching exercises.,Chimène!
tricolore-1-5th-edition,page-046,listening,unité 5 Des fêtes et des festivals,"[chapter-opener, exercise, listening-sheet, vocabulary, instructions]",listening-comprehension,time-dates,A1,verified,pass,392,Unit 5 opener: French festival calendar; listen for dates; identify and spell months.,unité 5 Des fêtes et des festivals
tricolore-1-5th-edition,page-047,speaking,5 Des fêtes et des festivals,"[exercise, speaking-prompt, reading-text, dialogue]",speaking-task,time-dates,A1,verified,pass,367,Continue festival calendar; practise asking dates aloud; find name-day (saint's day) dates.,5 Des fêtes et des festivals
tricolore-1-5th-edition,page-048,reading,"5B En France, c'est la fête","[reading-text, vocabulary, lesson]",reading-comprehension,time-dates,A1,verified,pass,452,"Reading text describing French festivals and traditions throughout the year, month by month.","5B En France, c'est la fête"
tricolore-1-5th-edition,page-049,reading,5 Des fêtes et des festivals,"[instructions, exercise, vocabulary, grammar-box, dialogue]",short-answer,time-dates,A1,verified,pass,455,Guess vocabulary meanings from festival text; match festivals to months; grammar of 'on'.,5 Des fêtes et des festivals
tricolore-1-5th-edition,page-050,listening,5C Mardi gras,"[lesson, instructions, reading-text, exercise, listening-sheet, dialogue]",listening-comprehension,mixed,A1,verified,pass,484,Mardi gras carnival intro; listening comprehension and matching costumed characters to names.,5C Mardi gras
tricolore-1-5th-edition,page-051,grammar,5 Des fêtes et des festivals,"[grammar-box, exercise, dialogue, vocabulary]",matching,mixed,A1,verified,pass,478,Verb être practice; match sentence halves; describe costumed mardi gras photos.,5 Des fêtes et des festivals
tricolore-1-5th-edition,page-052,listening,"5D Ton anniversaire, c'est quand?","[lesson, instructions, exercise, dialogue, vocabulary, reading-text]",matching,mixed,mixed,verified,pass,537,Reading about Marc's birthday and gifts; birthday interview role-play; match gifts to owners.,"5D Ton anniversaire, c'est quand?"
tricolore-1-5th-edition,page-053,grammar,5 Des fêtes et des festivals,"[exercise, grammar-box, instructions, vocabulary]",fill-in,shopping,mixed,transcribed,fail,507,Choose correct adjective forms describing reactions to gifts; adjective agreement grammar rules.,5 Des fêtes et des festivals
tricolore-1-5th-edition,page-054,listening,5E Des cadeaux pour tout le monde,"[lesson, instructions, exercise, vocabulary, listening-sheet]",matching,shopping,A1,transcribed,fail,430,Gift catalogue poster with prices; listen and match named presents to catalogue letters.,5E Des cadeaux pour tout le monde
tricolore-1-5th-edition,page-055,listening,5 Des fêtes et des festivals,"[grammar-box, exercise, vocabulary, instructions]",matching,shopping,mixed,verified,pass,562,"Higher numbers 70-1,000,000; choose ideal gifts for people; tombola raffle prize matching.",5 Des fêtes et des festivals
tricolore-1-5th-edition,page-056,reading,5F Des vêtements,"[reading-text, exercise, vocabulary, dialogue, instructions]",fill-in,mixed,A1,verified,pass,560,Reading about Lou Leroux's outfits over a week; build a clothing vocabulary list.,5F Des vêtements
tricolore-1-5th-edition,page-057,grammar,5 Des fêtes et des festivals,"[grammar-box, exercise, instructions, dialogue]",true-false,mixed,A1,verified,pass,499,Identify plural clothing words; plural noun grammar; true-or-false about Lou's outfits.,5 Des fêtes et des festivals
tricolore-1-5th-edition,page-058,speaking,5G Les descriptions personnelles,"[exercise, vocabulary, instructions, dialogue]",speaking-task,personal-info,A1,verified,pass,421,Listen and match personal descriptions to portraits; write and describe hair/eye appearance.,5G Les descriptions personnelles
tricolore-1-5th-edition,page-059,writing,5 Des fêtes et des festivals,"[grammar-box, exercise, reading-text, writing-prompt, instructions]",writing-task,mixed,A1,verified,pass,626,Avoir verb practice; read Léa's email about family/pets/home; write your own email.,5 Des fêtes et des festivals
tricolore-1-5th-edition,page-060,listening,5H Écoutez bien!,"[exercise, vocabulary, instructions, listening-sheet]",listening-comprehension,mixed,mixed,verified,pass,462,"Listening skills practice: near-homophone words, question-vs-answer tone, and Suzanne's party story.",5H Écoutez bien!
tricolore-1-5th-edition,page-061,none,5 Des fêtes et des festivals,"[vocabulary, wordlist, review]",vocabulary,none,A1,verified,pass,769,"Unit 5 summary: dates, months, greetings, presents, clothes, and numbers.",Sommaire
tricolore-1-5th-edition,page-062,none,Rappel 2 (Unités 4-5),"[review, exercise]",vocabulary,mixed,A1,verified,pass,410,"Review game classifying vocabulary: colours, animals, clothes, family, and odd-one-out puzzles.",Rappel 2
tricolore-1-5th-edition,page-063,none,Rappel 2 (Unités 4-5),[exercise],fill-in,mixed,A1,verified,pass,592,"Fill-in exercises on the French calendar, possessive adjectives, presents, and verbs avoir/être.",A1 (inferred)
tricolore-1-5th-edition,page-064,none,unité 6,"[chapter-opener, exercise, vocabulary]",true-false,weather,A1,verified,pass,472,Weather map of France: true/false statements and temperature descriptions.,unité 6 Qu'est-ce que tu fais?
tricolore-1-5th-edition,page-065,none,unité 6,"[exercise, listening-sheet, reading-text, speaking-prompt]",listening-comprehension,weather,A1,verified,pass,656,Listening comprehension on weather forecasts plus conversation and reading practice.,6 Qu'est-ce que tu fais?
tricolore-1-5th-edition,page-066,none,unité 6,"[exercise, picture-story, vocabulary, grammar-box]",fill-in,weather,A1,verified,pass,574,Seasons of the year: identifying seasons and completing weather description sentences.,6B Les saisons
tricolore-1-5th-edition,page-067,none,6 Qu'est-ce que tu fais?,"[reading-text, exercise, grammar-box, writing-prompt, vocabulary]",reading-comprehension,weather,A1,verified,pass,528,Reading about French regional climates and writing about your own local weather.,6 Qu'est-ce que tu fais?
tricolore-1-5th-edition,page-068,none,6 Qu'est-ce que tu fais?,"[lesson, exercise, listening-sheet, grammar-box, vocabulary]",listening-comprehension,hobby,A1,verified,pass,385,Listening and correcting statements about who plays which sport.,6C Le sport
tricolore-1-5th-edition,page-069,grammar,6 Qu'est-ce que tu fais?,"[grammar-box, exercise, writing-prompt]",multiple-choice,hobby,A1,verified,pass,569,Practising the verb jouer: choosing and completing correct conjugations for sports.,6 Qu'est-ce que tu fais?
tricolore-1-5th-edition,page-070,reading,6 Qu'est-ce que tu fais?,"[lesson, reading-text, picture-story, exercise, listening-sheet]",true-false,mixed,A1,verified,pass,403,"Comic strip about a cat chasing a mouse, with true/false comprehension questions.",6D Des bandes dessinées
tricolore-1-5th-edition,page-071,grammar,6 Qu'est-ce que tu fais?,"[grammar-box, exercise, listening-sheet, reading-text, writing-prompt]",matching,mixed,A1,verified,pass,667,"Matching people to holiday activities using regular -er verbs, plus BD comic reading.",6 Qu'est-ce que tu fais?
tricolore-1-5th-edition,page-072,reading,6 Qu'est-ce que tu fais?,"[lesson, reading-text, exercise, picture-story]",fill-in,family,A1,verified,pass,451,"Reading about a naughty little brother, plus a lazy-family comic strip fill-in.",6E En famille
tricolore-1-5th-edition,page-073,listening,6 Qu'est-ce que tu fais?,"[exercise, instructions, speaking-prompt]",multiple-choice,hobby,A1,verified,pass,552,Fill-in verb forms and listening interviews about weekend activities and interests.,6 Qu'est-ce que tu fais?
tricolore-1-5th-edition,page-074,reading,6 Qu'est-ce que tu fais?,"[lesson, reading-text, grammar-box, exercise, instructions, speaking-prompt]",reading-comprehension,mixed,A1,verified,pass,609,Reading about France's science festival and proposing weather-based activities.,6F On s'amuse
tricolore-1-5th-edition,page-075,writing,6 Qu'est-ce que tu fais?,"[exercise, speaking-prompt, writing-prompt, instructions]",fill-in,communication,A1,verified,pass,471,Phone conversations and postcard writing about weather and activities.,6 Qu'est-ce que tu fais?
tricolore-1-5th-edition,page-076,speaking,6 Qu'est-ce que tu fais?,"[lesson, exercise, instructions, speaking-prompt]",speaking-task,hobby,A1,verified,pass,474,Practising questions and answers about weekend free-time activities.,6G Le weekend
tricolore-1-5th-edition,page-077,none,6 Qu'est-ce que tu fais?,"[review, vocabulary, wordlist]",vocabulary,none,A1,verified,pass,699,"Unit 6 vocabulary summary: weather, seasons, -er verbs, and sports.",Sommaire
tricolore-1-5th-edition,page-078,reading,Presse-Jeunesse 2,"[reading-text, picture-story, dialogue]",reading-comprehension,school,A1,verified,pass,494,Comic story about a new student misunderstood by classmates at school.,Presse-Jeunesse 2
tricolore-1-5th-edition,page-079,reading,Presse-Jeunesse 2,"[exercise, song, dialogue, picture-story]",reading-comprehension,mixed,A1,verified,pass,391,"Comprehension questions on the new-student story, plus a seasons song and a comic.",1 Le nouvel élève
tricolore-1-5th-edition,page-080,reading,unité 7 En ville,"[chapter-opener, reading-text, exercise]",matching,travel,A1,transcribed,fail,506,Introducing La Rochelle: matching descriptive sentences about the town to photos.,unité 7 En ville
tricolore-1-5th-edition,page-081,grammar,7 En ville,"[exercise, grammar-box, vocabulary]",short-answer,city-places,A1,verified,pass,368,Vocabulary translation for La Rochelle's town features and day-of-week routines.,7 En ville
tricolore-1-5th-edition,page-082,grammar,7B Qu'est-ce qu'il y a en ville?,"[exercise, vocabulary, grammar-box]",fill-in,city-places,mixed,verified,pass,559,"Town vocabulary: matching, listening, and fill-in exercises on amenities and adjectives.",7B Qu'est-ce qu'il y a en ville?
tricolore-1-5th-edition,page-083,reading,7B Qu'est-ce qu'il y a en ville?,"[reading-text, exercise, writing-prompt]",fill-in,travel,mixed,verified,pass,539,Reading about La Rochelle's bike scheme and completing postcards about a visit.,7 En ville
tricolore-1-5th-edition,page-084,reading,7C C'est près d'ici?,"[exercise, dialogue, reading-text]",matching,travel,A1,verified,pass,563,"Asking for directions in town via listening, questions, and a true/false story.",7C C'est près d'ici?
tricolore-1-5th-edition,page-085,listening,7 En ville,"[instructions, exercise, dialogue, grammar-box, vocabulary, picture-story]",listening-comprehension,city-places,A1,verified,pass,599,"Direction-giving practice: listening, signpost fill-ins, and matching responses.",7 En ville
tricolore-1-5th-edition,page-086,speaking,7 En ville,"[lesson, instructions, exercise, dialogue, grammar-box, vocabulary]",multiple-choice,city-places,A1,verified,pass,644,Choosing destinations in town using au/à la/aux prepositions.,7D Où exactement?
tricolore-1-5th-edition,page-087,grammar,7 En ville,"[instructions, exercise, grammar-box, vocabulary, picture-story]",true-false,city-places,A1,verified,pass,468,Prepositions of place: true/false about a street scene and fill-in cartoon prompts.,7 En ville
tricolore-1-5th-edition,page-088,vocabulary,7 En ville,"[lesson, instructions, exercise, vocabulary, grammar-box, picture-story]",fill-in,city-places,A1,verified,pass,687,"Describing your town: vocabulary sorting, listening, and il y a / il n'y a pas de fill-ins.","7E Elle est comment, ta ville?"
tricolore-1-5th-edition,page-089,writing,7 En ville,"[instructions, exercise, speaking-prompt, writing-prompt, vocabulary]",fill-in,city-places,mixed,verified,pass,605,Memory game and fill-in text about town amenities plus personal writing.,7 En ville
tricolore-1-5th-edition,page-090,grammar,7 En ville,"[lesson, instructions, exercise, grammar-box, dialogue, listening-sheet]",fill-in,mixed,A1,verified,pass,532,Fill-in exercises with the verb aller about who goes where.,"7F Allez, on y va"
tricolore-1-5th-edition,page-091,grammar,7 En ville,"[exercise, grammar-box]",fill-in,city-places,A1,verified,pass,485,"Aller conjugation practice: matching, dialogue fill-ins, and weekend outing sentences.",7 En ville
tricolore-1-5th-edition,page-092,reading,7G Une ville touristique,"[reading-text, exercise, listening-sheet, instructions]",reading-comprehension,travel,A2,verified,pass,464,Aquarium leaflet comprehension plus a tourist-office listening exercise.,7G Une ville touristique
tricolore-1-5th-edition,page-093,none,7 En ville,"[vocabulary, wordlist, review]",vocabulary,none,A1,verified,pass,708,"Unit 7 summary: town places, directions, distances, and prepositions.",Sommaire
tricolore-1-5th-edition,page-094,grammar,Rappel 3,"[review, exercise]",vocabulary,mixed,mixed,verified,pass,513,"Rappel 3 review: opposites, wordsearches, weather, gender, and verb conjugation.",Rappel 3 — Unités 6–7
tricolore-1-5th-edition,page-095,grammar,Rappel 3,"[review, exercise, picture-story]",fill-in,mixed,A1,verified,pass,450,"Rabbit-location prepositions, weekend matching, personal questions, and a cat-and-mouse cloze story.",A1 (inferred)
tricolore-1-5th-edition,page-096,grammar,Unite 8,"[chapter-opener, grammar-box, exercise, listening-sheet]",listening-comprehension,time-dates,A1,verified,pass,395,Telling the time: grammar box plus listening and translation exercises.,unité 8 Une journée scolaire
tricolore-1-5th-edition,page-097,speaking,8 Une journée scolaire,"[exercise, picture-story, dialogue]",matching,daily-routine,A1,verified,pass,580,"Match a boy's day-by-day activities to pictures, then retell with new times and places.",8 Une journée scolaire
tricolore-1-5th-edition,page-098,listening,8B Une journée en semaine,"[chapter-opener, exercise, listening-sheet, reading-text]",reading-comprehension,daily-routine,A1,verified,pass,448,Olivier narrates his typical school-day routine from morning to night.,8B Une journée en semaine
tricolore-1-5th-edition,page-099,none,8 Une journée scolaire,"[exercise, grammar-box]",fill-in,daily-routine,mixed,verified,pass,541,"Daily-routine exercises: word ordering, matching times, cloze summary, personal Q&A.",8 Une journée scolaire
tricolore-1-5th-edition,page-100,vocabulary,8C Mon emploi du temps,"[chapter-opener, exercise, vocabulary, listening-sheet]",vocabulary,school,A1,verified,pass,479,Learn school-subject vocabulary and match class times to a school-day schedule.,8C Mon emploi du temps
tricolore-1-5th-edition,page-101,none,8 Une journée scolaire,"[exercise, grammar-box, reading-text]",listening-comprehension,school,mixed,verified,pass,469,"French school timetable: analysis, listening practice, and speaking about lessons.",8 Une journée scolaire
tricolore-1-5th-edition,page-102,none,8D Qu'est-ce que vous faites?,"[chapter-opener, exercise, grammar-box]",fill-in,school,mixed,verified,pass,560,Discuss school sports and subject opinions; practise the verb faire.,8D Qu'est-ce que vous faites?
tricolore-1-5th-edition,page-103,listening,8 Une journée scolaire,"[exercise, listening-sheet, dialogue, writing-prompt]",listening-comprehension,school,A1,verified,pass,523,"Listen to six students' opinions on school subjects, then role-play similar dialogues.",8 Une journée scolaire
tricolore-1-5th-edition,page-104,grammar,8E Ma matière préférée,"[lesson, exercise, listening-sheet, grammar-box]",fill-in,personal-info,A1,verified,pass,584,Practise quel/quelle in personal-preference questions about a new classmate and yourself.,8E Ma matière préférée
tricolore-1-5th-edition,page-105,grammar,8 Une journée scolaire,"[exercise, dialogue, reading-text, grammar-box, writing-prompt]",reading-comprehension,personal-info,A1,verified,pass,481,"Read about a friend's preferences, correct false statements, practise son/sa/ses.",8 Une journée scolaire
tricolore-1-5th-edition,page-106,grammar,8F Notre collège,"[lesson, exercise, dialogue, grammar-box, listening-sheet]",fill-in,school,A1,verified,pass,481,Interview about school life; practise notre/nos and votre/vos possessives.,8F Notre collège
tricolore-1-5th-edition,page-107,grammar,8 Une journée scolaire,"[exercise, grammar-box, reading-text, writing-prompt, dialogue]",reading-comprehension,school,A1,verified,pass,533,"Julien's blog about visiting a French school; correct statements, practise leur/leurs.",8 Une journée scolaire
tricolore-1-5th-edition,page-108,reading,8G Au Sénégal,"[lesson, reading-text, chapter-opener]",reading-comprehension,mixed,A1,verified,pass,419,"Two Senegalese girls describe their country's geography, climate, school, and wildlife.",8G Au Sénégal
tricolore-1-5th-edition,page-109,reading,8 Une journée scolaire,"[exercise, reading-text]",fill-in,mixed,A1,verified,pass,400,Comprehension and cloze exercises about daily routine and facts on Senegal.,8 Une journée scolaire
tricolore-1-5th-edition,page-110,reading,8H Une présentation,"[reading-text, exercise, writing-prompt, picture-story]",writing-task,school,A1,verified,pass,469,"Read about a French school, then prepare your own school presentation.",8H Une présentation
tricolore-1-5th-edition,page-111,none,8 Une journée scolaire,"[vocabulary, wordlist, review]",vocabulary,none,A1,verified,pass,843,"Unit 8 summary: time, daily routine, school subjects, and opinions.",Sommaire
tricolore-1-5th-edition,page-112,reading,Presse-Jeunesse 3,"[dialogue, picture-story, exercise, reading-text]",true-false,mixed,mixed,verified,pass,376,Comic strip about a girl's computing club; translation and true/false comprehension.,Presse-Jeunesse 3
tricolore-1-5th-edition,page-113,reading,8 Une journée scolaire,"[reading-text, exercise, answer-key]",answer-key,none,A1,verified,pass,681,"France facts (flag, Eiffel Tower, euro) plus a 'model student' quiz with its answer key.",8 Une journée scolaire
tricolore-1-5th-edition,page-114,reading,"unité 9 C'est bon, ça!","[chapter-opener, vocabulary, reading-text, exercise]",vocabulary,food,A1,verified,pass,419,"Introduction to French meal courses and food vocabulary, starters to sides.","unité 9 C'est bon, ça!"
tricolore-1-5th-edition,page-115,none,"9 C'est bon, ça!","[vocabulary, exercise, listening-sheet, grammar-box, reading-text, speaking-prompt]",fill-in,food,A1,verified,pass,597,"Match food-course vocabulary, listen for family meals, complete a blog about an ideal meal.","9 C'est bon, ça!"
tricolore-1-5th-edition,page-116,none,9B Qu'est-ce que tu prends?,"[chapter-opener, vocabulary, exercise, listening-sheet, grammar-box]",matching,food,A1,verified,pass,629,Breakfast vocabulary matching; practise du/de la/des with manger and prendre.,9B Qu'est-ce que tu prends?
tricolore-1-5th-edition,page-117,none,"9 C'est bon, ça!","[exercise, grammar-box, review]",multiple-choice,food,A1,verified,pass,641,Multiple-choice quiz on French meal customs; practise prendre and manger substitutions.,"9 C'est bon, ça!"
tricolore-1-5th-edition,page-118,none,9C On mange sainement,"[chapter-opener, vocabulary, exercise, reading-text, grammar-box, listening-sheet]",reading-comprehension,health,mixed,verified,pass,591,Reading on a teen healthy-eating guide with vocabulary and comprehension tasks.,9C On mange sainement
tricolore-1-5th-edition,page-119,none,"9 C'est bon, ça!","[dialogue, picture-story, exercise, grammar-box, speaking-prompt, writing-prompt]",reading-comprehension,health,mixed,verified,pass,548,Comic-strip interview about healthy eating; comprehension questions and a food diary.,"9 C'est bon, ça!"
tricolore-1-5th-edition,page-120,none,9D Un repas en famille,"[chapter-opener, reading-text, exercise, grammar-box, picture-story]",reading-comprehension,food,mixed,verified,pass,644,Forum posts about favourite foods; identify true statements and write about dislikes.,9D Un repas en famille
tricolore-1-5th-edition,page-121,grammar,"9 C'est bon, ça!","[lesson, exercise, grammar-box, dialogue, vocabulary]",fill-in,food,mixed,verified,pass,589,Recipe fill-in exercise and a family dinner dialogue practising food vocabulary and negation.,"9 C'est bon, ça!"
tricolore-1-5th-edition,page-122,reading,9E Des projets,"[lesson, dialogue, reading-text, exercise, grammar-box, picture-story]",true-false,mixed,mixed,verified,pass,555,Birthday-dinner chat and a rainy-day pizza picnic story with true/false and matching tasks.,9E Des projets
tricolore-1-5th-edition,page-123,reading,"9 C'est bon, ça!","[lesson, reading-text, exercise]",short-answer,food,mixed,verified,pass,548,"Contest entries describing healthy meals, answered through short questions and a listening fill-in.","9 C'est bon, ça!"
tricolore-1-5th-edition,page-124,reading,9F Les fêtes dans le monde,"[lesson, reading-text, instructions, exercise, vocabulary]",reading-comprehension,mixed,mixed,verified,pass,639,"Reading about Ramadan, Thanksgiving and Diwali traditions and foods, with comprehension and translation.",9F Les fêtes dans le monde
tricolore-1-5th-edition,page-125,none,"9 C'est bon, ça!","[wordlist, vocabulary]",vocabulary,food,mixed,verified,pass,783,"Vocabulary summary for meals, drinks, breakfast foods, and polite phrases about food.",Sommaire
tricolore-1-5th-edition,page-126,none,Rappel 4,"[review, exercise]",fill-in,mixed,mixed,verified,pass,646,"Rappel 4 review: vowels, word lists, gender endings, verb forms, and possessives.",Rappel 4 — Unités 8–9
tricolore-1-5th-edition,page-127,grammar,Unite 9,"[exercise, picture-story, vocabulary]",matching,mixed,mixed,verified,pass,635,"Word-building, a cat's daily routine, and matching questions with answers on mixed topics.",6 Un repas en morceaux
tricolore-1-5th-edition,page-128,listening,Unite 10A,"[chapter-opener, vocabulary, exercise, reading-text]",listening-comprehension,hobby,mixed,verified,pass,327,Introduces sports vocabulary via a listening-matching activity and a reading on French summer holidays.,unité 10 Amuse-toi bien!
tricolore-1-5th-edition,page-129,grammar,Unite 10A,"[exercise, dialogue, vocabulary]",matching,hobby,mixed,verified,pass,579,"Matching sport pictures to sentences and English translations, plus a faire-conjugation dialogue.",(Running header: 10 Amuse-toi bien!)
tricolore-1-5th-edition,page-130,grammar,Unite 10B,"[vocabulary, exercise, grammar-box]",matching,hobby,mixed,verified,pass,337,Matching musical instruments to photos and completing sentences with jouer de + instrument.,10B Tu aimes la musique?
tricolore-1-5th-edition,page-131,reading,Unite 10B,"[vocabulary, exercise, reading-text]",reading-comprehension,hobby,mixed,verified,pass,441,Reading about young musicians and France's nationwide Fete de la Musique festival.,(Running header: 10 Amuse-toi bien!)
tricolore-1-5th-edition,page-132,grammar,Unite 10C,"[vocabulary, exercise, grammar-box]",matching,hobby,mixed,verified,pass,468,"Matching leisure activities to photos, practising jouer/faire expressions, plus listening interviews.",10C Mes passe-temps
tricolore-1-5th-edition,page-133,writing,10 Amuse-toi bien!,"[chapter-opener, reading-text, exercise, writing-prompt]",writing-task,hobby,mixed,verified,pass,542,Reading a hobbies forum then writing a personal message about leisure activities.,10 Amuse-toi bien!
tricolore-1-5th-edition,page-134,grammar,10D La semaine dernière,"[lesson, listening-sheet, grammar-box, exercise]",listening-comprehension,hobby,A2,verified,pass,433,Listening to identify past leisure activities and distinguishing present versus perfect tense.,10D La semaine dernière
tricolore-1-5th-edition,page-135,writing,10 Amuse-toi bien!,"[exercise, listening-sheet, writing-prompt, speaking-prompt]",writing-task,hobby,A2,verified,pass,452,Writing and speaking practice describing past sport/music activities using the perfect tense.,10 Amuse-toi bien!
tricolore-1-5th-edition,page-136,reading,10E Au parc d'attractions,"[lesson, reading-text, exercise, picture-story]",true-false,vacation,mixed,transcribed,fail,573,"Reading about Asterix and Parc Asterix, with true/false correction and photo-matching exercises.",10E Au parc d'attractions
tricolore-1-5th-edition,page-137,reading,10 Amuse-toi bien!,"[reading-text, exercise, listening-sheet, grammar-box, vocabulary]",short-answer,vacation,mixed,verified,pass,537,"Parc Asterix hours and prices practised via Q&A, listening, and 24-hour clock matching.",10 Amuse-toi bien!
tricolore-1-5th-edition,page-138,writing,10F Une journée exceptionnelle,"[lesson, reading-text, exercise, writing-prompt]",writing-task,vacation,A2,verified,pass,596,"Reading a theme-park contest entry, correcting errors, then writing about an ideal or awful day.",10F Une journée exceptionnelle
tricolore-1-5th-edition,page-139,listening,Unite 10 Amuse-toi bien!,"[dialogue, exercise, grammar-box, vocabulary, listening-sheet]",listening-comprehension,city-places,mixed,verified,pass,656,"A cousin's chat about theme-park tickets, plus listening practice with je suis alle(e).",10 Amuse-toi bien!
tricolore-1-5th-edition,page-140,writing,Unite 10 Amuse-toi bien!,"[lesson, exercise, review, vocabulary, answer-key]",fill-in,hobby,mixed,verified,pass,654,A leisure personality quiz completed with vocabulary and scored with an answer key.,10G Les loisirs
tricolore-1-5th-edition,page-141,none,Unite 10 Amuse-toi bien!,"[vocabulary, wordlist, review]",vocabulary,mixed,mixed,verified,pass,832,"Vocabulary summary for sport, music, the 24-hour clock, and past-tense phrases.",Sommaire
tricolore-1-5th-edition,page-142,reading,Presse-Jeunesse 4,"[reading-text, picture-story, exercise, vocabulary]",vocabulary,food,mixed,verified,pass,479,"Comic strip about a greedy cat's feast, followed by vocabulary translation and word-finding tasks.",Presse-Jeunesse 4
tricolore-1-5th-edition,page-143,reading,Unite 10 Amuse-toi bien!,"[song, reading-text, exercise]",reading-comprehension,mixed,mixed,verified,pass,558,"A holiday song plus reading passages on volleyball, windsurfing, and judo with comprehension questions.",10 Amuse-toi bien!
tricolore-1-5th-edition,page-144,listening,unité 1 Au choix,"[instructions, exercise, listening-sheet, vocabulary, review]",matching,personal-info,A1,verified,pass,577,"Review exercises matching numbers, greetings, and question-answer pairs for basic introductions.",unité 1 Au choix
tricolore-1-5th-edition,page-145,writing,unité 2 Au choix,"[instructions, exercise, listening-sheet, vocabulary, grammar-box, review]",fill-in,home,A1,verified,pass,404,"Review exercises on prepositions of place, saying where you live, and naming objects.",unité 2 Au choix
tricolore-1-5th-edition,page-146,writing,unité 3 Au choix,"[instructions, exercise, listening-sheet, vocabulary, grammar-box, review]",fill-in,family,A1,verified,pass,413,"Review exercises on siblings, possessive adjectives, and describing a house via listening.",unité 3 Au choix
tricolore-1-5th-edition,page-147,listening,unité 3 Au choix,"[instructions, exercise, listening-sheet, dialogue, writing-prompt, vocabulary]",fill-in,family,A1,verified,pass,320,"A Saturday photo-story fill-in on etre, followed by a writing task about family.",5 Samedi
tricolore-1-5th-edition,page-148,writing,unité 4 Au choix,"[instructions, exercise, listening-sheet, writing-prompt, grammar-box]",short-answer,family,A1,verified,pass,392,"Counting pets, identifying a lost cat by phone call, and describing invented animals.",unité 4 Au choix
tricolore-1-5th-edition,page-149,reading,unité 4 Au choix,"[exercise, reading-text, dialogue, vocabulary]",true-false,family,A1,verified,pass,354,Odd-one-out vocabulary game and a true/false reading about siblings' differing feelings toward pets.,5 Chasse à l'intrus
tricolore-1-5th-edition,page-150,reading,unité 5 Au choix,"[exercise, reading-text, vocabulary, review]",true-false,time-dates,A1,verified,pass,413,"Review of months and calendar dates, then true/false reading of French festival adverts.",unité 5 Au choix
tricolore-1-5th-edition,page-151,writing,,"[exercise, dialogue, picture-story, writing-prompt]",fill-in,family,mixed,verified,pass,603,"Fill in verb être forms, birthday gift dialogue, and write a thank-you letter for presents.",4 Notre famille
tricolore-1-5th-edition,page-152,writing,unité 6 Au choix,"[instructions, exercise, listening-sheet, grammar-box, vocabulary]",fill-in,weather,A1,verified,pass,553,"Practice weather vocabulary, a listening grid, and regarder verb conjugations.",unité 6 Au choix
tricolore-1-5th-edition,page-153,reading,,"[exercise, reading-text, dialogue, picture-story, writing-prompt]",reading-comprehension,mixed,A1,verified,pass,571,"Read about a difficult little sister, weather-based sentences, and a vacation weather blog.",5 Une petite sœur difficile
tricolore-1-5th-edition,page-154,writing,unité 7 Au choix,"[instructions, exercise, vocabulary, reading-text]",fill-in,city-places,A1,verified,pass,460,"Fill in La Rochelle tourism vocabulary, building names, accents, and destination symbols.",unité 7 Au choix
tricolore-1-5th-edition,page-155,reading,,"[reading-text, exercise, vocabulary]",reading-comprehension,travel,A1,verified,pass,628,"Read about Saint-Malo and La Rochelle tourist attractions, correcting errors and answering questions.","(Illustration: an email client window. Toolbar icons: back arrow, envelope, reply envelope"
tricolore-1-5th-edition,page-156,writing,unité 8 Au choix,"[instructions, exercise, picture-story, grammar-box]",fill-in,daily-routine,A1,verified,pass,552,"Sequence a postal worker's day, order routine sentences, and practice possessive adjectives.",unité 8 Au choix
tricolore-1-5th-edition,page-157,grammar,Unite 9,"[exercise, vocabulary]",short-answer,mixed,A1,verified,pass,430,"Correct facts about Karim, choose family possessives, and describe a cat's daily routine.",A1 (inferred)
tricolore-1-5th-edition,page-158,grammar,Unite 9 Au choix,"[chapter-opener, exercise, review, vocabulary]",fill-in,food,mixed,verified,pass,632,"Fill in food vocabulary, partitive articles, animal diets, and a carrot-shaped word puzzle.",unité 9 Au choix
tricolore-1-5th-edition,page-159,writing,Unite 9 Au choix,"[exercise, review, listening-sheet, speaking-prompt, writing-prompt]",fill-in,food,A1,verified,pass,553,"Describe meals, order sentences about pets, and complete school lunch menu exercises.",A1 (inferred)
tricolore-1-5th-edition,page-160,grammar,Unite 10 Au choix,"[chapter-opener, exercise, review, writing-prompt]",matching,hobby,mixed,verified,pass,515,"Match questions to activity answers, fill in a hobbies message, and order past-tense sentences.",unité 10 Au choix
tricolore-1-5th-edition,page-161,listening,Unite 10 Au choix,"[exercise, listening-sheet, speaking-prompt, writing-prompt, dialogue]",reading-comprehension,vacation,mixed,transcribed,fail,750,"Listen for event times, discuss weekend plans, and read messages about holiday trips.",A1 (inferred)
tricolore-1-5th-edition,page-162,grammar,Grammaire,"[grammar-box, chapter-opener]",instructions,none,A1,verified,pass,836,"Grammar reference: nouns, gender, singular/plural forms, and definite/indefinite articles.",Grammaire
tricolore-1-5th-edition,page-163,grammar,,[grammar-box],instructions,none,A1,verified,pass,756,"Grammar reference: partitive articles, negation, and regular and irregular adjective agreement.",Grammaire
tricolore-1-5th-edition,page-164,grammar,,[grammar-box],instructions,none,A1,verified,pass,917,"Grammar reference: possessive adjectives, de + noun, and key prepositions.",Grammaire
tricolore-1-5th-edition,page-165,grammar,,[grammar-box],instructions,none,A1,verified,pass,1015,"Grammar reference: prepositions, telling time, numbers, dates, days, and months.",Grammaire
tricolore-1-5th-edition,page-166,grammar,,[grammar-box],instructions,none,mixed,verified,pass,925,"Grammar reference: question forms, connectives, adverbs, and an intro to verb tense.",Grammaire
tricolore-1-5th-edition,page-167,grammar,,[grammar-box],instructions,none,A1,verified,pass,985,"Grammar reference: -er verb patterns, reflexive verbs, and imperative command forms.",Grammaire
tricolore-1-5th-edition,page-168,grammar,,[grammar-box],instructions,none,mixed,verified,pass,1001,"Grammar reference: aller+infinitive, jouer, avoir/faire idioms, irregular verbs, and perfect tense.",Grammaire
tricolore-1-5th-edition,page-169,none,,"[vocabulary, wordlist]",vocabulary,none,mixed,verified,pass,2204,"French-English glossary, section A: abricot to chorale.",Glossaire
tricolore-1-5th-edition,page-170,none,,"[vocabulary, wordlist]",vocabulary,none,mixed,verified,pass,2034,"French-English glossary, section C-E: chose to été.",Glossaire
tricolore-1-5th-edition,page-171,none,,"[vocabulary, wordlist]",vocabulary,none,mixed,verified,pass,2091,"French-English glossary, section E-L: été to lève.",Glossaire
tricolore-1-5th-edition,page-172,none,,"[vocabulary, wordlist]",vocabulary,none,mixed,verified,pass,2055,"French-English glossary, section L-P: lever to perroquet.",Glossaire
tricolore-1-5th-edition,page-173,none,,"[vocabulary, wordlist]",vocabulary,none,mixed,verified,pass,2098,"French-English glossary, section P-S: perruche to skate.",Glossaire
tricolore-1-5th-edition,page-174,none,,"[vocabulary, wordlist]",vocabulary,none,mixed,verified,pass,1888,"French-English glossary, section S-Z: ski to zoo; glossary ends.",Glossaire
tricolore-1-5th-edition,page-175,none,,"[vocabulary, wordlist]",vocabulary,none,mixed,verified,pass,1830,"English-French glossary, section A-H: zut to half brother.",Anglais – français
tricolore-1-5th-edition,page-176,none,,"[vocabulary, wordlist]",vocabulary,none,mixed,verified,pass,1815,"English-French glossary, section H-R: half sister to road.",Anglais – français
tricolore-1-5th-edition,page-177,none,,"[vocabulary, wordlist]",vocabulary,none,mixed,verified,pass,1756,"English-French glossary, section R-Z: roller skate to zoo; glossary ends.",Anglais – français
tricolore-1-5th-edition,page-178,none,,[reading-text],none,none,mixed,verified,pass,1019,"Acknowledgements crediting illustrators, photographers, and reviewers of the textbook.",Acknowledgements
tricolore-1-5th-edition,page-179,none,,[],none,none,mixed,verified,pass,47,Blank page with no printed content.,
tricolore-1-5th-edition,page-180,none,,[cover],cover,none,mixed,verified,pass,277,Back cover describing Tricolore 5e édition course components and publisher details.,Tricolore
tricolore-2-5th-edition,page-001,,,[cover],cover,none,mixed,verified,pass,11,"Cover page for Tricolore 2, 5th edition, by Honnor, Mascie-Taylor, Spencer",Tricolore 2
tricolore-2-5th-edition,page-002,,,[cover],cover,none,mixed,verified,pass,43,"Blank inside front cover page, no printed text",
tricolore-2-5th-edition,page-003,,,[cover],cover,none,mixed,verified,pass,13,Title page repeating book cover details and publisher,Tricolore 2
tricolore-2-5th-edition,page-004,none,,[intro],none,none,,verified,pass,289,"Copyright, printing, and publisher information for Tricolore 2",OXFORD
tricolore-2-5th-edition,page-005,none,,"[picture-story, vocabulary]",vocabulary,travel,A2,verified,pass,612,"Illustrated map of France with regions, cities, rivers, and fact box",A2 (inferred)
tricolore-2-5th-edition,page-006,none,,[toc],none,none,A2,verified,pass,858,Table of contents for Unit 1 (shopping) and Unit 2 (travel),Table des matières
tricolore-2-5th-edition,page-007,none,,[toc],none,none,mixed,verified,pass,825,"Table of contents listing Units 4, 5, 6 topics and grammar",A2 (inferred)
tricolore-2-5th-edition,page-008,none,,[toc],none,none,mixed,verified,pass,558,"Table of contents for Unit 7, 8, and reference sections",Table des matières
tricolore-2-5th-edition,page-009,none,,"[intro, instructions]",instructions,none,mixed,verified,pass,498,Explains icons and features used throughout the Tricolore 2 course,Course information
tricolore-2-5th-edition,page-010,listening,1 En ville,"[chapter-opener, exercise, vocabulary, grammar-box, picture-story]",fill-in,shopping,A2,verified,pass,443,Fill-in dialogue matching French food shops to their products,unité 1 En ville
tricolore-2-5th-edition,page-011,listening,1 En ville,"[exercise, grammar-box, vocabulary]",fill-in,shopping,A2,verified,pass,434,Order shops visited and fill in partitive articles for shopping,1 En ville
tricolore-2-5th-edition,page-012,grammar,1B On vend ça,"[lesson, exercise, grammar-box, dialogue]",fill-in,shopping,A2,verified,pass,490,Multiple-choice and fill-in practice with vendre and -re verbs,1B On vend ça
tricolore-2-5th-edition,page-013,writing,1 En ville,"[exercise, picture-story, dialogue, vocabulary]",fill-in,shopping,mixed,verified,pass,410,Dice speaking game and fill-in comic story with -re verbs,1 En ville
tricolore-2-5th-edition,page-014,speaking,1C Combien?,"[lesson, instructions, exercise, grammar-box, vocabulary]",matching,shopping,A2,verified,pass,500,Match shopping quantities to items and listen for amounts bought,1C Combien?
tricolore-2-5th-edition,page-015,listening,1 En ville,"[exercise, listening-sheet, dialogue, vocabulary, grammar-box]",multiple-choice,shopping,A2,verified,pass,616,Multiple-choice prices and role-play dialogue for buying food items,1 En ville
tricolore-2-5th-edition,page-016,listening,1D Il n'y en a plus?,"[exercise, listening-sheet, grammar-box, picture-story, dialogue, vocabulary]",true-false,shopping,A2,transcribed,fail,655,True/false listening about a shopkeeper's stock and negative expressions,1D Il n'y en a plus?
tricolore-2-5th-edition,page-017,reading,1 En ville,"[picture-story, exercise, dialogue, grammar-box]",fill-in,shopping,A2,verified,pass,643,Match shopping comic captions and fill in partitive/negative articles,1 En ville
tricolore-2-5th-edition,page-018,reading,1E À toi de choisir,"[lesson, exercise, grammar-box, reading-text, vocabulary, picture-story]",matching,shopping,mixed,verified,pass,601,Match sentence endings and read about markets using -ir verbs,1E À toi de choisir
tricolore-2-5th-edition,page-019,grammar,1 En ville,"[exercise, dialogue, vocabulary]",fill-in,mixed,A2,verified,pass,443,Fill in choisir/finir forms in a story about planning a party,1 En ville
tricolore-2-5th-edition,page-020,reading,1 En ville,"[lesson, chapter-opener, reading-text, grammar-box, exercise]",true-false,shopping,A2,verified,pass,526,True/false reading about French shop opening hours and closures,A2 (inferred)
tricolore-2-5th-edition,page-021,grammar,1 En ville,"[exercise, dialogue, vocabulary, speaking-prompt, writing-prompt]",fill-in,shopping,mixed,verified,pass,596,Fill-in survey guesses and opinions about shopping habits,1 En ville
tricolore-2-5th-edition,page-022,reading,1 En ville,"[lesson, exercise, reading-text, vocabulary, speaking-prompt, writing-prompt]",fill-in,shopping,mixed,verified,pass,470,Fill in a shopping poem and list market products for sale,A2 (inferred)
tricolore-2-5th-edition,page-023,none,1 En ville,"[review, wordlist, vocabulary]",vocabulary,shopping,A2,verified,pass,788,"Unit 1 vocabulary summary: shops, quantities, money, and verbs",Sommaire
tricolore-2-5th-edition,page-024,reading,Rappel 1 Unité 1,"[review, exercise, dialogue]",fill-in,shopping,A2,verified,pass,473,"Revision: shop name vowels, quantities, dialogue order, and verb fill-ins",Rappel 1 Unité 1
tricolore-2-5th-edition,page-025,grammar,,"[exercise, wordlist]",fill-in,shopping,A2,verified,pass,515,Revision multiple-choice and fill-in verb practice across shopping topics,A2 (inferred)
tricolore-2-5th-edition,page-026,listening,2 On fait des projets,"[chapter-opener, exercise, vocabulary]",vocabulary,travel,mixed,verified,pass,823,"Europe map with countries, capitals, flags; match photos to countries",unité 2 On fait des projets
tricolore-2-5th-edition,page-027,reading,2 On fait des projets,"[reading-text, exercise, grammar-box, listening-sheet]",reading-comprehension,personal-info,A2,verified,pass,576,Reading profiles of five young Europeans describing their lives,2 On fait des projets
tricolore-2-5th-edition,page-028,grammar,2 On fait des projets,"[exercise, grammar-box, vocabulary]",fill-in,vacation,A2,verified,pass,590,Match families to destinations and fill in partir verb forms,2B On part en vacances
tricolore-2-5th-edition,page-029,reading,2 On fait des projets,"[exercise, reading-text, instructions]",reading-comprehension,mixed,mixed,verified,pass,617,"Survey on departure times, transport, and a reading text about Brussels",2 On fait des projets
tricolore-2-5th-edition,page-030,listening,2 On fait des projets,"[exercise, vocabulary]",fill-in,travel,A2,verified,pass,466,Fill in transport modes for a journey from home to Paris,2C En route
tricolore-2-5th-edition,page-031,reading,2 On fait des projets,"[exercise, grammar-box, explanation]",fill-in,travel,mixed,verified,pass,542,"Venir verb conjugation, true/false listening about nationalities, and transport fill-in dialogue.",2 On fait des projets
tricolore-2-5th-edition,page-032,listening,2 On fait des projets,"[chapter-opener, exercise, grammar-box]",listening-comprehension,vacation,A2,verified,pass,593,Future tense (aller + infinitive) exercises: ordering vacation activities and describing imaginary trips.,2D Qu'est-ce qu'on va faire?
tricolore-2-5th-edition,page-033,listening,2 On fait des projets,"[dialogue, exercise]",reading-comprehension,communication,A2,verified,pass,564,Phone dialogue about weekend party plans plus exercises on future expressions and error correction.,2 On fait des projets
tricolore-2-5th-edition,page-034,grammar,2 On fait des projets,"[chapter-opener, exercise, grammar-box]",matching,vacation,A2,verified,pass,459,Matching activities to Loire Valley photos and role-play about what you can do there.,2E On peut faire ça?
tricolore-2-5th-edition,page-035,listening,2 On fait des projets,"[exercise, picture-story]",fill-in,daily-routine,A2,verified,pass,668,"Practice with pouvoir (can) verb forms, matching excuses, and asking for permission.",2 On fait des projets
tricolore-2-5th-edition,page-036,reading,2 On fait des projets,"[chapter-opener, reading-text, exercise, grammar-box]",reading-comprehension,vacation,mixed,verified,pass,645,"Four postcards describing weather and activities during trips to Morocco, Switzerland, Quebec and the Loire Valley.",2F On s'amuse ... ou pas
tricolore-2-5th-edition,page-037,writing,2 On fait des projets,"[exercise, writing-prompt, vocabulary, listening-sheet, speaking-prompt]",writing-task,vacation,mixed,verified,pass,666,"Writing task describing a trip/stay, plus a cycling festival dialogue and poster-planning activity.",2 On fait des projets
tricolore-2-5th-edition,page-038,reading,2 On fait des projets,"[chapter-opener, reading-text, exercise, vocabulary]",reading-comprehension,hobby,mixed,verified,pass,693,Informational reading text about the Tour de France with comprehension and jersey-matching exercises.,2G C'est extra!
tricolore-2-5th-edition,page-039,none,2 On fait des projets,"[wordlist, review]",vocabulary,none,mixed,verified,pass,793,"End-of-unit vocabulary summary: countries, transport, future plans, permission phrases.",Sommaire — 2 On fait des projets
tricolore-2-5th-edition,page-040,none,2 On fait des projets,"[picture-story, reading-text, vocabulary]",reading-comprehension,mixed,A2,verified,pass,624,"Comic strip: detective Louis Laloupe tails Monique Maligne by bus, taxi and train.",Presse-Jeunesse (circled: 1)
tricolore-2-5th-edition,page-041,none,2 On fait des projets,"[reading-text, exercise, vocabulary]",short-answer,mixed,mixed,verified,pass,501,"Comprehension questions on the Louis Laloupe comic, country fact files, and Robert Desnos poems.",Deux pays d'Europe
tricolore-2-5th-edition,page-042,none,3A Au collège,"[chapter-opener, dialogue, exercise, explanation]",reading-comprehension,school,A2,verified,pass,531,Reading text about French school life (collège) with translation and vocabulary identification exercises.,unité 3 De jour en jour
tricolore-2-5th-edition,page-043,none,3A Au collège,"[dialogue, exercise, explanation, writing-prompt]",fill-in,school,A2,verified,pass,514,"More school-life reading plus club vocabulary, word-family patterns, and a guide-writing task.",3 De jour en jour
tricolore-2-5th-edition,page-044,none,3B En classe,"[chapter-opener, dialogue, exercise, grammar-box, conjugation-table]",fill-in,school,A2,verified,pass,489,"Verb apprendre/comprendre practice with school-subject fill-ins, comprehension, and a true/false exercise.",3B En classe
tricolore-2-5th-edition,page-045,none,3B En classe,"[exercise, grammar-box, explanation, speaking-prompt, writing-prompt]",fill-in,school,A2,verified,pass,587,"Comparative adjectives practice comparing animals and school subjects, with fill-in exercises.",3 De jour en jour
tricolore-2-5th-edition,page-046,none,3C La routine,"[lesson, exercise, listening-sheet, grammar-box]",multiple-choice,daily-routine,A2,verified,pass,689,"Multiple-choice questions about Charlotte's morning and Michel's evening routines, with reflexive verb grammar.",3C La routine
tricolore-2-5th-edition,page-047,none,3C La routine,"[exercise, listening-sheet, grammar-box, speaking-prompt, writing-prompt]",fill-in,profession,A2,verified,pass,576,"Interview with a baker about his daily routine: fill-in transcript, opposites, and comprehension questions.","(Module banner, top right, white text on dark blue background:) 3 De jour en jour"
tricolore-2-5th-edition,page-048,none,3D Comment ça se passe?,"[lesson, exercise, grammar-box]",fill-in,daily-routine,A2,verified,pass,648,"Reflexive verb practice: matching daily actions, choosing correct forms, and negative sentences.",3D Comment ça se passe?
tricolore-2-5th-edition,page-049,none,3D Comment ça se passe?,"[exercise, reading-text, speaking-prompt, listening-sheet]",true-false,mixed,mixed,verified,pass,599,"Sorting fun vs boring statements, a reading message about school interests, and a true/false quiz on Louis XIV.","(Module banner, top right, white text on dark blue background:) 3 De jour en jour"
tricolore-2-5th-edition,page-050,none,3E C'est mercredi,"[lesson, exercise, listening-sheet, grammar-box, speaking-prompt]",matching,hobby,A2,verified,pass,746,Matching wanted activities to speakers and vouloir verb conjugation practice for after-school plans.,3E C'est mercredi
tricolore-2-5th-edition,page-051,none,3E C'est mercredi,"[grammar-box, exercise, speaking-prompt]",writing-task,daily-routine,A2,verified,pass,415,"Writing sentences about wanting and not wanting to do things, plus personal dossier speaking/writing tasks.",3 De jour en jour
tricolore-2-5th-edition,page-052,none,3F À mon avis,"[lesson, dialogue, exercise, grammar-box, conjugation-table]",matching,communication,A2,verified,pass,539,Text about using the internet at school with translation exercise and dire/lire/écrire verb matching.,3F À mon avis
tricolore-2-5th-edition,page-053,none,3F À mon avis,"[reading-text, exercise, speaking-prompt, vocabulary]",reading-comprehension,daily-routine,mixed,verified,pass,641,"Forum reading text about students' homework habits, with comprehension and synonym-matching questions.",3 De jour en jour
tricolore-2-5th-edition,page-054,none,3G C'est extra!,"[lesson, reading-text, exercise, grammar-box, writing-prompt]",reading-comprehension,school,mixed,verified,pass,677,Reading text about a school trip to Versailles with comprehension questions and a personalized writing task.,3G C'est extra!
tricolore-2-5th-edition,page-055,none,3 De jour en jour,"[wordlist, review]",vocabulary,none,mixed,verified,pass,759,"End-of-unit vocabulary summary: school, daily routine, reflexive verbs, vouloir, dire/lire/écrire.",Sommaire
tricolore-2-5th-edition,page-056,none,Rappel 2 Unités 2–3,"[review, exercise]",fill-in,mixed,A2,verified,pass,628,"Unit 2-3 review: country spelling, transport matching, future-tense identification, and comparative adjectives.",Rappel 2 — Unités 2–3
tricolore-2-5th-edition,page-057,none,Rappel 2 Unités 2–3,"[review, exercise]",fill-in,mixed,A2,verified,pass,652,"Review exercises: permission responses, a radio presenter's daily routine, and matching family travel preferences.",A2 (inferred)
tricolore-2-5th-edition,page-058,vocabulary,4A Bienvenue en France,"[chapter-opener, lesson, exercise, vocabulary, listening-sheet, speaking-prompt, writing-prompt]",matching,personal-info,A2,verified,pass,604,"Matching physical descriptions of Canadian exchange students to their photos, plus self-description writing.",unité 4 En famille
tricolore-2-5th-edition,page-059,none,4A Bienvenue en France,"[lesson, exercise, dialogue, grammar-box, listening-sheet, speaking-prompt, writing-prompt]",reading-comprehension,family,A2,verified,pass,612,"Dialogue introducing an exchange student to a French host family, with translation and family-discussion prompts.","(top-right corner banner, dark blue:) 4 En famille"
tricolore-2-5th-edition,page-060,listening,4B Chez toi,"[lesson, exercise, listening-sheet, vocabulary, speaking-prompt]",matching,home,A2,verified,pass,575,Matching exercises about staying with a host family and household chores vocabulary.,4B Chez toi
tricolore-2-5th-edition,page-061,listening,4B Chez toi,"[exercise, dialogue, listening-sheet, speaking-prompt, writing-prompt, grammar-box]",fill-in,home,A2,verified,pass,705,"Fill-in reality-TV chores dialogue, texting about bedrooms, and describing your own home.","(top-right corner banner, dark blue:) 4 En famille"
tricolore-2-5th-edition,page-062,grammar,4C On s'amuse,"[chapter-opener, lesson, exercise, reading-text, grammar-box]",true-false,daily-routine,A2,verified,pass,587,Correcting false statements about Julie's day in town; matching English/French perfect-tense sentences.,4C On s'amuse
tricolore-2-5th-edition,page-063,listening,4C On s'amuse,"[exercise, listening-sheet, picture-story, speaking-prompt, writing-prompt, grammar-box]",ordering,daily-routine,A2,verified,pass,602,"Ordering daily-activity pictures, matching time expressions, and building silly past-tense sentences.","(top-right corner banner, dark blue:) 4 En famille"
tricolore-2-5th-edition,page-064,listening,4D Une fête,"[chapter-opener, lesson, exercise, listening-sheet, grammar-box, picture-story]",matching,mixed,A2,verified,pass,671,"Ordering/matching a shopping-trip story, then matching party-preparation chores to pictures.",4D Une fête
tricolore-2-5th-edition,page-065,speaking,4D Une fête,"[exercise, listening-sheet, picture-story, speaking-prompt, writing-prompt, vocabulary]",fill-in,mixed,A2,verified,pass,703,"Fill-in past participles about Thomas's birthday party, matching gift-givers, and speaking about recent activities.","(top banner, dark blue, full width; small musical-note icon before the text:) 🎵 4 En famil"
tricolore-2-5th-edition,page-066,speaking,4E J'ai choisi ...,"[chapter-opener, lesson, exercise, grammar-box, vocabulary]",fill-in,hobby,A2,verified,pass,716,"Choosing birthday gifts, past tense of -ir verbs, and choosing/listening to activity options.",4E J'ai choisi …
tricolore-2-5th-edition,page-067,grammar,4E J'ai choisi ...,"[exercise, listening-sheet, grammar-box, vocabulary, picture-story]",fill-in,mixed,A2,verified,pass,760,"Practising -re verb past tense: building sentences, a lost-and-found listening task, and choosing correct verbs.","(top-right corner banner, dark blue:) 4 En famille"
tricolore-2-5th-edition,page-068,grammar,4F J'ai acheté ...,"[chapter-opener, lesson, exercise, listening-sheet, grammar-box, vocabulary]",fill-in,shopping,A2,verified,pass,627,Shop dialogues with vocabulary fill-ins and practising ce/cet/cette/ces demonstrative adjectives.,4F J'ai acheté …
tricolore-2-5th-edition,page-069,grammar,4F J'ai acheté ...,"[exercise, listening-sheet, grammar-box, vocabulary, picture-story, reading-text, writing-prompt]",fill-in,travel,A2,verified,pass,602,"Fill-in past-tense verbs describing a Paris day trip, a farewell conversation, and a thank-you email.","(top-right corner banner, dark blue:) 4 En famille"
tricolore-2-5th-edition,page-070,grammar,4G C'est extra!,"[chapter-opener, lesson, exercise, listening-sheet, reading-text, vocabulary, picture-story]",reading-comprehension,hobby,A2,verified,pass,701,Reading a reality-TV article and a biography of Suzanne Collins in the passé composé.,4G C'est extra!
tricolore-2-5th-edition,page-071,none,4 En famille,"[review, wordlist, vocabulary, grammar-box]",vocabulary,none,A2,verified,pass,914,"Unit 4 summary: family vocabulary, past tense verbs, demonstratives, and TV/book vocabulary.",Sommaire
tricolore-2-5th-edition,page-072,none,4 En famille,"[reading-text, exercise, wordlist]",reading-comprehension,mixed,mixed,verified,pass,459,"Reading about Louis XIV, the Château de Versailles, and comparative France/UK statistics.",Presse-Jeunesse ②
tricolore-2-5th-edition,page-073,none,4 En famille,"[reading-text, exercise, vocabulary, song]",reading-comprehension,mixed,A2,verified,pass,741,A song about school subjects plus an internet-vocabulary guide with SMS-abbreviation matching.,Chantez! Les matières
tricolore-2-5th-edition,page-074,listening,5A Au café,"[chapter-opener, exercise, vocabulary, picture-story]",vocabulary,food,A2,verified,pass,473,Introducing French café culture and drink/snack vocabulary through a TV reporter's tour.,unité 5 Bon appétit!
tricolore-2-5th-edition,page-075,listening,5A Au café,"[picture-story, explanation, grammar-box, exercise, listening-sheet, speaking-prompt]",fill-in,food,A2,verified,pass,590,"Completing café-vocabulary sentences, boire conjugation practice, and ordering drinks in conversation.","(running head, top right:) 5 Bon appétit!"
tricolore-2-5th-edition,page-076,speaking,5B Vous désirez?,"[lesson, exercise, listening-sheet, speaking-prompt, vocabulary, explanation]",matching,food,A2,verified,pass,631,"Matching café orders to drinks, then role-playing ordering drinks and ice-cream flavours.",5B Vous désirez?
tricolore-2-5th-edition,page-077,speaking,5B Vous désirez?,"[grammar-box, explanation, exercise, dialogue, vocabulary]",speaking-task,food,mixed,verified,pass,455,"Role-playing café conversations (ordering, toilets/wifi) and writing a blog about a café outing.",5 Bon appétit!
tricolore-2-5th-edition,page-078,reading,5C Ça m'intéresse,"[lesson, reading-text, exercise, grammar-box, explanation, vocabulary]",true-false,food,mixed,verified,pass,690,"True/false comprehension on readers' stories about memorable meals, plus irregular past participles.",5C Ça m'intéresse
tricolore-2-5th-edition,page-079,reading,5C Ça m'intéresse,"[exercise, reading-text, vocabulary, writing-prompt]",fill-in,food,A2,verified,pass,499,"Practising irregular past participles, then reading and inventing quirky 'surprise sandwich' recipes.","(running head, top right:) 5 Bon appétit!"
tricolore-2-5th-edition,page-080,reading,5D Empoisonné?,"[lesson, exercise, listening-sheet, reading-text, vocabulary]",ordering,health,A2,verified,pass,662,Comic-strip story: ordering the tale of Mr Corot's suspected sardine food poisoning.,5D Empoisonné?
tricolore-2-5th-edition,page-081,grammar,5 Bon appétit!,"[exercise, grammar-box, listening-sheet, writing-prompt, speaking-prompt]",multiple-choice,health,mixed,verified,pass,731,Multiple-choice comprehension on the Corot story and forming questions in the perfect tense.,5 Bon appétit!
tricolore-2-5th-edition,page-082,grammar,5 Bon appétit!,"[exercise, dialogue, listening-sheet, grammar-box]",fill-in,school,mixed,verified,pass,721,Dialogue about a homework computer disaster; fill-in exercise practising the negative perfect tense.,5 Bon appétit!
tricolore-2-5th-edition,page-083,grammar,5 Bon appétit!,"[exercise, listening-sheet, explanation, picture-story, speaking-prompt, writing-prompt]",fill-in,daily-routine,mixed,verified,pass,502,"Fill-in practice with the negative perfect tense, describing a lazy first day of holidays.",5 Bon appétit!
tricolore-2-5th-edition,page-084,speaking,5F Des menus,"[lesson, vocabulary, exercise, speaking-prompt, grammar-box]",vocabulary,restaurant,mixed,verified,pass,460,"Restaurant menu vocabulary (starters, mains, veg, desserts, drinks) and expressing food likes/dislikes.",5F Des menus
tricolore-2-5th-edition,page-085,listening,5 Bon appétit!,"[lesson, exercise, listening-sheet, speaking-prompt, reading-text, explanation, grammar-box]",fill-in,restaurant,mixed,verified,pass,528,"Restaurant vocabulary translation, then listening fill-ins for ordering a three-course meal.",5 Bon appétit!
tricolore-2-5th-edition,page-086,listening,5G C'est extra!,"[lesson, exercise, listening-sheet, writing-prompt, explanation]",fill-in,restaurant,A2,verified,pass,670,"Singing and completing a café-order song, then researching real French restaurant menus.",5G C'est extra!
tricolore-2-5th-edition,page-087,none,5 Bon appétit!,"[review, wordlist, vocabulary]",vocabulary,none,A2,verified,pass,757,"Unit 5 summary: café drinks/snacks, restaurant ordering, boire, and irregular past participles.",Sommaire
tricolore-2-5th-edition,page-088,none,Rappel 3 Unités 4–5,"[review, exercise]",matching,mixed,A2,verified,pass,719,"Review: matching household chores and travel Q&A, plus fill-in past participles about a cinema outing.",Rappel 3 — Unités 4–5
tricolore-2-5th-edition,page-089,none,Rappel 3 Unités 4–5,"[review, exercise]",multiple-choice,mixed,A2,verified,pass,786,"Review: multiple-choice cloze about a lost cat, drink categories, and a peach Melba recipe.",A2 (inferred)
tricolore-2-5th-edition,page-090,grammar,6A Prêts à partir?,"[chapter-opener, dialogue, exercise, listening-sheet, explanation]",fill-in,travel,A2,verified,pass,596,"Reading travel plans, completing fill-in summaries, and practising the 24-hour clock.",unité 6 En voyage
tricolore-2-5th-edition,page-091,grammar,6A Prêts à partir?,"[lesson, dialogue, exercise, listening-sheet, grammar-box, speaking-prompt, explanation]",listening-comprehension,travel,A2,verified,pass,654,Dialogue and exercises about arriving at a station and buying train tickets.,6 En voyage
tricolore-2-5th-edition,page-092,grammar,6B On prend le train,"[chapter-opener, exercise, listening-sheet, grammar-box, vocabulary, explanation]",matching,travel,A2,verified,pass,704,Station floor-plan vocabulary matching facilities to their French names.,6B On prend le train
tricolore-2-5th-edition,page-093,listening,6B On prend le train,"[exercise, listening-sheet, dialogue, vocabulary, speaking-prompt]",matching,travel,A2,verified,pass,655,"Station sign matching, listening for train times, and ticket-office conversations.",6 En voyage
tricolore-2-5th-edition,page-094,grammar,6C Il est parti,"[chapter-opener, picture-story, exercise, grammar-box, conjugation-table, vocabulary, writing-prompt]",reading-comprehension,travel,A2,verified,pass,714,Picture story and exercises on perfect-tense verbs conjugated with être.,6C Il est parti
tricolore-2-5th-edition,page-095,grammar,6C Il est parti,"[lesson, strategy-box, exercise, listening-sheet, picture-story, grammar-box]",fill-in,mixed,A2,verified,pass,740,"Fill-in story about a household robot, plus perfect-tense verb practice for a football trip.",6 En voyage
tricolore-2-5th-edition,page-096,grammar,6D Ils sont arrivés,"[lesson, exercise, listening-sheet, grammar-box, reading-text, writing-prompt, speaking-prompt]",multiple-choice,travel,A2,verified,pass,726,Listening and fill-in exercises describing Martin's and Émilie's day out.,6D Ils sont arrivés
tricolore-2-5th-edition,page-097,grammar,6D Ils sont arrivés,"[lesson, exercise, grammar-box, picture-story, dialogue]",matching,travel,A2,verified,pass,565,"Airport travel picture story matching, plus past participle agreement practice.",6 En voyage
tricolore-2-5th-edition,page-098,grammar,6E Vacances en Angleterre,"[lesson, exercise, listening-sheet, speaking-prompt, writing-prompt, grammar-box, vocabulary]",fill-in,travel,A2,verified,pass,670,Fill-in exercises describing a school trip to England via ferry.,6E Vacances en Angleterre
tricolore-2-5th-edition,page-099,grammar,6E Vacances en Angleterre,"[lesson, exercise, listening-sheet, speaking-prompt, writing-prompt, dialogue, picture-story]",fill-in,travel,A2,verified,pass,643,Fill-in and listening exercises about a school day trip to London.,6 En voyage
tricolore-2-5th-edition,page-100,reading,6F C'était bien?,"[chapter-opener, exercise, reading-text, comprehension-questions, vocabulary]",reading-comprehension,vacation,A2,verified,pass,639,Reading and multiple-choice exercise about a school visit to Hastings and Battle.,6F C'était bien?
tricolore-2-5th-edition,page-101,reading,6F C'était bien?,"[exercise, writing-prompt, grammar-box, phonetics, reading-text, listening-task, comprehension-questions]",short-answer,mixed,mixed,verified,pass,485,Postcard-writing task plus reading comprehension on William the Conqueror.,6 En voyage
tricolore-2-5th-edition,page-102,speaking,6G C'est extra!,"[exercise, speaking-prompt, writing-prompt, strategy-box]",speaking-task,travel,A2,verified,pass,524,Speaking and writing prompts to describe a real or imaginary journey.,6G C'est extra!
tricolore-2-5th-edition,page-103,none,6 En voyage,"[review, wordlist, vocabulary, grammar-box]",vocabulary,none,A2,verified,pass,825,"Vocabulary summary for Unit 6: train travel, journeys, and the perfect tense with être.",Sommaire
tricolore-2-5th-edition,page-104,none,6 En voyage,"[picture-story, reading-text, exercise, comprehension-questions]",reading-comprehension,none,A2,verified,pass,823,Comic-strip detective story with comprehension questions and antonyms.,Presse-Jeunesse ③
tricolore-2-5th-edition,page-105,reading,6 En voyage,"[reading-text, table, exercise, comprehension-questions, vocabulary]",matching,travel,A2,verified,pass,652,"Reading about the Eurostar service with matching, comprehension, and a song.",Le service Eurostar
tricolore-2-5th-edition,page-106,vocabulary,7A Qu'est-ce qu'on met?,"[chapter-opener, dialogue, exercise, vocabulary, listening-sheet, explanation]",fill-in,shopping,A2,verified,pass,598,Comic-strip fill-in exercise introducing clothing vocabulary with mettre.,unité 7 Ça va?
tricolore-2-5th-edition,page-107,reading,7A Qu'est-ce qu'on met?,"[reading, exercise, listening-sheet, speaking-prompt, writing-prompt, vocabulary, explanation]",reading-comprehension,shopping,A2,verified,pass,651,"Forum posts matching favourite outfits to images, plus clothing vocabulary.","(header, top right) 7 Ça va?"
tricolore-2-5th-edition,page-108,vocabulary,7B Comment sont-ils?,"[chapter-opener, exercise, strategy-box, grammar-box, vocabulary]",vocabulary,personal-info,A2,verified,pass,653,"Correcting and completing descriptions of appearance, plus adjective agreement.",7B Comment sont-ils?
tricolore-2-5th-edition,page-109,reading,7B Comment sont-ils?,"[reading-text, exercise, listening-sheet, speaking-prompt, writing-prompt, phonetics, vocabulary]",multiple-choice,personal-info,A2,verified,pass,684,Reading a robbery report and completing physical descriptions of the suspects.,"(header, top right) 7 Ça va?"
tricolore-2-5th-edition,page-110,grammar,7C Tu le sais?,"[chapter-opener, exercise, grammar-box, strategy-box, vocabulary]",matching,shopping,A2,verified,pass,697,"Matching riddles to packed items, practising direct object pronouns le/la/les.",7C Tu le sais?
tricolore-2-5th-edition,page-111,vocabulary,7C Tu le sais?,"[exercise, listening-sheet, vocabulary, grammar-box, speaking-prompt]",speaking-task,mixed,A2,verified,pass,486,Matching suitcases to travellers and locating lost belongings using pronouns.,"(header, top right) 7 Ça va?"
tricolore-2-5th-edition,page-112,vocabulary,7D Le corps,"[chapter-opener, exercise, listening-sheet, vocabulary, reading-text, writing-prompt]",fill-in,health,A2,verified,pass,612,Body-parts vocabulary labelling plus fill-in descriptions of fantasy zoo animals.,7D Le corps
tricolore-2-5th-edition,page-113,reading,7D Le corps,"[reading-text, exercise, comprehension-questions, vocabulary, phonetics, speaking-prompt, writing-prompt]",reading-comprehension,none,mixed,verified,pass,552,"Reading texts explaining giraffes' necks and zebras' stripes, with comprehension.","(header, top right) 7 Ça va?"
tricolore-2-5th-edition,page-114,grammar,7E Ça fait mal!,"[chapter-opener, reading-text, exercise, grammar-box, speaking-prompt]",fill-in,health,A2,verified,pass,614,"Newspaper story about injured rugby players, practising avoir mal expressions.",7E Ça fait mal!
tricolore-2-5th-edition,page-115,grammar,7E Ça fait mal!,"[exercise, grammar-box, listening-sheet, speaking-prompt, writing-prompt]",listening-comprehension,health,A2,verified,pass,720,"Matching and listening exercises using avoir expressions like faim, soif, froid.","(header, top right) 7 Ça va?"
tricolore-2-5th-edition,page-116,grammar,7F Qu'est-ce qu'il y a?,"[lesson, dialogue, exercise, listening-sheet, grammar-box, vocabulary]",listening-comprehension,health,A2,verified,pass,626,"Dialogue about feeling ill, a listening ordering task, and imperative verb practice.",7F Qu'est-ce qu'il y a?
tricolore-2-5th-edition,page-117,vocabulary,7F Qu'est-ce qu'il y a?,"[exercise, dialogue, listening-sheet, speaking-prompt, vocabulary, strategy-box, reading-text, picture-story]",fill-in,health,A2,verified,pass,793,"Doctor's-office dialogue, true/false reading, and an imperative health-advice poster.","(header, top right) 7 Ça va?"
tricolore-2-5th-edition,page-118,reading,7G C'est extra!,"[lesson, reading-text, exercise, vocabulary, song, speaking-prompt]",reading-comprehension,none,A2,verified,pass,512,Traditional song Alouette with body-part vocabulary and its history.,7G C'est extra!
tricolore-2-5th-edition,page-119,none,7 Ça va?,"[review, wordlist, vocabulary]",vocabulary,none,A2,verified,pass,788,"Vocabulary summary for Unit 7: clothes, appearance, illness, and imperative commands.",Sommaire
tricolore-2-5th-edition,page-120,none,Rappel 4 Unités 6–7,"[review, exercise]",fill-in,mixed,A2,verified,pass,505,"Mixed review of Units 6-7 vocabulary, opposites, and past-tense fill-ins.",Rappel 4 — Unités 6–7
tricolore-2-5th-edition,page-121,none,Rappel 4 Unités 6–7,"[review, exercise]",matching,mixed,A2,verified,pass,572,"Weekend-activity clothing matches, an odd-word-out game, packing pronouns, and imperative excuses.",A2 (inferred)
tricolore-2-5th-edition,page-122,reading,8A À ne pas manquer,"[chapter-opener, reading-text, exercise, comprehension-questions]",reading-comprehension,travel,A2,verified,pass,566,A guided-tour reading about Nimes's Roman sights paired with comprehension questions.,unité 8 On va s'amuser
tricolore-2-5th-edition,page-123,grammar,8A À ne pas manquer,"[exercise, grammar-table, reading-text, listening-sheet, speaking-prompt]",true-false,city-places,A2,verified,pass,682,"Voir verb practice plus true/false reading about Nimes events, adverts, and phrase matching.","(header, top right) 8 On va s'amuser"
tricolore-2-5th-edition,page-124,reading,8B Tu aimes sortir?,"[chapter-opener, picture-story, dialogue, exercise, grammar-table, listening-sheet]",reading-comprehension,hobby,A2,verified,pass,610,"Comic-strip story of Isabelle's busy week going out, with a summary fill-in and the sortir verb table.",8B Tu aimes sortir?
tricolore-2-5th-edition,page-125,grammar,8B Tu aimes sortir?,"[exercise, listening-sheet, speaking-prompt, writing-prompt, reading-text, grammar-box]",listening-comprehension,hobby,A2,verified,pass,531,"Listening quiz on teens' outing habits, discussion questions, and Isabelle's perfect-tense message.","(header, top right) 8 On va s'amuser"
tricolore-2-5th-edition,page-126,listening,8C Rendez-vous,"[chapter-opener, dialogue, listening-sheet, exercise, speaking-prompt, song, phonetics, vocabulary]",listening-comprehension,communication,A2,verified,pass,561,"Exchanging phone numbers and emails, plus accepting or declining invitations and a song.",8C Rendez-vous
tricolore-2-5th-edition,page-127,reading,8C Rendez-vous,"[exercise, reading-text, grammar-box, writing-prompt, dialogue, speaking-prompt, vocabulary]",reading-comprehension,hobby,A2,verified,pass,855,"Sophie and Bruno's messages about their dates, verb fill-ins, and a rendez-vous role-play dialogue.","(header, top right, blue banner) 8 On va s'amuser"
tricolore-2-5th-edition,page-128,vocabulary,8D On parle du sport,"[chapter-opener, dialogue, listening-sheet, exercise, comprehension-questions, vocabulary, phonetics, table, speaking-prompt, writing-prompt]",reading-comprehension,hobby,A2,verified,pass,626,"A football-match report with vocabulary, comprehension questions, and famous-footballer profiles.",8D On parle du sport
tricolore-2-5th-edition,page-129,grammar,8D On parle du sport,"[reading-text, exercise, comprehension-questions, grammar-box, vocabulary, writing-prompt]",reading-comprehension,school,A2,verified,pass,733,"Forum opinions on school sport matched to posters, plus comparative-adjective practice.","(header, top right, blue banner) 8 On va s'amuser"
tricolore-2-5th-edition,page-130,grammar,"8E Hier, aujourd'hui, demain","[chapter-opener, reading-text, exercise, comprehension-questions, listening-sheet, grammar-box, strategy-box, explanation, writing-prompt]",reading-comprehension,vacation,A2,verified,pass,669,"Identifying past, present and future tense in Sophie's message and matching question-answer pairs.","8E Hier, aujourd'hui, demain"
tricolore-2-5th-edition,page-131,speaking,"8E Hier, aujourd'hui, demain","[exercise, speaking-prompt, grammar-box, phonetics, reading-text, writing-prompt]",speaking-task,vacation,A2,verified,pass,607,"Dice-based speaking game about a past outing, liaison phonetics, and a postcard fill-in.","(header, top right, blue banner) 8 On va s'amuser"
tricolore-2-5th-edition,page-132,reading,8F C'est extra!,"[chapter-opener, reading-text, exercise, vocabulary, strategy-box]",reading-comprehension,hobby,A2,verified,pass,757,"A forum about reading habits and famous translated book titles, with vocabulary translation.",8F C'est extra!
tricolore-2-5th-edition,page-133,none,8 On va s'amuser,"[review, wordlist, vocabulary]",vocabulary,none,A2,verified,pass,775,"End-of-unit vocabulary summary for events, sport, contacts, comparisons, and reading.",Sommaire
tricolore-2-5th-edition,page-134,none,Unité 1 Au choix,"[chapter-opener, exercise]",fill-in,shopping,A2,verified,pass,465,Matching foods to shops and completing shopping lists with partitive articles du/de la/des.,unité 1 — Au choix
tricolore-2-5th-edition,page-135,none,Unité 1 Au choix,"[exercise, speaking-prompt]",matching,shopping,A2,verified,pass,665,"Writing shopping lists, a comic strip about an empty fridge, and a market role-play.",A2 (inferred)
tricolore-2-5th-edition,page-136,none,Unité 2 Au choix,"[chapter-opener, exercise]",matching,vacation,A2,verified,pass,615,"Matching people to holiday destinations and countries, transport verbs, and pouvoir practice.",unité 2 — Au choix
tricolore-2-5th-edition,page-137,none,Unité 2 Au choix,"[exercise, speaking-prompt]",writing-task,weather,A2,verified,pass,569,"Weather-based activity suggestions, invented excuses, infinitive identification, and a Loire-towns role-play.",A2 (inferred)
tricolore-2-5th-edition,page-138,none,Unité 3 Au choix,"[chapter-opener, exercise]",fill-in,school,A2,verified,pass,459,"School-facts matching, apprendre/comprendre practice, and Claude's rushed morning-routine story.",unité 3 — Au choix
tricolore-2-5th-edition,page-139,none,Unité 3 Au choix,"[exercise, speaking-prompt, dialogue]",fill-in,mixed,A2,verified,pass,544,"Negating daily-routine sentences, vouloir practice, and conversations using lire, ecrire and dire.",A2 (inferred)
tricolore-2-5th-edition,page-140,none,Unité 4 Au choix,"[chapter-opener, exercise]",fill-in,home,A2,verified,pass,346,"Describing people, household-chore likes/dislikes, and a day's chores in the perfect tense.",unité 4 — Au choix
tricolore-2-5th-edition,page-141,none,4 Au choix,"[exercise, writing-task]",fill-in,mixed,A2,verified,pass,504,"Finir/choisir participles, an email-writing task, a school-day recount, and a gapped postcard message.",A2 (inferred)
tricolore-2-5th-edition,page-142,none,5 Au choix,"[chapter-opener, exercise, dialogue]",matching,food,A2,verified,pass,672,"Matching drink habits, a dice speaking game, restaurant orders, and M. Corot's story reordered.",unité 5 Au choix
tricolore-2-5th-edition,page-143,none,5 Au choix,"[exercise, speaking-prompt, listening, logic-puzzle]",fill-in,restaurant,A2,verified,pass,578,"Guessing-game speaking practice, a vowel-gap menu, a restaurant listening task, and a canteen logic puzzle.",A2 (inferred)
tricolore-2-5th-edition,page-144,none,6 Au choix,"[chapter-opener, exercise]",ordering,travel,A2,verified,pass,544,"Partir verb practice, travel-knowledge multiple choice, il faut rules, and Luc's store outing ordered.",unité 6 Au choix
tricolore-2-5th-edition,page-145,none,6 Au choix,"[exercise, matching, listening, writing-task]",fill-in,travel,A2,verified,pass,568,"Perfect-tense bus-journey fill-ins, matching an outing story, and a listening about a night out.",A2 (inferred)
tricolore-2-5th-edition,page-146,none,Unité 7 Au choix,[exercise],vocabulary,mixed,A2,verified,pass,302,"Clothing verb fill-ins, identifying a thief from a description, and matching body-part vocabulary.",unité 7 — Au choix
tricolore-2-5th-edition,page-147,none,Unité 7 Au choix,"[exercise, reading]",matching,health,A2,verified,pass,444,"Matching aches and pains to people, a giraffe facts reading, and a doctor's-visit dialogue fill-in.",A2 (inferred)
tricolore-2-5th-edition,page-148,none,Unité 8 Au choix,"[exercise, reading]",fill-in,mixed,A2,verified,pass,580,"A dog-vision reading, sortir matching, and Isabelle negotiating with her mother about going out.",unité 8 — Au choix
tricolore-2-5th-edition,page-149,none,Unité 8 Au choix,"[exercise, reading]",fill-in,mixed,A2,verified,pass,590,"Comparing three students, hippo-versus-crocodile facts, and recounting a sporty day and a past week.",A2 (inferred)
tricolore-2-5th-edition,page-150,none,Au choix extra: Perfect tense practice,"[exercise, grammar]",fill-in,mixed,A2,verified,pass,574,"Cafe order matching, M. Corot's story in the perfect tense, negation practice, and present-versus-past identification.",Au choix extra: Perfect tense practice
tricolore-2-5th-edition,page-151,none,Au choix extra: Perfect tense practice,"[exercise, grammar]",fill-in,vacation,A2,verified,pass,624,Practice passé composé with être/avoir via matching and fill-ins about trips.,The perfect tense with être and both auxiliary verbs
tricolore-2-5th-edition,page-152,none,Tu comprends?,"[chapter-opener, exercise, listening-sheet, picture-story, matching]",listening-comprehension,mixed,A2,verified,pass,640,"Listening tasks: shop errands, friends' return dates, a vacation day, yesterday morning.","(top banner: dark blue bar spanning the full page width; bold red title text, white-outlin"
tricolore-2-5th-edition,page-153,none,Tu comprends?,"[exercise, listening-sheet, picture-story, matching]",listening-comprehension,mixed,A2,verified,pass,581,"Listening tasks: restaurant orders, a Normandy camping trip, friends, and invitations.",A2 (inferred)
tricolore-2-5th-edition,page-154,none,Vocabulaire par thèmes,"[vocabulary, reference]",vocabulary,none,A2,verified,pass,1038,"Topic vocabulary index by unit, plus school materials and ICT vocabulary lists.",Vocabulaire par thèmes
tricolore-2-5th-edition,page-155,none,Vocabulaire par thèmes,"[vocabulary, reference]",vocabulary,none,A2,verified,pass,1534,"Vocabulary reference: home, family, pets, weather, town places, and sports.","(top banner: plain dark blue bar, no title text on this continuation page; three-column vo"
tricolore-2-5th-edition,page-156,none,Vocabulaire par thèmes,"[vocabulary, reference]",vocabulary,none,A2,verified,pass,1409,"Vocabulary reference: vegetables, fruit, drinks, colours, festivals, time, and numbers.",Vocabulaire par thèmes
tricolore-2-5th-edition,page-157,none,Grammaire: 1 Nouns and articles,"[grammar, reference, grammar-box]",instructions,none,A2,verified,pass,975,"Grammar reference: nouns, gender clues, singular/plural, and definite/indefinite articles.","(top-right corner banner: red-white-blue gradient stripe with ""Grammaire"" in bold white te"
tricolore-2-5th-edition,page-158,none,Grammaire,"[grammar, reference, grammar-box]",instructions,none,A2,verified,pass,1076,"Grammar reference: demonstrative ce/cette, adjective agreement and order, subject pronouns.","(banner, top-left this time (page 157's banner was top-right): ""Grammaire"" in bold white t"
tricolore-2-5th-edition,page-159,none,Grammaire,"[grammar, reference, grammar-box]",instructions,none,A2,verified,pass,1083,"Grammar reference: emphatic and object pronouns, relative qui, and possession.","(banner, top-right (matching page 157, not page 158): ""Grammaire"" in bold white text on a"
tricolore-2-5th-edition,page-160,none,Grammaire,"[grammar, reference, grammar-box]",instructions,none,A2,verified,pass,1007,"Grammar reference: prepositions, country/town rules, and negative expressions.","(banner, top-left (matching page 158, not page 159): ""Grammaire"" in bold white text on a r"
tricolore-2-5th-edition,page-161,none,Grammaire,"[grammar-box, explanation]",instructions,none,A2,verified,pass,912,"Grammar reference: question forms, conjunctions, adverbs, and intro to verb tenses.","(banner, top-right: ""Grammaire"" on tricolour flag background)"
tricolore-2-5th-edition,page-162,none,Grammaire,"[grammar-box, explanation, illustration]",instructions,none,A2,verified,pass,987,"Grammar reference: present tense, reflexive verbs, imperative, and perfect tense basics.","(banner, top-left: ""Grammaire"" on tricolour flag background)"
tricolore-2-5th-edition,page-163,none,Grammaire,"[grammar-box, explanation, conjugation-table]",instructions,none,A2,verified,pass,955,"Grammar reference: verb+infinitive, aller+infinitive, avoir/faire idioms, regular verbs.","(banner, top-right: ""Grammaire"" on tricolour flag background)"
tricolore-2-5th-edition,page-164,none,Grammaire,"[grammar-box, conjugation-table]",instructions,none,A2,verified,pass,1319,"Grammar reference: irregular verb conjugation tables, present and perfect tenses.","(banner, top-left: ""Grammaire"" on tricolour flag background)"
tricolore-2-5th-edition,page-165,none,Preparing for tests,"[chapter-opener, strategy-box, instructions]",instructions,none,A2,verified,pass,1074,"Exam strategy guide: listening, reading, speaking, writing, and checking your work.",Preparing for tests
tricolore-2-5th-edition,page-166,none,Glossaire,"[vocabulary, wordlist]",vocabulary,none,mixed,verified,pass,2101,"French-English glossary, section A-C: à plus tard to caisse.",Glossaire
tricolore-2-5th-edition,page-167,none,Glossaire,"[vocabulary, wordlist]",vocabulary,none,mixed,transcribed,fail,35,"French-English glossary continuation, letters C-F; page not legible, transcription gap.",Glossaire
tricolore-2-5th-edition,page-168,none,Glossaire,"[vocabulary, wordlist]",vocabulary,none,mixed,transcribed,fail,1137,"French-English glossary, section D-F: dessus (continued) to extraordinaire.",Glossaire
tricolore-2-5th-edition,page-169,none,Glossaire,"[vocabulary, wordlist]",vocabulary,none,mixed,verified,pass,2061,"French-English glossary, section G-M: grand-mère to menthe (cut off).","(banner, top-right: ""Glossaire"" on tricolour flag background)"
tricolore-2-5th-edition,page-170,none,Glossaire,"[vocabulary, wordlist]",vocabulary,none,mixed,transcribed,fail,52,"French-English glossary continuation, letters M-P; page not legible, transcription gap.",Glossaire
tricolore-2-5th-edition,page-171,none,Glossaire,"[vocabulary, wordlist]",vocabulary,none,mixed,transcribed,fail,36,"French-English glossary continuation, letters P-S; page not legible, transcription gap.",Glossaire
tricolore-2-5th-edition,page-172,none,Glossaire: Français-anglais,"[glossary, wordlist]",vocabulary,none,A2,verified,pass,1984,"French-English glossary, section S-Z: souvenir to zut; glossary ends.","(banner, top-left: ""Glossaire"" in white italic script on a tricolour (blue-white-red) ribb"
tricolore-2-5th-edition,page-173,none,Glossaire,"[vocabulary, wordlist]",vocabulary,none,mixed,transcribed,fail,333,"English-French glossary begins, section A only: a to awful.","(banner, top-right: ""Glossaire"" on tricolour flag background; large title ""Anglais–françai"
tricolore-2-5th-edition,page-174,none,Glossaire,"[vocabulary, wordlist]",vocabulary,none,mixed,verified,pass,1799,"English-French glossary, section C-H: compartment (continued) to holidays.","(banner, top-left: ""Glossaire"" in white on tricolour flag background)"
tricolore-2-5th-edition,page-175,none,Glossaire,"[vocabulary, wordlist]",vocabulary,none,mixed,transcribed,fail,37,"English-French glossary continuation, letters I-O; page not legible, transcription gap.",Anglais – français
tricolore-2-5th-edition,page-176,none,Glossaire,"[vocabulary, wordlist]",vocabulary,none,mixed,transcribed,fail,42,"English-French glossary continuation, letters P-R; page not legible, transcription gap.",Anglais – français
tricolore-2-5th-edition,page-177,none,Glossaire,"[vocabulary, wordlist]",vocabulary,none,mixed,transcribed,fail,270,"English-French glossary, final page, letters S-Z; word list only, translations not legible.",Anglais – français
tricolore-2-5th-edition,page-178,none,,[reading-text],none,none,mixed,verified,pass,405,Acknowledgements page; mostly illegible due to a source-image raster defect.,Acknowledgements
tricolore-2-5th-edition,page-179,none,,[],none,none,mixed,verified,pass,37,"Defective source image: top third white, bottom two-thirds solid black, no content.",
tricolore-2-5th-edition,page-180,none,,[cover],cover,none,mixed,verified,pass,279,"Back cover describing Tricolore 2 5e édition components, ISBNs, and publisher contacts.",Tricolore
