collection,word,translation,article,gender,plural,word_class,example,topic,source_page
cosmopolite-a1-methode,Allemagne,,l',,,noun,numéro un — l'Allemagne,travel,015
cosmopolite-a1-methode,Australie,,,,,noun,,travel,015
cosmopolite-a1-methode,Brésil,,,,,noun,,travel,015
cosmopolite-a1-methode,Canada,,,,,noun,,travel,015
cosmopolite-a1-methode,Chine,,la,,,noun,numéro cinq — la Chine,travel,015
cosmopolite-a1-methode,Corée du Sud,,,,,noun,,travel,015
cosmopolite-a1-methode,Croatie,,,,,noun,,travel,015
cosmopolite-a1-methode,Cuba,,,,,noun,,travel,015
cosmopolite-a1-methode,Espagne,,,,,noun,,travel,015
cosmopolite-a1-methode,France,,,,,noun,,travel,015
cosmopolite-a1-methode,Grande-Bretagne,,la,,,noun,numéro trois — la Grande-Bretagne,travel,015
cosmopolite-a1-methode,Hongrie,,,,,noun,,travel,015
cosmopolite-a1-methode,Italie,,,,,noun,,travel,015
cosmopolite-a1-methode,Jamaïque,,,,,noun,,travel,015
cosmopolite-a1-methode,Japon,,,,,noun,,travel,015
cosmopolite-a1-methode,Kenya,,,,,noun,,travel,015
cosmopolite-a1-methode,Nouvelle-Zélande,,,,,noun,,travel,015
cosmopolite-a1-methode,Pays-Bas,,,,,noun,,travel,015
cosmopolite-a1-methode,Russie,,la,,,noun,numéro deux — la Russie,travel,015
cosmopolite-a1-methode,États-Unis,,les,,,noun,numéro quatre — les États-Unis,travel,015
cosmopolite-a1-methode,Brésil,,le,,,noun,le Brésil,travel,016
cosmopolite-a1-methode,Cambodge,,le,,,noun,le Cambodge,travel,016
cosmopolite-a1-methode,Chine,,la,,,noun,la Chine,travel,016
cosmopolite-a1-methode,Chypre,,,,,noun,,travel,016
cosmopolite-a1-methode,cinq,,,,,other,,none,016
cosmopolite-a1-methode,cinquante,,,,,other,,none,016
cosmopolite-a1-methode,cinquante et un,,,,,other,,none,016
cosmopolite-a1-methode,cinquante-cinq,,,,,other,,none,016
cosmopolite-a1-methode,cinquante-deux,,,,,other,,none,016
cosmopolite-a1-methode,cinquante-neuf,,,,,other,,none,016
cosmopolite-a1-methode,cinquante-quatre,,,,,other,,none,016
cosmopolite-a1-methode,cinquante-sept,,,,,other,,none,016
cosmopolite-a1-methode,Cuba,,,,,noun,,travel,016
cosmopolite-a1-methode,deux,,,,,other,,none,016
cosmopolite-a1-methode,dix,,,,,other,,none,016
cosmopolite-a1-methode,dix-huit,,,,,other,,none,016
cosmopolite-a1-methode,dix-neuf,,,,,other,,none,016
cosmopolite-a1-methode,dix-sept,,,,,other,,none,016
cosmopolite-a1-methode,douze,,,,,other,,none,016
cosmopolite-a1-methode,Espagne,,l',,,noun,l'Espagne,travel,016
cosmopolite-a1-methode,France,,la,,,noun,la France,travel,016
cosmopolite-a1-methode,Haïti,,,,,noun,,travel,016
cosmopolite-a1-methode,huit,,,,,other,,none,016
cosmopolite-a1-methode,Iran,,l',,,noun,l'Iran,travel,016
cosmopolite-a1-methode,Liban,,le,,,noun,le Liban,travel,016
cosmopolite-a1-methode,Madagascar,,,,,noun,,travel,016
cosmopolite-a1-methode,Malte,,,,,noun,,travel,016
cosmopolite-a1-methode,Mexique,,le,,,noun,le Mexique,travel,016
cosmopolite-a1-methode,neuf,,,,,other,,none,016
cosmopolite-a1-methode,onze,,,,,other,,none,016
cosmopolite-a1-methode,Pays-Bas,,les,,,noun,les Pays-Bas,travel,016
cosmopolite-a1-methode,quarante,,,,,other,,none,016
cosmopolite-a1-methode,quarante-cinq,,,,,other,,none,016
cosmopolite-a1-methode,quarante-deux,,,,,other,,none,016
cosmopolite-a1-methode,quarante-huit,,,,,other,,none,016
cosmopolite-a1-methode,quarante-sept,,,,,other,,none,016
cosmopolite-a1-methode,quarante-six,,,,,other,,none,016
cosmopolite-a1-methode,quarante-trois,,,,,other,,none,016
cosmopolite-a1-methode,quatorze,,,,,other,,none,016
cosmopolite-a1-methode,quatre,,,,,other,,none,016
cosmopolite-a1-methode,quinze,,,,,other,,none,016
cosmopolite-a1-methode,seize,,,,,other,,none,016
cosmopolite-a1-methode,sept,,,,,other,,none,016
cosmopolite-a1-methode,Singapour,,,,,noun,,travel,016
cosmopolite-a1-methode,six,,,,,other,,none,016
cosmopolite-a1-methode,soixante,,,,,other,,none,016
cosmopolite-a1-methode,soixante-cinq,,,,,other,,none,016
cosmopolite-a1-methode,soixante-deux,,,,,other,,none,016
cosmopolite-a1-methode,soixante-huit,,,,,other,,none,016
cosmopolite-a1-methode,soixante-neuf,,,,,other,,none,016
cosmopolite-a1-methode,soixante-quatre,,,,,other,,none,016
cosmopolite-a1-methode,soixante-sept,,,,,other,,none,016
cosmopolite-a1-methode,soixante-trois,,,,,other,,none,016
cosmopolite-a1-methode,treize,,,,,other,,none,016
cosmopolite-a1-methode,trente,,,,,other,,none,016
cosmopolite-a1-methode,trente et un,,,,,other,,none,016
cosmopolite-a1-methode,trente-cinq,,,,,other,,none,016
cosmopolite-a1-methode,trente-huit,,,,,other,,none,016
cosmopolite-a1-methode,trente-neuf,,,,,other,,none,016
cosmopolite-a1-methode,trente-quatre,,,,,other,,none,016
cosmopolite-a1-methode,trente-six,,,,,other,,none,016
cosmopolite-a1-methode,trente-trois,,,,,other,,none,016
cosmopolite-a1-methode,trois,,,,,other,,none,016
cosmopolite-a1-methode,un,,,,,other,,none,016
cosmopolite-a1-methode,vingt,,,,,other,,none,016
cosmopolite-a1-methode,vingt-cinq,,,,,other,,none,016
cosmopolite-a1-methode,vingt-deux,,,,,other,,none,016
cosmopolite-a1-methode,vingt-huit,,,,,other,,none,016
cosmopolite-a1-methode,vingt-neuf,,,,,other,,none,016
cosmopolite-a1-methode,vingt-quatre,,,,,other,,none,016
cosmopolite-a1-methode,vingt-sept,,,,,other,,none,016
cosmopolite-a1-methode,vingt-six,,,,,other,,none,016
cosmopolite-a1-methode,vingt-trois,,,,,other,,none,016
cosmopolite-a1-methode,zéro,,,,,other,,none,016
cosmopolite-a1-methode,États-Unis,,les,,,noun,les États-Unis,travel,016
cosmopolite-a1-methode,Comment on dit today en français ?,,,,,phrase,Comment on dit today en français ?,school,018
cosmopolite-a1-methode,Comment ça s'écrit ?,,,,,phrase,Comment ça s'écrit ?,school,018
cosmopolite-a1-methode,Fermez le livre.,,,,,phrase,Fermez le livre.,school,018
cosmopolite-a1-methode,février,,,,,noun,,time-dates,018
cosmopolite-a1-methode,janvier,,,,,noun,,time-dates,018
cosmopolite-a1-methode,Je ne comprends pas.,,,,,phrase,Je ne comprends pas.,school,018
cosmopolite-a1-methode,Je ne sais pas.,,,,,phrase,Je ne sais pas.,school,018
cosmopolite-a1-methode,lundi,,,,,noun,lundi,time-dates,018
cosmopolite-a1-methode,mars,,,,,noun,,time-dates,018
cosmopolite-a1-methode,Observez le document.,,,,,phrase,Observez le document.,school,018
cosmopolite-a1-methode,Ouvrez le livre.,,,,,phrase,Ouvrez le livre.,school,018
cosmopolite-a1-methode,"Répétez, s'il vous plaît.",,,,,phrase,"Répétez, s'il vous plaît.",school,018
cosmopolite-a1-methode,Travaillez par deux.,,,,,phrase,Travaillez par deux.,school,018
cosmopolite-a1-methode,Écoutez le dialogue.,,,,,phrase,Écoutez le dialogue.,school,018
cosmopolite-a1-methode,été,,l',,,noun,l'été,time-dates,018
cosmopolite-a1-methode,algérien,,,,,adjective,,personal-info,026
cosmopolite-a1-methode,algérienne,,,,,adjective,,personal-info,026
cosmopolite-a1-methode,américain,,,,,adjective,,personal-info,026
cosmopolite-a1-methode,américaine,,,,,adjective,,personal-info,026
cosmopolite-a1-methode,anglais,,,,,adjective,,personal-info,026
cosmopolite-a1-methode,anglaise,,,,,adjective,,personal-info,026
cosmopolite-a1-methode,brésilien,,,,,adjective,Il est brésilien.,personal-info,026
cosmopolite-a1-methode,camerounais,,,,,adjective,,personal-info,026
cosmopolite-a1-methode,camerounaise,,,,,adjective,,personal-info,026
cosmopolite-a1-methode,chinois,,,,,adjective,Il est chinois.,personal-info,026
cosmopolite-a1-methode,espagnol,,,,,adjective,,personal-info,026
cosmopolite-a1-methode,espagnole,,,,,adjective,,personal-info,026
cosmopolite-a1-methode,français,,,,,adjective,Il est français.,personal-info,026
cosmopolite-a1-methode,grec,,,,,adjective,Il est grec.,personal-info,026
cosmopolite-a1-methode,grecque,,,,,adjective,Elle est grecque.,personal-info,026
cosmopolite-a1-methode,indien,,,,,adjective,,personal-info,026
cosmopolite-a1-methode,indienne,,,,,adjective,,personal-info,026
cosmopolite-a1-methode,mexicain,,,,,adjective,,personal-info,026
cosmopolite-a1-methode,mexicaine,,,,,adjective,,personal-info,026
cosmopolite-a1-methode,russe,,,,,adjective,Il est russe.,personal-info,026
cosmopolite-a1-methode,réalisateur,,,,,noun,Xavier Dolan est réalisateur.,profession,026
cosmopolite-a1-methode,suisse,,,,,adjective,,personal-info,026
cosmopolite-a1-methode,suédois,,,,,adjective,,personal-info,026
cosmopolite-a1-methode,suédoise,,,,,adjective,,personal-info,026
cosmopolite-a1-methode,turc,,,,,adjective,Il est turc.,personal-info,026
cosmopolite-a1-methode,turque,,,,,adjective,Elle est turque.,personal-info,026
cosmopolite-a1-methode,Amour,,,,,noun,,mixed,034
cosmopolite-a1-methode,Cinq,,,,,other,,mixed,034
cosmopolite-a1-methode,Continents,,,,,noun,,mixed,034
cosmopolite-a1-methode,Dialecte,,,,,noun,,mixed,034
cosmopolite-a1-methode,Français,,,,,noun,,mixed,034
cosmopolite-a1-methode,Langue,,,,,noun,,mixed,034
cosmopolite-a1-methode,Monde,,,,,noun,,mixed,034
cosmopolite-a1-methode,Nombre,,,,,noun,,mixed,034
cosmopolite-a1-methode,Numéro,,,,,noun,,mixed,034
cosmopolite-a1-methode,Officielle,,,,,adjective,,mixed,034
cosmopolite-a1-methode,Ouverture,,,,,noun,,mixed,034
cosmopolite-a1-methode,Pays,,,,,noun,,mixed,034
cosmopolite-a1-methode,Planète,,,,,noun,,mixed,034
cosmopolite-a1-methode,Sept,,,,,other,,mixed,034
cosmopolite-a1-methode,Travail,,,,,noun,,mixed,034
cosmopolite-a1-methode,Universelle,,,,,adjective,,mixed,034
cosmopolite-a1-methode,Ville,,,,,noun,,mixed,034
cosmopolite-a1-methode,cousin,,le,,,noun,,family,058
cosmopolite-a1-methode,cousine,,la,,,noun,,family,058
cosmopolite-a1-methode,célibataire,,,,,adjective,Je suis célibataire.,family,058
cosmopolite-a1-methode,enfants,,,,,noun,mes enfants,family,058
cosmopolite-a1-methode,famille d'accueil,,,,,noun,leur famille d'accueil,family,058
cosmopolite-a1-methode,frère,,le,,,noun,,family,058
cosmopolite-a1-methode,grand-mère,,la,,,noun,,family,058
cosmopolite-a1-methode,grand-père,,le,,,noun,,family,058
cosmopolite-a1-methode,mère,,la,,,noun,,family,058
cosmopolite-a1-methode,mère d'accueil,,,,,noun,votre mère d'accueil,family,058
cosmopolite-a1-methode,oncle,,l',,,noun,,family,058
cosmopolite-a1-methode,père,,le,,,noun,,family,058
cosmopolite-a1-methode,sœur,,la,,,noun,,family,058
cosmopolite-a1-methode,tante,,la,,,noun,,family,058
cosmopolite-a1-methode,acteur,,,,,noun,,profession,064
cosmopolite-a1-methode,actrice,,,,,noun,,profession,064
cosmopolite-a1-methode,aimer,,,,,verb,,none,064
cosmopolite-a1-methode,boulanger,,,,,noun,,profession,064
cosmopolite-a1-methode,chanteur,,,,,noun,,profession,064
cosmopolite-a1-methode,chanteuse,,,,,noun,,profession,064
cosmopolite-a1-methode,coiffeuse,,,,,noun,,profession,064
cosmopolite-a1-methode,comédien,,,,,noun,,profession,064
cosmopolite-a1-methode,comédienne,,,,,noun,,profession,064
cosmopolite-a1-methode,dessinateur,,,,,noun,,profession,064
cosmopolite-a1-methode,diplomate,,,,,noun,,profession,064
cosmopolite-a1-methode,infirmier,,,,,noun,,profession,064
cosmopolite-a1-methode,infirmière,,,,,noun,,profession,064
cosmopolite-a1-methode,informer,,,,,verb,,none,064
cosmopolite-a1-methode,journaliste,,,,,noun,,profession,064
cosmopolite-a1-methode,musicienne,,,,,noun,,profession,064
cosmopolite-a1-methode,président,,,,,noun,,profession,064
cosmopolite-a1-methode,rêver,,,,,verb,,none,064
cosmopolite-a1-methode,sauver,,,,,verb,,none,064
cosmopolite-a1-methode,travailler,,,,,verb,,none,064
cosmopolite-a1-methode,étudiant,,,,,noun,,profession,064
cosmopolite-a1-methode,étudiante,,,,,noun,,profession,064
cosmopolite-a1-methode,anglais,,,,,noun,,communication,067
cosmopolite-a1-methode,Cardiologue,,,,,noun,,health,067
cosmopolite-a1-methode,Chirurgien,,,,,noun,,health,067
cosmopolite-a1-methode,Dentiste,,,,,noun,,health,067
cosmopolite-a1-methode,espagnol,,,,,noun,,communication,067
cosmopolite-a1-methode,Français,,,,,noun,,communication,067
cosmopolite-a1-methode,Médecin généraliste,,,,,noun,,health,067
cosmopolite-a1-methode,roumain,,,,,noun,,communication,067
cosmopolite-a1-methode,au coude,,,,,phrase,au coude,health,068
cosmopolite-a1-methode,au nez,,,,,phrase,au nez,health,068
cosmopolite-a1-methode,au pied,,,,,phrase,au pied,health,068
cosmopolite-a1-methode,au ventre,,,,,phrase,au ventre,health,068
cosmopolite-a1-methode,aux oreilles,,,,,phrase,aux oreilles,health,068
cosmopolite-a1-methode,aux yeux,,,,,phrase,aux yeux,health,068
cosmopolite-a1-methode,bouche,,la,,,noun,,health,068
cosmopolite-a1-methode,bras,,le,,,noun,,health,068
cosmopolite-a1-methode,dos,,le,,,noun,,health,068
cosmopolite-a1-methode,genou,,le,,,noun,,health,068
cosmopolite-a1-methode,gorge,,la,,,noun,,health,068
cosmopolite-a1-methode,main,,la,,,noun,,health,068
cosmopolite-a1-methode,à l'oreille droite,,,,,phrase,à l'oreille droite,health,068
cosmopolite-a1-methode,à l'œil gauche,,,,,phrase,à l'œil gauche,health,068
cosmopolite-a1-methode,à la poitrine,,,,,phrase,à la poitrine,health,068
cosmopolite-a1-methode,à la tête,,,,,phrase,à la tête,health,068
cosmopolite-a1-methode,après,,,,,adverb,,time-dates,075
cosmopolite-a1-methode,d'abord,,,,,adverb,,time-dates,075
cosmopolite-a1-methode,ensuite,,,,,adverb,,time-dates,075
cosmopolite-a1-methode,puis,,,,,adverb,,time-dates,075
cosmopolite-a1-methode,authentique,,,,,adjective,,travel,118
cosmopolite-a1-methode,balcon,,le,,,noun,,home,118
cosmopolite-a1-methode,bon,,,,,adjective,,travel,118
cosmopolite-a1-methode,Choisir,,,,,verb,,none,118
cosmopolite-a1-methode,confortable,,,,,adjective,,travel,118
cosmopolite-a1-methode,couloir,,le,,,noun,,home,118
cosmopolite-a1-methode,cuisine,,la,,,noun,,home,118
cosmopolite-a1-methode,Dormir,,,,,verb,,daily-routine,118
cosmopolite-a1-methode,jardin,,le,,,noun,,home,118
cosmopolite-a1-methode,nouvel,,,,,adjective,un nouvel ami,travel,118
cosmopolite-a1-methode,Offrir,,,,,verb,,none,118
cosmopolite-a1-methode,partir,,,,,verb,,travel,118
cosmopolite-a1-methode,salle à manger,,la,,,noun,,home,118
cosmopolite-a1-methode,salon,,le,,,noun,,home,118
cosmopolite-a1-methode,toilettes,,les,,,noun,,home,118
cosmopolite-a1-methode,agneau,,l',,,noun,,food,130
cosmopolite-a1-methode,brocolis,,les,,,noun,,food,130
cosmopolite-a1-methode,bœuf,,le,,,noun,,food,130
cosmopolite-a1-methode,canard,,le,,,noun,,food,130
cosmopolite-a1-methode,carottes,,les,,,noun,,food,130
cosmopolite-a1-methode,cerises,,les,,,noun,,food,130
cosmopolite-a1-methode,chocolat,,le,,,noun,,food,130
cosmopolite-a1-methode,citron,,le,,,noun,,food,130
cosmopolite-a1-methode,filet de colin,,le,,,noun,,food,130
cosmopolite-a1-methode,fraises,,les,,,noun,,food,130
cosmopolite-a1-methode,framboises,,les,,,noun,,food,130
cosmopolite-a1-methode,fromage,,le,,,noun,,food,130
cosmopolite-a1-methode,fruits rouges,,les,,,noun,,food,130
cosmopolite-a1-methode,haricots verts,,les,,,noun,,food,130
cosmopolite-a1-methode,jus de fruits,,les,,,noun,,food,130
cosmopolite-a1-methode,oignon,,l',,,noun,,food,130
cosmopolite-a1-methode,pain,,le,,,noun,,food,130
cosmopolite-a1-methode,petits pois,,les,,,noun,,food,130
cosmopolite-a1-methode,pomme,,la,,,noun,,food,130
cosmopolite-a1-methode,pommes de terre,,les,,,noun,,food,130
cosmopolite-a1-methode,poulet,,le,,,noun,,food,130
cosmopolite-a1-methode,purée de pommes de terre,,de la,,,noun,de la purée de pommes de terre,food,130
cosmopolite-a1-methode,rillettes,,des,,,noun,des rillettes,food,130
cosmopolite-a1-methode,salade,,la,,,noun,,food,130
cosmopolite-a1-methode,saumon,,le,,,noun,,food,130
cosmopolite-a1-methode,soupe à l'oignon,,la,,,noun,j'adore la soupe à l'oignon,food,130
cosmopolite-a1-methode,épinards,,les,,,noun,,food,130
cosmopolite-a1-methode,bijoux,,des,,,noun,,shopping,137
cosmopolite-a1-methode,bottes,,des,,,noun,,shopping,137
cosmopolite-a1-methode,chapeaux,,des,,,noun,,shopping,137
cosmopolite-a1-methode,chaussures de sport,,des,,,noun,,shopping,137
cosmopolite-a1-methode,chaussures à talons,,des,,,noun,,shopping,137
cosmopolite-a1-methode,costume,,un,,,noun,,shopping,137
cosmopolite-a1-methode,cravate,,une,,,noun,,shopping,137
cosmopolite-a1-methode,jupe,,une,,,noun,,shopping,137
cosmopolite-a1-methode,lunettes,,des,,,noun,,shopping,137
cosmopolite-a1-methode,manteau,,un,,,noun,,shopping,137
cosmopolite-a1-methode,pantalon,,un,,,noun,,shopping,137
cosmopolite-a1-methode,robe,,une,,,noun,,shopping,137
cosmopolite-a1-methode,sacs,,des,,,noun,,shopping,137
cosmopolite-a1-methode,veste,,une,,,noun,,shopping,137
cosmopolite-a1-methode,bien connaître le magasin,,,,,phrase,bien connaître le magasin,shopping,138
cosmopolite-a1-methode,bien informer les clients,,,,,phrase,bien informer les clients,shopping,138
cosmopolite-a1-methode,bien parler français,,,,,phrase,bien parler français,shopping,138
cosmopolite-a1-methode,bien recevoir les clients,,,,,phrase,bien recevoir les clients,shopping,138
cosmopolite-a1-methode,bien s'habiller,,,,,phrase,bien s'habiller,shopping,138
cosmopolite-a1-methode,payer,,,,,verb,,shopping,138
cosmopolite-a1-methode,"Magasin de produits culturels (livres, films, musique) et d'électronique.",,,,,phrase,"Magasin de produits culturels (livres, films, musique) et d'électronique.",shopping,142
cosmopolite-a1-methode,Magasin de vêtements pour hommes.,,,,,phrase,Magasin de vêtements pour hommes.,shopping,142
cosmopolite-a1-methode,"Produits de beauté, parfums et soins.",,,,,phrase,"Produits de beauté, parfums et soins.",shopping,142
cosmopolite-a1-methode,Salon de coiffure.,,,,,phrase,Salon de coiffure.,shopping,142
cosmopolite-a1-methode,"Supermarché, produits alimentaires et pour la maison.",,,,,phrase,"Supermarché, produits alimentaires et pour la maison.",shopping,142
cosmopolite-a1-methode,Épicerie fine.,,,,,phrase,Épicerie fine.,shopping,142
cosmopolite-a1-methode,accueillant,,,,,adjective,Accueillant !,restaurant,150
cosmopolite-a1-methode,bruyant,,,,,adjective,,restaurant,150
cosmopolite-a1-methode,croustillant,,,,,adjective,,restaurant,150
cosmopolite-a1-methode,délicieux,,,,,adjective,,restaurant,150
cosmopolite-a1-methode,exceptionnel,,,,,adjective,,restaurant,150
cosmopolite-a1-methode,très bien,,,,,adverb,,restaurant,150
cosmopolite-a1-methode,cadeau,,,,,noun,,hobby,158
cosmopolite-a1-methode,date,,,,,noun,,hobby,158
cosmopolite-a1-methode,invités,,,,,noun,,hobby,158
cosmopolite-a1-methode,lieu,,,,,noun,,hobby,158
cosmopolite-a1-methode,musique,,,,,noun,,hobby,158
cosmopolite-a1-methode,voisins,,les,,,noun,les voisins,family,158
cosmopolite-a1-methode,Atelier de photos,,,,,noun,Atelier de photos,hobby,159
cosmopolite-a1-methode,charcuteries,,,,,noun,"Assiettes de charcuteries, fromages, tartines salées",food,159
cosmopolite-a1-methode,fromages,,,,,noun,"Assiettes de charcuteries, fromages, tartines salées",food,159
cosmopolite-a1-methode,Karaoké,,,,,noun,Soirée karaoké,hobby,159
cosmopolite-a1-methode,tartines salées,,,,,noun,"Assiettes de charcuteries, fromages, tartines salées",food,159
cosmopolite-a1-methode,anniversaire,,,,,noun,,family,160
cosmopolite-a1-methode,boissons,,,,,noun,J'ai besoin de 5 boissons.,food,160
cosmopolite-a1-methode,cadeau,,le,,,noun,Qui veut bien acheter le cadeau ?,family,160
cosmopolite-a1-methode,desserts,,,,,noun,J'ai besoin de 3 desserts.,food,160
cosmopolite-a1-methode,DVD de karaoké,,des,,,noun,Qui peut apporter des DVD de karaoké ?,hobby,160
cosmopolite-a1-methode,mariage,,,,,noun,,family,160
cosmopolite-a1-methode,plats,,,,,noun,J'ai besoin de 3 plats.,food,160
cosmopolite-a1-methode,repas entre amis,,,,,noun,,hobby,160
cosmopolite-a1-methode,réunion entre amis,,,,,noun,,hobby,160
cosmopolite-a1-methode,réveillon de Noël,,,,,noun,,family,160
cosmopolite-a1-methode,soirée de nouvel an,,,,,noun,,hobby,160
cosmopolite-a1-methode,soirée filles,,,,,noun,,hobby,160
cosmopolite-a1-methode,soirée karaoké,,,,,noun,,hobby,160
cosmopolite-a1-methode,vidéoprojecteur,,un,,,noun,J'ai besoin d'un vidéoprojecteur.,home,160
cosmopolite-a1-methode,Belgique,,,,,noun,,travel,163
cosmopolite-a1-methode,Canada,,,,,noun,,travel,163
cosmopolite-a1-methode,Côte d'Ivoire,,la,,,noun,la Côte d'Ivoire,travel,163
cosmopolite-a1-methode,Dakar,,,,,noun,,travel,163
cosmopolite-a1-methode,France,,la,,,noun,la France,travel,163
cosmopolite-a1-methode,Liban,,,,,noun,,travel,163
cosmopolite-a1-methode,Madagascar,,,,,noun,,travel,163
cosmopolite-a1-methode,Mali,,,,,noun,,travel,163
cosmopolite-a1-methode,Paris,,,,,noun,,travel,163
cosmopolite-a1-methode,Suisse,,,,,noun,,travel,163
cosmopolite-a1-methode,Sénégal,,le,,,noun,le Sénégal,travel,163
cosmopolite-a1-methode,Tunisie,,,,,noun,,travel,163
cosmopolite-a1-methode,Yamoussoukro,,,,,noun,,travel,163
cosmopolite-a1-methode,cinquante-deux,,,,,other,,personal-info,164
cosmopolite-a1-methode,cinquante-quatre,,,,,other,,personal-info,164
cosmopolite-a1-methode,conversation,,,,,noun,,school,164
cosmopolite-a1-methode,dialogue,,,,,noun,,school,164
cosmopolite-a1-methode,femme,,,,,noun,,school,164
cosmopolite-a1-methode,homme,,,,,noun,,school,164
cosmopolite-a1-methode,Où,,,,,other,Où ?,communication,164
cosmopolite-a1-methode,professions,,,,,noun,,school,164
cosmopolite-a1-methode,présentation,,,,,noun,,school,164
cosmopolite-a1-methode,Quand,,,,,other,Quand ?,communication,164
cosmopolite-a1-methode,quarante-trois,,,,,other,,personal-info,164
cosmopolite-a1-methode,quatre-vingt-cinq,,,,,other,,personal-info,164
cosmopolite-a1-methode,quatre-vingt-dix,,,,,other,,personal-info,164
cosmopolite-a1-methode,quatre-vingt-dix-neuf,,,,,other,,personal-info,164
cosmopolite-a1-methode,quatre-vingt-quinze,,,,,other,,personal-info,164
cosmopolite-a1-methode,quatre-vingt-seize,,,,,other,,personal-info,164
cosmopolite-a1-methode,quatre-vingt-sept,,,,,other,,personal-info,164
cosmopolite-a1-methode,quatre-vingt-treize,,,,,other,,personal-info,164
cosmopolite-a1-methode,Quelle saison,,,,,phrase,Quelle saison ?,communication,164
cosmopolite-a1-methode,questions,,,,,noun,,school,164
cosmopolite-a1-methode,Qui,,,,,other,Qui ?,communication,164
cosmopolite-a1-methode,Quoi,,,,,other,Quoi ?,communication,164
cosmopolite-a1-methode,seize,,,,,other,,personal-info,164
cosmopolite-a1-methode,situation,,,,,noun,,school,164
cosmopolite-a1-methode,soixante et un,,,,,other,,personal-info,164
cosmopolite-a1-methode,soixante-dix-huit,,,,,other,,personal-info,164
cosmopolite-a1-methode,soixante-neuf,,,,,other,,personal-info,164
cosmopolite-a1-methode,soixante-quatorze,,,,,other,,personal-info,164
cosmopolite-a1-methode,soixante-six,,,,,other,,personal-info,164
cosmopolite-a1-methode,soixante-treize,,,,,other,,personal-info,164
cosmopolite-a1-methode,treize,,,,,other,,personal-info,164
cosmopolite-a1-methode,vingt,,,,,other,,personal-info,164
cosmopolite-a1-methode,vingt-deux,,,,,other,,personal-info,164
cosmopolite-a1-methode,zéro deux,,,,,other,,personal-info,164
cosmopolite-a1-methode,zéro huit,,,,,other,,personal-info,164
cosmopolite-a1-methode,zéro quatre,,,,,other,,personal-info,164
cosmopolite-a1-methode,zéro sept,,,,,other,,personal-info,164
cosmopolite-a1-methode,zéro six,,,,,other,,personal-info,164
cosmopolite-a1-methode,étudiant,,,,,noun,,school,164
cosmopolite-a1-methode,ANGLETERRE,,,,,noun,Gemma est … . (ANGLETERRE),travel,165
cosmopolite-a1-methode,CAMEROUN,,,,,noun,Saïdou est … . (CAMEROUN),travel,165
cosmopolite-a1-methode,CANADA,,,,,noun,Xavier est … . (CANADA),travel,165
cosmopolite-a1-methode,CHINE,,,,,noun,Sissi est … . (CHINE),travel,165
cosmopolite-a1-methode,FRANCE,,,,,noun,Nicolas est français. (FRANCE),travel,165
cosmopolite-a1-methode,français,,,,,adjective,Nicolas est français.,personal-info,165
cosmopolite-a1-methode,langues parlées,,,,,noun,,personal-info,165
cosmopolite-a1-methode,nationalité,,,,,noun,,personal-info,165
cosmopolite-a1-methode,numéro de téléphone,,,,,noun,,personal-info,165
cosmopolite-a1-methode,prénom,,,,,noun,,personal-info,165
cosmopolite-a1-methode,ROUMANIE,,,,,noun,Camille est … . (ROUMANIE),travel,165
cosmopolite-a1-methode,RUSSIE,,,,,noun,Vladimir est … . (RUSSIE),travel,165
cosmopolite-a1-methode,VIETNAM,,,,,noun,Thu est … . (VIETNAM),travel,165
cosmopolite-a1-methode,âge,,,,,noun,,personal-info,165
cosmopolite-a1-methode,aller,,,,,verb,"Nous (aller) … bien, merci.",daily-routine,166
cosmopolite-a1-methode,avoir,,,,,verb,J'(avoir) … 30 ans.,personal-info,166
cosmopolite-a1-methode,Langue maternelle,,,,,noun,,personal-info,166
cosmopolite-a1-methode,Langues parlées,,,,,noun,,personal-info,166
cosmopolite-a1-methode,Nationalité,,,,,noun,,personal-info,166
cosmopolite-a1-methode,Nom,,,,,noun,,personal-info,166
cosmopolite-a1-methode,Numéro de téléphone,,,,,noun,,personal-info,166
cosmopolite-a1-methode,Parce que,,,,,other,J'étudie le français (pour / parce que) : …,school,166
cosmopolite-a1-methode,parler,,,,,verb,Vous (parler) … chinois ?,communication,166
cosmopolite-a1-methode,pour,,,,,preposition,J'étudie le français (pour / parce que) : …,school,166
cosmopolite-a1-methode,Profession,,,,,noun,,personal-info,166
cosmopolite-a1-methode,Prénom,,,,,noun,,personal-info,166
cosmopolite-a1-methode,russe,,,,,adjective,Nationalité : russe,personal-info,166
cosmopolite-a1-methode,s'appeler,,,,,verb,Je (s'appeler) … Lucas.,personal-info,166
cosmopolite-a1-methode,secrétaire,,,,,noun,Profession : secrétaire,profession,166
cosmopolite-a1-methode,Situation,,,,,noun,,personal-info,166
cosmopolite-a1-methode,Âge,,,,,noun,,personal-info,166
cosmopolite-a1-methode,être,,,,,verb,Elle (être) … suédoise.,personal-info,166
cosmopolite-a1-methode,"[Prénom] / [Nom], comment ça s'écrit s'il vous plaît / s'il te plaît ?",,,,,phrase,,communication,167
cosmopolite-a1-methode,Au revoir ! Bonne journée ! À demain !,,,,,phrase,,communication,167
cosmopolite-a1-methode,Au revoir madame / monsieur.,,,,,phrase,,communication,167
cosmopolite-a1-methode,Bonjour / Salut.,,,,,phrase,,communication,167
cosmopolite-a1-methode,Bonjour madame / monsieur. Comment allez-vous ?,,,,,phrase,,communication,167
cosmopolite-a1-methode,C'est Gemma Arterton. / Elle s'appelle Gemma Arterton.,,,,,phrase,,personal-info,167
cosmopolite-a1-methode,C'est Mingze Ni. / Il s'appelle Mingze Ni.,,,,,phrase,,personal-info,167
cosmopolite-a1-methode,C'est mon ami(e). / C'est un(e) camarade de classe.,,,,,phrase,,school,167
cosmopolite-a1-methode,C'est quoi ton numéro de téléphone ?,,,,,phrase,,personal-info,167
cosmopolite-a1-methode,Comment est ta classe de français ?,,,,,phrase,,school,167
cosmopolite-a1-methode,Comment s'appelle ton / votre professeur ?,,,,,phrase,,school,167
cosmopolite-a1-methode,"Dans ma classe, il y a…",,,,,phrase,,school,167
cosmopolite-a1-methode,Enchanté(e) !,,,,,phrase,,communication,167
cosmopolite-a1-methode,Excuse-moi.,,,,,phrase,,communication,167
cosmopolite-a1-methode,Excusez-moi mademoiselle / madame / monsieur.,,,,,phrase,,communication,167
cosmopolite-a1-methode,Il est chinois et équatorien.,,,,,phrase,,personal-info,167
cosmopolite-a1-methode,Il est fantastique ! Il est sympa !,,,,,phrase,,personal-info,167
cosmopolite-a1-methode,Il est professeur d'anglais. / C'est un professeur d'anglais.,,,,,phrase,,profession,167
cosmopolite-a1-methode,Il est étudiant. C'est un étudiant.,,,,,phrase,,school,167
cosmopolite-a1-methode,Il y a [X] étudiants dans ma classe.,,,,,phrase,,school,167
cosmopolite-a1-methode,J'apprends le français pour trouver un travail / pour voyager dans les pays francophones.,,,,,phrase,,school,167
cosmopolite-a1-methode,J'étudie le français pour mon travail / pour le plaisir.,,,,,phrase,,school,167
cosmopolite-a1-methode,Je m'appelle [prénom / nom] (exemple : Xavier Dolan).,,,,,phrase,,personal-info,167
cosmopolite-a1-methode,"Je m'appelle [prénom / nom], et vous ?",,,,,phrase,,personal-info,167
cosmopolite-a1-methode,Je me présente.,,,,,phrase,,personal-info,167
cosmopolite-a1-methode,Je parle français parce que c'est la langue de l'amour / parce que c'est une langue internationale.,,,,,phrase,,school,167
cosmopolite-a1-methode,Je suis + [nationalité]. (Exemple : Je suis canadien.),,,,,phrase,,personal-info,167
cosmopolite-a1-methode,Je suis + [profession]. (Exemple : Je suis acteur et réalisateur. / Je suis musicienne. / Je suis humoriste et acteur.),,,,,phrase,,profession,167
cosmopolite-a1-methode,"Je vais très bien, merci. Et vous ? Vous allez bien ?",,,,,phrase,,communication,167
cosmopolite-a1-methode,Je voudrais…,,,,,phrase,,communication,167
cosmopolite-a1-methode,Ma classe est très sympa. Ma classe est fantastique.,,,,,phrase,,school,167
cosmopolite-a1-methode,Merci !,,,,,phrase,,communication,167
cosmopolite-a1-methode,Mon / Notre professeur s'appelle…,,,,,phrase,,school,167
cosmopolite-a1-methode,Nous étudions le français parce que nous habitons à Paris / parce que c'est une langue parlée dans le monde entier.,,,,,phrase,,school,167
cosmopolite-a1-methode,"Oui, ça va, et toi ? Tu vas bien ?",,,,,phrase,,communication,167
cosmopolite-a1-methode,Pardon monsieur.,,,,,phrase,,communication,167
cosmopolite-a1-methode,Pourquoi tu parles / étudies / apprends le français ?,,,,,phrase,,school,167
cosmopolite-a1-methode,Quel est votre / ton nom ?,,,,,phrase,,personal-info,167
cosmopolite-a1-methode,Quel est votre / ton numéro de téléphone ?,,,,,phrase,,personal-info,167
cosmopolite-a1-methode,Quel âge vous avez / tu as ?,,,,,phrase,,personal-info,167
cosmopolite-a1-methode,Quelle est votre / ta nationalité ?,,,,,phrase,,personal-info,167
cosmopolite-a1-methode,Quelles langues vous parlez / tu parles ?,,,,,phrase,,personal-info,167
cosmopolite-a1-methode,Salut ! À plus tard !,,,,,phrase,,communication,167
cosmopolite-a1-methode,"Salut, ça va ? / Tu vas bien ?",,,,,phrase,,communication,167
cosmopolite-a1-methode,Vous pouvez / Tu peux épeler [nom / prénom] ?,,,,,phrase,,communication,167
cosmopolite-a1-methode,Vous êtes combien dans ta classe ?,,,,,phrase,,school,167
cosmopolite-a1-methode,À bientôt. / Salut. / Au revoir.,,,,,phrase,,communication,167
cosmopolite-a1-methode,Aller au Pérou pour voir…,,,,,phrase,,travel,171
cosmopolite-a1-methode,Aller aux États-Unis pour visiter…,,,,,phrase,,travel,171
cosmopolite-a1-methode,avenue,,une,,,noun,l'avenue Ursulines,city-places,171
cosmopolite-a1-methode,C'est fantastique (le couchsurfing) !,,,,,phrase,,travel,171
cosmopolite-a1-methode,C'est possible de faire la cuisine ?,,,,,phrase,,home,171
cosmopolite-a1-methode,C'est sympa d'habiter chez…,,,,,phrase,,travel,171
cosmopolite-a1-methode,cathédrale,,une,,,noun,la cathédrale Saint-Louis,city-places,171
cosmopolite-a1-methode,cathédrale,,la,,,noun,la cathédrale de…,travel,171
cosmopolite-a1-methode,château,,le,,,noun,le château de…,travel,171
cosmopolite-a1-methode,Continuer tout droit.,,,,,phrase,,city-places,171
cosmopolite-a1-methode,"Dans ce quartier, il y a beaucoup de…",,,,,phrase,,city-places,171
cosmopolite-a1-methode,"Derrière / Devant…, il y a…",,,,,phrase,,city-places,171
cosmopolite-a1-methode,des amoureux du voyage,,des,,,noun,,travel,171
cosmopolite-a1-methode,des passionnés de voyage,,des,,,noun,,travel,171
cosmopolite-a1-methode,"En général, les touristes prennent le bus.",,,,,phrase,,travel,171
cosmopolite-a1-methode,entre…,,,,,preposition,,city-places,171
cosmopolite-a1-methode,Est-ce que l'appartement est dans le centre ?,,,,,phrase,,home,171
cosmopolite-a1-methode,Est-ce que la chambre est libre ?,,,,,phrase,,home,171
cosmopolite-a1-methode,Et l'appartement est où ?,,,,,phrase,,home,171
cosmopolite-a1-methode,fleuve,,un,,,noun,le fleuve Mississippi,city-places,171
cosmopolite-a1-methode,galeries d'art,,des,,,noun,les galeries d'art de la rue Royale,city-places,171
cosmopolite-a1-methode,hôtel,,un,,,noun,l'hôtel de ville,city-places,171
cosmopolite-a1-methode,Il y a un jardin…,,,,,phrase,,city-places,171
cosmopolite-a1-methode,Je cherche une chambre à louer.,,,,,phrase,,home,171
cosmopolite-a1-methode,Je suis très content(e) de pratiquer mon français.,,,,,phrase,,school,171
cosmopolite-a1-methode,l'après-midi,,l',,,noun,,time-dates,171
cosmopolite-a1-methode,l'Australie,,l',,,noun,,travel,171
cosmopolite-a1-methode,la nuit,,la,,,noun,,time-dates,171
cosmopolite-a1-methode,la Thaïlande,,la,,,noun,,travel,171
cosmopolite-a1-methode,"la ville → à Istanbul, à Paris…",,,,,phrase,,travel,171
cosmopolite-a1-methode,"Le couchsurfing, c'est super (bien) !",,,,,phrase,,travel,171
cosmopolite-a1-methode,le lundi,,le,,,noun,,time-dates,171
cosmopolite-a1-methode,Le marché se trouve…,,,,,phrase,,city-places,171
cosmopolite-a1-methode,le mardi,,le,,,noun,,time-dates,171
cosmopolite-a1-methode,le matin,,le,,,noun,,time-dates,171
cosmopolite-a1-methode,"le nom du lieu → au Mila, à La Coupole…",,,,,phrase,,travel,171
cosmopolite-a1-methode,le Pérou,,le,,,noun,,travel,171
cosmopolite-a1-methode,"le quartier → dans le quartier de Kadiköy, dans le quartier de Montparnasse…",,,,,phrase,,city-places,171
cosmopolite-a1-methode,Le restaurant est à côté du / de l' / de la / des…,,,,,phrase,,city-places,171
cosmopolite-a1-methode,le soir,,le,,,noun,,time-dates,171
cosmopolite-a1-methode,le vendredi,,le,,,noun,,time-dates,171
cosmopolite-a1-methode,les francophones,,les,,,noun,,travel,171
cosmopolite-a1-methode,les États-Unis,,les,,,noun,,travel,171
cosmopolite-a1-methode,marché,,un,,,noun,le marché français,city-places,171
cosmopolite-a1-methode,Mon conseil : aller au château / aller à l'aéroport / aller à la plage / aller aux thermes…,,,,,phrase,,travel,171
cosmopolite-a1-methode,"Mon quartier préféré, c'est le quartier du capitole.",,,,,phrase,,city-places,171
cosmopolite-a1-methode,montagnes,,les,,,noun,les montagnes de…,travel,171
cosmopolite-a1-methode,musée,,le,,,noun,le musée de…,travel,171
cosmopolite-a1-methode,musées,,des,,,noun,les musées Cabildo et Presbytère,city-places,171
cosmopolite-a1-methode,"Oui, la chambre est disponible.",,,,,phrase,,home,171
cosmopolite-a1-methode,parc national,,le,,,noun,le parc national de…,travel,171
cosmopolite-a1-methode,Parce que c'est gratuit.,,,,,phrase,,travel,171
cosmopolite-a1-methode,plage,,la,,,noun,la plage de…,travel,171
cosmopolite-a1-methode,pour parler français…,,,,,phrase,,school,171
cosmopolite-a1-methode,Pour rencontrer d'autres cultures.,,,,,phrase,,travel,171
cosmopolite-a1-methode,Pourquoi le couchsurfing ?,,,,,phrase,,travel,171
cosmopolite-a1-methode,Prendre la rue…,,,,,phrase,,city-places,171
cosmopolite-a1-methode,rue,,une,,,noun,la rue Decatur,city-places,171
cosmopolite-a1-methode,thermes,,les,,,noun,les thermes de…,travel,171
cosmopolite-a1-methode,Tourner à droite.,,,,,phrase,,city-places,171
cosmopolite-a1-methode,Tourner à gauche.,,,,,phrase,,city-places,171
cosmopolite-a1-methode,tous les jours,,,,,phrase,,time-dates,171
cosmopolite-a1-methode,tous les mercredis soirs,,,,,phrase,,time-dates,171
cosmopolite-a1-methode,tous les soirs,,,,,phrase,,time-dates,171
cosmopolite-a1-methode,Tu as une connexion Wi-Fi ?,,,,,phrase,,home,171
cosmopolite-a1-methode,Vous allez au château à vélo / en train / à pied…,,,,,phrase,,travel,171
cosmopolite-a1-methode,Vous prenez le train à la gare de…,,,,,phrase,,travel,171
cosmopolite-a1-methode,"À Bangkok, il y a…",,,,,phrase,,travel,171
cosmopolite-a1-methode,"À Cusco, la cathédrale est…",,,,,phrase,,travel,171
cosmopolite-a1-methode,à droite de…,,,,,phrase,,city-places,171
cosmopolite-a1-methode,à gauche de…,,,,,phrase,,city-places,171
cosmopolite-a1-methode,à l'est de / à l'ouest de / au sud de / au nord de,,,,,phrase,,travel,171
cosmopolite-a1-methode,"À La Nouvelle-Orléans, il y a…",,,,,phrase,,travel,171
cosmopolite-a1-methode,"À Sydney, la plage de Bondi est…",,,,,phrase,,travel,171
cosmopolite-a1-methode,îles,,les,,,noun,les îles de…,travel,171
cosmopolite-a1-methode,adorable,,,,,adjective,,none,172
cosmopolite-a1-methode,agité,,,,,adjective,,none,172
cosmopolite-a1-methode,bavard,,,,,adjective,,none,172
cosmopolite-a1-methode,bruyant,,,,,adjective,,none,172
cosmopolite-a1-methode,cousin,,,,,noun,,family,172
cosmopolite-a1-methode,drôle,,,,,adjective,,none,172
cosmopolite-a1-methode,grand-père,,,,,noun,,family,172
cosmopolite-a1-methode,généreux,,,,,adjective,,none,172
cosmopolite-a1-methode,mère,,,,,noun,,family,172
cosmopolite-a1-methode,père,,,,,noun,,family,172
cosmopolite-a1-methode,sœur,,,,,noun,,family,172
cosmopolite-a1-methode,tante,,,,,noun,,family,172
cosmopolite-a1-methode,aller au cinéma,,,,,phrase,,hobby,173
cosmopolite-a1-methode,bavard,,,,,adjective,,none,173
cosmopolite-a1-methode,cuisiner,,,,,verb,,hobby,173
cosmopolite-a1-methode,gentil,,,,,adjective,,none,173
cosmopolite-a1-methode,grand,,,,,adjective,,none,173
cosmopolite-a1-methode,intelligent,,,,,adjective,,none,173
cosmopolite-a1-methode,la télévision,,la,,,noun,,hobby,173
cosmopolite-a1-methode,le téléphone,,le,,,noun,,communication,173
cosmopolite-a1-methode,les livres,,les,,,noun,,hobby,173
cosmopolite-a1-methode,les transports publics,,les,,,noun,,travel,173
cosmopolite-a1-methode,mon ami(e),,,,,noun,,none,173
cosmopolite-a1-methode,mon/ma professeur(e),,,,,noun,,school,173
cosmopolite-a1-methode,optimiste,,,,,adjective,,none,173
cosmopolite-a1-methode,sportif,,,,,adjective,,none,173
cosmopolite-a1-methode,un acteur,,un,,,noun,,profession,173
cosmopolite-a1-methode,un chanteur,,un,,,noun,,profession,173
cosmopolite-a1-methode,visiter un musée,,,,,phrase,,hobby,173
cosmopolite-a1-methode,étudier le français,,,,,phrase,,school,173
cosmopolite-a1-methode,gorge,,,,,noun,"Mon nez, ma gorge !",health,174
cosmopolite-a1-methode,nez,,,,,noun,"Mon nez, ma gorge !",health,174
cosmopolite-a1-methode,pied,,,,,noun,Attention ! Aiiiiieeeee ! Mon pied !,health,174
cosmopolite-a1-methode,yeux,,,,,noun,Il y a beaucoup de soleil ! J'ai mal aux yeux !,health,174
cosmopolite-a1-methode,Comment s'appellent vos / tes enfants ?,,,,,phrase,,family,175
cosmopolite-a1-methode,"Dans ma famille, il y a quatre personnes.",,,,,phrase,,family,175
cosmopolite-a1-methode,Il a une passion : l'accrobranche !,,,,,phrase,,hobby,175
cosmopolite-a1-methode,Il déteste la langue française.,,,,,phrase,,school,175
cosmopolite-a1-methode,Il n'aime pas du tout les cuisses de grenouilles.,,,,,phrase,,food,175
cosmopolite-a1-methode,Il y a combien de personnes dans votre / ta famille ?,,,,,phrase,,family,175
cosmopolite-a1-methode,Ils n'aiment pas beaucoup prendre le métro.,,,,,phrase,,travel,175
cosmopolite-a1-methode,Ils ont deux et six ans. Notre bébé a six mois.,,,,,phrase,,family,175
cosmopolite-a1-methode,Ils ont quel âge ?,,,,,phrase,,family,175
cosmopolite-a1-methode,J'adore l'architecture.,,,,,phrase,,hobby,175
cosmopolite-a1-methode,J'adore mon travail.,,,,,phrase,,profession,175
cosmopolite-a1-methode,J'ai deux enfants / un bébé.,,,,,phrase,,family,175
cosmopolite-a1-methode,J'ai un frère / une sœur.,,,,,phrase,,family,175
cosmopolite-a1-methode,J'ai un rêve : parler français.,,,,,phrase,,school,175
cosmopolite-a1-methode,J'ai une passion : le théâtre.,,,,,phrase,,hobby,175
cosmopolite-a1-methode,J'aime beaucoup la culture française.,,,,,phrase,,hobby,175
cosmopolite-a1-methode,Je n'ai pas d'enfants.,,,,,phrase,,family,175
cosmopolite-a1-methode,Je ne suis pas marié(e). = Je suis célibataire.,,,,,phrase,,family,175
cosmopolite-a1-methode,Je rêve de devenir médecin.,,,,,phrase,,profession,175
cosmopolite-a1-methode,Je rêve de faire du théâtre.,,,,,phrase,,hobby,175
cosmopolite-a1-methode,Je rêve de travailler en France.,,,,,phrase,,profession,175
cosmopolite-a1-methode,Je suis marié(e) / divorcé(e).,,,,,phrase,,family,175
cosmopolite-a1-methode,Justine a deux ans. Louise a six ans.,,,,,phrase,,family,175
cosmopolite-a1-methode,l'accrobranche,,l',,,noun,,hobby,175
cosmopolite-a1-methode,l'escalade,,l',,,noun,,hobby,175
cosmopolite-a1-methode,l'équitation,,l',,,noun,,hobby,175
cosmopolite-a1-methode,La mère est grande / élégante.,,,,,phrase,,personal-info,175
cosmopolite-a1-methode,"La médecine, c'est ma passion.",,,,,phrase,,profession,175
cosmopolite-a1-methode,la peinture,,la,,,noun,,hobby,175
cosmopolite-a1-methode,la sculpture,,la,,,noun,,hobby,175
cosmopolite-a1-methode,la voile,,la,,,noun,,hobby,175
cosmopolite-a1-methode,Le garçon est blond / brun.,,,,,phrase,,personal-info,175
cosmopolite-a1-methode,le tennis,,le,,,noun,,hobby,175
cosmopolite-a1-methode,le théâtre,,le,,,noun,,hobby,175
cosmopolite-a1-methode,les activités d'orientation,,les,,,noun,,hobby,175
cosmopolite-a1-methode,Lucy est adorable / décontractée / drôle / romantique.,,,,,phrase,,personal-info,175
cosmopolite-a1-methode,"Ma passion, c'est mon travail.",,,,,phrase,,profession,175
cosmopolite-a1-methode,Mes / Nos enfants s'appellent Justine et Louise.,,,,,phrase,,family,175
cosmopolite-a1-methode,Mes amies sont gentilles / sympathiques / intelligentes.,,,,,phrase,,personal-info,175
cosmopolite-a1-methode,Mes amis sont sportifs.,,,,,phrase,,personal-info,175
cosmopolite-a1-methode,Mon frère a 32 ans. Ma sœur a 15 ans.,,,,,phrase,,family,175
cosmopolite-a1-methode,Mon frère est bruyant / bavard / agité.,,,,,phrase,,personal-info,175
cosmopolite-a1-methode,"Mon rêve, c'est de faire des études pour devenir médecin.",,,,,phrase,,profession,175
cosmopolite-a1-methode,Nous adorons faire du shopping.,,,,,phrase,,shopping,175
cosmopolite-a1-methode,Nous aimons bien visiter des monuments.,,,,,phrase,,hobby,175
cosmopolite-a1-methode,"Nous avons / J'ai une grande famille : quatre grands-parents, deux oncles, deux tantes, trois cousins.",,,,,phrase,,family,175
cosmopolite-a1-methode,Nous détestons faire du sport.,,,,,phrase,,hobby,175
cosmopolite-a1-methode,Nous faisons de la voile / du tennis / de l'équitation.,,,,,phrase,,hobby,175
cosmopolite-a1-methode,Paul est un ami sincère. Il est généreux.,,,,,phrase,,personal-info,175
cosmopolite-a1-methode,Quel âge ils ont ?,,,,,phrase,,family,175
cosmopolite-a1-methode,Quelle est votre / ta situation de famille ?,,,,,phrase,,family,175
cosmopolite-a1-methode,Vous aimez / adorez / détestez le sport / faire du sport.,,,,,phrase,,hobby,175
cosmopolite-a1-methode,Vous avez / Tu as des frères et sœurs ?,,,,,phrase,,family,175
cosmopolite-a1-methode,Vous avez / Tu as une grande famille ?,,,,,phrase,,family,175
cosmopolite-a1-methode,Vous avez combien d'enfants ?,,,,,phrase,,family,175
cosmopolite-a1-methode,après,,,,,adverb,,time-dates,176
cosmopolite-a1-methode,d'abord,,,,,adverb,,time-dates,176
cosmopolite-a1-methode,ensuite,,,,,adverb,,time-dates,176
cosmopolite-a1-methode,puis,,,,,adverb,,time-dates,176
cosmopolite-a1-methode,s'habiller,,,,,verb,,daily-routine,176
cosmopolite-a1-methode,se brosser les dents,,,,,verb,,daily-routine,176
cosmopolite-a1-methode,se doucher,,,,,verb,,daily-routine,176
cosmopolite-a1-methode,se raser,,,,,verb,,daily-routine,176
cosmopolite-a1-methode,se réveiller,,,,,verb,,daily-routine,176
cosmopolite-a1-methode,Allez-vous souvent au cinéma ?,,,,,phrase,,hobby,179
cosmopolite-a1-methode,Apporte / Apportez…,,,,,phrase,,communication,179
cosmopolite-a1-methode,Est-ce que tu sors souvent avec des francophones ?,,,,,phrase,,hobby,179
cosmopolite-a1-methode,Et toi ? Tu sors pour parler français ?,,,,,phrase,,school,179
cosmopolite-a1-methode,Fréquentez-vous les festivals / les galeries d'art / les musées ?,,,,,phrase,,hobby,179
cosmopolite-a1-methode,J'ai rendez-vous avec… Je dois aller…,,,,,phrase,,communication,179
cosmopolite-a1-methode,J'écris / Je lis. Je fais du sport.,,,,,phrase,,hobby,179
cosmopolite-a1-methode,Je déjeune à la cantine.,,,,,phrase,,food,179
cosmopolite-a1-methode,Je dîne en famille.,,,,,phrase,,daily-routine,179
cosmopolite-a1-methode,Je dîne en famille. Je me couche vers 20 heures.,,,,,phrase,,daily-routine,179
cosmopolite-a1-methode,Je fais du sport.,,,,,phrase,,hobby,179
cosmopolite-a1-methode,Je m'habille. Je prends mon petit déjeuner. Je me lève tôt.,,,,,phrase,,daily-routine,179
cosmopolite-a1-methode,Je mange un sandwich.,,,,,phrase,,food,179
cosmopolite-a1-methode,Je me brosse les dents.,,,,,phrase,,daily-routine,179
cosmopolite-a1-methode,Je me lève toujours à 7 h 30. J'ai des horaires fixes.,,,,,phrase,,daily-routine,179
cosmopolite-a1-methode,Je me rase.,,,,,phrase,,daily-routine,179
cosmopolite-a1-methode,Je me repose.,,,,,phrase,,daily-routine,179
cosmopolite-a1-methode,Je me réveille chaque matin à 7 heures.,,,,,phrase,,daily-routine,179
cosmopolite-a1-methode,Je me réveille.,,,,,phrase,,daily-routine,179
cosmopolite-a1-methode,Je prends mon ordinateur et je me connecte à un site.,,,,,phrase,,communication,179
cosmopolite-a1-methode,Je prends vingt minutes pour déjeuner.,,,,,phrase,,daily-routine,179
cosmopolite-a1-methode,Je reçois mes patients jusqu'à 18 h 30.,,,,,phrase,,profession,179
cosmopolite-a1-methode,Je travaille tout l'après-midi.,,,,,phrase,,profession,179
cosmopolite-a1-methode,"La journée / la semaine de travail, c'est … heures.",,,,,phrase,,profession,179
cosmopolite-a1-methode,"Le soir, nous dînons toujours à 20 heures.",,,,,phrase,,daily-routine,179
cosmopolite-a1-methode,Les enfants se préparent.,,,,,phrase,,daily-routine,179
cosmopolite-a1-methode,Mon mari et moi regardons un film.,,,,,phrase,,hobby,179
cosmopolite-a1-methode,"Non, je suis désolé(e), je ne peux pas.",,,,,phrase,,communication,179
cosmopolite-a1-methode,Nous apprenons beaucoup.,,,,,phrase,,profession,179
cosmopolite-a1-methode,Nous avons des collègues français / polonais…,,,,,phrase,,profession,179
cosmopolite-a1-methode,Nous habitons [+ adresse].,,,,,phrase,,communication,179
cosmopolite-a1-methode,Nous nous couchons.,,,,,phrase,,daily-routine,179
cosmopolite-a1-methode,Nous nous douchons.,,,,,phrase,,daily-routine,179
cosmopolite-a1-methode,Nous nous endormons.,,,,,phrase,,daily-routine,179
cosmopolite-a1-methode,Nous nous habillons.,,,,,phrase,,daily-routine,179
cosmopolite-a1-methode,Nous prenons notre petit déjeuner.,,,,,phrase,,daily-routine,179
cosmopolite-a1-methode,Nous travaillons à / chez…,,,,,phrase,,profession,179
cosmopolite-a1-methode,Nous voulons organiser… pour…,,,,,phrase,,communication,179
cosmopolite-a1-methode,Objet : …,,,,,phrase,,communication,179
cosmopolite-a1-methode,On doit…,,,,,phrase,,profession,179
cosmopolite-a1-methode,On fait des pauses-café avec ses collègues.,,,,,phrase,,profession,179
cosmopolite-a1-methode,On peut manger…,,,,,phrase,,food,179
cosmopolite-a1-methode,On peut parler français.,,,,,phrase,,profession,179
cosmopolite-a1-methode,"On se retrouve où ? Au restaurant…, place…, rue…",,,,,phrase,,communication,179
cosmopolite-a1-methode,"Oui, ça me va.",,,,,phrase,,communication,179
cosmopolite-a1-methode,Où sortez-vous ?,,,,,phrase,,hobby,179
cosmopolite-a1-methode,"Pour le déjeuner, on a une pause de…",,,,,phrase,,profession,179
cosmopolite-a1-methode,Pour écouter de la musique ?,,,,,phrase,,hobby,179
cosmopolite-a1-methode,Pourquoi sortez-vous ? Pour dîner au restaurant ?,,,,,phrase,,restaurant,179
cosmopolite-a1-methode,Prends / Prenez [+ moyen de transport].,,,,,phrase,,travel,179
cosmopolite-a1-methode,Qui sort tous les soirs ? Une fois par semaine ?,,,,,phrase,,time-dates,179
cosmopolite-a1-methode,"Si tu veux / vous voulez participer à l'organisation, parle / parlez avec…",,,,,phrase,,communication,179
cosmopolite-a1-methode,Toute la famille se lève.,,,,,phrase,,daily-routine,179
cosmopolite-a1-methode,Tu es libre… pour… ?,,,,,phrase,,communication,179
cosmopolite-a1-methode,Tu veux venir avec moi ?,,,,,phrase,,communication,179
cosmopolite-a1-methode,Téléphone / Téléphonez à…,,,,,phrase,,communication,179
cosmopolite-a1-methode,Viens / Venez [+ horaire].,,,,,phrase,,communication,179
cosmopolite-a1-methode,"Votre sortie préférée, c'est quoi ?",,,,,phrase,,hobby,179
cosmopolite-a1-methode,Vous aimez aller dans les librairies / les médiathèques ?,,,,,phrase,,hobby,179
cosmopolite-a1-methode,Vous faites quoi ?,,,,,phrase,,hobby,179
cosmopolite-a1-methode,Vous sortez dans des cafés / des restaurants ?,,,,,phrase,,restaurant,179
cosmopolite-a1-methode,Vous sortez en famille ? Avec des amis ?,,,,,phrase,,family,179
cosmopolite-a1-methode,Vous sortez plutôt le vendredi ? Le samedi ?,,,,,phrase,,time-dates,179
cosmopolite-a1-methode,aller,,,,,verb,,school,183
cosmopolite-a1-methode,allure,,la,,,noun,Nous avons la même allure / la même taille / la même voix.,personal-info,183
cosmopolite-a1-methode,apprendre,,,,,verb,,school,183
cosmopolite-a1-methode,bleus,,,,,adjective,Avoir les yeux clairs / gris / marron / bleus / verts.,personal-info,183
cosmopolite-a1-methode,blond,,,,,adjective,Avoir les cheveux courts / longs / frisés / blond / bruns.,personal-info,183
cosmopolite-a1-methode,bronzée,,,,,adjective,Avoir la peau mate / bronzée / claire.,personal-info,183
cosmopolite-a1-methode,bruns,,,,,adjective,Avoir les cheveux courts / longs / frisés / blond / bruns.,personal-info,183
cosmopolite-a1-methode,ce matin,,,,,noun,,time-dates,183
cosmopolite-a1-methode,Cet(te) écrivain(e) est né(e) à [lieu] le [date].,,,,,phrase,,none,183
cosmopolite-a1-methode,cette semaine,,,,,noun,,time-dates,183
cosmopolite-a1-methode,claire,,,,,adjective,Avoir la peau mate / bronzée / claire.,personal-info,183
cosmopolite-a1-methode,clairs,,,,,adjective,Avoir les yeux clairs / gris / marron / bleus / verts.,personal-info,183
cosmopolite-a1-methode,comprendre,,,,,verb,,school,183
cosmopolite-a1-methode,conseiller,,,,,verb,,school,183
cosmopolite-a1-methode,courts,,,,,adjective,Avoir les cheveux courts / longs / frisés / blond / bruns.,personal-info,183
cosmopolite-a1-methode,créer,,,,,verb,,school,183
cosmopolite-a1-methode,Elle va participer aux prochains Jeux olympiques.,,,,,phrase,,none,183
cosmopolite-a1-methode,Elle vient de recevoir un prix.,,,,,phrase,,none,183
cosmopolite-a1-methode,"En [année], il/elle a connu le succès avec…",,,,,phrase,,profession,183
cosmopolite-a1-methode,faire,,,,,verb,,school,183
cosmopolite-a1-methode,frisés,,,,,adjective,Avoir les cheveux courts / longs / frisés / blond / bruns.,personal-info,183
cosmopolite-a1-methode,grand(e),,,,,adjective,Être petit(e) / grand(e).,personal-info,183
cosmopolite-a1-methode,gris,,,,,adjective,Avoir les yeux clairs / gris / marron / bleus / verts.,personal-info,183
cosmopolite-a1-methode,hier,,,,,adverb,,time-dates,183
cosmopolite-a1-methode,Il va avoir un grand avenir.,,,,,phrase,,none,183
cosmopolite-a1-methode,Il/Elle a reçu le prix … en [année].,,,,,phrase,,profession,183
cosmopolite-a1-methode,Il/Elle a étudié la philosophie / a fait des études de…,,,,,phrase,,school,183
cosmopolite-a1-methode,Il/Elle a … et a commencé sa carrière d'écrivain(e) en [année] avec son premier roman…,,,,,phrase,,profession,183
cosmopolite-a1-methode,Il/Elle est arrivé(e) à Paris à l'âge de … en [année] pour faire…,,,,,phrase,,travel,183
cosmopolite-a1-methode,Il/Elle est devenu(e) célèbre avec…,,,,,phrase,,profession,183
cosmopolite-a1-methode,Il/Elle ressemble à…,,,,,phrase,,personal-info,183
cosmopolite-a1-methode,Il/Elle vit aujourd'hui à…,,,,,phrase,,personal-info,183
cosmopolite-a1-methode,Ils viennent de donner leur premier concert.,,,,,phrase,,hobby,183
cosmopolite-a1-methode,Ils vont donner des conférences un peu partout.,,,,,phrase,,none,183
cosmopolite-a1-methode,l'année dernière,,l',,,noun,,time-dates,183
cosmopolite-a1-methode,la semaine dernière,,la,,,noun,,time-dates,183
cosmopolite-a1-methode,lire,,,,,verb,,school,183
cosmopolite-a1-methode,longs,,,,,adjective,Avoir les cheveux courts / longs / frisés / blond / bruns.,personal-info,183
cosmopolite-a1-methode,marron,,,,,adjective,Avoir les yeux clairs / gris / marron / bleus / verts.,personal-info,183
cosmopolite-a1-methode,mate,,,,,adjective,Avoir la peau mate / bronzée / claire.,personal-info,183
cosmopolite-a1-methode,mince,,,,,adjective,Être mince / un peu fort(e) / musclé(e).,personal-info,183
cosmopolite-a1-methode,musclé(e),,,,,adjective,Être mince / un peu fort(e) / musclé(e).,personal-info,183
cosmopolite-a1-methode,ne pas avoir peur de,,,,,phrase,,school,183
cosmopolite-a1-methode,ne pas hésiter à,,,,,phrase,,school,183
cosmopolite-a1-methode,Nous avons appris…,,,,,phrase,,school,183
cosmopolite-a1-methode,Nous avons compris…,,,,,phrase,,school,183
cosmopolite-a1-methode,Nous avons créé…,,,,,phrase,,school,183
cosmopolite-a1-methode,Nous avons fait des…,,,,,phrase,,school,183
cosmopolite-a1-methode,Nous avons organisé…,,,,,phrase,,school,183
cosmopolite-a1-methode,Nous avons parlé…,,,,,phrase,,school,183
cosmopolite-a1-methode,Nous avons préparé…,,,,,phrase,,school,183
cosmopolite-a1-methode,Nous avons regardé…,,,,,phrase,,school,183
cosmopolite-a1-methode,Nous avons réalisé une enquête.,,,,,phrase,,school,183
cosmopolite-a1-methode,Nous avons utilisé…,,,,,phrase,,school,183
cosmopolite-a1-methode,Nous avons écouté…,,,,,phrase,,school,183
cosmopolite-a1-methode,Nous avons écrit…,,,,,phrase,,school,183
cosmopolite-a1-methode,Nous avons étudié le français.,,,,,phrase,,school,183
cosmopolite-a1-methode,Nous n'avons pas fait de…,,,,,phrase,,school,183
cosmopolite-a1-methode,Nous sommes allés à… pour…,,,,,phrase,,school,183
cosmopolite-a1-methode,Nous sommes sortis…,,,,,phrase,,hobby,183
cosmopolite-a1-methode,organiser,,,,,verb,,school,183
cosmopolite-a1-methode,parler,,,,,verb,,school,183
cosmopolite-a1-methode,petit(e),,,,,adjective,Être petit(e) / grand(e).,personal-info,183
cosmopolite-a1-methode,préparer,,,,,verb,,school,183
cosmopolite-a1-methode,raconter,,,,,verb,,school,183
cosmopolite-a1-methode,regarder,,,,,verb,,school,183
cosmopolite-a1-methode,réaliser,,,,,verb,,school,183
cosmopolite-a1-methode,se concentrer,,,,,verb,,school,183
cosmopolite-a1-methode,se documenter,,,,,verb,,school,183
cosmopolite-a1-methode,se faire plaisir,,,,,phrase,,school,183
cosmopolite-a1-methode,se retrouver,,,,,verb,,school,183
cosmopolite-a1-methode,se souvenir,,,,,verb,,school,183
cosmopolite-a1-methode,sortir,,,,,verb,,school,183
cosmopolite-a1-methode,taille,,la,,,noun,Nous avons la même allure / la même taille / la même voix.,personal-info,183
cosmopolite-a1-methode,un peu fort(e),,,,,adjective,Être mince / un peu fort(e) / musclé(e).,personal-info,183
cosmopolite-a1-methode,utiliser,,,,,verb,,school,183
cosmopolite-a1-methode,verts,,,,,adjective,Avoir les yeux clairs / gris / marron / bleus / verts.,personal-info,183
cosmopolite-a1-methode,voix,,la,,,noun,Nous avons la même allure / la même taille / la même voix.,personal-info,183
cosmopolite-a1-methode,vérifier,,,,,verb,,school,183
cosmopolite-a1-methode,échanger,,,,,verb,,school,183
cosmopolite-a1-methode,écouter,,,,,verb,,school,183
cosmopolite-a1-methode,écrire,,,,,verb,,school,183
cosmopolite-a1-methode,étudier,,,,,verb,,school,183
cosmopolite-a1-methode,avoir peur,,,,,phrase,,none,186
cosmopolite-a1-methode,beau,,,,,adjective,Vous rêvez d'un séjour (beau) dans la nature ?,vacation,186
cosmopolite-a1-methode,bon,,,,,adjective,nous vous réservons un moment (bon) avec des activités (varié) et (surprenant).,vacation,186
cosmopolite-a1-methode,délicieux,,,,,adjective,Nous vous servirons des repas (délicieux).,food,186
cosmopolite-a1-methode,exceptionnel,,,,,adjective,Vous n'oublierez pas ce séjour (exceptionnel) !,vacation,186
cosmopolite-a1-methode,l'Afrique du Sud,,l',,,noun,,travel,186
cosmopolite-a1-methode,l'Argentine,,l',,,noun,,travel,186
cosmopolite-a1-methode,l'Australie,,l',,,noun,,travel,186
cosmopolite-a1-methode,l'Autriche,,l',,,noun,,travel,186
cosmopolite-a1-methode,l'Inde,,l',,,noun,,travel,186
cosmopolite-a1-methode,la Grande-Bretagne,,la,,,noun,,travel,186
cosmopolite-a1-methode,la Nouvelle-Zélande,,la,,,noun,,travel,186
cosmopolite-a1-methode,la Roumanie,,la,,,noun,,travel,186
cosmopolite-a1-methode,le Brésil,,le,,,noun,,travel,186
cosmopolite-a1-methode,le Cambodge,,le,,,noun,,travel,186
cosmopolite-a1-methode,le Canada,,le,,,noun,,travel,186
cosmopolite-a1-methode,le Japon,,le,,,noun,,travel,186
cosmopolite-a1-methode,le Maroc,,le,,,noun,,travel,186
cosmopolite-a1-methode,le Pérou,,le,,,noun,,travel,186
cosmopolite-a1-methode,le Vietnam,,le,,,noun,,travel,186
cosmopolite-a1-methode,régional,,,,,adjective,Vous aimerez nos spécialités (régional).,food,186
cosmopolite-a1-methode,surprenant,,,,,adjective,nous vous réservons un moment (bon) avec des activités (varié) et (surprenant).,vacation,186
cosmopolite-a1-methode,varié,,,,,adjective,nous vous réservons un moment (bon) avec des activités (varié) et (surprenant).,vacation,186
cosmopolite-a1-methode,être curieux,,,,,phrase,,none,186
cosmopolite-a1-methode,être heureux,,,,,phrase,,none,186
cosmopolite-a1-methode,être intéressé,,,,,phrase,,none,186
cosmopolite-a1-methode,être surpris,,,,,phrase,,none,186
cosmopolite-a1-methode,(y) aller,,,,,verb,,travel,187
cosmopolite-a1-methode,Acheter un guide ?,,,,,phrase,,travel,187
cosmopolite-a1-methode,adorer,,,,,verb,,travel,187
cosmopolite-a1-methode,aimer,,,,,verb,,travel,187
cosmopolite-a1-methode,ancien(ne),,,,,adjective,,city-places,187
cosmopolite-a1-methode,avoir peur,,,,,phrase,,none,187
cosmopolite-a1-methode,beau (belle),,,,,adjective,,city-places,187
cosmopolite-a1-methode,blanc (blanche),,,,,adjective,,none,187
cosmopolite-a1-methode,bleu(e),,,,,adjective,,none,187
cosmopolite-a1-methode,Ces saisons sont agréables…,,,,,phrase,,weather,187
cosmopolite-a1-methode,Cette période de l'année est idéale pour…,,,,,phrase,,travel,187
cosmopolite-a1-methode,content(e),,,,,adjective,,none,187
cosmopolite-a1-methode,curieux (curieuse),,,,,adjective,,none,187
cosmopolite-a1-methode,Devrez-vous emporter quelque chose ?,,,,,phrase,,travel,187
cosmopolite-a1-methode,Devrez-vous faire quelque chose avant de partir ?,,,,,phrase,,travel,187
cosmopolite-a1-methode,découvrir,,,,,verb,,travel,187
cosmopolite-a1-methode,délicieux (délicieuse),,,,,adjective,,food,187
cosmopolite-a1-methode,déçu(e),,,,,adjective,,none,187
cosmopolite-a1-methode,exceptionnel(le),,,,,adjective,,city-places,187
cosmopolite-a1-methode,faire des randonnées,,,,,phrase,,travel,187
cosmopolite-a1-methode,Ferez-vous la connaissance des populations locales ?,,,,,phrase,,travel,187
cosmopolite-a1-methode,grand(e),,,,,adjective,,city-places,187
cosmopolite-a1-methode,gris(e),,,,,adjective,,none,187
cosmopolite-a1-methode,heureux (heureuse),,,,,adjective,,none,187
cosmopolite-a1-methode,idéal(e),,,,,adjective,,city-places,187
cosmopolite-a1-methode,Il fait chaud.,,,,,phrase,,weather,187
cosmopolite-a1-methode,Il fait doux.,,,,,phrase,,weather,187
cosmopolite-a1-methode,Il fait froid.,,,,,phrase,,weather,187
cosmopolite-a1-methode,Il fait humide.,,,,,phrase,,weather,187
cosmopolite-a1-methode,Il fait sec.,,,,,phrase,,weather,187
cosmopolite-a1-methode,Il fait … degrés.,,,,,phrase,,weather,187
cosmopolite-a1-methode,Il faudra faire des vaccins ?,,,,,phrase,,travel,187
cosmopolite-a1-methode,Il faudra faire un visa ?,,,,,phrase,,travel,187
cosmopolite-a1-methode,Il fera chaud.,,,,,phrase,,weather,187
cosmopolite-a1-methode,Il neige.,,,,,phrase,,weather,187
cosmopolite-a1-methode,Il pleut.,,,,,phrase,,weather,187
cosmopolite-a1-methode,Il pleuvra.,,,,,phrase,,weather,187
cosmopolite-a1-methode,Il y a beaucoup de bruits / d'odeurs de nourriture.,,,,,phrase,,none,187
cosmopolite-a1-methode,Il y a du vent.,,,,,phrase,,weather,187
cosmopolite-a1-methode,Il y a une différence de température entre…,,,,,phrase,,weather,187
cosmopolite-a1-methode,indifférent(e),,,,,adjective,,none,187
cosmopolite-a1-methode,intéressé(e),,,,,adjective,,none,187
cosmopolite-a1-methode,J'entends des langues étrangères.,,,,,phrase,,none,187
cosmopolite-a1-methode,J'entends le son des klaxons.,,,,,phrase,,none,187
cosmopolite-a1-methode,J'écoute de la musique.,,,,,phrase,,none,187
cosmopolite-a1-methode,J'écoute le son des djembés / la musique traditionnelle / le bruit de la rue.,,,,,phrase,,none,187
cosmopolite-a1-methode,jaune,,,,,adjective,,none,187
cosmopolite-a1-methode,Je goûte une cuisine pimentée.,,,,,phrase,,food,187
cosmopolite-a1-methode,Je sens des odeurs d'épices et de poisson.,,,,,phrase,,food,187
cosmopolite-a1-methode,Je sens la bonne odeur du pain chaud.,,,,,phrase,,food,187
cosmopolite-a1-methode,Je touche les tissus colorés.,,,,,phrase,,shopping,187
cosmopolite-a1-methode,Je vois de la lumière et des couleurs.,,,,,phrase,,none,187
cosmopolite-a1-methode,Je vois des gens sourire.,,,,,phrase,,none,187
cosmopolite-a1-methode,l'architecture,,l',,,noun,,city-places,187
cosmopolite-a1-methode,l'automne,,l',,,noun,en septembre / en octobre / en novembre,weather,187
cosmopolite-a1-methode,l'histoire,,l',,,noun,,city-places,187
cosmopolite-a1-methode,l'hiver,,l',,,noun,en décembre / en janvier / en février,weather,187
cosmopolite-a1-methode,l'été,,l',,,noun,en juin / en juillet / en août,weather,187
cosmopolite-a1-methode,la cuisine,,la,,,noun,,food,187
cosmopolite-a1-methode,la place de la mairie,,la,,,noun,,city-places,187
cosmopolite-a1-methode,la vieille ville,,la,,,noun,,city-places,187
cosmopolite-a1-methode,le centre Pompidou,,le,,,noun,,city-places,187
cosmopolite-a1-methode,le charme,,le,,,noun,,city-places,187
cosmopolite-a1-methode,le Pont-Neuf,,le,,,noun,,city-places,187
cosmopolite-a1-methode,le printemps,,le,,,noun,en mars / en avril / en mai,weather,187
cosmopolite-a1-methode,les marchés,,les,,,noun,,city-places,187
cosmopolite-a1-methode,Les mois à éviter sont…,,,,,phrase,,travel,187
cosmopolite-a1-methode,les monuments,,les,,,noun,,city-places,187
cosmopolite-a1-methode,les paysages,,les,,,noun,,travel,187
cosmopolite-a1-methode,les plages,,les,,,noun,,city-places,187
cosmopolite-a1-methode,les stations de métro,,les,,,noun,,city-places,187
cosmopolite-a1-methode,Les îles seront sous la pluie.,,,,,phrase,,weather,187
cosmopolite-a1-methode,magnifique,,,,,adjective,,city-places,187
cosmopolite-a1-methode,malheureux (malheureuse),,,,,adjective,,none,187
cosmopolite-a1-methode,On pourra profiter du soleil.,,,,,phrase,,weather,187
cosmopolite-a1-methode,orange,,,,,adjective,,none,187
cosmopolite-a1-methode,Où est situé le pays exactement ?,,,,,phrase,,travel,187
cosmopolite-a1-methode,Où logerez-vous / dormirez-vous ?,,,,,phrase,,travel,187
cosmopolite-a1-methode,petit(e),,,,,adjective,,city-places,187
cosmopolite-a1-methode,Que découvrirez-vous ?,,,,,phrase,,travel,187
cosmopolite-a1-methode,Quel continent ? Quel pays ?,,,,,phrase,,travel,187
cosmopolite-a1-methode,"Quel sera le programme de la journée ? (heure du lever, heure du coucher)",,,,,phrase,,travel,187
cosmopolite-a1-methode,Quelle(s) langue(s) parlerez-vous ?,,,,,phrase,,travel,187
cosmopolite-a1-methode,Quelles activités ferez-vous ?,,,,,phrase,,travel,187
cosmopolite-a1-methode,Quelles langues on y parle ?,,,,,phrase,,travel,187
cosmopolite-a1-methode,Qui accompagnera ?,,,,,phrase,,travel,187
cosmopolite-a1-methode,Qui participera ?,,,,,phrase,,travel,187
cosmopolite-a1-methode,respirer,,,,,verb,,travel,187
cosmopolite-a1-methode,rose,,,,,adjective,,none,187
cosmopolite-a1-methode,rouge,,,,,adjective,,none,187
cosmopolite-a1-methode,satisfait(e),,,,,adjective,,none,187
cosmopolite-a1-methode,se balader,,,,,verb,,travel,187
cosmopolite-a1-methode,se promener,,,,,verb,,travel,187
cosmopolite-a1-methode,surpris(e),,,,,adjective,,none,187
cosmopolite-a1-methode,triste,,,,,adjective,,none,187
cosmopolite-a1-methode,une ville,,une,,,noun,,city-places,187
cosmopolite-a1-methode,vert(e),,,,,adjective,,none,187
cosmopolite-a1-methode,vieux (vieille),,,,,adjective,,city-places,187
cosmopolite-a1-methode,visiter,,,,,verb,,travel,187
cosmopolite-a1-methode,Visiter ce pays en…,,,,,phrase,,travel,187
cosmopolite-a1-methode,étonné(e),,,,,adjective,,none,187
cosmopolite-a1-methode,être,,,,,verb,,travel,187
cosmopolite-a1-methode,blanche,,,,,adjective,,shopping,190
cosmopolite-a1-methode,jaune,,,,,adjective,,shopping,190
cosmopolite-a1-methode,orange,,,,,adjective,,shopping,190
cosmopolite-a1-methode,rouge,,,,,adjective,,shopping,190
cosmopolite-a1-methode,s'embrasser,,,,,verb,nous nous embrassons pour nous souhaiter une bonne année,family,190
cosmopolite-a1-methode,s'inviter,,,,,verb,"Pour le 14 juillet, on s'invite pour faire un bon barbecue.",communication,190
cosmopolite-a1-methode,se rencontrer,,,,,verb,vous vous rencontrez entre voisins pour faire connaissance.,communication,190
cosmopolite-a1-methode,se retrouver,,,,,verb,Ils se retrouvent pour le déjeuner du dimanche.,family,190
cosmopolite-a1-methode,se téléphoner,,,,,verb,nous nous téléphonons à minuit.,communication,190
cosmopolite-a1-methode,un chapeau,,un,,,noun,,shopping,190
cosmopolite-a1-methode,un chemisier,,un,,,noun,,shopping,190
cosmopolite-a1-methode,un gilet,,un,,,noun,,shopping,190
cosmopolite-a1-methode,une chemise,,une,,,noun,,shopping,190
cosmopolite-a1-methode,une jupe,,une,,,noun,,shopping,190
cosmopolite-a1-methode,une paire de chaussures,,une,,,noun,,shopping,190
cosmopolite-a1-methode,[Une ou des choses] est / sont inattendue(s).,,,,,phrase,,none,191
cosmopolite-a1-methode,[Une ou des choses] est / sont incroyable(s).,,,,,phrase,,none,191
cosmopolite-a1-methode,[Une ou des choses] est / sont inhabituelle(s).,,,,,phrase,,none,191
cosmopolite-a1-methode,[Une ou des choses] est / sont surprenante(s).,,,,,phrase,,none,191
cosmopolite-a1-methode,[Une ou des choses] est / sont étonnante(s).,,,,,phrase,,none,191
cosmopolite-a1-methode,"Bon, je vais le prendre.",,,,,phrase,,shopping,191
cosmopolite-a1-methode,C'est assez inhabituel.,,,,,phrase,,none,191
cosmopolite-a1-methode,C'est délicieux…,,,,,phrase,,food,191
cosmopolite-a1-methode,C'est incroyable !,,,,,phrase,,none,191
cosmopolite-a1-methode,C'est très français…,,,,,phrase,,restaurant,191
cosmopolite-a1-methode,C'est très inattendu.,,,,,phrase,,none,191
cosmopolite-a1-methode,C'est un peu surprenant.,,,,,phrase,,none,191
cosmopolite-a1-methode,C'est vraiment réussi.,,,,,phrase,,none,191
cosmopolite-a1-methode,C'est vraiment étonnant.,,,,,phrase,,none,191
cosmopolite-a1-methode,Ce n'est pas très original.,,,,,phrase,,none,191
cosmopolite-a1-methode,Ce n'est vraiment pas original !,,,,,phrase,,communication,191
cosmopolite-a1-methode,Cette chemise est vraiment magnifique !,,,,,phrase,,shopping,191
cosmopolite-a1-methode,Combien ça coûte ? Il/Elle coûte combien ?,,,,,phrase,,shopping,191
cosmopolite-a1-methode,de la mousse au chocolat,,de la,,,noun,,food,191
cosmopolite-a1-methode,de la purée de pommes de terre,,de la,,,noun,,food,191
cosmopolite-a1-methode,des rillettes de canard,,des,,,noun,,food,191
cosmopolite-a1-methode,du fromage avec du pain,,,,,phrase,,food,191
cosmopolite-a1-methode,du gigot d'agneau aux pommes,,du,,,noun,,food,191
cosmopolite-a1-methode,du poulet rôti au citron,,du,,,noun,,food,191
cosmopolite-a1-methode,"Franchement, je trouve cette idée ridicule !",,,,,phrase,,communication,191
cosmopolite-a1-methode,Ils/Elles ont l'air de … [appréciation positive].,,,,,phrase,,none,191
cosmopolite-a1-methode,Je peux payer comment ?,,,,,phrase,,shopping,191
cosmopolite-a1-methode,Je trouve la fête très réussie !,,,,,phrase,,communication,191
cosmopolite-a1-methode,"L'accompagnement de légumes : comme légumes, de la purée de pommes de terre, des légumes…",,,,,phrase,,food,191
cosmopolite-a1-methode,"Le fromage : comme fromage, du…",,,,,phrase,,food,191
cosmopolite-a1-methode,Les [nationalité] achètent plus de livres dans les magasins que sur Internet.,,,,,phrase,,shopping,191
cosmopolite-a1-methode,Les [nationalité] lisent moins.,,,,,phrase,,none,191
cosmopolite-a1-methode,Les [sexe] lisent plus que les [sexe].,,,,,phrase,,none,191
cosmopolite-a1-methode,Les boissons : un jus de fruits…,,,,,phrase,,food,191
cosmopolite-a1-methode,"Les desserts : de la mousse au…, des fruits, une salade de fruits…",,,,,phrase,,food,191
cosmopolite-a1-methode,Les entrées : en entrée…,,,,,phrase,,restaurant,191
cosmopolite-a1-methode,"Les plats : comme plat, de la viande, du poisson…",,,,,phrase,,food,191
cosmopolite-a1-methode,Les … lisent beaucoup plus de choses différentes.,,,,,phrase,,none,191
cosmopolite-a1-methode,Les … lisent moins de romans.,,,,,phrase,,none,191
cosmopolite-a1-methode,Moins jeune / vieux qu'avant.,,,,,phrase,,none,191
cosmopolite-a1-methode,Moins … que le lecteur de…,,,,,phrase,,none,191
cosmopolite-a1-methode,On adore…,,,,,phrase,,restaurant,191
cosmopolite-a1-methode,On aime beaucoup…,,,,,phrase,,restaurant,191
cosmopolite-a1-methode,On apprécie.,,,,,phrase,,none,191
cosmopolite-a1-methode,On trouve ce nouveau restaurant génial !,,,,,phrase,,restaurant,191
cosmopolite-a1-methode,On trouve … franchement original(e).,,,,,phrase,,none,191
cosmopolite-a1-methode,On trouve … génial(e) !,,,,,phrase,,none,191
cosmopolite-a1-methode,Où se trouve la caisse ?,,,,,phrase,,shopping,191
cosmopolite-a1-methode,Plus féminin / masculin que masculin / féminin.,,,,,phrase,,none,191
cosmopolite-a1-methode,Qu'est-ce que vous me conseillez ?,,,,,phrase,,shopping,191
cosmopolite-a1-methode,"Quel dommage, c'est déjà fini !",,,,,phrase,,communication,191
cosmopolite-a1-methode,un filet de colin au miel,,un,,,noun,,food,191
cosmopolite-a1-methode,un pavé de saumon au vinaigre balsamique,,un,,,noun,,food,191
cosmopolite-a1-methode,une poêlée de légumes,,une,,,noun,,food,191
cosmopolite-a1-methode,une salade de fruits rouges,,une,,,noun,,food,191
cosmopolite-a1-methode,une soupe à l'oignon,,une,,,noun,,food,191
cosmopolite-a1-methode,… est franchement incroyable.,,,,,phrase,,none,191
cosmopolite-a1-methode,… trouve(nt) ça ridicule.,,,,,phrase,,none,191
cosmopolite-a1-methode,accueillant(s),,,,,adjective,,restaurant,195
cosmopolite-a1-methode,agréable,,,,,adjective,,restaurant,195
cosmopolite-a1-methode,"Aujourd'hui, grâce à mon niveau de français…",,,,,phrase,,school,195
cosmopolite-a1-methode,bon rapport qualité-prix,,,,,phrase,,restaurant,195
cosmopolite-a1-methode,bruyant(e),,,,,adjective,,restaurant,195
cosmopolite-a1-methode,C'était facile / difficile.,,,,,phrase,,school,195
cosmopolite-a1-methode,"Ce/Cette … est assez …, j'ai bien aimé.",,,,,phrase,,hobby,195
cosmopolite-a1-methode,Ce/Cette … est trop…,,,,,phrase,,hobby,195
cosmopolite-a1-methode,Ce/Cette … n'est pas assez…,,,,,phrase,,hobby,195
cosmopolite-a1-methode,chaleureux (chaleureuse),,,,,adjective,,restaurant,195
cosmopolite-a1-methode,cher,,,,,adjective,,restaurant,195
cosmopolite-a1-methode,"Commander les boissons : de l'eau minérale, de l'eau gazeuse s'il vous plaît.",,,,,phrase,,restaurant,195
cosmopolite-a1-methode,Commander les plats : nous allons prendre…,,,,,phrase,,restaurant,195
cosmopolite-a1-methode,Demander l'addition : l'addition s'il vous plaît.,,,,,phrase,,restaurant,195
cosmopolite-a1-methode,"Et pour moi, saignant s'il vous plaît.",,,,,phrase,,restaurant,195
cosmopolite-a1-methode,exceptionnel(le)(s),,,,,adjective,,restaurant,195
cosmopolite-a1-methode,"Exprimer sa satisfaction : oui, ça nous a beaucoup plu. Tout était délicieux !",,,,,phrase,,restaurant,195
cosmopolite-a1-methode,froid(s),,,,,adjective,,restaurant,195
cosmopolite-a1-methode,Il faut attendre longtemps entre les plats.,,,,,phrase,,restaurant,195
cosmopolite-a1-methode,Il faut réserver…,,,,,phrase,,hobby,195
cosmopolite-a1-methode,Il y a beaucoup d'excellents professeurs.,,,,,phrase,,school,195
cosmopolite-a1-methode,Il y a trop de…,,,,,phrase,,hobby,195
cosmopolite-a1-methode,Je n'ai pas aimé non plus.,,,,,phrase,,hobby,195
cosmopolite-a1-methode,Je te conseille de…,,,,,phrase,,hobby,195
cosmopolite-a1-methode,Les cours étaient très dynamiques.,,,,,phrase,,school,195
cosmopolite-a1-methode,Les jeunes n'écoutent plus…,,,,,phrase,,hobby,195
cosmopolite-a1-methode,Les professeurs expliquaient bien.,,,,,phrase,,school,195
cosmopolite-a1-methode,N'hésite pas à réserver à…,,,,,phrase,,hobby,195
cosmopolite-a1-methode,Nous avons beaucoup appris.,,,,,phrase,,school,195
cosmopolite-a1-methode,Nous avons décidé d'apprendre le français.,,,,,phrase,,school,195
cosmopolite-a1-methode,Nous avons fait beaucoup de progrès.,,,,,phrase,,school,195
cosmopolite-a1-methode,Nous avons travaillé en groupes.,,,,,phrase,,school,195
cosmopolite-a1-methode,Nous ne parlions pas du tout français.,,,,,phrase,,school,195
cosmopolite-a1-methode,Nous prenons des cours particuliers.,,,,,phrase,,school,195
cosmopolite-a1-methode,On ne voit / On n'entend que…,,,,,phrase,,hobby,195
cosmopolite-a1-methode,On s'aidait quand on avait des difficultés.,,,,,phrase,,school,195
cosmopolite-a1-methode,pas très disponible(s),,,,,adjective,,restaurant,195
cosmopolite-a1-methode,"pas très original(e) (originaux, originales)",,,,,adjective,,restaurant,195
cosmopolite-a1-methode,petit(e)(s),,,,,adjective,,restaurant,195
cosmopolite-a1-methode,"Préciser le type de cuisson : pour moi, à point.",,,,,phrase,,restaurant,195
cosmopolite-a1-methode,"Si tu ne peux pas, alors choisis…",,,,,phrase,,hobby,195
cosmopolite-a1-methode,sympa,,,,,adjective,,restaurant,195
cosmopolite-a1-methode,Tu peux réserver…,,,,,phrase,,hobby,195
cosmopolite-a1-methode,varié(e)(s),,,,,adjective,,restaurant,195
cosmopolite-a1-methode,Évite de réserver sur le site de…,,,,,phrase,,hobby,195
cosmopolite-a1-methode,aller,,,,,verb,,none,219
cosmopolite-a1-methode,avoir,,,,,verb,,none,219
cosmopolite-a1-methode,devoir,,,,,verb,,none,219
cosmopolite-a1-methode,faire,,,,,verb,,none,219
cosmopolite-a1-methode,pouvoir,,,,,verb,,none,219
cosmopolite-a1-methode,prendre,,,,,verb,,none,219
cosmopolite-a1-methode,vouloir,,,,,verb,,none,219
cosmopolite-a1-methode,être,,,,,verb,,none,219
cosmopolite-a1-methode,choisir,,,,,verb,,none,220
cosmopolite-a1-methode,connaître,,,,,verb,,none,220
cosmopolite-a1-methode,parler,,,,,verb,,none,220
cosmopolite-a1-methode,réfléchir,,,,,verb,,none,220
cosmopolite-a1-methode,sortir,,,,,verb,,none,220
cosmopolite-a1-methode,venir,,,,,verb,,none,220
cosmopolite-a1-methode,voir,,,,,verb,,none,220
cosmopolite-a1-methode,écrire,,,,,verb,,none,220
cosmopolite-a1-methode,ALLEMAGNE,,,,,noun,,travel,221
cosmopolite-a1-methode,ANDORRE,,,,,noun,,travel,221
cosmopolite-a1-methode,Angers,,,,,noun,,travel,221
cosmopolite-a1-methode,AUVERGNE-RHÔNE-ALPES,,,,,noun,Lyon,travel,221
cosmopolite-a1-methode,BELGIQUE,,,,,noun,,travel,221
cosmopolite-a1-methode,BOURGOGNE-FRANCHE-COMTÉ,,,,,noun,Dijon,travel,221
cosmopolite-a1-methode,BRETAGNE,,,,,noun,Rennes,travel,221
cosmopolite-a1-methode,CENTRE-VAL DE LOIRE,,,,,noun,Orléans,travel,221
cosmopolite-a1-methode,Chamonix,,,,,noun,,travel,221
cosmopolite-a1-methode,CORSE,,,,,noun,Ajaccio,travel,221
cosmopolite-a1-methode,ESPAGNE,,,,,noun,,travel,221
cosmopolite-a1-methode,GRAND EST,,,,,noun,Strasbourg,travel,221
cosmopolite-a1-methode,Grenoble,,,,,noun,,travel,221
cosmopolite-a1-methode,HAUTS-DE-FRANCE,,,,,noun,Lille,travel,221
cosmopolite-a1-methode,ITALIE,,,,,noun,,travel,221
cosmopolite-a1-methode,Limoges,,,,,noun,,travel,221
cosmopolite-a1-methode,LUX.,,,,,other,,travel,221
cosmopolite-a1-methode,Manche,,,,,noun,,travel,221
cosmopolite-a1-methode,Mer Méditerranée,,,,,noun,,travel,221
cosmopolite-a1-methode,MONACO,,,,,noun,,travel,221
cosmopolite-a1-methode,Montpellier,,,,,noun,,travel,221
cosmopolite-a1-methode,Nice,,,,,noun,,travel,221
cosmopolite-a1-methode,NORMANDIE,,,,,noun,Rouen,travel,221
cosmopolite-a1-methode,NOUVELLE-AQUITAINE,,,,,noun,Bordeaux,travel,221
cosmopolite-a1-methode,OCCITANIE,,,,,noun,Toulouse,travel,221
cosmopolite-a1-methode,Océan Atlantique,,,,,noun,,travel,221
cosmopolite-a1-methode,PAYS DE LA LOIRE,,,,,noun,Nantes,travel,221
cosmopolite-a1-methode,PAYS-BAS,,,,,noun,,travel,221
cosmopolite-a1-methode,PROVENCE-ALPES-CÔTE D'AZUR,,,,,noun,Marseille,travel,221
cosmopolite-a1-methode,ROYAUME-UNI,,,,,noun,,travel,221
cosmopolite-a1-methode,SUISSE,,,,,noun,,travel,221
cosmopolite-a1-methode,ÎLE-DE-FRANCE,,,,,noun,Paris,travel,221
cosmopolite-a1-methode,ALBANIE,,,,,noun,,travel,222
cosmopolite-a1-methode,ALLEMAGNE,,,,,noun,,travel,222
cosmopolite-a1-methode,ANDORRE,,,,,noun,,travel,222
cosmopolite-a1-methode,AUTRICHE,,,,,noun,,travel,222
cosmopolite-a1-methode,BELGIQUE,,,,,noun,,travel,222
cosmopolite-a1-methode,BIÉLORUSSIE,,,,,noun,,travel,222
cosmopolite-a1-methode,BOSNIE,,,,,noun,,travel,222
cosmopolite-a1-methode,BULGARIE,,,,,noun,,travel,222
cosmopolite-a1-methode,CHYPRE,,,,,noun,,travel,222
cosmopolite-a1-methode,CROATIE,,,,,noun,,travel,222
cosmopolite-a1-methode,DANEMARK,,,,,noun,,travel,222
cosmopolite-a1-methode,ESPAGNE,,,,,noun,,travel,222
cosmopolite-a1-methode,ESTONIE,,,,,noun,,travel,222
cosmopolite-a1-methode,FINLANDE,,,,,noun,,travel,222
cosmopolite-a1-methode,FRANCE,,,,,noun,,travel,222
cosmopolite-a1-methode,FYROM,,,,,other,,travel,222
cosmopolite-a1-methode,GRÈCE,,,,,noun,,travel,222
cosmopolite-a1-methode,HERZÉGOVINE,,,,,noun,,travel,222
cosmopolite-a1-methode,HONGRIE,,,,,noun,,travel,222
cosmopolite-a1-methode,IRLANDE,,,,,noun,,travel,222
cosmopolite-a1-methode,ISLANDE,,,,,noun,,travel,222
cosmopolite-a1-methode,ITALIE,,,,,noun,,travel,222
cosmopolite-a1-methode,KOSOVO,,,,,noun,,travel,222
cosmopolite-a1-methode,LETTONIE,,,,,noun,,travel,222
cosmopolite-a1-methode,LIECHTENSTEIN,,,,,noun,,travel,222
cosmopolite-a1-methode,LITUANIE,,,,,noun,,travel,222
cosmopolite-a1-methode,LUXEMBOURG,,,,,noun,,travel,222
cosmopolite-a1-methode,MALTE,,,,,noun,,travel,222
cosmopolite-a1-methode,Mer Baltique,,,,,noun,,travel,222
cosmopolite-a1-methode,Mer du Nord,,,,,noun,,travel,222
cosmopolite-a1-methode,Mer Méditerranée,,,,,noun,,travel,222
cosmopolite-a1-methode,MOLDAVIE,,,,,noun,,travel,222
cosmopolite-a1-methode,MONACO,,,,,noun,,travel,222
cosmopolite-a1-methode,MONTÉNÉGRO,,,,,noun,,travel,222
cosmopolite-a1-methode,NORVÈGE,,,,,noun,,travel,222
cosmopolite-a1-methode,Océan Atlantique,,,,,noun,,travel,222
cosmopolite-a1-methode,PAYS-BAS,,,,,noun,,travel,222
cosmopolite-a1-methode,POLOGNE,,,,,noun,,travel,222
cosmopolite-a1-methode,PORTUGAL,,,,,noun,,travel,222
cosmopolite-a1-methode,ROUMANIE,,,,,noun,,travel,222
cosmopolite-a1-methode,ROYAUME-UNI,,,,,noun,,travel,222
cosmopolite-a1-methode,RUSSIE,,,,,noun,,travel,222
cosmopolite-a1-methode,RÉP. TCHÈQUE,,,,,noun,,travel,222
cosmopolite-a1-methode,SAINT-MARIN,,,,,noun,,travel,222
cosmopolite-a1-methode,SERBIE,,,,,noun,,travel,222
cosmopolite-a1-methode,SLOVAQUIE,,,,,noun,,travel,222
cosmopolite-a1-methode,SLOVÉNIE,,,,,noun,,travel,222
cosmopolite-a1-methode,SUISSE,,,,,noun,,travel,222
cosmopolite-a1-methode,SUÈDE,,,,,noun,,travel,222
cosmopolite-a1-methode,UKRAINE,,,,,noun,,travel,222
cosmopolite-a1-methode,VATICAN,,,,,noun,,travel,222
cosmopolite-a1-methode,A1,,,,,other,,travel,223
cosmopolite-a1-methode,A13,,,,,other,,travel,223
cosmopolite-a1-methode,A4,,,,,other,,travel,223
cosmopolite-a1-methode,A6,,,,,other,,travel,223
cosmopolite-a1-methode,Arc de Triomphe,,,,,noun,,city-places,223
cosmopolite-a1-methode,arrondissement,,un,,,noun,Limite d'arrondissement,city-places,223
cosmopolite-a1-methode,Barbès,,,,,noun,,city-places,223
cosmopolite-a1-methode,Basilique du Sacré-Cœur,,,,,noun,,city-places,223
cosmopolite-a1-methode,Belleville,,,,,noun,,city-places,223
cosmopolite-a1-methode,Bibliothèque de France,,,,,noun,,city-places,223
cosmopolite-a1-methode,Bois de Boulogne,,,,,noun,,city-places,223
cosmopolite-a1-methode,Bois de Vincennes,,,,,noun,,city-places,223
cosmopolite-a1-methode,Boulevard périphérique,,,,,noun,,city-places,223
cosmopolite-a1-methode,Centre G. Pompidou,,,,,noun,,city-places,223
cosmopolite-a1-methode,Champs-Élysées,,,,,noun,,city-places,223
cosmopolite-a1-methode,Cité des sciences et de l'industrie,,,,,noun,,city-places,223
cosmopolite-a1-methode,Disneyland-Paris,,,,,noun,,travel,223
cosmopolite-a1-methode,Grande Arche,,,,,noun,,city-places,223
cosmopolite-a1-methode,Invalides,,,,,noun,,city-places,223
cosmopolite-a1-methode,La Défense,,,,,noun,,city-places,223
cosmopolite-a1-methode,Le Marais,,,,,noun,,city-places,223
cosmopolite-a1-methode,Maison de Radio-France,,,,,noun,,city-places,223
cosmopolite-a1-methode,Marne,,,,,noun,,city-places,223
cosmopolite-a1-methode,Montmartre,,,,,noun,,city-places,223
cosmopolite-a1-methode,Musée du Louvre,,,,,noun,,city-places,223
cosmopolite-a1-methode,Musée du Quai Branly,,,,,noun,,city-places,223
cosmopolite-a1-methode,Notre-Dame,,,,,noun,,city-places,223
cosmopolite-a1-methode,Opéra Bastille,,,,,noun,,city-places,223
cosmopolite-a1-methode,Opéra Garnier,,,,,noun,,city-places,223
cosmopolite-a1-methode,Palais Bourbon,,,,,noun,,city-places,223
cosmopolite-a1-methode,Palais de Chaillot,,,,,noun,,city-places,223
cosmopolite-a1-methode,Palais de l'Élysée,,,,,noun,,city-places,223
cosmopolite-a1-methode,Palais du Luxembourg,,,,,noun,,city-places,223
cosmopolite-a1-methode,Palais Omnisports de Paris-Bercy,,,,,noun,,city-places,223
cosmopolite-a1-methode,Parc de la Villette,,,,,noun,,city-places,223
cosmopolite-a1-methode,Paris-Charles-de-Gaulle,,,,,noun,,travel,223
cosmopolite-a1-methode,Paris-Orly,,,,,noun,,travel,223
cosmopolite-a1-methode,Passy,,,,,noun,,city-places,223
cosmopolite-a1-methode,Place d'Italie,,,,,noun,,city-places,223
cosmopolite-a1-methode,Place de l'Opéra,,,,,noun,,city-places,223
cosmopolite-a1-methode,Place de la Bastille,,,,,noun,,city-places,223
cosmopolite-a1-methode,Place de la Nation,,,,,noun,,city-places,223
cosmopolite-a1-methode,Place Denfert-Rochereau,,,,,noun,,city-places,223
cosmopolite-a1-methode,Place Pigalle,,,,,noun,,city-places,223
cosmopolite-a1-methode,Porte d'Italie,,,,,noun,,city-places,223
cosmopolite-a1-methode,Porte d'Orléans,,,,,noun,,city-places,223
cosmopolite-a1-methode,Porte de Bagnolet,,,,,noun,,city-places,223
cosmopolite-a1-methode,Porte de Bercy,,,,,noun,,city-places,223
cosmopolite-a1-methode,Porte de Champerret,,,,,noun,,city-places,223
cosmopolite-a1-methode,Porte de Châtillon,,,,,noun,,city-places,223
cosmopolite-a1-methode,Porte de Clignacourt,,,,,noun,,city-places,223
cosmopolite-a1-methode,Porte de la Chapelle,,,,,noun,,city-places,223
cosmopolite-a1-methode,Porte de la Villette,,,,,noun,,city-places,223
cosmopolite-a1-methode,Porte de Pantin,,,,,noun,,city-places,223
cosmopolite-a1-methode,Porte de Saint-Cloud,,,,,noun,,city-places,223
cosmopolite-a1-methode,Porte de Versailles,,,,,noun,,city-places,223
cosmopolite-a1-methode,Porte de Vincennes,,,,,noun,,city-places,223
cosmopolite-a1-methode,Porte Maillot,,,,,noun,,city-places,223
cosmopolite-a1-methode,Quartier Latin,,,,,noun,,city-places,223
cosmopolite-a1-methode,République,,,,,noun,,city-places,223
cosmopolite-a1-methode,Seine,,,,,noun,,city-places,223
cosmopolite-a1-methode,Tour Eiffel,,,,,noun,,city-places,223
cosmopolite-a1-methode,Tour Montparnasse,,,,,noun,,city-places,223
tricolore-1-5th-edition,au bord de la mer,by the sea,,,,phrase,,home,021
tricolore-1-5th-edition,au pays de Galles,in Wales,,,,phrase,,travel,021
tricolore-1-5th-edition,cinq,,,,,other,,none,021
tricolore-1-5th-edition,Comment dit-on [...] en anglais?,What's the English for [...]?,,,,phrase,,communication,021
tricolore-1-5th-edition,Comment dit-on [...] en français?,What's the French for [...]?,,,,phrase,,communication,021
tricolore-1-5th-edition,Comment dit-on […] en français/anglais?,What's the French/English for […]?,,,,phrase,,communication,021
tricolore-1-5th-edition,Comment ça s'écrit?,How do you spell that? / How's it written?,,,,phrase,,communication,021
tricolore-1-5th-edition,Comment ça se dit?,How do you say this?,,,,phrase,,communication,021
tricolore-1-5th-edition,dans un appartement,in a flat,,,,phrase,,home,021
tricolore-1-5th-edition,dans un port,in a port,,,,phrase,,home,021
tricolore-1-5th-edition,dans un village,in a village,,,,phrase,,home,021
tricolore-1-5th-edition,dans une ferme,on a farm,,,,phrase,,home,021
tricolore-1-5th-edition,dans une maison,in a house,,,,phrase,,home,021
tricolore-1-5th-edition,dans une ville,in a town,,,,phrase,,home,021
tricolore-1-5th-edition,deux,,,,,other,,none,021
tricolore-1-5th-edition,dimanche,Sunday,,,,noun,,time-dates,021
tricolore-1-5th-edition,dix,,,,,other,,none,021
tricolore-1-5th-edition,dix-huit,,,,,other,,none,021
tricolore-1-5th-edition,dix-neuf,,,,,other,,none,021
tricolore-1-5th-edition,dix-sept,,,,,other,,none,021
tricolore-1-5th-edition,douze,,,,,other,,none,021
tricolore-1-5th-edition,en Angleterre,in England,,,,phrase,,travel,021
tricolore-1-5th-edition,en France,in France,,,,phrase,,travel,021
tricolore-1-5th-edition,en Irlande (du Nord),in (Northern) Ireland,,,,phrase,,travel,021
tricolore-1-5th-edition,en Écosse,in Scotland,,,,phrase,,travel,021
tricolore-1-5th-edition,huit,,,,,other,,none,021
tricolore-1-5th-edition,J'habite …,I live …,,,,phrase,,home,021
tricolore-1-5th-edition,jeudi,Thursday,,,,noun,,time-dates,021
tricolore-1-5th-edition,jours de la semaine,days of the week,les,,,noun,,time-dates,021
tricolore-1-5th-edition,lundi,Monday,,,,noun,,time-dates,021
tricolore-1-5th-edition,mardi,Tuesday,,,,noun,,time-dates,021
tricolore-1-5th-edition,mercredi,Wednesday,,,,noun,,time-dates,021
tricolore-1-5th-edition,neuf,,,,,other,,none,021
tricolore-1-5th-edition,onze,,,,,other,,none,021
tricolore-1-5th-edition,Où habites-tu? (Tu habites où?),Where do you live?,,,,phrase,,home,021
tricolore-1-5th-edition,près de Paris,near Paris,,,,phrase,,travel,021
tricolore-1-5th-edition,quatorze,,,,,other,,none,021
tricolore-1-5th-edition,quatre,,,,,other,,none,021
tricolore-1-5th-edition,Quel jour sommes-nous?,What day/date is it?,,,,phrase,,time-dates,021
tricolore-1-5th-edition,quinze,,,,,other,,none,021
tricolore-1-5th-edition,samedi,Saturday,,,,noun,,time-dates,021
tricolore-1-5th-edition,seize,,,,,other,,none,021
tricolore-1-5th-edition,sept,,,,,other,,none,021
tricolore-1-5th-edition,six,,,,,other,,none,021
tricolore-1-5th-edition,treize,,,,,other,,none,021
tricolore-1-5th-edition,trente,,,,,other,,none,021
tricolore-1-5th-edition,trois,,,,,other,,none,021
tricolore-1-5th-edition,un,,,,,other,,none,021
tricolore-1-5th-edition,vendredi,Friday,,,,noun,,time-dates,021
tricolore-1-5th-edition,vingt,,,,,other,,none,021
tricolore-1-5th-edition,vingt-cinq,,,,,other,,none,021
tricolore-1-5th-edition,vingt-deux,,,,,other,,none,021
tricolore-1-5th-edition,vingt-et-un,,,,,other,,none,021
tricolore-1-5th-edition,vingt-huit,,,,,other,,none,021
tricolore-1-5th-edition,vingt-neuf,,,,,other,,none,021
tricolore-1-5th-edition,vingt-quatre,,,,,other,,none,021
tricolore-1-5th-edition,vingt-sept,,,,,other,,none,021
tricolore-1-5th-edition,vingt-six,,,,,other,,none,021
tricolore-1-5th-edition,vingt-trois,,,,,other,,none,021
tricolore-1-5th-edition,zéro,,,,,other,,none,021
tricolore-1-5th-edition,à la maison,at home,,,,phrase,,home,021
tricolore-1-5th-edition,à la montagne,in the mountains,,,,phrase,,home,021
tricolore-1-5th-edition,à Londres,in London,,,,phrase,,travel,021
tricolore-1-5th-edition,août,August,,,,noun,,time-dates,061
tricolore-1-5th-edition,avril,April,,,,noun,,time-dates,061
tricolore-1-5th-edition,baskets,trainers,des,,(f pl),noun,,shopping,061
tricolore-1-5th-edition,Bon anniversaire!,Happy Birthday!,,,,phrase,,communication,061
tricolore-1-5th-edition,Bonne Année!,Happy New Year!,,,,phrase,,communication,061
tricolore-1-5th-edition,Bonne fête!,Best wishes on your Saint's Day!,,,,phrase,,communication,061
tricolore-1-5th-edition,C'est le dix-neuf juillet.,It's the 19th of July.,,,,phrase,,time-dates,061
tricolore-1-5th-edition,C'est le mardi premier juin.,It's Tuesday the first of June.,,,,phrase,,time-dates,061
tricolore-1-5th-edition,C'est le trente août.,It's the 30th of August.,,,,phrase,,time-dates,061
tricolore-1-5th-edition,"C'est quand, le concert/le match?",When is the concert/the match?,,,,phrase,,time-dates,061
tricolore-1-5th-edition,"C'est quand, ton anniversaire?",When is your birthday?,,,,phrase,,time-dates,061
tricolore-1-5th-edition,carte cadeau,gift card/token,une,,,noun,,shopping,061
tricolore-1-5th-edition,casque (audio),headphones,un,,,noun,,shopping,061
tricolore-1-5th-edition,casquette,baseball cap,une,,,noun,,shopping,061
tricolore-1-5th-edition,cent,,,,,other,,none,061
tricolore-1-5th-edition,chaussettes,socks,des,,(f pl),noun,,shopping,061
tricolore-1-5th-edition,chaussures,shoes,des,,(f pl),noun,,shopping,061
tricolore-1-5th-edition,chemise,shirt,une,,,noun,,shopping,061
tricolore-1-5th-edition,cravate,tie,une,,,noun,,shopping,061
tricolore-1-5th-edition,deux-cents,,,,,other,,none,061
tricolore-1-5th-edition,décembre,December,,,,noun,,time-dates,061
tricolore-1-5th-edition,février,February,,,,noun,,time-dates,061
tricolore-1-5th-edition,fête nationale,Bastille Day (14th July),la,,,noun,,time-dates,061
tricolore-1-5th-edition,J'ai reçu un tee-shirt et des chaussures.,I got a T-shirt and some shoes.,,,,phrase,,shopping,061
tricolore-1-5th-edition,J'ai/Il a/Elle a ...,I have/He has/She has ...,,,,phrase,,personal-info,061
tricolore-1-5th-edition,janvier,January,,,,noun,,time-dates,061
tricolore-1-5th-edition,Je/Il/Elle porte des lunettes.,I wear/He/She wears glasses.,,,,phrase,,personal-info,061
tricolore-1-5th-edition,jogging,"jogging trousers, tracksuit bottoms",un,,,noun,,shopping,061
tricolore-1-5th-edition,jour de l'An,New Year's Day,le,,,noun,,time-dates,061
tricolore-1-5th-edition,Joyeuses Pâques!,Happy Easter!,,,,phrase,,communication,061
tricolore-1-5th-edition,Joyeux Noël!,Happy Christmas!,,,,phrase,,communication,061
tricolore-1-5th-edition,juillet,July,,,,noun,,time-dates,061
tricolore-1-5th-edition,juin,June,,,,noun,,time-dates,061
tricolore-1-5th-edition,jupe,skirt,une,,,noun,,shopping,061
tricolore-1-5th-edition,les cheveux blonds.,blonde hair.,,,,phrase,,personal-info,061
tricolore-1-5th-edition,les cheveux châtains.,brown (chestnut brown) hair.,,,,phrase,,personal-info,061
tricolore-1-5th-edition,les cheveux courts.,short hair.,,,,phrase,,personal-info,061
tricolore-1-5th-edition,les cheveux frisés.,curly hair.,,,,phrase,,personal-info,061
tricolore-1-5th-edition,les cheveux longs.,long hair.,,,,phrase,,personal-info,061
tricolore-1-5th-edition,les cheveux noirs.,black hair.,,,,phrase,,personal-info,061
tricolore-1-5th-edition,les cheveux raides.,straight hair.,,,,phrase,,personal-info,061
tricolore-1-5th-edition,les cheveux roux.,red/ginger hair.,,,,phrase,,personal-info,061
tricolore-1-5th-edition,les yeux bleus/gris.,blue/grey eyes.,,,,phrase,,personal-info,061
tricolore-1-5th-edition,les yeux marron/verts.,brown/green eyes.,,,,phrase,,personal-info,061
tricolore-1-5th-edition,mai,May,,,,noun,,time-dates,061
tricolore-1-5th-edition,mardi gras,Shrove Tuesday,,,,noun,,time-dates,061
tricolore-1-5th-edition,mars,March,,,,noun,,time-dates,061
tricolore-1-5th-edition,mois,the months,les,,,noun,,time-dates,061
tricolore-1-5th-edition,novembre,November,,,,noun,,time-dates,061
tricolore-1-5th-edition,Noël,Christmas,,,,noun,,time-dates,061
tricolore-1-5th-edition,octobre,October,,,,noun,,time-dates,061
tricolore-1-5th-edition,pantalon,(pair of) trousers,un,,,noun,,shopping,061
tricolore-1-5th-edition,pull,jumper,un,,,noun,,shopping,061
tricolore-1-5th-edition,Pâques,Easter,,,,noun,,time-dates,061
tricolore-1-5th-edition,Qu'est-ce que tu as reçu comme cadeaux?,What presents did you get?,,,,phrase,,shopping,061
tricolore-1-5th-edition,quatre-vingt-deux,,,,,other,,none,061
tricolore-1-5th-edition,quatre-vingt-dix,,,,,other,,none,061
tricolore-1-5th-edition,quatre-vingt-douze,,,,,other,,none,061
tricolore-1-5th-edition,quatre-vingt-onze,,,,,other,,none,061
tricolore-1-5th-edition,quatre-vingt-un,,,,,other,,none,061
tricolore-1-5th-edition,quatre-vingts,,,,,other,,none,061
tricolore-1-5th-edition,Quelle est la date aujourd'hui?,What's the date today?,,,,phrase,,time-dates,061
tricolore-1-5th-edition,robe,dress,une,,,noun,,shopping,061
tricolore-1-5th-edition,sandales,sandals,des,,(f pl),noun,,shopping,061
tricolore-1-5th-edition,septembre,September,,,,noun,,time-dates,061
tricolore-1-5th-edition,short,(pair of) shorts,un,,,noun,,shopping,061
tricolore-1-5th-edition,soixante-dix,,,,,other,,none,061
tricolore-1-5th-edition,soixante-dix-huit,,,,,other,,none,061
tricolore-1-5th-edition,soixante-dix-neuf,,,,,other,,none,061
tricolore-1-5th-edition,soixante-dix-sept,,,,,other,,none,061
tricolore-1-5th-edition,soixante-douze,,,,,other,,none,061
tricolore-1-5th-edition,soixante-et-onze,,,,,other,,none,061
tricolore-1-5th-edition,soixante-quatorze,,,,,other,,none,061
tricolore-1-5th-edition,soixante-quinze,,,,,other,,none,061
tricolore-1-5th-edition,soixante-seize,,,,,other,,none,061
tricolore-1-5th-edition,soixante-treize,,,,,other,,none,061
tricolore-1-5th-edition,sweat,sweatshirt,un,,,noun,,shopping,061
tricolore-1-5th-edition,tee-shirt,T-shirt,un,,,noun,,shopping,061
tricolore-1-5th-edition,tennis,"tennis shoes, trainers",des,,(f pl),noun,,shopping,061
tricolore-1-5th-edition,trois-cent-soixante,,,,,other,,none,061
tricolore-1-5th-edition,vêtements,clothes,les,,,noun,,shopping,061
tricolore-1-5th-edition,écouteurs,earphones,des,,(m pl),noun,,shopping,061
tricolore-1-5th-edition,@+ (textspeak for À plus tard),See you later,,,,other,,communication,077
tricolore-1-5th-edition,adorer,"to love, adore",,,,verb,,mixed,077
tricolore-1-5th-edition,aimer,"to like, love",,,,verb,,mixed,077
tricolore-1-5th-edition,Amitiés,Best wishes,,,,noun,,communication,077
tricolore-1-5th-edition,arriver,to arrive,,,,verb,,mixed,077
tricolore-1-5th-edition,au printemps,in spring,,,,phrase,,weather,077
tricolore-1-5th-edition,automne (m),autumn,l',m,,noun,,weather,077
tricolore-1-5th-edition,basket,basketball.,le,,,noun,Je joue au basket.,hobby,077
tricolore-1-5th-edition,brouillard,It's foggy.,du,,,noun,Il y a du brouillard.,weather,077
tricolore-1-5th-edition,chaud,It's hot.,,,,adjective,Il fait chaud.,weather,077
tricolore-1-5th-edition,chercher,to look for,,,,verb,,mixed,077
tricolore-1-5th-edition,cliquer,to click,,,,verb,,mixed,077
tricolore-1-5th-edition,détester,to hate,,,,verb,,mixed,077
tricolore-1-5th-edition,en automne,in autumn,,,,phrase,,weather,077
tricolore-1-5th-edition,en hiver,in winter,,,,phrase,,weather,077
tricolore-1-5th-edition,en été,in summer,,,,phrase,,weather,077
tricolore-1-5th-edition,entrer,to enter,,,,verb,,mixed,077
tricolore-1-5th-edition,foot(ball),football.,le,,,noun,Je joue au foot(ball).,hobby,077
tricolore-1-5th-edition,froid,It's cold.,,,,adjective,Il fait froid.,weather,077
tricolore-1-5th-edition,golf,golf.,le,,,noun,Je joue au golf.,hobby,077
tricolore-1-5th-edition,habiter,to live in,,,,verb,,mixed,077
tricolore-1-5th-edition,hiver (m),winter,l',m,,noun,,weather,077
tricolore-1-5th-edition,hockey,hockey.,le,,,noun,Je joue au hockey.,hobby,077
tricolore-1-5th-edition,Il fait beau.,It's fine.,,,,phrase,,weather,077
tricolore-1-5th-edition,Il neige.,It's snowing.,,,,phrase,,weather,077
tricolore-1-5th-edition,Il pleut.,It's raining.,,,,phrase,,weather,077
tricolore-1-5th-edition,J'écoute de la musique.,I listen to music.,,,,phrase,,hobby,077
tricolore-1-5th-edition,J'écris des textos/messages.,I write some texts/messages.,,,,phrase,,hobby,077
tricolore-1-5th-edition,Je chante.,I sing.,,,,phrase,,hobby,077
tricolore-1-5th-edition,Je danse.,I dance.,,,,phrase,,hobby,077
tricolore-1-5th-edition,Je dessine.,I draw.,,,,phrase,,hobby,077
tricolore-1-5th-edition,Je discute avec mes amis.,I chat with my friends.,,,,phrase,,hobby,077
tricolore-1-5th-edition,Je joue au badminton.,I play badminton.,,,,phrase,,hobby,077
tricolore-1-5th-edition,Je joue sur la console de jeux.,I use the playstation.,,,,phrase,,hobby,077
tricolore-1-5th-edition,Je joue/travaille sur l'ordinateur.,I play/work on the computer.,,,,phrase,,hobby,077
tricolore-1-5th-edition,Je range ma chambre.,I tidy up my room.,,,,phrase,,hobby,077
tricolore-1-5th-edition,Je regarde mes e-mails/textos/messages,I look at my emails/texts/messages,,,,phrase,,hobby,077
tricolore-1-5th-edition,Je regarde un film.,I watch a film.,,,,phrase,,hobby,077
tricolore-1-5th-edition,Je reste à la maison.,I stay at home.,,,,phrase,,hobby,077
tricolore-1-5th-edition,Je retrouve mes amis.,I meet up with my friends.,,,,phrase,,hobby,077
tricolore-1-5th-edition,Je surfe sur Internet.,I surf the Internet.,,,,phrase,,hobby,077
tricolore-1-5th-edition,Je travaille.,I work.,,,,phrase,,hobby,077
tricolore-1-5th-edition,Je téléphone à un(e) ami(e).,I phone a friend.,,,,phrase,,hobby,077
tricolore-1-5th-edition,jouer,to play,,,,verb,,mixed,077
tricolore-1-5th-edition,mauvais,The weather's bad.,,,,adjective,Il fait mauvais.,weather,077
tricolore-1-5th-edition,normalement,usually,,,,adverb,,daily-routine,077
tricolore-1-5th-edition,On joue aux cartes.,We play cards.,,,,phrase,,hobby,077
tricolore-1-5th-edition,On joue à des jeux vidéo.,We play computer games.,,,,phrase,,hobby,077
tricolore-1-5th-edition,penser,to think,,,,verb,,mixed,077
tricolore-1-5th-edition,printemps,spring,le,,,noun,,weather,077
tricolore-1-5th-edition,Qu'est-ce que tu fais le weekend?,What do you do at weekends?,,,,phrase,,hobby,077
tricolore-1-5th-edition,Qu'est-ce que tu fais quand il fait mauvais?,What do you do when the weather's bad?,,,,phrase,,hobby,077
tricolore-1-5th-edition,Qu'est-ce que tu fais?,What are you doing?,,,,phrase,,hobby,077
tricolore-1-5th-edition,Quel temps fait-il?,What's the weather like?,,,,phrase,,weather,077
tricolore-1-5th-edition,quelquefois,sometimes,,,,adverb,,daily-routine,077
tricolore-1-5th-edition,radio,the radio.,la,,,noun,J'écoute la radio.,hobby,077
tricolore-1-5th-edition,regarder,"to watch, look at",,,,verb,,mixed,077
tricolore-1-5th-edition,rentrer,to come back,,,,verb,,mixed,077
tricolore-1-5th-edition,rester,to stay,,,,verb,,mixed,077
tricolore-1-5th-edition,rugby,rugby.,le,,,noun,Je joue au rugby.,hobby,077
tricolore-1-5th-edition,soleil,It's sunny.,du,,,noun,Il y a du soleil.,weather,077
tricolore-1-5th-edition,souvent,often,,,,adverb,,daily-routine,077
tricolore-1-5th-edition,surfer,to surf,,,,verb,,mixed,077
tricolore-1-5th-edition,taper,to type,,,,verb,,mixed,077
tricolore-1-5th-edition,tennis,tennis.,le,,,noun,Je joue au tennis.,hobby,077
tricolore-1-5th-edition,tennis de table,table tennis.,le,,,noun,Je joue au tennis de table.,hobby,077
tricolore-1-5th-edition,Ton ami(e),Your friend,,,,phrase,,communication,077
tricolore-1-5th-edition,travailler,to work,,,,verb,,mixed,077
tricolore-1-5th-edition,télé,TV.,la,,,noun,Je regarde la télé.,hobby,077
tricolore-1-5th-edition,téléphoner,to phone,,,,verb,,mixed,077
tricolore-1-5th-edition,vent,It's windy.,du,,,noun,Il y a du vent.,weather,077
tricolore-1-5th-edition,volley,volleyball.,le,,,noun,Je joue au volley.,hobby,077
tricolore-1-5th-edition,À bientôt,See you soon,,,,phrase,,communication,077
tricolore-1-5th-edition,écouter,to listen to,,,,verb,,mixed,077
tricolore-1-5th-edition,été (m),summer,l',m,,noun,,weather,077
tricolore-1-5th-edition,aquarium,aquarium,un,,,noun,,city-places,093
tricolore-1-5th-edition,auberge de jeunesse,youth hostel,une,,,noun,,city-places,093
tricolore-1-5th-edition,banque,bank,une,,,noun,,city-places,093
tricolore-1-5th-edition,bibliothèque,library,une,,,noun,,city-places,093
tricolore-1-5th-edition,bowling,bowling alley,un,,,noun,,city-places,093
tricolore-1-5th-edition,bâtiments religieux,religious buildings,des,,,noun,,city-places,093
tricolore-1-5th-edition,C'est assez loin.,It's quite a long way away.,,,,phrase,,city-places,093
tricolore-1-5th-edition,C'est derrière l'église.,It's behind the church.,,,,phrase,,city-places,093
tricolore-1-5th-edition,C'est devant l'église.,It's in front of the church.,,,,phrase,,city-places,093
tricolore-1-5th-edition,C'est entre le cinéma et le café.,It's between the cinema and the café.,,,,phrase,,city-places,093
tricolore-1-5th-edition,C'est loin.,It's a long way.,,,,phrase,,city-places,093
tricolore-1-5th-edition,C'est loin?,Is it far?,,,,phrase,,city-places,093
tricolore-1-5th-edition,C'est tout près.,It's very near.,,,,phrase,,city-places,093
tricolore-1-5th-edition,C'est à 50 mètres.,It's 50 metres away.,,,,phrase,,city-places,093
tricolore-1-5th-edition,C'est à côté de la poste.,It's next to the post office.,,,,phrase,,city-places,093
tricolore-1-5th-edition,C'est à côté du cinéma.,It's next to the cinema.,,,,phrase,,city-places,093
tricolore-1-5th-edition,camping,campsite,un,,,noun,,city-places,093
tricolore-1-5th-edition,cathédrale,cathedral,une,,,noun,,city-places,093
tricolore-1-5th-edition,Ce n'est pas loin.,It's not far.,,,,phrase,,city-places,093
tricolore-1-5th-edition,centre commercial,shopping centre,un,,,noun,,city-places,093
tricolore-1-5th-edition,centre sportif,sports centre,un,,,noun,,city-places,093
tricolore-1-5th-edition,château,castle,un,,,noun,,city-places,093
tricolore-1-5th-edition,Continuez tout droit.,Continue straight on.,,,,phrase,,city-places,093
tricolore-1-5th-edition,Est-ce qu'il y a un café près d'ici?,Is there a café near here?,,,,phrase,,city-places,093
tricolore-1-5th-edition,gare,station,une,,,noun,,city-places,093
tricolore-1-5th-edition,Grosse-Horloge,the big clock tower (in La Rochelle),la,,,noun,,city-places,093
tricolore-1-5th-edition,hôpital,hospital,un,,,noun,,city-places,093
tricolore-1-5th-edition,hôtel,hotel,un,,,noun,,city-places,093
tricolore-1-5th-edition,hôtel de ville,town hall,un,,,noun,,city-places,093
tricolore-1-5th-edition,Il va à la gare.,He's going to the station.,,,,phrase,,travel,093
tricolore-1-5th-edition,Ils vont aux magasins.,They are going to the shops.,,,,phrase,,travel,093
tricolore-1-5th-edition,Je vais à Paris.,I'm going to Paris.,,,,phrase,,travel,093
tricolore-1-5th-edition,magasin,shop,un,,,noun,,city-places,093
tricolore-1-5th-edition,marché,market,un,,,noun,,city-places,093
tricolore-1-5th-edition,mosquée,mosque,une,,,noun,,city-places,093
tricolore-1-5th-edition,musée,museum,un,,,noun,,city-places,093
tricolore-1-5th-edition,Nous allons à l'hôpital.,We're going to the hospital.,,,,phrase,,travel,093
tricolore-1-5th-edition,office de tourisme,tourist office,un,,,noun,,city-places,093
tricolore-1-5th-edition,parc,park,un,,,noun,,city-places,093
tricolore-1-5th-edition,"Pardon, monsieur/madame.","Excuse me, sir/madam.",,,,phrase,,city-places,093
tricolore-1-5th-edition,parking,car park,un,,,noun,,city-places,093
tricolore-1-5th-edition,patinoire,skating rink,une,,,noun,,city-places,093
tricolore-1-5th-edition,piscine,swimming pool,une,,,noun,,city-places,093
tricolore-1-5th-edition,place,square,une,,,noun,,city-places,093
tricolore-1-5th-edition,poste,post office,une,,,noun,,city-places,093
tricolore-1-5th-edition,"Pour aller au centre-ville, s'il vous plaît?","How do you get to the town centre, please?",,,,phrase,,city-places,093
tricolore-1-5th-edition,Prenez la première (1ère) rue à gauche.,Take the first road on the left.,,,,phrase,,city-places,093
tricolore-1-5th-edition,restaurant,restaurant,un,,,noun,,city-places,093
tricolore-1-5th-edition,synagogue,synagogue,une,,,noun,,city-places,093
tricolore-1-5th-edition,temple,temple,un,,,noun,,city-places,093
tricolore-1-5th-edition,terrain de football,football pitch,un,,,noun,,city-places,093
tricolore-1-5th-edition,théâtre,theatre,un,,,noun,,city-places,093
tricolore-1-5th-edition,tour,tower,une,,,noun,,city-places,093
tricolore-1-5th-edition,Tournez à droite.,Turn to the right.,,,,phrase,,city-places,093
tricolore-1-5th-edition,tout droit,straight on,,,,adverb,,city-places,093
tricolore-1-5th-edition,Tu vas au parc?,Are you going to the park?,,,,phrase,,travel,093
tricolore-1-5th-edition,à droite,on the right,,,,adverb,,city-places,093
tricolore-1-5th-edition,à gauche,on the left,,,,adverb,,city-places,093
tricolore-1-5th-edition,église,church,une,,,noun,,city-places,093
tricolore-1-5th-edition,... cinq,,,,,phrase,,time-dates,111
tricolore-1-5th-edition,... dix,,,,,phrase,,time-dates,111
tricolore-1-5th-edition,... et demie,,,,,phrase,,time-dates,111
tricolore-1-5th-edition,... et quart,,,,,phrase,,time-dates,111
tricolore-1-5th-edition,... moins cinq,,,,,phrase,,time-dates,111
tricolore-1-5th-edition,... moins dix,,,,,phrase,,time-dates,111
tricolore-1-5th-edition,... moins le quart,,,,,phrase,,time-dates,111
tricolore-1-5th-edition,... moins vingt,,,,,phrase,,time-dates,111
tricolore-1-5th-edition,... moins vingt-cinq,,,,,phrase,,time-dates,111
tricolore-1-5th-edition,... vingt,,,,,phrase,,time-dates,111
tricolore-1-5th-edition,... vingt-cinq,,,,,phrase,,time-dates,111
tricolore-1-5th-edition,allemand (m),German,l',m,,noun,,school,111
tricolore-1-5th-edition,amusant,fun,,,,adjective,C'est amusant.,school,111
tricolore-1-5th-edition,anglais,English,l',,,noun,,school,111
tricolore-1-5th-edition,après-midi,in the afternoon,l',,,noun,,time-dates,111
tricolore-1-5th-edition,assez,quite,,,,adverb,,none,111
tricolore-1-5th-edition,C'est ...,It's ...,,,,phrase,,school,111
tricolore-1-5th-edition,dessin,art,le,,,noun,,school,111
tricolore-1-5th-edition,difficile,difficult,,,,adjective,C'est difficile.,school,111
tricolore-1-5th-edition,déjeuner,lunch,le,,,noun,,food,111
tricolore-1-5th-edition,dîner,dinner (evening meal),le,,,noun,,food,111
tricolore-1-5th-edition,ennuyeux,boring,,,,adjective,C'est ennuyeux.,school,111
tricolore-1-5th-edition,EPS (éducation physique et sportive) (f),PE,l',f,,noun,,school,111
tricolore-1-5th-edition,espagnol (m),Spanish,l',m,,noun,,school,111
tricolore-1-5th-edition,facile,easy,,,,adjective,C'est facile.,school,111
tricolore-1-5th-edition,français,French,le,,,noun,,school,111
tricolore-1-5th-edition,goûter,afternoon snack,le,,,noun,,food,111
tricolore-1-5th-edition,génial,brilliant,,,,adjective,C'est génial.,school,111
tricolore-1-5th-edition,géographie,geography,la,,,noun,,school,111
tricolore-1-5th-edition,histoire (f),history,l',f,,noun,,school,111
tricolore-1-5th-edition,Il est midi et demi.,,,,,phrase,,time-dates,111
tricolore-1-5th-edition,Il est midi.,,,,,phrase,,time-dates,111
tricolore-1-5th-edition,Il est minuit et demi.,,,,,phrase,,time-dates,111
tricolore-1-5th-edition,Il est minuit.,,,,,phrase,,time-dates,111
tricolore-1-5th-edition,informatique (f),ICT,l',f,,noun,,school,111
tricolore-1-5th-edition,intéressant,interesting,,,,adjective,C'est intéressant.,school,111
tricolore-1-5th-edition,J'arrive au collège à ...,I arrive at school at ...,,,,phrase,,daily-routine,111
tricolore-1-5th-edition,Je commence mes devoirs à ...,I start my homework at ...,,,,phrase,,daily-routine,111
tricolore-1-5th-edition,Je m'appelle ...,I'm called ('I call myself') ...,,,,phrase,,personal-info,111
tricolore-1-5th-edition,je mange des sandwichs.,I eat sandwiches.,,,,phrase,,daily-routine,111
tricolore-1-5th-edition,je mange à la cantine.,I eat in the canteen.,,,,phrase,,daily-routine,111
tricolore-1-5th-edition,Je me couche ...,I go to bed ('I lay myself down') ...,,,,phrase,,daily-routine,111
tricolore-1-5th-edition,Je me lève ...,I get up ('I get myself up') ...,,,,phrase,,daily-routine,111
tricolore-1-5th-edition,Je rentre à la maison à ...,I get home at ...,,,,phrase,,daily-routine,111
tricolore-1-5th-edition,Je vais au lit à ... / Je me couche à ...,I go to bed at ...,,,,phrase,,daily-routine,111
tricolore-1-5th-edition,journée typique,a typical day,une,,,noun,,daily-routine,111
tricolore-1-5th-edition,"Le matin, je prends mon petit déjeuner à ...","In the morning, I have breakfast at ...",,,,phrase,,daily-routine,111
tricolore-1-5th-edition,"Le soir, on mange à ...","In the evening, we eat at ...",,,,phrase,,daily-routine,111
tricolore-1-5th-edition,Les cours commencent à ...,Lessons start at ...,,,,phrase,,daily-routine,111
tricolore-1-5th-edition,"leur, leurs",their (see page 105),,,,other,,none,111
tricolore-1-5th-edition,maths,maths,les,,(f pl),noun,,school,111
tricolore-1-5th-edition,matin,in the morning,le,,,noun,,time-dates,111
tricolore-1-5th-edition,musique,music,la,,,noun,,school,111
tricolore-1-5th-edition,"notre, nos",our (see page 104),,,,other,,none,111
tricolore-1-5th-edition,nuit,at night,la,,,noun,,time-dates,111
tricolore-1-5th-edition,nul,"useless, rubbish",,,,adjective,C'est nul.,school,111
tricolore-1-5th-edition,parce que,because,,,,other,,none,111
tricolore-1-5th-edition,petit déjeuner,breakfast,le,,,noun,,food,111
tricolore-1-5th-edition,pourquoi,why,,,,adverb,,none,111
tricolore-1-5th-edition,Quelle heure est-il?,What's the time?,,,,phrase,,time-dates,111
tricolore-1-5th-edition,repas,a meal,un,,,noun,,food,111
tricolore-1-5th-edition,sa matière préférée,his/her favourite subject,,,,phrase,,school,111
tricolore-1-5th-edition,sciences,science,les,,(f pl),noun,,school,111
tricolore-1-5th-edition,ses affaires,his/her/its things,,,,phrase,,none,111
tricolore-1-5th-edition,soir,in the evening,le,,,noun,,time-dates,111
tricolore-1-5th-edition,son anniversaire,his/her/its birthday,,,,phrase,,family,111
tricolore-1-5th-edition,"son, sa, ses","his, her, its (see page 103)",,,,other,,none,111
tricolore-1-5th-edition,sport,sport,le,,,noun,,school,111
tricolore-1-5th-edition,super,great,,,,adjective,C'est super.,school,111
tricolore-1-5th-edition,SVT (Sciences de la Vie et de la Terre),natural sciences,les,,,noun,,school,111
tricolore-1-5th-edition,sympa,"nice, good",,,,adjective,C'est sympa.,school,111
tricolore-1-5th-edition,technologie,technology,la,,,noun,,school,111
tricolore-1-5th-edition,très,very,,,,adverb,,none,111
tricolore-1-5th-edition,un peu,a bit,,,,adverb,,none,111
tricolore-1-5th-edition,utile,useful,,,,adjective,C'est utile.,school,111
tricolore-1-5th-edition,"votre, vos",your (see page 104),,,,other,,none,111
tricolore-1-5th-edition,vraiment,really,,,,adverb,,none,111
tricolore-1-5th-edition,"À midi, ...","At midday, ...",,,,phrase,,daily-routine,111
tricolore-1-5th-edition,éducation civique (f),citizenship,l',f,,noun,,school,111
tricolore-1-5th-edition,ananas,pineapple,un,,,noun,,food,125
tricolore-1-5th-edition,banane,banana,une,,,noun,,food,125
tricolore-1-5th-edition,beurre,butter,du,,,noun,,food,125
tricolore-1-5th-edition,boissons chaudes,hot drinks,des,,(f pl),noun,,food,125
tricolore-1-5th-edition,boissons froides,cold drinks,des,,(f pl),noun,,food,125
tricolore-1-5th-edition,bon pour la santé,good for your health,,,,phrase,,health,125
tricolore-1-5th-edition,bonbons,sweets,des,,(m pl),noun,,health,125
tricolore-1-5th-edition,brocolis,broccoli,des,,(m pl),noun,,food,125
tricolore-1-5th-edition,C'est (très) bon/délicieux.,It's (very) nice/delicious.,,,,phrase,,food,125
tricolore-1-5th-edition,café,coffee,du,,,noun,,food,125
tricolore-1-5th-edition,carottes,carrots,des,,(f pl),noun,,food,125
tricolore-1-5th-edition,chips,crisps,des,,(m pl),noun,,food,125
tricolore-1-5th-edition,chocolat chaud,hot chocolate,un,,,noun,,food,125
tricolore-1-5th-edition,chou,a cabbage,un,,,noun,,food,125
tricolore-1-5th-edition,chou-fleur,a cauliflower,un,,,noun,,food,125
tricolore-1-5th-edition,coca,cola,du,,,noun,,food,125
tricolore-1-5th-edition,confiture,jam,de la,,,noun,,food,125
tricolore-1-5th-edition,confiture d'oranges,marmalade,de la,,,noun,,food,125
tricolore-1-5th-edition,croissants,croissants,des,,(m pl),noun,,food,125
tricolore-1-5th-edition,croustillant,crusty,,,,adjective,,food,125
tricolore-1-5th-edition,céréales,cereal,des,,(f pl),noun,,food,125
tricolore-1-5th-edition,desserts,desserts/sweets,des,,(m pl),noun,,food,125
tricolore-1-5th-edition,"Désolé(e), mais je n'aime pas beaucoup ça.",I'm sorry but I don't like that much.,,,,phrase,,food,125
tricolore-1-5th-edition,eau (minérale) (f),(mineral) water,de l',f,,noun,,food,125
tricolore-1-5th-edition,Encore du/de la/de l'/des … ?,Some more … ?,,,,phrase,,food,125
tricolore-1-5th-edition,fraise,strawberry,une,,,noun,,food,125
tricolore-1-5th-edition,framboise,raspberry,une,,,noun,,food,125
tricolore-1-5th-edition,frites,chips,des,,(f pl),noun,,food,125
tricolore-1-5th-edition,fromage,cheese,du,,,noun,,food,125
tricolore-1-5th-edition,fruits,fruit,des,,(m pl),noun,,food,125
tricolore-1-5th-edition,glace,ice cream,une,,,noun,,food,125
tricolore-1-5th-edition,gâteau,cake,un,,,noun,,food,125
tricolore-1-5th-edition,haricots verts,French beans,des,,(m pl),noun,,food,125
tricolore-1-5th-edition,hors-d'œuvre,starter,un,,,noun,,food,125
tricolore-1-5th-edition,J'aime (beaucoup) le/la/les …,I (really) like …,,,,phrase,,food,125
tricolore-1-5th-edition,jambon,ham,du,,,noun,,food,125
tricolore-1-5th-edition,jus de fruit,fruit juice,du,,,noun,,food,125
tricolore-1-5th-edition,lait,milk,du,,,noun,,food,125
tricolore-1-5th-edition,limonade,lemonade,de la,,,noun,,food,125
tricolore-1-5th-edition,légumes,vegetables,des,,(m pl),noun,,food,125
tricolore-1-5th-edition,melon,melon,un,,,noun,,food,125
tricolore-1-5th-edition,"Merci, j'ai assez mangé.","No thank you, I've had enough.",,,,phrase,,food,125
tricolore-1-5th-edition,"Non, merci.","No, thank you.",,,,phrase,,food,125
tricolore-1-5th-edition,oignon,an onion,un,,,noun,,food,125
tricolore-1-5th-edition,omelette (f),omelette,de l',f,,noun,,food,125
tricolore-1-5th-edition,orange,orange,une,,,noun,,food,125
tricolore-1-5th-edition,"Oui, je veux bien.","Yes, I would like some.",,,,phrase,,food,125
tricolore-1-5th-edition,"Oui, s'il vous plaît.","Yes, please.",,,,phrase,,food,125
tricolore-1-5th-edition,pain,bread,du,,,noun,,food,125
tricolore-1-5th-edition,pain grillé,toast,du,,,noun,,food,125
tricolore-1-5th-edition,pas trop,not too much,,,,adverb,,health,125
tricolore-1-5th-edition,petits pois,peas,des,,(m pl),noun,,food,125
tricolore-1-5th-edition,pizza,pizza,de la,,,noun,,food,125
tricolore-1-5th-edition,plat principal,main course,le,,,noun,,food,125
tricolore-1-5th-edition,poire,pear,une,,,noun,,food,125
tricolore-1-5th-edition,poisson,fish,du,,,noun,,food,125
tricolore-1-5th-edition,pomme,apple,une,,,noun,,food,125
tricolore-1-5th-edition,pommes de terre,potatoes,des,,(f pl),noun,,food,125
tricolore-1-5th-edition,potage,soup,du,,,noun,,food,125
tricolore-1-5th-edition,poulet,chicken,du,,,noun,,food,125
tricolore-1-5th-edition,pâté,pâté,du,,,noun,,food,125
tricolore-1-5th-edition,pêche,peach,une,,,noun,,food,125
tricolore-1-5th-edition,raisins,grapes,des,,(m pl),noun,,food,125
tricolore-1-5th-edition,repas,a meal,un,,,noun,,food,125
tricolore-1-5th-edition,riz,rice,du,,,noun,,food,125
tricolore-1-5th-edition,salade,lettuce/salad,de la,,,noun,,food,125
tricolore-1-5th-edition,sel,salt,le,,,noun,,health,125
tricolore-1-5th-edition,sucre,sugar,du,,,noun,,food,125
tricolore-1-5th-edition,sucreries,sweet things,des,,(f pl),noun,,health,125
tricolore-1-5th-edition,surtout,especially,,,,adverb,,health,125
tricolore-1-5th-edition,tarte aux pommes,apple tart,une,,,noun,,food,125
tricolore-1-5th-edition,tartines,bread and butter,des,,(f pl),noun,,food,125
tricolore-1-5th-edition,thé,tea,du,,,noun,,food,125
tricolore-1-5th-edition,toasts,toast,des,,(m pl),noun,,food,125
tricolore-1-5th-edition,tomate,tomato,une,,,noun,,food,125
tricolore-1-5th-edition,un peu,a little,,,,adverb,,health,125
tricolore-1-5th-edition,viande,meat,de la,,,noun,,food,125
tricolore-1-5th-edition,vin rouge/blanc,red/white wine,du,,,noun,,food,125
tricolore-1-5th-edition,yaourt,yoghurt,un,,,noun,,food,125
tricolore-1-5th-edition,œuf (à la coque),(boiled) egg,un,,,noun,,food,125
tricolore-1-5th-edition,œufs au bacon,bacon and egg,des,,(m pl),noun,,food,125
tricolore-1-5th-edition,après-midi,in the afternoon,l',,,noun,,time-dates,141
tricolore-1-5th-edition,au basket.,basketball.,,,,phrase,Je joue au basket.,hobby,141
tricolore-1-5th-edition,au volley.,volleyball.,,,,phrase,Je joue au volley.,hobby,141
tricolore-1-5th-edition,aux cartes.,cards.,,,,phrase,Je joue aux cartes.,hobby,141
tricolore-1-5th-edition,aux échecs.,chess.,,,,phrase,Je joue aux échecs.,hobby,141
tricolore-1-5th-edition,C'est gratuit ...,It's free ...,,,,phrase,,vacation,141
tricolore-1-5th-edition,C'est ouvert ... (tous les jours en été).,It's open ... (every day in summer).,,,,phrase,,vacation,141
tricolore-1-5th-edition,C'est pour ... (les enfants et les adultes).,It's for ... (children and adults).,,,,phrase,,vacation,141
tricolore-1-5th-edition,C'est situé près de … (Paris).,It's near ... (Paris).,,,,phrase,,vacation,141
tricolore-1-5th-edition,d'abord,first of all,,,,adverb,,daily-routine,141
tricolore-1-5th-edition,de l'équitation.,go horse-riding.,,,,phrase,Je fais de l'équitation.,hobby,141
tricolore-1-5th-edition,de la batterie.,the drums.,,,,phrase,Je joue de la batterie.,hobby,141
tricolore-1-5th-edition,de la danse,go dancing.,,,,phrase,Je fais de la danse.,hobby,141
tricolore-1-5th-edition,de la flûte.,the flute.,,,,phrase,Je joue de la flûte.,hobby,141
tricolore-1-5th-edition,de la guitare.,the guitar.,,,,phrase,Je joue de la guitare.,hobby,141
tricolore-1-5th-edition,de la gymnastique.,do gymnastics.,,,,phrase,Je fais de la gymnastique.,hobby,141
tricolore-1-5th-edition,de la natation.,go swimming.,,,,phrase,Je fais de la natation.,hobby,141
tricolore-1-5th-edition,de la peinture.,paint.,,,,phrase,Je fais de la peinture.,hobby,141
tricolore-1-5th-edition,de la photo.,take photos.,,,,phrase,Je fais de la photo.,hobby,141
tricolore-1-5th-edition,de la planche à voile.,go wind-surfing.,,,,phrase,Je fais de la planche à voile.,hobby,141
tricolore-1-5th-edition,de la voile.,go sailing.,,,,phrase,Je fais de la voile.,hobby,141
tricolore-1-5th-edition,des promenades.,go walking.,,,,phrase,Je fais des promenades.,hobby,141
tricolore-1-5th-edition,dix-huit heures,,,,,other,,time-dates,141
tricolore-1-5th-edition,dix-neuf heures,,,,,other,,time-dates,141
tricolore-1-5th-edition,dix-sept heures,,,,,other,,time-dates,141
tricolore-1-5th-edition,du clavier.,the keyboard.,,,,phrase,Je joue du clavier.,hobby,141
tricolore-1-5th-edition,du cyclisme/du vélo.,go cycling.,,,,phrase,Je fais du cyclisme/du vélo.,hobby,141
tricolore-1-5th-edition,du dessin.,draw.,,,,phrase,Je fais du dessin.,hobby,141
tricolore-1-5th-edition,du piano.,the piano.,,,,phrase,Je joue du piano.,hobby,141
tricolore-1-5th-edition,du roller.,go roller blading.,,,,phrase,Je fais du roller.,hobby,141
tricolore-1-5th-edition,du skate.,go skate-boarding.,,,,phrase,Je fais du skate.,hobby,141
tricolore-1-5th-edition,du ski.,go skiing.,,,,phrase,Je fais du ski.,hobby,141
tricolore-1-5th-edition,du théâtre.,do drama.,,,,phrase,Je fais du théâtre.,hobby,141
tricolore-1-5th-edition,du violon.,the violin.,,,,phrase,Je joue du violon.,hobby,141
tricolore-1-5th-edition,du VTT.,go mountain-biking.,,,,phrase,Je fais du VTT.,hobby,141
tricolore-1-5th-edition,ensuite,next,,,,adverb,,daily-routine,141
tricolore-1-5th-edition,Est-ce que tu aimes la musique?,Do you like music?,,,,phrase,,hobby,141
tricolore-1-5th-edition,Est-ce que tu aimes le sport?,Do you like sport?,,,,phrase,,hobby,141
tricolore-1-5th-edition,Est-ce que tu fais autre chose?,Do you do anything else?,,,,phrase,,hobby,141
tricolore-1-5th-edition,J'ai fait ... (de la natation).,I did ... (some swimming).,,,,phrase,,hobby,141
tricolore-1-5th-edition,J'ai joué ... (au football).,I played ... (football).,,,,phrase,,hobby,141
tricolore-1-5th-edition,"J'aime la musique, mais je ne joue pas d'un instrument.","I like music, but I don't play an instrument.",,,,phrase,,hobby,141
tricolore-1-5th-edition,J'aime lire.,I like reading.,,,,phrase,,hobby,141
tricolore-1-5th-edition,Je suis allé(e) ... (au cinéma).,I went ... (to the cinema).,,,,phrase,,hobby,141
tricolore-1-5th-edition,L'entrée coûte... (35 euros).,It costs ... (35 euros) to go in.,,,,phrase,,vacation,141
tricolore-1-5th-edition,la semaine dernière,last week,,,,phrase,,time-dates,141
tricolore-1-5th-edition,le weekend dernier,last weekend,,,,phrase,,time-dates,141
tricolore-1-5th-edition,matin,in the morning,le,,,noun,,time-dates,141
tricolore-1-5th-edition,parc d'attractions,theme park,un,,,noun,,vacation,141
tricolore-1-5th-edition,plus tard,later,,,,adverb,,daily-routine,141
tricolore-1-5th-edition,puis,"then, next",,,,adverb,,daily-routine,141
tricolore-1-5th-edition,quatorze heures,,,,,other,,time-dates,141
tricolore-1-5th-edition,quinze heures,,,,,other,,time-dates,141
tricolore-1-5th-edition,samedi dernier,last Saturday,,,,phrase,,time-dates,141
tricolore-1-5th-edition,seize heures,,,,,other,,time-dates,141
tricolore-1-5th-edition,soir,in the evening,le,,,noun,,time-dates,141
tricolore-1-5th-edition,sur l'ordinateur.,on the computer.,,,,phrase,Je joue sur l'ordinateur.,hobby,141
tricolore-1-5th-edition,treize heures,,,,,other,,time-dates,141
tricolore-1-5th-edition,Tu as passé un bon weekend?,Did you have a good weekend?,,,,phrase,,hobby,141
tricolore-1-5th-edition,vingt heures,,,,,other,,time-dates,141
tricolore-1-5th-edition,vingt-deux heures,,,,,other,,time-dates,141
tricolore-1-5th-edition,vingt-et-une heures,,,,,other,,time-dates,141
tricolore-1-5th-edition,vingt-quatre heures/zéro heure,,,,,other,,time-dates,141
tricolore-1-5th-edition,vingt-trois heures,,,,,other,,time-dates,141
tricolore-1-5th-edition,à des jeux vidéo.,computer games.,,,,phrase,Je joue à des jeux vidéo.,hobby,141
tricolore-1-5th-edition,a,he/she has (from avoir see p.57),,,,verb,,none,169
tricolore-1-5th-edition,abord,"first, at first",,,,adverb,,none,169
tricolore-1-5th-edition,abricot,apricot,un,,,noun,,food,169
tricolore-1-5th-edition,absent,"absent, not there",,,,adjective,,none,169
tricolore-1-5th-edition,accord,"okay, agreed, all right",,,,phrase,,none,169
tricolore-1-5th-edition,acheter,to buy,,,,verb,,shopping,169
tricolore-1-5th-edition,activité,activity,une,,,noun,,hobby,169
tricolore-1-5th-edition,adorer,"to adore, love",,,,verb,,none,169
tricolore-1-5th-edition,adresse,address,une,,,noun,,personal-info,169
tricolore-1-5th-edition,affaires (f pl),"things, belongings",les,f pl,,noun,,none,169
tricolore-1-5th-edition,affiche,poster,une,,,noun,,none,169
tricolore-1-5th-edition,agneau (m),lamb,l',m,,noun,,food,169
tricolore-1-5th-edition,agréable,pleasant,,,,adjective,,none,169
tricolore-1-5th-edition,ai,I have (from avoir see p.57),j',,,verb,,none,169
tricolore-1-5th-edition,aider,to help,,,,verb,,none,169
tricolore-1-5th-edition,aigre,"sour, bitter",,,,adjective,,food,169
tricolore-1-5th-edition,aimer,to like,,,,verb,,none,169
tricolore-1-5th-edition,air,he/she seems,,,,phrase,,none,169
tricolore-1-5th-edition,ajouter,to add,,,,verb,,none,169
tricolore-1-5th-edition,Allemagne (f),Germany,l',f,,noun,,none,169
tricolore-1-5th-edition,allemand,Germany,,,,adjective,,none,169
tricolore-1-5th-edition,aller,to go,,,,verb,,travel,169
tricolore-1-5th-edition,aller à la pêche,to go fishing,,,,phrase,,hobby,169
tricolore-1-5th-edition,allez!,come on! (from aller),,,,phrase,,none,169
tricolore-1-5th-edition,allumer,"to light, switch on",,,,verb,,home,169
tricolore-1-5th-edition,alors,"so, therefore, well",,,,adverb,,none,169
tricolore-1-5th-edition,ami(e),friend,un(e),,,noun,,family,169
tricolore-1-5th-edition,amitiés,(at end of letter) best wishes,,,,phrase,,communication,169
tricolore-1-5th-edition,amusant,"amusing, enjoyable, fun",,,,adjective,,none,169
tricolore-1-5th-edition,amuse-toi bien!,have a good time!,,,,phrase,,none,169
tricolore-1-5th-edition,an,year,un,,,noun,,time-dates,169
tricolore-1-5th-edition,ananas,pineapple,un,,,noun,,food,169
tricolore-1-5th-edition,anglais,English,,,,adjective,,none,169
tricolore-1-5th-edition,Angleterre (f),England,l',f,,noun,,travel,169
tricolore-1-5th-edition,animal (pl des animaux),animal,un,,des animaux,noun,,none,169
tricolore-1-5th-edition,anniversaire,birthday,un,,,noun,,time-dates,169
tricolore-1-5th-edition,annonce,advert,une,,,noun,,communication,169
tricolore-1-5th-edition,année,year,une,,,noun,,time-dates,169
tricolore-1-5th-edition,août,August,,,,noun,,time-dates,169
tricolore-1-5th-edition,appareil,"on the phone, speaking",à l',,,phrase,,communication,169
tricolore-1-5th-edition,appareil électrique,electric appliance,un,,,noun,,home,169
tricolore-1-5th-edition,appareil-photo,camera,un,,,noun,,hobby,169
tricolore-1-5th-edition,appartement,flat,un,,,noun,,home,169
tricolore-1-5th-edition,appelle,his/her name is ... (from s'appeler),il/elle s',,,verb,,personal-info,169
tricolore-1-5th-edition,appelle ...,my name is ...,je m',,,verb,,personal-info,169
tricolore-1-5th-edition,apporter,to bring,,,,verb,,none,169
tricolore-1-5th-edition,apprendre,to learn,,,,verb,,school,169
tricolore-1-5th-edition,après,after(wards),,,,adverb,,none,169
tricolore-1-5th-edition,après-midi (m),(in the) afternoon(s),l',m,,noun,,time-dates,169
tricolore-1-5th-edition,aquarium,aquarium,un,,,noun,,city-places,169
tricolore-1-5th-edition,arbre,tree,un,,,noun,,none,169
tricolore-1-5th-edition,arcades,with arcades,à,,,phrase,,city-places,169
tricolore-1-5th-edition,argent (m),money,l',m,,noun,,shopping,169
tricolore-1-5th-edition,arriver,to arrive,,,,verb,,travel,169
tricolore-1-5th-edition,arrêt d'autobus,bus stop,un,,,noun,,city-places,169
tricolore-1-5th-edition,arrête,(it) stops (from s'arrêter),il/elle s',,,verb,,travel,169
tricolore-1-5th-edition,as,you have (from avoir see p.57),tu,,,verb,,none,169
tricolore-1-5th-edition,ascenseur (m),lift,l',m,,noun,,city-places,169
tricolore-1-5th-edition,asseyez-vous,sit down,,,,phrase,,none,169
tricolore-1-5th-edition,assez,"quite, enough",,,,adverb,,none,169
tricolore-1-5th-edition,assieds-toi (là)!,sit down (there)!,,,,phrase,,none,169
tricolore-1-5th-edition,assiette,plate,une,,,noun,,food,169
tricolore-1-5th-edition,assis,"seated, sitting",,,,adjective,,none,169
tricolore-1-5th-edition,athlétisme (m),athletics,l',m,,noun,,hobby,169
tricolore-1-5th-edition,attendre,to wait (for),,,,verb,,none,169
tricolore-1-5th-edition,attentivement,attentively,,,,adverb,,school,169
tricolore-1-5th-edition,au,"in, at, to (see p.82)",,,,preposition,,none,169
tricolore-1-5th-edition,au choix,choice of ...,,,,phrase,,shopping,169
tricolore-1-5th-edition,au revoir,goodbye,,,,phrase,,communication,169
tricolore-1-5th-edition,auberge de jeunesse,youth hostel,une,,,noun,,vacation,169
tricolore-1-5th-edition,aujourd'hui,today,,,,adverb,,time-dates,169
tricolore-1-5th-edition,aussi,"also, as well",,,,adverb,,none,169
tricolore-1-5th-edition,automne (m),autumn,l',m,,noun,,weather,169
tricolore-1-5th-edition,autre,other,,,,adjective,,none,169
tricolore-1-5th-edition,avancez,go forward (from avancer),,,,verb,,none,169
tricolore-1-5th-edition,avant,before,,,,preposition,,none,169
tricolore-1-5th-edition,avec,with,,,,preposition,,none,169
tricolore-1-5th-edition,avez,you have (from avoir see p.57),vous,,,verb,,none,169
tricolore-1-5th-edition,avez-vous ... ?,have you ... ?,,,,phrase,,none,169
tricolore-1-5th-edition,avion,plane,un,,,noun,,travel,169
tricolore-1-5th-edition,avoir,to have (see p.57),,,,verb,,none,169
tricolore-1-5th-edition,avril,April,,,,noun,,time-dates,169
tricolore-1-5th-edition,babyfoot,table football,le,,,noun,,hobby,169
tricolore-1-5th-edition,badminton,badminton,le,,,noun,,hobby,169
tricolore-1-5th-edition,baguette,long French loaf,une,,,noun,,food,169
tricolore-1-5th-edition,bal,dance,un,,,noun,,hobby,169
tricolore-1-5th-edition,baladeur,personal music player,un,,,noun,,hobby,169
tricolore-1-5th-edition,balcon,balcony,un,,,noun,,home,169
tricolore-1-5th-edition,balle,(small) ball,une,,,noun,,hobby,169
tricolore-1-5th-edition,ballon (de football),(foot)ball,un,,,noun,,hobby,169
tricolore-1-5th-edition,banane,banana,une,,,noun,,food,169
tricolore-1-5th-edition,bande dessinée (BD),comic strip book,une,,,noun,,hobby,169
tricolore-1-5th-edition,banque,bank,une,,,noun,,city-places,169
tricolore-1-5th-edition,barbe,beard,une,,,noun,,none,169
tricolore-1-5th-edition,basket,basketball,le,,,noun,,hobby,169
tricolore-1-5th-edition,baskets (f pl),trainers,les,f pl,,noun,,shopping,169
tricolore-1-5th-edition,bateau,boat,un,,,noun,,travel,169
tricolore-1-5th-edition,batterie,"drums, percussion",la,,,noun,,hobby,169
tricolore-1-5th-edition,BD (bande dessinée),comic strip book,une,,,noun,,hobby,169
tricolore-1-5th-edition,"beau (f belle, before vowel bel)",beautiful,,,,adjective,,none,169
tricolore-1-5th-edition,beau-frère,brother-in-law,un,,,noun,,family,169
tricolore-1-5th-edition,beau-père,stepfather,un,,,noun,,family,169
tricolore-1-5th-edition,beaucoup de,"a lot, many",,,,adverb,,none,169
tricolore-1-5th-edition,Belgique,Belgium,la,,,noun,,travel,169
tricolore-1-5th-edition,belle-mère,stepmother,une,,,noun,,family,169
tricolore-1-5th-edition,belle-sœur,sister-in-law,une,,,noun,,family,169
tricolore-1-5th-edition,besoin,need,un,,,noun,,none,169
tricolore-1-5th-edition,beurre,butter,le,,,noun,,food,169
tricolore-1-5th-edition,bibliothèque,library,une,,,noun,,city-places,169
tricolore-1-5th-edition,bic,biro,un,,,noun,,school,169
tricolore-1-5th-edition,bien,"fine, well",,,,adverb,,none,169
tricolore-1-5th-edition,bien sûr,of course,,,,phrase,,none,169
tricolore-1-5th-edition,bientôt,soon,,,,adverb,,time-dates,169
tricolore-1-5th-edition,bille,marble,une,,,noun,,hobby,169
tricolore-1-5th-edition,billet,"ticket, bank-note",un,,,noun,,travel,169
tricolore-1-5th-edition,biscotte,toast-like biscuit,une,,,noun,,food,169
tricolore-1-5th-edition,biscuit,biscuit,un,,,noun,,food,169
tricolore-1-5th-edition,blanc (f blanche),white,,,,adjective,,none,169
tricolore-1-5th-edition,blanc d'œuf,egg white,le,,,noun,,food,169
tricolore-1-5th-edition,bleu,blue,,,,adjective,,none,169
tricolore-1-5th-edition,bleu marine,navy blue,,,,adjective,,none,169
tricolore-1-5th-edition,blond,blonde,,,,adjective,,none,169
tricolore-1-5th-edition,boisson,drink,une,,,noun,,food,169
tricolore-1-5th-edition,bol,bowl,un,,,noun,,food,169
tricolore-1-5th-edition,bon (f bonne),good,,,,adjective,,none,169
tricolore-1-5th-edition,bon anniversaire!,happy birthday,,,,phrase,,time-dates,169
tricolore-1-5th-edition,bon appétit!,enjoy your meal!,,,,phrase,,restaurant,169
tricolore-1-5th-edition,bonbon,sweet,un,,,noun,,food,169
tricolore-1-5th-edition,bonjour,"hello, good morning",,,,phrase,,communication,169
tricolore-1-5th-edition,Bonne Année,Happy New Year,,,,phrase,,time-dates,169
tricolore-1-5th-edition,bonne fête,best wishes on your Saint's Day,,,,phrase,,time-dates,169
tricolore-1-5th-edition,bonne idée,good idea,,,,phrase,,none,169
tricolore-1-5th-edition,bonne nuit,goodnight,,,,phrase,,daily-routine,169
tricolore-1-5th-edition,bord de la mer,at the seaside,au,,,phrase,,vacation,169
tricolore-1-5th-edition,bottes (f pl),boots,des,f pl,,noun,,shopping,169
tricolore-1-5th-edition,boulanger,baker,un,,,noun,,profession,169
tricolore-1-5th-edition,boulangerie,"bakery, baker's shop",une,,,noun,,shopping,169
tricolore-1-5th-edition,boules (f pl),bowls,les,f pl,,noun,,hobby,169
tricolore-1-5th-edition,bouteille,bottle,une,,,noun,,food,169
tricolore-1-5th-edition,bowling,bowling alley,un,,,noun,,hobby,169
tricolore-1-5th-edition,boîte,"box, tin, disco/club",une,,,noun,,shopping,169
tricolore-1-5th-edition,boîte aux lettres,letter box,une,,,noun,,communication,169
tricolore-1-5th-edition,bravo!,well done!,,,,phrase,,none,169
tricolore-1-5th-edition,brocolis (m pl),broccoli,les,m pl,,noun,,food,169
tricolore-1-5th-edition,brouillard,fog,le,,,noun,,weather,169
tricolore-1-5th-edition,brun,brown,,,,adjective,,none,169
tricolore-1-5th-edition,bulle,"speech bubble, caption",une,,,noun,,none,169
tricolore-1-5th-edition,bureau,office,un,,,noun,,home,169
tricolore-1-5th-edition,bureau de poste,post office,un,,,noun,,city-places,169
tricolore-1-5th-edition,bâtiment,building,un,,,noun,,city-places,169
tricolore-1-5th-edition,bâton,stick,un,,,noun,,none,169
tricolore-1-5th-edition,bête,silly,,,,adjective,,none,169
tricolore-1-5th-edition,bûche de Noël,Christmas log,une,,,noun,,food,169
tricolore-1-5th-edition,c'est,it is,,,,phrase,,none,169
tricolore-1-5th-edition,c'est bon!,it tastes good!,,,,phrase,,food,169
tricolore-1-5th-edition,c'est très bien,it's (that's) fine,,,,phrase,,none,169
tricolore-1-5th-edition,c'est vrai?,really,,,,phrase,,none,169
tricolore-1-5th-edition,cacher,to hide,,,,verb,,none,169
tricolore-1-5th-edition,cadeau (pl des cadeaux),present,un,,des cadeaux,noun,,shopping,169
tricolore-1-5th-edition,café,café,un,,,noun,,restaurant,169
tricolore-1-5th-edition,café au lait,a cup of coffee with milk,un,,,noun,,food,169
tricolore-1-5th-edition,café crème,a cup of coffee with milk,un,,,noun,,food,169
tricolore-1-5th-edition,cage,cage,une,,,noun,,none,169
tricolore-1-5th-edition,cahier,exercise book,un,,,noun,,school,169
tricolore-1-5th-edition,caisse,"cash desk, checkout",une,,,noun,,shopping,169
tricolore-1-5th-edition,calculatrice,calculator,une,,,noun,,school,169
tricolore-1-5th-edition,campagne,"country, countryside",la,,,noun,,vacation,169
tricolore-1-5th-edition,camping,campsite,un,,,noun,,vacation,169
tricolore-1-5th-edition,cantine,"dining hall, canteen",une,,,noun,,school,169
tricolore-1-5th-edition,car,coach,un,,,noun,,travel,169
tricolore-1-5th-edition,carnet,notebook,un,,,noun,,school,169
tricolore-1-5th-edition,carotte,carrot,une,,,noun,,food,169
tricolore-1-5th-edition,cartable,school bag,un,,,noun,,school,169
tricolore-1-5th-edition,carte,"card, map",une,,,noun,,hobby,169
tricolore-1-5th-edition,carte cadeau,gift card,une,,,noun,,shopping,169
tricolore-1-5th-edition,carte postale,postcard,une,,,noun,,communication,169
tricolore-1-5th-edition,case,printed box (on form or grid),une,,,noun,,school,169
tricolore-1-5th-edition,casque,helmet,un,,,noun,,none,169
tricolore-1-5th-edition,casquette,(baseball) cap,une,,,noun,,shopping,169
tricolore-1-5th-edition,cassis,blackcurrant flavoured,au,,,phrase,,food,169
tricolore-1-5th-edition,cathédrale,cathedral,une,,,noun,,city-places,169
tricolore-1-5th-edition,"ce (cet, cette, ces)","this, that",,,,other,,none,169
tricolore-1-5th-edition,ce n'est pas,it's not,,,,phrase,,none,169
tricolore-1-5th-edition,ce n'est pas bien,that's no good,,,,phrase,,none,169
tricolore-1-5th-edition,ce sont,"they are, these are",,,,phrase,,none,169
tricolore-1-5th-edition,ceinture,belt,une,,,noun,,shopping,169
tricolore-1-5th-edition,cela,that,,,,other,,none,169
tricolore-1-5th-edition,Cendrillon,Cinderella,,,,noun,,none,169
tricolore-1-5th-edition,cent,(one) hundred,,,,other,,none,169
tricolore-1-5th-edition,centre,centre,le,,,noun,,city-places,169
tricolore-1-5th-edition,centre commercial,shopping centre,un,,,noun,,shopping,169
tricolore-1-5th-edition,centre sportif,sports centre,un,,,noun,,city-places,169
tricolore-1-5th-edition,centre-ville,town centre,le,,,noun,,city-places,169
tricolore-1-5th-edition,ces,"these, those",,,,other,,none,169
tricolore-1-5th-edition,cet (cette),"this, that",,,,other,,none,169
tricolore-1-5th-edition,chaise,chair,une,,,noun,,home,169
tricolore-1-5th-edition,chambre,bedroom,une,,,noun,,home,169
tricolore-1-5th-edition,chameau,camel,un,,,noun,,none,169
tricolore-1-5th-edition,champignon,mushroom,un,,,noun,,food,169
tricolore-1-5th-edition,"chance, avoir de la chance",to be lucky,,,,phrase,,none,169
tricolore-1-5th-edition,chanson,song,une,,,noun,,hobby,169
tricolore-1-5th-edition,chant folklorique,folk singing,le,,,noun,,hobby,169
tricolore-1-5th-edition,chanter,to sing,,,,verb,,hobby,169
tricolore-1-5th-edition,chanteur (f une chanteuse),singer,un,,,noun,,profession,169
tricolore-1-5th-edition,chapeau,hat,un,,,noun,,shopping,169
tricolore-1-5th-edition,chaque,"each, every",,,,adjective,,none,169
tricolore-1-5th-edition,chaque fois,each time,à,,,phrase,,time-dates,169
tricolore-1-5th-edition,chat (f une chatte),cat,un,,,noun,,none,169
tricolore-1-5th-edition,chaud,it's hot,,,,phrase,,weather,169
tricolore-1-5th-edition,chaussettes (f pl),socks,des,f pl,,noun,,shopping,169
tricolore-1-5th-edition,chaussures (f pl),shoes,des,f pl,,noun,,shopping,169
tricolore-1-5th-edition,chaussures de sport (f pl),trainers,des,f pl,,noun,,shopping,169
tricolore-1-5th-edition,chaîne hi-fi,stereo system,une,,,noun,,home,169
tricolore-1-5th-edition,chemin,"way, path",un,,,noun,,travel,169
tricolore-1-5th-edition,chemise,shirt,une,,,noun,,shopping,169
tricolore-1-5th-edition,chemisier,blouse,un,,,noun,,shopping,169
tricolore-1-5th-edition,cher (f chère),"dear ... (beginning of letter), expensive",,,,adjective,,shopping,169
tricolore-1-5th-edition,chercher,to look for,,,,verb,,none,169
tricolore-1-5th-edition,cheval (pl des chevaux),horse,un,,des chevaux,noun,,none,169
tricolore-1-5th-edition,chez,"at, to (someone's house)",,,,preposition,,none,169
tricolore-1-5th-edition,chez moi,at home,,,,phrase,,home,169
tricolore-1-5th-edition,chez toi,to/at your house,,,,phrase,,home,169
tricolore-1-5th-edition,chic,smart,,,,adjective,,none,169
tricolore-1-5th-edition,chien,dog,un,,,noun,,none,169
tricolore-1-5th-edition,Chine,China,la,,,noun,,travel,169
tricolore-1-5th-edition,chips (m pl),crisps,les,m pl,,noun,,food,169
tricolore-1-5th-edition,chocolat,chocolate,le,,,noun,,food,169
tricolore-1-5th-edition,chocolat chaud,hot chocolate drink,un,,,noun,,food,169
tricolore-1-5th-edition,choix,"choice, selection",un,,,noun,,shopping,169
tricolore-1-5th-edition,chorale,choir,une,,,noun,,hobby,169
tricolore-1-5th-edition,châtain,chestnut brown,,,,adjective,,personal-info,169
tricolore-1-5th-edition,château,castle,un,,,noun,,travel,169
tricolore-1-5th-edition,célèbre,famous,,,,adjective,,none,169
tricolore-1-5th-edition,céréales (f pl),cereal,des,f pl,,noun,,food,169
tricolore-1-5th-edition,en automne,in autumn,,,,phrase,,weather,169
tricolore-1-5th-edition,en chocolat,made of chocolate,,,,phrase,,food,169
tricolore-1-5th-edition,faire du camping,to go camping,,,,phrase,,vacation,169
tricolore-1-5th-edition,il fait beau,the weather's fine,,,,phrase,,weather,169
tricolore-1-5th-edition,il y a du brouillard,it's foggy,,,,phrase,,weather,169
tricolore-1-5th-edition,j'ai ... ans,I am ... years old,,,,phrase,,personal-info,169
tricolore-1-5th-edition,j'ai les cheveux châtains,I have chestnut brown hair,,,,phrase,,personal-info,169
tricolore-1-5th-edition,jouer aux cartes,to play cards,,,,phrase,,hobby,169
tricolore-1-5th-edition,par/en avion,by plane,,,,phrase,,travel,169
tricolore-1-5th-edition,pas beaucoup,not much,,,,phrase,,none,169
tricolore-1-5th-edition,"à (au, à la, aux)","in, at, to (see p.82)",,,,preposition,,none,169
tricolore-1-5th-edition,à bientôt,see you soon,,,,phrase,,communication,169
tricolore-1-5th-edition,à la campagne,in the country,,,,phrase,,vacation,169
tricolore-1-5th-edition,âne,donkey,un,,,noun,,none,169
tricolore-1-5th-edition,ça,that,,,,other,,none,169
tricolore-1-5th-edition,ça fait ...,that makes ...,,,,phrase,,shopping,169
tricolore-1-5th-edition,ça ne fait rien,that (it) doesn't matter,,,,phrase,,none,169
tricolore-1-5th-edition,ça ne va pas,"it's no good, things aren't going well",,,,phrase,,health,169
tricolore-1-5th-edition,"ça va bien, merci","fine, thank you",,,,phrase,,communication,169
tricolore-1-5th-edition,ça va?,all right? how are you?,,,,phrase,,communication,169
tricolore-1-5th-edition,ça y est,that's it,,,,phrase,,none,169
tricolore-1-5th-edition,être d'accord,to be in agreement,,,,phrase,,none,169
tricolore-1-5th-edition,au citron,lemon flavoured,,,,phrase,,food,170
tricolore-1-5th-edition,bleu clair,light blue,,,,adjective,,none,170
tricolore-1-5th-edition,chose,thing,une,,,noun,,none,170
tricolore-1-5th-edition,chou,cabbage,un,,,noun,,food,170
tricolore-1-5th-edition,chou-fleur,cauliflower,un,,,noun,,food,170
tricolore-1-5th-edition,chouette!,great!,,,,phrase,,none,170
tricolore-1-5th-edition,chrétien(ne),Christian,,,,adjective,,none,170
tricolore-1-5th-edition,ciel,sky,le,,,noun,,weather,170
tricolore-1-5th-edition,cinq,five,,,,other,,none,170
tricolore-1-5th-edition,cinquante,fifty,,,,other,,none,170
tricolore-1-5th-edition,cinéma,cinema,un,,,noun,,city-places,170
tricolore-1-5th-edition,circulation,traffic,la,,,noun,,travel,170
tricolore-1-5th-edition,circuler,to move around,,,,verb,,travel,170
tricolore-1-5th-edition,cirque,circus,un,,,noun,,hobby,170
tricolore-1-5th-edition,citron,lemon,un,,,noun,,food,170
tricolore-1-5th-edition,citrouille,pumpkin,une,,,noun,,food,170
tricolore-1-5th-edition,clair,light,,,,adjective,,none,170
tricolore-1-5th-edition,clarinette,clarinet,une,,,noun,,hobby,170
tricolore-1-5th-edition,classe,class,une,,,noun,,school,170
tricolore-1-5th-edition,classeur,"file, ring binder",un,,,noun,,school,170
tricolore-1-5th-edition,classique,classical,,,,adjective,,none,170
tricolore-1-5th-edition,clavier,keyboard,un,,,noun,,school,170
tricolore-1-5th-edition,clinique,hospital,une,,,noun,,health,170
tricolore-1-5th-edition,cliquer,to click,,,,verb,,none,170
tricolore-1-5th-edition,club,club,un,,,noun,,hobby,170
tricolore-1-5th-edition,clé USB,USB stick,une,,,noun,,school,170
tricolore-1-5th-edition,Coca,"cola, coke",le,,,noun,,food,170
tricolore-1-5th-edition,coche,"mark, tick",une,,,noun,,school,170
tricolore-1-5th-edition,cocher,"to tick, mark",,,,verb,,school,170
tricolore-1-5th-edition,cochon d'Inde,guinea pig,un,,,noun,,none,170
tricolore-1-5th-edition,collant,pair of tights,un,,,noun,,shopping,170
tricolore-1-5th-edition,collier,"collar, necklace",un,,,noun,,shopping,170
tricolore-1-5th-edition,collège,school for students aged 11–16 approx.,un,,,noun,,school,170
tricolore-1-5th-edition,"colonie de vacances, colo",summer camp,une,,,noun,,vacation,170
tricolore-1-5th-edition,colorier,to colour,,,,verb,,none,170
tricolore-1-5th-edition,colorié,coloured,,,,adjective,,none,170
tricolore-1-5th-edition,combien (de)?,how many? how much?,,,,adverb,,shopping,170
tricolore-1-5th-edition,combien sommes-nous?,what's the date?,le,,,phrase,,time-dates,170
tricolore-1-5th-edition,combien?,how much is it?,c'est,,,phrase,,shopping,170
tricolore-1-5th-edition,comme,"as, like",,,,adverb,,none,170
tricolore-1-5th-edition,comme ci comme ça,"so-so, not bad",,,,phrase,,health,170
tricolore-1-5th-edition,comme il fait chaud!,how hot it is!,,,,phrase,,weather,170
tricolore-1-5th-edition,commencer,to begin,,,,verb,,none,170
tricolore-1-5th-edition,comment dit-on (...) en anglais?,what's the English for (...)?,,,,phrase,,communication,170
tricolore-1-5th-edition,comment dit-on (...) en français?,what's the French for (...)?,,,,phrase,,communication,170
tricolore-1-5th-edition,comment s'appelle-t-il/elle?,what's his/her name?,,,,phrase,,personal-info,170
tricolore-1-5th-edition,comment t'appelles-tu?,what's your name?,,,,phrase,,personal-info,170
tricolore-1-5th-edition,comment ça s'écrit?,how do you spell that? how's that written?,,,,phrase,,communication,170
tricolore-1-5th-edition,comment?,what? pardon?,,,,adverb,,communication,170
tricolore-1-5th-edition,commun,in common,en,,,phrase,,none,170
tricolore-1-5th-edition,compléter,to fill in,,,,verb,,school,170
tricolore-1-5th-edition,comprendre,to understand,,,,verb,,school,170
tricolore-1-5th-edition,compter,to count,,,,verb,,school,170
tricolore-1-5th-edition,concert,concert,un,,,noun,,hobby,170
tricolore-1-5th-edition,concombre,cucumber,le,,,noun,,food,170
tricolore-1-5th-edition,concours,competition,un,,,noun,,school,170
tricolore-1-5th-edition,confiture,jam,la,,,noun,,food,170
tricolore-1-5th-edition,confortable,comfortable,,,,adjective,,none,170
tricolore-1-5th-edition,conférence,lecture,une,,,noun,,none,170
tricolore-1-5th-edition,connu,well-known,,,,adjective,,none,170
tricolore-1-5th-edition,conquête,conquest,la,,,noun,,none,170
tricolore-1-5th-edition,console de jeux,games console,une,,,noun,,hobby,170
tricolore-1-5th-edition,content,happy,,,,adjective,,none,170
tricolore-1-5th-edition,contre,against,,,,preposition,,none,170
tricolore-1-5th-edition,contrôle,"assessment, test",un,,,noun,,school,170
tricolore-1-5th-edition,copain,friend (male),un,,,noun,,family,170
tricolore-1-5th-edition,copine,friend (female),une,,,noun,,family,170
tricolore-1-5th-edition,correspondant(e),penfriend,un(e),,,noun,,communication,170
tricolore-1-5th-edition,coton,cotton,le,,,noun,,none,170
tricolore-1-5th-edition,couche,I go to bed (from se coucher),je me,,,verb,,daily-routine,170
tricolore-1-5th-edition,couche,he goes to bed (from se coucher),il se,,,verb,,daily-routine,170
tricolore-1-5th-edition,couleur,colour,une,,,noun,,none,170
tricolore-1-5th-edition,coup de téléphone,telephone call,un,,,noun,,communication,170
tricolore-1-5th-edition,couper,to cut,,,,verb,,food,170
tricolore-1-5th-edition,cour,school grounds,la,,,noun,,school,170
tricolore-1-5th-edition,couronne,crown,une,,,noun,,none,170
tricolore-1-5th-edition,cours,"class, lesson",un,,,noun,,school,170
tricolore-1-5th-edition,"courses, faire des courses",to go shopping,,,,phrase,,shopping,170
tricolore-1-5th-edition,court,short,,,,adjective,,none,170
tricolore-1-5th-edition,cousin(e),cousin,un(e),,,noun,,family,170
tricolore-1-5th-edition,couvert,"covered, indoor",,,,adjective,,weather,170
tricolore-1-5th-edition,cravate,tie,une,,,noun,,shopping,170
tricolore-1-5th-edition,crayon,pencil,un,,,noun,,school,170
tricolore-1-5th-edition,cricket,cricket,le,,,noun,,hobby,170
tricolore-1-5th-edition,critiquer,to criticise,,,,verb,,none,170
tricolore-1-5th-edition,crois pas,I don't think so,je ne,,,phrase,,communication,170
tricolore-1-5th-edition,croissant,croissant (crescent-shaped roll),un,,,noun,,food,170
tricolore-1-5th-edition,crèche,crib,une,,,noun,,none,170
tricolore-1-5th-edition,crème anglaise,custard,la,,,noun,,food,170
tricolore-1-5th-edition,crèperie,pancake restaurant/stall,une,,,noun,,restaurant,170
tricolore-1-5th-edition,crêpe,pancake,une,,,noun,,food,170
tricolore-1-5th-edition,cuillerée,spoonful,une,,,noun,,food,170
tricolore-1-5th-edition,cuisine,kitchen,une,,,noun,,home,170
tricolore-1-5th-edition,curieux (f curieuse),"strange, odd",,,,adjective,,none,170
tricolore-1-5th-edition,cyclisme,cycling,le,,,noun,,hobby,170
tricolore-1-5th-edition,côte,coast,une,,,noun,,travel,170
tricolore-1-5th-edition,côté de,next to,à,,,preposition,,none,170
tricolore-1-5th-edition,d'abord,"at first, first of all",,,,adverb,,none,170
tricolore-1-5th-edition,d'accord,"okay, all right",,,,phrase,,none,170
tricolore-1-5th-edition,dans,"in, on",,,,preposition,,none,170
tricolore-1-5th-edition,danse,"dance, dancing",la,,,noun,,hobby,170
tricolore-1-5th-edition,danser,to dance,,,,verb,,hobby,170
tricolore-1-5th-edition,date,date,une,,,noun,,time-dates,170
tricolore-1-5th-edition,dauphin,dolphin,un,,,noun,,none,170
tricolore-1-5th-edition,de,"of, from",,,,preposition,,none,170
tricolore-1-5th-edition,debout,to be (standing) up,être,,,phrase,,none,170
tricolore-1-5th-edition,demain,tomorrow,,,,adverb,,time-dates,170
tricolore-1-5th-edition,demi,half,,,,adjective,,none,170
tricolore-1-5th-edition,demi-frère,"half brother, stepbrother",un,,,noun,,family,170
tricolore-1-5th-edition,demi-heure,half an hour,une,,,noun,,time-dates,170
tricolore-1-5th-edition,demi-sœur,"half sister, stepsister",une,,,noun,,family,170
tricolore-1-5th-edition,dernier,last,,,,adjective,,none,170
tricolore-1-5th-edition,derrière,behind,,,,preposition,,none,170
tricolore-1-5th-edition,des,some (see p.112),,,,other,,none,170
tricolore-1-5th-edition,descendent de l'autobus,they get off the bus (from descendre),ils/elles,,,verb,,travel,170
tricolore-1-5th-edition,descendre,"to go down, get off",,,,verb,,travel,170
tricolore-1-5th-edition,dessert,"dessert, sweet",un,,,noun,,food,170
tricolore-1-5th-edition,dessin,"sketch, drawing, art",le,,,noun,,school,170
tricolore-1-5th-edition,dessiner,to draw,,,,verb,,hobby,170
tricolore-1-5th-edition,dessus,"on (it), above",,,,adverb,,none,170
tricolore-1-5th-edition,deux,two,,,,other,,none,170
tricolore-1-5th-edition,deuxième,second,,,,adjective,,none,170
tricolore-1-5th-edition,devant,in front of,,,,preposition,,none,170
tricolore-1-5th-edition,deviner,to guess,,,,verb,,none,170
tricolore-1-5th-edition,devise,"currency, motto",la,,,noun,,none,170
tricolore-1-5th-edition,devoirs (m pl),homework,les,m pl,,noun,,school,170
tricolore-1-5th-edition,difficile,difficult,,,,adjective,,school,170
tricolore-1-5th-edition,dimanche,(on) Sunday(s),(le),,,noun,,time-dates,170
tricolore-1-5th-edition,dinde,turkey,une,,,noun,,food,170
tricolore-1-5th-edition,dinosaure,dinosaur,un,,,noun,,none,170
tricolore-1-5th-edition,dire,to say,,,,verb,,none,170
tricolore-1-5th-edition,discothèque,discotheque,une,,,noun,,hobby,170
tricolore-1-5th-edition,discuter (de),"to chat, to talk about things",,,,verb,,communication,170
tricolore-1-5th-edition,distraction,leisure activity,une,,,noun,,hobby,170
tricolore-1-5th-edition,dix,ten,,,,other,,none,170
tricolore-1-5th-edition,dix-huit,eighteen,,,,other,,none,170
tricolore-1-5th-edition,dix-neuf,nineteen,,,,other,,none,170
tricolore-1-5th-edition,dix-sept,seventeen,,,,other,,none,170
tricolore-1-5th-edition,dodo,sleep,,,,noun,,daily-routine,170
tricolore-1-5th-edition,"dominos, jouer aux dominos",to play dominoes,,,,phrase,,hobby,170
tricolore-1-5th-edition,dommage,it's a pity,c'est,,,phrase,,none,170
tricolore-1-5th-edition,donc,therefore,,,,adverb,,none,170
tricolore-1-5th-edition,donner,to give,,,,verb,,none,170
tricolore-1-5th-edition,donnez-moi ...,give me ...,,,,phrase,,shopping,170
tricolore-1-5th-edition,dort,he sleeps/is asleep (from dormir),il,,,verb,,daily-routine,170
tricolore-1-5th-edition,Douvres,Dover,,,,noun,,travel,170
tricolore-1-5th-edition,douze,twelve,,,,other,,none,170
tricolore-1-5th-edition,drapeau,flag (pl des drapeaux),un,,des drapeaux,noun,,none,170
tricolore-1-5th-edition,droite,on the right,à,,,phrase,,travel,170
tricolore-1-5th-edition,drôle,funny,,,,adjective,,none,170
tricolore-1-5th-edition,du,"of the, in the",,,,other,,none,170
tricolore-1-5th-edition,"du (de la, de l', des)",some (see p.112),,,,other,,none,170
tricolore-1-5th-edition,durer,to last,,,,verb,,none,170
tricolore-1-5th-edition,débarrasser,to clear away,,,,verb,,daily-routine,170
tricolore-1-5th-edition,décembre,December,,,,noun,,time-dates,170
tricolore-1-5th-edition,décoller,to take off,,,,verb,,travel,170
tricolore-1-5th-edition,découvre,(he) discovers (from découvrir),(il),,,verb,,none,170
tricolore-1-5th-edition,découvrir,to discover,,,,verb,,none,170
tricolore-1-5th-edition,décrire,to describe,,,,verb,,none,170
tricolore-1-5th-edition,défilé,procession,un,,,noun,,vacation,170
tricolore-1-5th-edition,déguisé(e),in fancy dress,,,,adjective,,vacation,170
tricolore-1-5th-edition,déjeuner,lunch,le,,,noun,,food,170
tricolore-1-5th-edition,délicieux (f délicieuse),delicious,,,,adjective,,food,170
tricolore-1-5th-edition,dépliant,leaflet,un,,,noun,,travel,170
tricolore-1-5th-edition,désespéré,"in despair, desperate",,,,adjective,,none,170
tricolore-1-5th-edition,désirez?,what would you like? (from désirer),vous,,,verb,,shopping,170
tricolore-1-5th-edition,désolé,very sorry,,,,adjective,,none,170
tricolore-1-5th-edition,détester,to hate,,,,verb,,none,170
tricolore-1-5th-edition,dîne,they have dinner (from dîner),on,,,verb,,food,170
tricolore-1-5th-edition,dîner,dinner,un,,,noun,,food,170
tricolore-1-5th-edition,e-mail,email,un,,,noun,,communication,170
tricolore-1-5th-edition,eau (f),water,l',f,,noun,,food,170
tricolore-1-5th-edition,elle,"she, it, her",,,,other,,none,170
tricolore-1-5th-edition,elles,they (feminine form),,,,other,,none,170
tricolore-1-5th-edition,emploi du temps,timetable,un,,,noun,,school,170
tricolore-1-5th-edition,en,in,,,,preposition,,none,170
tricolore-1-5th-edition,en classe,in class,,,,phrase,,school,170
tricolore-1-5th-edition,en effet,in fact,,,,phrase,,none,170
tricolore-1-5th-edition,encore,"more, again",,,,adverb,,none,170
tricolore-1-5th-edition,encore du ...,some more ...,,,,phrase,,food,170
tricolore-1-5th-edition,endroit,place,un,,,noun,,city-places,170
tricolore-1-5th-edition,enfant,child,un(e),,,noun,,family,170
tricolore-1-5th-edition,enfant unique,only child,un(e),,,noun,,family,170
tricolore-1-5th-edition,enfin,"finally, at last",,,,adverb,,none,170
tricolore-1-5th-edition,ennuyeux (f ennuyeuse),boring,,,,adjective,,none,170
tricolore-1-5th-edition,enquête,"enquiry, survey",une,,,noun,,school,170
tricolore-1-5th-edition,enregistrer,to record,,,,verb,,none,170
tricolore-1-5th-edition,enseignement (m),"education, instruction",l',m,,noun,,school,170
tricolore-1-5th-edition,ensemble,together,,,,adverb,,none,170
tricolore-1-5th-edition,ensuite,next,,,,adverb,,time-dates,170
tricolore-1-5th-edition,entendre,to hear,,,,verb,,none,170
tricolore-1-5th-edition,entraînement (m),training (session),l',m,,noun,,hobby,170
tricolore-1-5th-edition,entre,between,,,,preposition,,none,170
tricolore-1-5th-edition,entrer,to enter,,,,verb,,none,170
tricolore-1-5th-edition,entrée,"entrance, fee",une,,,noun,,restaurant,170
tricolore-1-5th-edition,environ,about,,,,adverb,,none,170
tricolore-1-5th-edition,envoyer,to send,,,,verb,,communication,170
tricolore-1-5th-edition,EPS (éducation physique et sportive) (f),PE,l',f,,noun,,school,170
tricolore-1-5th-edition,erreur,mistake,une,,,noun,,school,170
tricolore-1-5th-edition,es,you are (from être see p.49),tu,,,verb,,none,170
tricolore-1-5th-edition,escalier (m),staircase,l',m,,noun,,home,170
tricolore-1-5th-edition,escargot,snail,un,,,noun,,food,170
tricolore-1-5th-edition,espace (f),space,l',f,,noun,,none,170
tricolore-1-5th-edition,Espagne (f),Spain,l',f,,noun,,travel,170
tricolore-1-5th-edition,espagnol,Spanish,,,,adjective,,none,170
tricolore-1-5th-edition,essayer,to try (on),,,,verb,,shopping,170
tricolore-1-5th-edition,est,is (from être see p.49),,,,verb,,none,170
tricolore-1-5th-edition,est-ce qu'il y a ... ?,is there ... ?,,,,phrase,,none,170
tricolore-1-5th-edition,est-ce que ... ?,question form (see p.36),,,,phrase,,none,170
tricolore-1-5th-edition,est-ce que je peux ... ?,can I ... ? may I ... ?,,,,phrase,,none,170
tricolore-1-5th-edition,est-ce que tu aimes ... ?,do you like ... ?,,,,phrase,,none,170
tricolore-1-5th-edition,et,and,,,,other,,none,170
tricolore-1-5th-edition,l'eau bouillante,boiling water,,,,noun,,food,170
tricolore-1-5th-edition,l'eau minérale,mineral water,,,,noun,,food,170
tricolore-1-5th-edition,le petit déjeuner,breakfast,,,,noun,,food,170
tricolore-1-5th-edition,mots surlignés,highlighted words,des,,,noun,,school,170
tricolore-1-5th-edition,quelque chose,something,,,,phrase,,none,170
tricolore-1-5th-edition,tu ne m'écoutes pas!,you're not listening to me!,,,,phrase,,communication,170
tricolore-1-5th-edition,un club des jeunes,youth club,,,,noun,,hobby,170
tricolore-1-5th-edition,à demain,see you tomorrow,,,,phrase,,communication,170
tricolore-1-5th-edition,écharpe,scarf,une,,,noun,,shopping,170
tricolore-1-5th-edition,"échecs, jouer aux échecs",to play chess,,,,phrase,,hobby,170
tricolore-1-5th-edition,éclair,eclair (type of cake),un,,,noun,,food,170
tricolore-1-5th-edition,école,school,une,,,noun,,school,170
tricolore-1-5th-edition,école primaire,school for students aged 6–11,,,,noun,,school,170
tricolore-1-5th-edition,Écosse (f),Scotland,l',f,,noun,,travel,170
tricolore-1-5th-edition,écouter,to listen to,,,,verb,,school,170
tricolore-1-5th-edition,écrire,to write,,,,verb,,school,170
tricolore-1-5th-edition,écris-moi bientôt,write soon,,,,phrase,,communication,170
tricolore-1-5th-edition,Édimbourg,Edinburgh,,,,noun,,travel,170
tricolore-1-5th-edition,éducation civique (f),citizenship,l',f,,noun,,school,170
tricolore-1-5th-edition,église,church,une,,,noun,,city-places,170
tricolore-1-5th-edition,élève,"pupil, student",un(e),,,noun,,school,170
tricolore-1-5th-edition,éléphant,elephant,un,,,noun,,none,170
tricolore-1-5th-edition,émission,"broadcast, programme",une,,,noun,,communication,170
tricolore-1-5th-edition,énorme,huge,,,,adjective,,none,170
tricolore-1-5th-edition,épicerie,grocer's shop,une,,,noun,,shopping,170
tricolore-1-5th-edition,épreuve,test,une,,,noun,,school,170
tricolore-1-5th-edition,équipe,team,une,,,noun,,hobby,170
tricolore-1-5th-edition,équitation (f),horse riding,l',f,,noun,,hobby,170
tricolore-1-5th-edition,étage,"floor, storey",un,,,noun,,home,170
tricolore-1-5th-edition,était,(it) was,(il),,,verb,,none,170
tricolore-1-5th-edition,été (m),summer,l',m,,noun,,weather,170
tricolore-1-5th-edition,(à) chaque fois,each time,,,,phrase,,time-dates,171
tricolore-1-5th-edition,en hiver,in winter,,,,phrase,,weather,171
tricolore-1-5th-edition,en été,in summer,,,,phrase,,weather,171
tricolore-1-5th-edition,et ainsi de suite,and so on,,,,phrase,,none,171
tricolore-1-5th-edition,excursion,excursion,une,,,noun,,vacation,171
tricolore-1-5th-edition,exemple,for example,par,,,phrase,,school,171
tricolore-1-5th-edition,exposition,exhibition,une,,,noun,,city-places,171
tricolore-1-5th-edition,extrait,extract,un,,,noun,,school,171
tricolore-1-5th-edition,extraordinaire,extraordinary,,,,adjective,,none,171
tricolore-1-5th-edition,face,"side (of coin, object)",une,,,noun,,none,171
tricolore-1-5th-edition,face (de),opposite,en,,,phrase,,city-places,171
tricolore-1-5th-edition,facile,easy,,,,adjective,,school,171
tricolore-1-5th-edition,faim,I'm hungry,j'ai,,,phrase,,food,171
tricolore-1-5th-edition,faire,"to do, make, go",,,,verb,,none,171
tricolore-1-5th-edition,faire de l'équitation,to go horse riding,,,,phrase,,hobby,171
tricolore-1-5th-edition,faire de la gymnastique,to do gymnastics,,,,phrase,,hobby,171
tricolore-1-5th-edition,faire de la planche à voile,to go windsurfing,,,,phrase,,hobby,171
tricolore-1-5th-edition,faire de la voile,to go sailing,,,,phrase,,hobby,171
tricolore-1-5th-edition,faire des courses,to go shopping,,,,phrase,,shopping,171
tricolore-1-5th-edition,faire du camping,to go camping,,,,phrase,,vacation,171
tricolore-1-5th-edition,faire du ski,to go skiing,,,,phrase,,hobby,171
tricolore-1-5th-edition,faire du vélo,to go cycling/biking,,,,phrase,,hobby,171
tricolore-1-5th-edition,faire la cuisine,to do the cooking,,,,phrase,,food,171
tricolore-1-5th-edition,faire le total,"to add up, to total",,,,phrase,,shopping,171
tricolore-1-5th-edition,faire mes devoirs,to do my homework,,,,phrase,,school,171
tricolore-1-5th-edition,faire un tour à vélo,to go for a bike ride,,,,phrase,,hobby,171
tricolore-1-5th-edition,faire une promenade,to go for a walk,,,,phrase,,hobby,171
tricolore-1-5th-edition,fait,he is making (from faire see p.100),il,,,verb,,none,171
tricolore-1-5th-edition,faites,you do (from faire see p.100),vous,,,verb,,none,171
tricolore-1-5th-edition,famille (nombreuse),(large) family,une,,,noun,,family,171
tricolore-1-5th-edition,fantaisie,"fancy, fun",,,,noun,,none,171
tricolore-1-5th-edition,fantastique,fantastic,,,,adjective,,none,171
tricolore-1-5th-edition,fatigant,tiring,,,,adjective,,none,171
tricolore-1-5th-edition,fatigué(e),tired,,,,adjective,,health,171
tricolore-1-5th-edition,faut pas manquer ça,you mustn't miss that,il ne,,,phrase,,vacation,171
tricolore-1-5th-edition,faux (f fausse),"false, wrong",,,,adjective,,school,171
tricolore-1-5th-edition,favori,favourite,un,,,noun,,hobby,171
tricolore-1-5th-edition,femme,"woman, wife",une,,,noun,,family,171
tricolore-1-5th-edition,fenêtre,window,une,,,noun,,home,171
tricolore-1-5th-edition,ferme,farm,une,,,noun,,none,171
tricolore-1-5th-edition,fermer,to close,,,,verb,,none,171
tricolore-1-5th-edition,fermé,closed,,,,adjective,,shopping,171
tricolore-1-5th-edition,feu,fire,un,,,noun,,none,171
tricolore-1-5th-edition,feu d'artifice,firework display,un,,,noun,,vacation,171
tricolore-1-5th-edition,feuille (de papier),"piece of paper, leaf",une,,,noun,,school,171
tricolore-1-5th-edition,feutre,felt tip pen,un,,,noun,,school,171
tricolore-1-5th-edition,fille,"girl, daughter",une,,,noun,,family,171
tricolore-1-5th-edition,film,film,un,,,noun,,hobby,171
tricolore-1-5th-edition,fils,son,un,,,noun,,family,171
tricolore-1-5th-edition,fin,end,la,,,noun,,none,171
tricolore-1-5th-edition,finalement,finally,,,,adverb,,none,171
tricolore-1-5th-edition,fini,it's finished,c'est,,,phrase,,school,171
tricolore-1-5th-edition,finissent,they finish (from finir),ils/elles,,,verb,,school,171
tricolore-1-5th-edition,fleur,flower,une,,,noun,,none,171
tricolore-1-5th-edition,flèche,arrow,une,,,noun,,none,171
tricolore-1-5th-edition,flûte,flute,une,,,noun,,hobby,171
tricolore-1-5th-edition,flûte à bec,recorder,une,,,noun,,hobby,171
tricolore-1-5th-edition,fois,once,une,,,noun,,time-dates,171
tricolore-1-5th-edition,foncé,dark,,,,adjective,,none,171
tricolore-1-5th-edition,foncé,the darker,le plus,,,phrase,,none,171
tricolore-1-5th-edition,font,"they do, make (from faire see p.100)",ils/elles,,,verb,,none,171
tricolore-1-5th-edition,football,football,le,,,noun,,hobby,171
tricolore-1-5th-edition,forme,fit,en,,,phrase,,health,171
tricolore-1-5th-edition,formidable,terrific,,,,adjective,,none,171
tricolore-1-5th-edition,fraise,strawberry,une,,,noun,,food,171
tricolore-1-5th-edition,framboise,raspberry,une,,,noun,,food,171
tricolore-1-5th-edition,France,France,la,,,noun,,travel,171
tricolore-1-5th-edition,français,French,,,,adjective,,none,171
tricolore-1-5th-edition,française,in the French way,à la,,,phrase,,food,171
tricolore-1-5th-edition,frisé,curly,,,,adjective,,personal-info,171
tricolore-1-5th-edition,frites (f pl),chips,les,f pl,,noun,,food,171
tricolore-1-5th-edition,froid,cold,,,,adjective,,weather,171
tricolore-1-5th-edition,fromage,cheese,le,,,noun,,food,171
tricolore-1-5th-edition,fruit,fruit,un,,,noun,,food,171
tricolore-1-5th-edition,frère,brother,un,,,noun,,family,171
tricolore-1-5th-edition,fève,lucky charm (in cake),une,,,noun,,food,171
tricolore-1-5th-edition,félicitations!,congratulations!,,,,phrase,,none,171
tricolore-1-5th-edition,férié,public holiday,jour,,,adjective,,time-dates,171
tricolore-1-5th-edition,février,February,,,,noun,,time-dates,171
tricolore-1-5th-edition,fête,"Saint's day, festival",une,,,noun,,time-dates,171
tricolore-1-5th-edition,fête des Mères,Mothers' Day,la,,,noun,,time-dates,171
tricolore-1-5th-edition,fête nationale,"French national holiday (Bastille day, 14th July)",la,,,noun,,time-dates,171
tricolore-1-5th-edition,fêter,to celebrate,,,,verb,,time-dates,171
tricolore-1-5th-edition,gagnant(e),winner,un(e),,,noun,,hobby,171
tricolore-1-5th-edition,gagner,to win,,,,verb,,hobby,171
tricolore-1-5th-edition,galette,"large, flat cake",une,,,noun,,food,171
tricolore-1-5th-edition,gants (m pl),gloves,des,m pl,,noun,,shopping,171
tricolore-1-5th-edition,garage,garage,un,,,noun,,home,171
tricolore-1-5th-edition,garder,to keep,,,,verb,,none,171
tricolore-1-5th-edition,gare,station,une,,,noun,,city-places,171
tricolore-1-5th-edition,gare routière,bus and coach station,une,,,noun,,travel,171
tricolore-1-5th-edition,garçon,boy,un,,,noun,,none,171
tricolore-1-5th-edition,gauche,on the left,à,,,phrase,,travel,171
tricolore-1-5th-edition,gens (m pl),people,des,m pl,,noun,,none,171
tricolore-1-5th-edition,gentil,kind,,,,adjective,,none,171
tricolore-1-5th-edition,gerbille,gerbil,une,,,noun,,none,171
tricolore-1-5th-edition,glace,ice cream,une,,,noun,,food,171
tricolore-1-5th-edition,golf,golf,le,,,noun,,hobby,171
tricolore-1-5th-edition,gomme,rubber,une,,,noun,,school,171
tricolore-1-5th-edition,goûter,afternoon snack,le,,,noun,,food,171
tricolore-1-5th-edition,grammaire,grammar,la,,,noun,,school,171
tricolore-1-5th-edition,gramme,gram,une,,,noun,,food,171
tricolore-1-5th-edition,grand,"big, tall",,,,adjective,,none,171
tricolore-1-5th-edition,grand-chose,not much,pas,,,phrase,,none,171
tricolore-1-5th-edition,grand-mère,grandmother,une,,,noun,,family,171
tricolore-1-5th-edition,grand-père,grandfather,un,,,noun,,family,171
tricolore-1-5th-edition,grands-parents (m pl),grandparents,les,m pl,,noun,,family,171
tricolore-1-5th-edition,gratuit,free,,,,adjective,,shopping,171
tricolore-1-5th-edition,grave,serious,,,,adjective,,none,171
tricolore-1-5th-edition,grille,grid,la,,,noun,,school,171
tricolore-1-5th-edition,gris,grey,,,,adjective,,none,171
tricolore-1-5th-edition,gros (f grosse),"large, fat, big (of animals)",,,,adjective,,none,171
tricolore-1-5th-edition,grossir,to put on weight,,,,verb,,health,171
tricolore-1-5th-edition,groupe,group,un,,,noun,,none,171
tricolore-1-5th-edition,guitare,guitar,une,,,noun,,hobby,171
tricolore-1-5th-edition,gymnastique,gymnastics,la,,,noun,,hobby,171
tricolore-1-5th-edition,gâteau (pl des gâteaux),cake,un,,des gâteaux,noun,,food,171
tricolore-1-5th-edition,géant,giant,un,,,noun,,none,171
tricolore-1-5th-edition,génial,brilliant,,,,adjective,,none,171
tricolore-1-5th-edition,génie,genie,une,,,noun,,none,171
tricolore-1-5th-edition,généralement,usually,,,,adverb,,none,171
tricolore-1-5th-edition,géographie,geography,la,,,noun,,school,171
tricolore-1-5th-edition,habitant,inhabitant,un,,,noun,,none,171
tricolore-1-5th-edition,habiter,to live in or at,,,,verb,,home,171
tricolore-1-5th-edition,habitude,usually,d',,,phrase,,daily-routine,171
tricolore-1-5th-edition,hamster,hamster,un,,,noun,,none,171
tricolore-1-5th-edition,haricots verts (m pl),green beans,les,m pl,,noun,,food,171
tricolore-1-5th-edition,haute technologie,high tech,la,,,noun,,none,171
tricolore-1-5th-edition,heure,"time, hour",une,,,noun,,time-dates,171
tricolore-1-5th-edition,histoire,story,une,,,noun,,school,171
tricolore-1-5th-edition,histoire (f),history,l',f,,noun,,school,171
tricolore-1-5th-edition,historique,historical,,,,adjective,,school,171
tricolore-1-5th-edition,hiver (m),winter,l',m,,noun,,weather,171
tricolore-1-5th-edition,hockey,hockey,le,,,noun,,hobby,171
tricolore-1-5th-edition,homme,man,un,,,noun,,none,171
tricolore-1-5th-edition,horaire,timetable,un,,,noun,,travel,171
tricolore-1-5th-edition,horaire d'ouverture,opening hours,,,,noun,,shopping,171
tricolore-1-5th-edition,horizontalement,across,,,,adverb,,school,171
tricolore-1-5th-edition,horloge,clock,une,,,noun,,time-dates,171
tricolore-1-5th-edition,hors-d'œuvre,first course,un,,,noun,,restaurant,171
tricolore-1-5th-edition,huile (f),oil,l',f,,noun,,food,171
tricolore-1-5th-edition,huit,eight,,,,other,,none,171
tricolore-1-5th-edition,hâche,axe,une,,,noun,,none,171
tricolore-1-5th-edition,hélas!,alas!,,,,phrase,,none,171
tricolore-1-5th-edition,hérisson,hedgehog,un,,,noun,,none,171
tricolore-1-5th-edition,hôpital,hospital,un,,,noun,,health,171
tricolore-1-5th-edition,hôtel,hotel,un,,,noun,,travel,171
tricolore-1-5th-edition,hôtel de ville,town hall,un,,,noun,,city-places,171
tricolore-1-5th-edition,ici,here,,,,adverb,,none,171
tricolore-1-5th-edition,idéal(e),ideal,,,,adjective,,none,171
tricolore-1-5th-edition,idée,idea,une,,,noun,,none,171
tricolore-1-5th-edition,il,"he, it",,,,other,,none,171
tricolore-1-5th-edition,il fait beau,it's fine weather,,,,phrase,,weather,171
tricolore-1-5th-edition,il fait chaud,it's hot,,,,phrase,,weather,171
tricolore-1-5th-edition,il fait froid,it's cold,,,,phrase,,weather,171
tricolore-1-5th-edition,il fait mauvais,it's bad weather,,,,phrase,,weather,171
tricolore-1-5th-edition,il y a,"there is, there are",,,,phrase,,none,171
tricolore-1-5th-edition,illustré,illustrated,,,,adjective,,school,171
tricolore-1-5th-edition,ils,they (masculine form),,,,other,,none,171
tricolore-1-5th-edition,images,in pictures,en,,,phrase,,school,171
tricolore-1-5th-edition,imper,(short for imperméable),,,,noun,,shopping,171
tricolore-1-5th-edition,imperméable,raincoat,un,,,noun,,shopping,171
tricolore-1-5th-edition,impoli,"impolite, bad mannered",,,,adjective,,none,171
tricolore-1-5th-edition,important,important,,,,adjective,,none,171
tricolore-1-5th-edition,impressionnant,impressive,,,,adjective,,none,171
tricolore-1-5th-edition,incroyable,unbelievable,,,,adjective,,none,171
tricolore-1-5th-edition,Inde (f),India,l',f,,noun,,travel,171
tricolore-1-5th-edition,indice,clue,une,,,noun,,school,171
tricolore-1-5th-edition,informatique (f),"ICT, computing, information technology",l',f,,noun,,school,171
tricolore-1-5th-edition,ingrédients (m pl),ingredients,les,m pl,,noun,,food,171
tricolore-1-5th-edition,inquiet (f inquiète),"anxious, concerned",,,,adjective,,none,171
tricolore-1-5th-edition,instrument (de musique),musical instrument,un,,,noun,,hobby,171
tricolore-1-5th-edition,interview,interview,une,,,noun,,communication,171
tricolore-1-5th-edition,intéressant,interesting,,,,adjective,,none,171
tricolore-1-5th-edition,Irlande (f) (du Nord),(Northern) Ireland,l',,,noun,,travel,171
tricolore-1-5th-edition,Italie (f),Italy,l',f,,noun,,travel,171
tricolore-1-5th-edition,jambe,leg,la,,,noun,,health,171
tricolore-1-5th-edition,jambon,ham,le,,,noun,,food,171
tricolore-1-5th-edition,janvier,January,,,,noun,,time-dates,171
tricolore-1-5th-edition,Japon,Japan,le,,,noun,,travel,171
tricolore-1-5th-edition,jardin,garden,un,,,noun,,home,171
tricolore-1-5th-edition,jaune,"yellow, tan",,,,adjective,,none,171
tricolore-1-5th-edition,jaune d'œuf,egg yolk,le,,,noun,,food,171
tricolore-1-5th-edition,je,I,,,,other,,none,171
tricolore-1-5th-edition,jean,pair of jeans,un,,,noun,,shopping,171
tricolore-1-5th-edition,jeu (pl jeux),game,un,,jeux,noun,,hobby,171
tricolore-1-5th-edition,jeudi,(on) Thursday(s),(le),,,noun,,time-dates,171
tricolore-1-5th-edition,jeune,young,,,,adjective,,none,171
tricolore-1-5th-edition,jogging,"jogging trousers, tracksuit",un,,,noun,,shopping,171
tricolore-1-5th-edition,joli,pretty,,,,adjective,,none,171
tricolore-1-5th-edition,jouer,to play,,,,verb,,hobby,171
tricolore-1-5th-edition,jouet,toy,un,,,noun,,hobby,171
tricolore-1-5th-edition,joueur,player,un,,,noun,,hobby,171
tricolore-1-5th-edition,jour,"day, one day",un,,,noun,,time-dates,171
tricolore-1-5th-edition,jour de l'An,New Year's Day,le,,,noun,,time-dates,171
tricolore-1-5th-edition,juillet,July,,,,noun,,time-dates,171
tricolore-1-5th-edition,juin,June,,,,noun,,time-dates,171
tricolore-1-5th-edition,jumeaux (f des jumelles),twins,des,,,noun,,family,171
tricolore-1-5th-edition,jupe,skirt,une,,,noun,,shopping,171
tricolore-1-5th-edition,jus de fruit,fruit juice,un,,,noun,,food,171
tricolore-1-5th-edition,jus de viande,gravy,le,,,noun,,food,171
tricolore-1-5th-edition,jusqu'à,"until, as far as",,,,preposition,,none,171
tricolore-1-5th-edition,juste,fair,,,,adjective,,none,171
tricolore-1-5th-edition,kilo,kilogram,un,,,noun,,shopping,171
tricolore-1-5th-edition,kilomètre,kilometre,un,,,noun,,travel,171
tricolore-1-5th-edition,la galette des Rois,special cake for Epiphany (6th January),,,,noun,,food,171
tricolore-1-5th-edition,laboratoire,laboratory,un,,,noun,,school,171
tricolore-1-5th-edition,lac,lake,un,,,noun,,travel,171
tricolore-1-5th-edition,laisser,to leave,,,,verb,,none,171
tricolore-1-5th-edition,lait,milk,le,,,noun,,food,171
tricolore-1-5th-edition,langue,language,une,,,noun,,school,171
tricolore-1-5th-edition,lapin,rabbit,un,,,noun,,none,171
tricolore-1-5th-edition,laver,to wash,,,,verb,,daily-routine,171
tricolore-1-5th-edition,"le (f la, pl les)",the,,,,other,,none,171
tricolore-1-5th-edition,lecteur CD / MP3,CD / MP3 player,un,,,noun,,hobby,171
tricolore-1-5th-edition,lecture,reading,la,,,noun,,hobby,171
tricolore-1-5th-edition,lentement,slowly,,,,adverb,,none,171
tricolore-1-5th-edition,les cheveux frisés,curly hair,,,,noun,,personal-info,171
tricolore-1-5th-edition,lettre,letter,une,,,noun,,communication,171
tricolore-1-5th-edition,leur (pl leurs),their (see p.105),,,,other,,none,171
tricolore-1-5th-edition,là,there,,,,adverb,,none,171
tricolore-1-5th-edition,là-bas,over there,,,,adverb,,none,171
tricolore-1-5th-edition,lève,I get up (from se lever),je me,,,verb,,daily-routine,171
tricolore-1-5th-edition,lève,he gets up,il se,,,verb,,daily-routine,171
tricolore-1-5th-edition,légende,key (to symbols),une,,,noun,,school,171
tricolore-1-5th-edition,légume,vegetable,un,,,noun,,food,171
tricolore-1-5th-edition,quelle heure est-il?,what time is it?,,,,phrase,,time-dates,171
tricolore-1-5th-edition,trois fois,three times,,,,phrase,,time-dates,171
tricolore-1-5th-edition,un demi-kilo,half a kilogram,,,,noun,,shopping,171
tricolore-1-5th-edition,un jeu de société,board game or card game (for two or more players),,,,noun,,hobby,171
tricolore-1-5th-edition,un jeu vidéo,electronic/computer game,,,,noun,,hobby,171
tricolore-1-5th-edition,un quart d'heure,a quarter of an hour,,,,noun,,time-dates,171
tricolore-1-5th-edition,une demi-heure,half an hour,,,,noun,,time-dates,171
tricolore-1-5th-edition,une fois par mois,once a month,,,,phrase,,time-dates,171
tricolore-1-5th-edition,une journée (typique),a (typical day),une,,,noun,,daily-routine,171
tricolore-1-5th-edition,à (trois) heures,at (three) o'clock,,,,phrase,,time-dates,171
tricolore-1-5th-edition,étoile,star,une,,,noun,,none,171
tricolore-1-5th-edition,étranger,foreign,,,,adjective,,travel,171
tricolore-1-5th-edition,événement,event,un,,,noun,,none,171
tricolore-1-5th-edition,être,to be (see p.49),,,,verb,,none,171
tricolore-1-5th-edition,île,island,une,,,noun,,travel,171
tricolore-1-5th-edition,au bord de la mer,at the seaside,,,,phrase,,vacation,172
tricolore-1-5th-edition,des œufs au bacon,eggs and bacon,,,,phrase,,food,172
tricolore-1-5th-edition,en moto,by motorbike,,,,phrase,,travel,172
tricolore-1-5th-edition,il a lieu,it's taking place ... (from avoir lieu),,,,phrase,,none,172
tricolore-1-5th-edition,il fait mauvais,the weather is bad,,,,phrase,,weather,172
tricolore-1-5th-edition,j'en ai assez mangé,I've eaten enough,,,,phrase,,food,172
tricolore-1-5th-edition,Joyeux Noël,Happy Christmas,,,,phrase,,time-dates,172
tricolore-1-5th-edition,Joyeux Pâques,Happy Easter,,,,phrase,,time-dates,172
tricolore-1-5th-edition,le mot qui manque,the missing word,,,,phrase,,school,172
tricolore-1-5th-edition,le Père Noël,Father Christmas,,,,noun,,time-dates,172
tricolore-1-5th-edition,les méchantes sœurs,ugly sisters (from Cinderella),,,,noun,,none,172
tricolore-1-5th-edition,lever,to get up,,,,verb,,daily-routine,172
tricolore-1-5th-edition,levez-vous!,get up!,,,,verb,,daily-routine,172
tricolore-1-5th-edition,libre,free,,,,adjective,,none,172
tricolore-1-5th-edition,libre-service,self-service,,,,noun,,shopping,172
tricolore-1-5th-edition,lieu,place,un,,,noun,,city-places,172
tricolore-1-5th-edition,limonade,lemonade,la,,,noun,,food,172
tricolore-1-5th-edition,lire,to read,,,,verb,,hobby,172
tricolore-1-5th-edition,liseuse,e-reader,une,,,noun,,hobby,172
tricolore-1-5th-edition,liste,list,une,,,noun,,none,172
tricolore-1-5th-edition,lit,bed,un,,,noun,,home,172
tricolore-1-5th-edition,livre,book,un,,,noun,,school,172
tricolore-1-5th-edition,logement,accommodation,le,,,noun,,home,172
tricolore-1-5th-edition,loin,a long way,,,,adverb,,none,172
tricolore-1-5th-edition,loisirs (m pl),leisure,les,m pl,m pl,noun,,hobby,172
tricolore-1-5th-edition,Londres,London,,,,noun,,travel,172
tricolore-1-5th-edition,long (f longue),long,,,,adjective,,none,172
tricolore-1-5th-edition,lui,him,,,,other,,none,172
tricolore-1-5th-edition,lumière,light,une,,,noun,,home,172
tricolore-1-5th-edition,lundi,(on) Monday(s),(le),,,noun,,time-dates,172
tricolore-1-5th-edition,lunettes (f pl),glasses,les,f pl,f pl,noun,,shopping,172
tricolore-1-5th-edition,lycée,school for students aged 15 and over,un,,,noun,,school,172
tricolore-1-5th-edition,lève-toi!,get up,,,,verb,,daily-routine,172
tricolore-1-5th-edition,ma,my (see p.22),,,,adjective,,none,172
tricolore-1-5th-edition,machine (à laver),(washing) machine,une,,,noun,,home,172
tricolore-1-5th-edition,madame (Mme) (pl mesdames),madam (Mrs),,,pl mesdames,noun,,personal-info,172
tricolore-1-5th-edition,mademoiselle (pl mesdemoiselles),Miss,,,pl mesdemoiselles,noun,,personal-info,172
tricolore-1-5th-edition,magasin,shop,un,,,noun,,shopping,172
tricolore-1-5th-edition,magnifique,"magnificent, great",,,,adjective,,none,172
tricolore-1-5th-edition,mai,May,,,,noun,,time-dates,172
tricolore-1-5th-edition,maillot de bain,swimming costume,un,,,noun,,vacation,172
tricolore-1-5th-edition,main,hand,une,,,noun,,health,172
tricolore-1-5th-edition,maintenant,now,,,,adverb,,none,172
tricolore-1-5th-edition,mais,but,,,,other,,none,172
tricolore-1-5th-edition,maison,house,une,,,noun,,home,172
tricolore-1-5th-edition,mal,bad,,,,adverb,,none,172
tricolore-1-5th-edition,maladie,illness,une,,,noun,,health,172
tricolore-1-5th-edition,malheureusement,unfortunately,,,,adverb,,none,172
tricolore-1-5th-edition,maman,Mum,,,,noun,,family,172
tricolore-1-5th-edition,Mamie,"Granny, Grandma",,,,noun,,family,172
tricolore-1-5th-edition,Manche,English Channel,la,,,noun,,travel,172
tricolore-1-5th-edition,manettes (f pl),game controllers,les,f pl,f pl,noun,,hobby,172
tricolore-1-5th-edition,manger,to eat,,,,verb,,food,172
tricolore-1-5th-edition,manquer,to miss,,,,verb,,none,172
tricolore-1-5th-edition,manteau,coat,un,,,noun,,shopping,172
tricolore-1-5th-edition,manège,roundabout,un,,,noun,,vacation,172
tricolore-1-5th-edition,maquette,model,une,,,noun,,hobby,172
tricolore-1-5th-edition,marche,step,une,,,noun,,none,172
tricolore-1-5th-edition,marcher,"to work (of a machine, etc.), to walk",,,,verb,,none,172
tricolore-1-5th-edition,marché,market,un,,,noun,,shopping,172
tricolore-1-5th-edition,marché aux fleurs,flower market,le,,,noun,,shopping,172
tricolore-1-5th-edition,marché aux poissons,fish market,le,,,noun,,shopping,172
tricolore-1-5th-edition,mardi,(on) Tuesday(s),(le),,,noun,,time-dates,172
tricolore-1-5th-edition,mardi gras,Shrove Tuesday,,,,noun,,time-dates,172
tricolore-1-5th-edition,marin,sailor,un,,,noun,,profession,172
tricolore-1-5th-edition,marron (doesn't change form),brown,,,,adjective,,none,172
tricolore-1-5th-edition,mars,March,,,,noun,,time-dates,172
tricolore-1-5th-edition,match,match,un,,,noun,,hobby,172
tricolore-1-5th-edition,maths (f pl les mathématiques),maths,les,,f pl,noun,,school,172
tricolore-1-5th-edition,matin,(in the) morning,le,,,noun,,time-dates,172
tricolore-1-5th-edition,matinée,morning,une,,,noun,,time-dates,172
tricolore-1-5th-edition,matière,school subject,une,,,noun,,school,172
tricolore-1-5th-edition,matériel,equipment,le,,,noun,,school,172
tricolore-1-5th-edition,mauvais,bad,,,,adjective,,none,172
tricolore-1-5th-edition,meilleur,better,,,,adjective,,none,172
tricolore-1-5th-edition,meilleur(e)s ami(e)s,my best friends,mes,,,noun,,family,172
tricolore-1-5th-edition,melon,melon,un,,,noun,,food,172
tricolore-1-5th-edition,menu du jour,today's menu,le,,,noun,,restaurant,172
tricolore-1-5th-edition,mer,sea,la,,,noun,,vacation,172
tricolore-1-5th-edition,merci (beaucoup),thank you (very much),,,,other,,communication,172
tricolore-1-5th-edition,mercredi,(on) Wednesday(s),(le),,,noun,,time-dates,172
tricolore-1-5th-edition,mes,my (see p.22),,,,adjective,,none,172
tricolore-1-5th-edition,message électronique,email,un,,,noun,,communication,172
tricolore-1-5th-edition,mettre,"to put, to put on",,,,verb,,none,172
tricolore-1-5th-edition,meuble,piece of furniture,un,,,noun,,home,172
tricolore-1-5th-edition,mi-temps,half-time,la,,,noun,,hobby,172
tricolore-1-5th-edition,midi,midday,,,,noun,,time-dates,172
tricolore-1-5th-edition,miel,honey,le,,,noun,,food,172
tricolore-1-5th-edition,mignon,sweet,,,,adjective,,none,172
tricolore-1-5th-edition,milieu,middle,le,,,noun,,none,172
tricolore-1-5th-edition,minuit,midnight,,,,noun,,time-dates,172
tricolore-1-5th-edition,minute,minute,une,,,noun,,time-dates,172
tricolore-1-5th-edition,moche,"horrible, awful",,,,adjective,,none,172
tricolore-1-5th-edition,mode,fashion,la,,,noun,,shopping,172
tricolore-1-5th-edition,modèle réduit,scale model,un,,,noun,,hobby,172
tricolore-1-5th-edition,moi,me,,,,other,,none,172
tricolore-1-5th-edition,moins,less,,,,other,,none,172
tricolore-1-5th-edition,mois,month,un,,,noun,,time-dates,172
tricolore-1-5th-edition,mois de ...,in the month of ...,,,,phrase,,time-dates,172
tricolore-1-5th-edition,"moment, pour le moment",for the moment,,,,phrase,,time-dates,172
tricolore-1-5th-edition,mon,my (see p.22),,,,adjective,,none,172
tricolore-1-5th-edition,monde,world,le,,,noun,,none,172
tricolore-1-5th-edition,monnaie,small change,la,,,noun,,shopping,172
tricolore-1-5th-edition,monsieur,gentleman,un,,,noun,,personal-info,172
tricolore-1-5th-edition,Monsieur (M.) (pl messieurs),sir (Mr),,,pl messieurs,noun,,personal-info,172
tricolore-1-5th-edition,montagne,mountain,une,,,noun,,vacation,172
tricolore-1-5th-edition,monter,"to climb up, get on, go up",,,,verb,,none,172
tricolore-1-5th-edition,montre,watch,une,,,noun,,shopping,172
tricolore-1-5th-edition,montre,they show (from montrer),,,,verb,,none,172
tricolore-1-5th-edition,morceau,piece,un,,,noun,,food,172
tricolore-1-5th-edition,mosquée,mosque,une,,,noun,,city-places,172
tricolore-1-5th-edition,mot,word,un,,,noun,,school,172
tricolore-1-5th-edition,mots croisés (m pl),crossword,les,m pl,m pl,noun,,hobby,172
tricolore-1-5th-edition,mots mêlés (m pl),wordsearch,(des),m pl,m pl,noun,,hobby,172
tricolore-1-5th-edition,moutarde,mustard,la,,,noun,,food,172
tricolore-1-5th-edition,moyen,"medium, means",,,,adjective,,none,172
tricolore-1-5th-edition,mur,on the wall,,,,phrase,,home,172
tricolore-1-5th-edition,musicien(ne),musician,un(e),,,noun,,profession,172
tricolore-1-5th-edition,musique,music,la,,,noun,,hobby,172
tricolore-1-5th-edition,musulman(e),Muslim,,,,adjective,,none,172
tricolore-1-5th-edition,musée,museum,un,,,noun,,city-places,172
tricolore-1-5th-edition,mère,mother,une,,,noun,,family,172
tricolore-1-5th-edition,mécanique,mechanical,,,,adjective,,none,172
tricolore-1-5th-edition,méchant,"nasty, naughty, fierce",,,,adjective,,none,172
tricolore-1-5th-edition,mélanger,to mix,,,,verb,,food,172
tricolore-1-5th-edition,même,"same, even",,,,other,,none,172
tricolore-1-5th-edition,n' ... pas,not (before a vowel),,,,other,,none,172
tricolore-1-5th-edition,n'est-ce pas?,isn't it? don't you?,,,,phrase,,none,172
tricolore-1-5th-edition,nager,to swim,,,,verb,,hobby,172
tricolore-1-5th-edition,natation,swimming,la,,,noun,,hobby,172
tricolore-1-5th-edition,naturellement,naturally,,,,adverb,,none,172
tricolore-1-5th-edition,navire,ship,un,,,noun,,travel,172
tricolore-1-5th-edition,ne ... pas,not,,,,other,,none,172
tricolore-1-5th-edition,neige,it's snowing,,,,verb,,weather,172
tricolore-1-5th-edition,neuf,nine,,,,other,,none,172
tricolore-1-5th-edition,niveau,level,un,,,noun,,school,172
tricolore-1-5th-edition,nièce,niece,une,,,noun,,family,172
tricolore-1-5th-edition,noir,black,,,,adjective,,none,172
tricolore-1-5th-edition,noisettes,with nuts,,,,phrase,,food,172
tricolore-1-5th-edition,nom,name,un,,,noun,,personal-info,172
tricolore-1-5th-edition,nombre,number,un,,,noun,,none,172
tricolore-1-5th-edition,non,no,,,,other,,none,172
tricolore-1-5th-edition,nord,north,le,,,noun,,travel,172
tricolore-1-5th-edition,normalement,normally,,,,adverb,,none,172
tricolore-1-5th-edition,notre (pl nos),our (see p.104),,,pl nos,adjective,,none,172
tricolore-1-5th-edition,nourriture,"food, feeding time",la,,,noun,,food,172
tricolore-1-5th-edition,nous,"we, us",,,,other,,none,172
tricolore-1-5th-edition,nouveau (f nouvelle),new,,,,adjective,,none,172
tricolore-1-5th-edition,nouvel (before masc. noun beginning with a vowel),new,,,,adjective,,none,172
tricolore-1-5th-edition,novembre,November,,,,noun,,time-dates,172
tricolore-1-5th-edition,Noël,Christmas,,,,noun,,time-dates,172
tricolore-1-5th-edition,nuit,(at) night,la,,,noun,,time-dates,172
tricolore-1-5th-edition,nul,"rubbish, useless",,,,adjective,,none,172
tricolore-1-5th-edition,numéro,number,un,,,noun,,none,172
tricolore-1-5th-edition,octobre,October,,,,noun,,time-dates,172
tricolore-1-5th-edition,offert,I was given,,,,verb,,none,172
tricolore-1-5th-edition,office de tourisme,tourist office,un,,,noun,,travel,172
tricolore-1-5th-edition,offre d'emploi,job vacancy,une,,,noun,,profession,172
tricolore-1-5th-edition,oignon,onion,un,,,noun,,food,172
tricolore-1-5th-edition,oiseau (pl oiseaux),bird,un,,pl oiseaux,noun,,none,172
tricolore-1-5th-edition,omelette,omelette,une,,,noun,,food,172
tricolore-1-5th-edition,on,"one, we",,,,other,,none,172
tricolore-1-5th-edition,on y va?,shall we go?,,,,phrase,,none,172
tricolore-1-5th-edition,oncle,uncle,un,,,noun,,family,172
tricolore-1-5th-edition,ont,they have (from avoir see p.57),,,,verb,,none,172
tricolore-1-5th-edition,onze,eleven,,,,other,,none,172
tricolore-1-5th-edition,orage,storm,un,,,noun,,weather,172
tricolore-1-5th-edition,orange,orange,une,,,noun,,food,172
tricolore-1-5th-edition,orangeade,orangeade,une,,,noun,,food,172
tricolore-1-5th-edition,ordinateur,computer,un,,,noun,,communication,172
tricolore-1-5th-edition,ordinateur portable,lap-top computer,un,,,noun,,communication,172
tricolore-1-5th-edition,organiser,to organise,,,,verb,,none,172
tricolore-1-5th-edition,ou,or,,,,other,,none,172
tricolore-1-5th-edition,oublier,to forget,,,,verb,,none,172
tricolore-1-5th-edition,ouest (m),west,l',m,,noun,,travel,172
tricolore-1-5th-edition,oui,yes,,,,other,,none,172
tricolore-1-5th-edition,ours,bear,un,,,noun,,none,172
tricolore-1-5th-edition,ouvert,open,,,,adjective,,none,172
tricolore-1-5th-edition,ouvre,he/she opens (from ouvrir),,,,verb,,none,172
tricolore-1-5th-edition,ouvrent,they open (from ouvrir),,,,verb,,none,172
tricolore-1-5th-edition,ouvrez,open (from ouvrir),,,,verb,,none,172
tricolore-1-5th-edition,ouvrons,we open (from ouvrir),,,,verb,,none,172
tricolore-1-5th-edition,où,where,,,,adverb,,none,172
tricolore-1-5th-edition,pain,bread,le,,,noun,,food,172
tricolore-1-5th-edition,paire de ...,a pair of ...,une,,,noun,,shopping,172
tricolore-1-5th-edition,panier,basket,un,,,noun,,shopping,172
tricolore-1-5th-edition,pantalon,pair of trousers,un,,,noun,,shopping,172
tricolore-1-5th-edition,papa,dad,,,,noun,,family,172
tricolore-1-5th-edition,paquet,"a parcel, packet",un,,,noun,,shopping,172
tricolore-1-5th-edition,par,by,,,,preposition,,none,172
tricolore-1-5th-edition,parapluie,umbrella,un,,,noun,,shopping,172
tricolore-1-5th-edition,parasol,sunshade,un,,,noun,,vacation,172
tricolore-1-5th-edition,paravent,"draught screen, windbreak",un,,,noun,,vacation,172
tricolore-1-5th-edition,parc,park,un,,,noun,,city-places,172
tricolore-1-5th-edition,parc d'attractions,theme park,un,,,noun,,vacation,172
tricolore-1-5th-edition,parce que,because,,,,other,,none,172
tricolore-1-5th-edition,pardon,excuse me,,,,other,,communication,172
tricolore-1-5th-edition,pare-brise,windscreen,un,,,noun,,travel,172
tricolore-1-5th-edition,pare-choc,car bumper,un,,,noun,,travel,172
tricolore-1-5th-edition,parents (m pl),parents,les,m pl,m pl,noun,,family,172
tricolore-1-5th-edition,paresseux,lazy,,,,adjective,,none,172
tricolore-1-5th-edition,parfum,"flavour, perfume",un,,,noun,,food,172
tricolore-1-5th-edition,parking,car park,un,,,noun,,city-places,172
tricolore-1-5th-edition,parler,"to talk, to speak",,,,verb,,communication,172
tricolore-1-5th-edition,paroles (f pl),words,les,f pl,f pl,noun,,communication,172
tricolore-1-5th-edition,part,he/she/it leaves (from partir),,,,verb,,travel,172
tricolore-1-5th-edition,partager,to share,,,,verb,,none,172
tricolore-1-5th-edition,partie,a part of,une,,,noun,,none,172
tricolore-1-5th-edition,partir de ... heures,from ... o'clock,,,,phrase,,time-dates,172
tricolore-1-5th-edition,partout,everywhere,,,,adverb,,none,172
tricolore-1-5th-edition,pas,step,un,,,noun,,none,172
tricolore-1-5th-edition,pas,not,,,,other,,none,172
tricolore-1-5th-edition,pas beaucoup,not much,,,,phrase,,none,172
tricolore-1-5th-edition,pas ici,not here,,,,phrase,,none,172
tricolore-1-5th-edition,pas mal,not bad,,,,phrase,,none,172
tricolore-1-5th-edition,passe-temps,hobby,un,,,noun,,hobby,172
tricolore-1-5th-edition,passeport,passport,un,,,noun,,travel,172
tricolore-1-5th-edition,passer,"to spend, to pass",,,,verb,,none,172
tricolore-1-5th-edition,passez un tour,miss a turn,,,,phrase,,hobby,172
tricolore-1-5th-edition,passionné de,fanatic about,,,,phrase,,hobby,172
tricolore-1-5th-edition,passé,of the past,,,,phrase,,time-dates,172
tricolore-1-5th-edition,patin à roulettes,roller skating,le,,,noun,,hobby,172
tricolore-1-5th-edition,patinoire,ice rink,une,,,noun,,city-places,172
tricolore-1-5th-edition,pauvre,poor,,,,adjective,,none,172
tricolore-1-5th-edition,payer,to pay,,,,verb,,shopping,172
tricolore-1-5th-edition,pays,country,un,,,noun,,travel,172
tricolore-1-5th-edition,pays de Galles,Wales,le,,,noun,,travel,172
tricolore-1-5th-edition,peinture,painting,la,,,noun,,hobby,172
tricolore-1-5th-edition,pendant,"during, for",,,,preposition,,none,172
tricolore-1-5th-edition,pense à quelque chose,I am thinking of or about something (from penser),,,,phrase,,none,172
tricolore-1-5th-edition,perdent,they lose (from perdre),,,,verb,,hobby,172
tricolore-1-5th-edition,perdre,to lose,,,,verb,,none,172
tricolore-1-5th-edition,perdu,lost (from perdre),,,,adjective,,none,172
tricolore-1-5th-edition,perroquet,parrot,un,,,noun,,none,172
tricolore-1-5th-edition,Pâques,Easter,,,,noun,,time-dates,172
tricolore-1-5th-edition,pâté,"meat paste, pâté",le,,,noun,,food,172
tricolore-1-5th-edition,père,father,un,,,noun,,family,172
tricolore-1-5th-edition,pêche,peach,une,,,noun,,food,172
tricolore-1-5th-edition,pêche,fishing,la,,,noun,,hobby,172
tricolore-1-5th-edition,un pain au chocolat,bread roll with chocolate inside,,,,noun,,food,172
tricolore-1-5th-edition,à la maison,"at home, home",,,,phrase,,home,172
tricolore-1-5th-edition,à la mode,in fashion,,,,phrase,,shopping,172
tricolore-1-5th-edition,à la montagne,in the mountains,,,,phrase,,vacation,172
tricolore-1-5th-edition,œuf,egg,un,,,noun,,food,172
tricolore-1-5th-edition,œuf à la coque,boiled egg,un,,,noun,,food,172
tricolore-1-5th-edition,au printemps,in spring,,,,phrase,,time-dates,173
tricolore-1-5th-edition,de quelle couleur est-il?,what colour is it (he)?,,,,phrase,,none,173
tricolore-1-5th-edition,j'ai les cheveux raides,I have straight hair,,,,phrase,,none,173
tricolore-1-5th-edition,j'ai les cheveux roux,I have red/ginger hair,,,,phrase,,none,173
tricolore-1-5th-edition,la place principale,main square,,,,noun,,city-places,173
tricolore-1-5th-edition,mercredi prochain,next Wednesday,,,,phrase,,time-dates,173
tricolore-1-5th-edition,perruche,"budgerigar, parakeet",une,,,noun,,none,173
tricolore-1-5th-edition,personnage,character,un,,,noun,,none,173
tricolore-1-5th-edition,petit,small,,,,adjective,,none,173
tricolore-1-5th-edition,petit déjeuner,breakfast,le,,,noun,,food,173
tricolore-1-5th-edition,petit-enfant,grandchild,un,,,noun,,family,173
tricolore-1-5th-edition,petits pois (m pl),peas,les,m pl,m pl,noun,,food,173
tricolore-1-5th-edition,peu,a little,,,,other,,none,173
tricolore-1-5th-edition,peu à peu,gradually,,,,phrase,,none,173
tricolore-1-5th-edition,peuple,"people, population",le,,,noun,,none,173
tricolore-1-5th-edition,peut,you (one) can (from pouvoir),,,,verb,,none,173
tricolore-1-5th-edition,peut-être,perhaps,,,,adverb,,none,173
tricolore-1-5th-edition,peux ... ?,can you ... ? (from pouvoir),,,,phrase,,none,173
tricolore-1-5th-edition,"peux, est-ce que je peux ... ?",can I ... ? (from pouvoir),,,,phrase,,none,173
tricolore-1-5th-edition,photo,photo,une,,,noun,,hobby,173
tricolore-1-5th-edition,photographie,photography,la,,,noun,,hobby,173
tricolore-1-5th-edition,phrase,sentence,une,,,noun,,school,173
tricolore-1-5th-edition,piano,piano,un,,,noun,,hobby,173
tricolore-1-5th-edition,pied,on foot,,,,phrase,,none,173
tricolore-1-5th-edition,ping-pong,table tennis,le,,,noun,,hobby,173
tricolore-1-5th-edition,pique-nique,picnic,un,,,noun,,food,173
tricolore-1-5th-edition,piscine,swimming pool,une,,,noun,,city-places,173
tricolore-1-5th-edition,pittoresque,picturesque,,,,adjective,,none,173
tricolore-1-5th-edition,pizza,pizza,une,,,noun,,food,173
tricolore-1-5th-edition,pièce,"coin, room",une,,,noun,,home,173
tricolore-1-5th-edition,piéton,pedestrian,un,,,noun,,city-places,173
tricolore-1-5th-edition,place,square,une,,,noun,,city-places,173
tricolore-1-5th-edition,place,in the right place,,,,phrase,,none,173
tricolore-1-5th-edition,plage,beach,une,,,noun,,vacation,173
tricolore-1-5th-edition,plan de la ville,street plan,un,,,noun,,city-places,173
tricolore-1-5th-edition,planche à voile,windsurfing,la,,,noun,,hobby,173
tricolore-1-5th-edition,plancher,floor,le,,,noun,,home,173
tricolore-1-5th-edition,plante,plant,une,,,noun,,home,173
tricolore-1-5th-edition,planète,planet,la,,,noun,,none,173
tricolore-1-5th-edition,plat,dish,un,,,noun,,food,173
tricolore-1-5th-edition,plat principal,main course/dish,le,,,noun,,restaurant,173
tricolore-1-5th-edition,plats d'un repas,courses of a meal,les,,,noun,,restaurant,173
tricolore-1-5th-edition,plein air,open-air,,,,phrase,,vacation,173
tricolore-1-5th-edition,pleut,it's raining,,,,verb,,weather,173
tricolore-1-5th-edition,pluie,rain,la,,,noun,,weather,173
tricolore-1-5th-edition,plupart,most,la,,,noun,,none,173
tricolore-1-5th-edition,plus,on top of that,,,,phrase,,none,173
tricolore-1-5th-edition,plus tard,later,,,,adverb,,time-dates,173
tricolore-1-5th-edition,poche,pocket,une,,,noun,,shopping,173
tricolore-1-5th-edition,point,point,un,,,noun,,none,173
tricolore-1-5th-edition,poire,pear,une,,,noun,,food,173
tricolore-1-5th-edition,poisson,fish,un,,,noun,,food,173
tricolore-1-5th-edition,poisson d'avril,April Fool,,,,noun,,time-dates,173
tricolore-1-5th-edition,poivre,pepper,le,,,noun,,food,173
tricolore-1-5th-edition,police,police,la,,,noun,,city-places,173
tricolore-1-5th-edition,poliment,politely,,,,adverb,,none,173
tricolore-1-5th-edition,pomme,apple,une,,,noun,,food,173
tricolore-1-5th-edition,pomme de terre,potato,une,,,noun,,food,173
tricolore-1-5th-edition,pont,bridge,un,,,noun,,city-places,173
tricolore-1-5th-edition,porc,pork,le,,,noun,,food,173
tricolore-1-5th-edition,port,port,un,,,noun,,travel,173
tricolore-1-5th-edition,portable,mobile phone,un,,,noun,,communication,173
tricolore-1-5th-edition,porte,door,une,,,noun,,home,173
tricolore-1-5th-edition,porter,to wear,,,,verb,,shopping,173
tricolore-1-5th-edition,portion de,a portion of,une,,,noun,,food,173
tricolore-1-5th-edition,poser une question,to ask a question,,,,phrase,,school,173
tricolore-1-5th-edition,poste,post office,la,,,noun,,city-places,173
tricolore-1-5th-edition,poste de police,police station,le,,,noun,,city-places,173
tricolore-1-5th-edition,potage,soup,le,,,noun,,food,173
tricolore-1-5th-edition,potage aux légumes,vegetable soup,le,,,noun,,food,173
tricolore-1-5th-edition,poubelle,bin,une,,,noun,,home,173
tricolore-1-5th-edition,poule,hen,une,,,noun,,none,173
tricolore-1-5th-edition,poulet,chicken,le,,,noun,,food,173
tricolore-1-5th-edition,pour,"in order to, for",,,,preposition,,none,173
tricolore-1-5th-edition,pourquoi?,why?,,,,other,,none,173
tricolore-1-5th-edition,premier (f première),first,,,,adjective,,none,173
tricolore-1-5th-edition,prendre,"to take, have (see p.115)",,,,verb,,none,173
tricolore-1-5th-edition,presque,"almost, nearly",,,,adverb,,none,173
tricolore-1-5th-edition,principale,,,,,adjective,,none,173
tricolore-1-5th-edition,printemps,spring,le,,,noun,,time-dates,173
tricolore-1-5th-edition,prix,"price, prize",le,,,noun,,shopping,173
tricolore-1-5th-edition,prochain,next,,,,adjective,,none,173
tricolore-1-5th-edition,professeur (prof),teacher,un,,,noun,,profession,173
tricolore-1-5th-edition,profiter de,to make the most of,,,,verb,,none,173
tricolore-1-5th-edition,projet,plan,un,,,noun,,none,173
tricolore-1-5th-edition,promenade,"walk, excursion",une,,,noun,,vacation,173
tricolore-1-5th-edition,prononcer,to be pronounced,,,,verb,,school,173
tricolore-1-5th-edition,protéger,to protect,,,,verb,,none,173
tricolore-1-5th-edition,provisions (f pl),"provisions, groceries",des,f pl,f pl,noun,,shopping,173
tricolore-1-5th-edition,près de,near,,,,preposition,,none,173
tricolore-1-5th-edition,préférer,to prefer,,,,verb,,none,173
tricolore-1-5th-edition,préféré,favourite,,,,adjective,,none,173
tricolore-1-5th-edition,prénom,"first name, forename",un,,,noun,,personal-info,173
tricolore-1-5th-edition,préparer,to prepare,,,,verb,,food,173
tricolore-1-5th-edition,présent,at present,,,,phrase,,time-dates,173
tricolore-1-5th-edition,prêt,ready,,,,adjective,,none,173
tricolore-1-5th-edition,puis,"then, next",,,,adverb,,none,173
tricolore-1-5th-edition,pull,pullover,un,,,noun,,shopping,173
tricolore-1-5th-edition,puni,punished (from punir),,,,adjective,,none,173
tricolore-1-5th-edition,punir,to punish,,,,verb,,none,173
tricolore-1-5th-edition,puzzle,jigsaw,un,,,noun,,hobby,173
tricolore-1-5th-edition,pyjama,pair of pyjamas,un,,,noun,,shopping,173
tricolore-1-5th-edition,qu'est-ce qu'il y a?,what is there? what is the matter?,,,,phrase,,none,173
tricolore-1-5th-edition,qu'est-ce que c'est?,what is it?,,,,phrase,,none,173
tricolore-1-5th-edition,qu'est-ce que tu fais?,what are you doing?,,,,phrase,,none,173
tricolore-1-5th-edition,qu'est-ce que tu veux/vous voulez?,what do you want?,,,,phrase,,none,173
tricolore-1-5th-edition,qu'est-ce que ça veut dire?,what does that mean?,,,,phrase,,communication,173
tricolore-1-5th-edition,quand,when,,,,adverb,,none,173
tricolore-1-5th-edition,quand même,all the same,,,,phrase,,none,173
tricolore-1-5th-edition,quarante,forty,,,,other,,none,173
tricolore-1-5th-edition,quartier,"district, locality",un,,,noun,,city-places,173
tricolore-1-5th-edition,quatorze,fourteen,,,,other,,none,173
tricolore-1-5th-edition,quatre,four,,,,other,,none,173
tricolore-1-5th-edition,que ... ?,what ... ?,,,,other,,none,173
tricolore-1-5th-edition,"quel (quelle, quels, quelles)",what? which?,,,,other,,none,173
tricolore-1-5th-edition,quel désordre!,what a mess!,,,,phrase,,none,173
tricolore-1-5th-edition,quel parfum?,which flavour?,,,,phrase,,food,173
tricolore-1-5th-edition,quel temps fait-il?,what's the weather like?,,,,phrase,,weather,173
tricolore-1-5th-edition,quel temps!,what terrible weather!,,,,phrase,,weather,173
tricolore-1-5th-edition,quel âge as-tu?,how old are you?,,,,phrase,,personal-info,173
tricolore-1-5th-edition,quelle est la date aujourd'hui?,what's the date today?,,,,phrase,,time-dates,173
tricolore-1-5th-edition,quelle heure est-il?,what time is it?,,,,phrase,,time-dates,173
tricolore-1-5th-edition,quelle journée!,what a day!,,,,phrase,,none,173
tricolore-1-5th-edition,quelque chose,something,,,,other,,none,173
tricolore-1-5th-edition,quelquefois,sometimes,,,,adverb,,none,173
tricolore-1-5th-edition,quelques jours,a few days,,,,phrase,,time-dates,173
tricolore-1-5th-edition,queue,"queue, tail (animal)",la,,,noun,,none,173
tricolore-1-5th-edition,qui,who,,,,other,,none,173
tricolore-1-5th-edition,qui est-ce?,who is it?,,,,phrase,,personal-info,173
tricolore-1-5th-edition,quinze,fifteen,,,,other,,none,173
tricolore-1-5th-edition,quinze jours,fortnight,,,,noun,,time-dates,173
tricolore-1-5th-edition,quitter,to leave,,,,verb,,none,173
tricolore-1-5th-edition,quoi!,what!,,,,other,,none,173
tricolore-1-5th-edition,raconter,"to tell, talk about",,,,verb,,communication,173
tricolore-1-5th-edition,radio,radio,une,,,noun,,communication,173
tricolore-1-5th-edition,raide,straight,,,,adjective,,none,173
tricolore-1-5th-edition,raisin,grape,un,,,noun,,food,173
tricolore-1-5th-edition,rang,row (in class),un,,,noun,,school,173
tricolore-1-5th-edition,ranger des affaires,to tidy up,,,,phrase,,home,173
tricolore-1-5th-edition,rappel,reminder,un,,,noun,,none,173
tricolore-1-5th-edition,raquette de tennis,tennis racket,une,,,noun,,hobby,173
tricolore-1-5th-edition,recette,recipe,une,,,noun,,food,173
tricolore-1-5th-edition,rechercher,to search for,,,,verb,,school,173
tricolore-1-5th-edition,recherches (f pl),research,les,f pl,f pl,noun,,school,173
tricolore-1-5th-edition,reconnaître,to recognise,,,,verb,,none,173
tricolore-1-5th-edition,reculez,go back (from reculer),,,,verb,,none,173
tricolore-1-5th-edition,regarder,"to watch, look at",,,,verb,,hobby,173
tricolore-1-5th-edition,regrette,I'm sorry (from regretter),,,,verb,,none,173
tricolore-1-5th-edition,remplacer,to replace,,,,verb,,none,173
tricolore-1-5th-edition,remplir,"to fill, fill in",,,,verb,,school,173
tricolore-1-5th-edition,rencontrer,to meet,,,,verb,,none,173
tricolore-1-5th-edition,rendez-vous,meeting place,un,,,noun,,none,173
tricolore-1-5th-edition,rentrer,to return,,,,verb,,daily-routine,173
tricolore-1-5th-edition,rentrée,return to school,la,,,noun,,school,173
tricolore-1-5th-edition,repas,meal,un,,,noun,,food,173
tricolore-1-5th-edition,requin,shark,un,,,noun,,none,173
tricolore-1-5th-edition,restaurant,restaurant,un,,,noun,,restaurant,173
tricolore-1-5th-edition,rester (à la maison),to stay (at home),,,,verb,,daily-routine,173
tricolore-1-5th-edition,rester en forme,to stay fit,,,,phrase,,health,173
tricolore-1-5th-edition,retard,late,,,,phrase,,time-dates,173
tricolore-1-5th-edition,retourner,to return,,,,verb,,none,173
tricolore-1-5th-edition,retrouver,to meet up with,,,,verb,,none,173
tricolore-1-5th-edition,revoir,goodbye,,,,phrase,,none,173
tricolore-1-5th-edition,reçu,receipt,un,,,noun,,shopping,173
tricolore-1-5th-edition,reçu,I received (from recevoir),,,,verb,,none,173
tricolore-1-5th-edition,riche,rich,,,,adjective,,none,173
tricolore-1-5th-edition,rien,"it's nothing, think nothing of it",,,,other,,none,173
tricolore-1-5th-edition,rien de spécial,nothing much,,,,phrase,,none,173
tricolore-1-5th-edition,rigolo,funny,,,,adjective,,none,173
tricolore-1-5th-edition,rire,to laugh,,,,verb,,none,173
tricolore-1-5th-edition,rit,we laugh (from rire),,,,verb,,none,173
tricolore-1-5th-edition,riz,rice,le,,,noun,,food,173
tricolore-1-5th-edition,robe,dress,une,,,noun,,shopping,173
tricolore-1-5th-edition,rocher,rock,un,,,noun,,none,173
tricolore-1-5th-edition,roi,king,un,,,noun,,none,173
tricolore-1-5th-edition,roller,roller skating,le,,,noun,,hobby,173
tricolore-1-5th-edition,rond(e),round,,,,adjective,,none,173
tricolore-1-5th-edition,rose,pink,,,,adjective,,none,173
tricolore-1-5th-edition,rouge,red,,,,adjective,,none,173
tricolore-1-5th-edition,route,road,une,,,noun,,travel,173
tricolore-1-5th-edition,roux,red/ginger,,,,adjective,,none,173
tricolore-1-5th-edition,rue,street,une,,,noun,,city-places,173
tricolore-1-5th-edition,rugby,rugby,le,,,noun,,hobby,173
tricolore-1-5th-edition,râpé(e)(s),grated,,,,adjective,,food,173
tricolore-1-5th-edition,règle,"ruler, rule",une,,,noun,,school,173
tricolore-1-5th-edition,récolte,harvest,une,,,noun,,none,173
tricolore-1-5th-edition,récréation,break,la,,,noun,,school,173
tricolore-1-5th-edition,répondre,to reply,,,,verb,,school,173
tricolore-1-5th-edition,réponse,"reply, answer",une,,,noun,,school,173
tricolore-1-5th-edition,répéter,to repeat,,,,verb,,school,173
tricolore-1-5th-edition,résultats (m pl),results,les,m pl,m pl,noun,,school,173
tricolore-1-5th-edition,résumé,summary,un,,,noun,,school,173
tricolore-1-5th-edition,rôti,roast,,,,adjective,,food,173
tricolore-1-5th-edition,s'accrocher,to hook on,,,,verb,,none,173
tricolore-1-5th-edition,s'il te plaît/s'il vous plaît,please,,,,phrase,,communication,173
tricolore-1-5th-edition,sa,"his, her, its (see p.103)",,,,adjective,,none,173
tricolore-1-5th-edition,sac,bag,un,,,noun,,shopping,173
tricolore-1-5th-edition,sage,good,,,,adjective,,none,173
tricolore-1-5th-edition,sainement,healthy,,,,adverb,,health,173
tricolore-1-5th-edition,Saint-Sylvestre,New Year's Eve,la,,,noun,,time-dates,173
tricolore-1-5th-edition,sais pas,I don't know (from savoir),,,,verb,,none,173
tricolore-1-5th-edition,saison,season,une,,,noun,,time-dates,173
tricolore-1-5th-edition,salade (verte),"lettuce, (green) salad",une,,,noun,,food,173
tricolore-1-5th-edition,salle de bains,bathroom,une,,,noun,,home,173
tricolore-1-5th-edition,salle de classe,classroom,une,,,noun,,school,173
tricolore-1-5th-edition,salle de séjour,living room,une,,,noun,,home,173
tricolore-1-5th-edition,salle à manger,dining room,une,,,noun,,home,173
tricolore-1-5th-edition,salon,"lounge, sitting room",un,,,noun,,home,173
tricolore-1-5th-edition,salut!,"hello, hi",,,,other,,communication,173
tricolore-1-5th-edition,salutation,greeting,une,,,noun,,communication,173
tricolore-1-5th-edition,samedi,(on) Saturday(s),(le),,,noun,,time-dates,173
tricolore-1-5th-edition,sandales (f pl),sandals,les,f pl,f pl,noun,,shopping,173
tricolore-1-5th-edition,sandwich,sandwich,un,,,noun,,food,173
tricolore-1-5th-edition,sans,without,,,,preposition,,none,173
tricolore-1-5th-edition,santé,health,la,,,noun,,health,173
tricolore-1-5th-edition,sardine,sardine,une,,,noun,,food,173
tricolore-1-5th-edition,saucisson,continental spicy sausage,un,,,noun,,food,173
tricolore-1-5th-edition,sauf,except,,,,preposition,,none,173
tricolore-1-5th-edition,sauter,to jump,,,,verb,,hobby,173
tricolore-1-5th-edition,savoir,to know,,,,verb,,none,173
tricolore-1-5th-edition,saxophone,saxophone,un,,,noun,,hobby,173
tricolore-1-5th-edition,sciences (f pl),science,les,f pl,f pl,noun,,school,173
tricolore-1-5th-edition,scolaire,to do with school,,,,adjective,,school,173
tricolore-1-5th-edition,se connecter,to go online,,,,verb,,communication,173
tricolore-1-5th-edition,seize,sixteen,,,,other,,none,173
tricolore-1-5th-edition,sel,salt,le,,,noun,,food,173
tricolore-1-5th-edition,semaine,week,une,,,noun,,time-dates,173
tricolore-1-5th-edition,sept,seven,,,,other,,none,173
tricolore-1-5th-edition,septembre,September,,,,noun,,time-dates,173
tricolore-1-5th-edition,serpent,snake,un,,,noun,,none,173
tricolore-1-5th-edition,sers-toi!,help yourself,,,,verb,,food,173
tricolore-1-5th-edition,ses,"his, her, its (see p.103)",,,,adjective,,none,173
tricolore-1-5th-edition,seul,alone,,,,adjective,,none,173
tricolore-1-5th-edition,seulement,only,,,,adverb,,none,173
tricolore-1-5th-edition,short,pair of shorts,un,,,noun,,shopping,173
tricolore-1-5th-edition,si,"if, yes",,,,other,,none,173
tricolore-1-5th-edition,simple,easy,,,,adjective,,none,173
tricolore-1-5th-edition,sinon,otherwise,,,,other,,none,173
tricolore-1-5th-edition,situé,situated,,,,adjective,,none,173
tricolore-1-5th-edition,six,six,,,,other,,none,173
tricolore-1-5th-edition,siècle,century,un,,,noun,,time-dates,173
tricolore-1-5th-edition,skate,skateboard,un,,,noun,,hobby,173
tricolore-1-5th-edition,SVT (Sciences de la Vie et de la Terre),natural sciences,,,,noun,,school,173
tricolore-1-5th-edition,séparer,to separate,,,,verb,,none,173
tricolore-1-5th-edition,sévère,strict,,,,adjective,,none,173
tricolore-1-5th-edition,tout seul,all alone,,,,phrase,,none,173
tricolore-1-5th-edition,un poisson rouge,goldfish,,,,noun,,none,173
tricolore-1-5th-edition,un sac à dos,backpack,,,,noun,,travel,173
tricolore-1-5th-edition,une pomme d'amour,toffee apple,,,,noun,,food,173
tricolore-1-5th-edition,avoir le temps,to have time,,,,phrase,,time-dates,174
tricolore-1-5th-edition,c'est tout,that's all,,,,phrase,,none,174
tricolore-1-5th-edition,du vin rouge/blanc,red/white wine,,,,phrase,,food,174
tricolore-1-5th-edition,en tout,in all,,,,phrase,,none,174
tricolore-1-5th-edition,en ville,in (to) the town centre,,,,phrase,,city-places,174
tricolore-1-5th-edition,faire du théâtre,to do drama,,,,phrase,,hobby,174
tricolore-1-5th-edition,faire les valises,to pack,,,,phrase,,travel,174
tricolore-1-5th-edition,il y a du soleil,it's sunny,,,,phrase,,weather,174
tricolore-1-5th-edition,il y a du vent,it's windy,,,,phrase,,weather,174
tricolore-1-5th-edition,je veux bien,I'd like to,,,,phrase,,none,174
tricolore-1-5th-edition,le tennis de table,table tennis,,,,noun,,hobby,174
tricolore-1-5th-edition,les grandes vacances (f pl),summer holidays,,f pl,f pl,noun,,vacation,174
tricolore-1-5th-edition,pas trop,not too much,,,,phrase,,none,174
tricolore-1-5th-edition,quel temps fait-il?,what's the weather like?,,,,phrase,,weather,174
tricolore-1-5th-edition,ski (nautique),(water) skiing,le,,,noun,,hobby,174
tricolore-1-5th-edition,snack,snack (bar),un,,,noun,,food,174
tricolore-1-5th-edition,sofa,"sofa, settee",un,,,noun,,home,174
tricolore-1-5th-edition,soir,(in the) evening(s),le,,,noun,,time-dates,174
tricolore-1-5th-edition,soixante,sixty,,,,other,,none,174
tricolore-1-5th-edition,soixante-dix,seventy,,,,other,,none,174
tricolore-1-5th-edition,soleil,sun,le,,,noun,,weather,174
tricolore-1-5th-edition,sommaire,summary,un,,,noun,,school,174
tricolore-1-5th-edition,sommes,we are (from être see p.49),,,,verb,,none,174
tricolore-1-5th-edition,son,sound,un,,,noun,,none,174
tricolore-1-5th-edition,son,"his, her, its (see p.103)",,,,adjective,,none,174
tricolore-1-5th-edition,sondage,"survey, opinion poll",un,,,noun,,school,174
tricolore-1-5th-edition,sonner,to ring,,,,verb,,communication,174
tricolore-1-5th-edition,sont,they are (from être see p.49),,,,verb,,none,174
tricolore-1-5th-edition,sort,she goes out (from sortir),,,,verb,,none,174
tricolore-1-5th-edition,sortir,to go out,,,,verb,,none,174
tricolore-1-5th-edition,soudain,suddenly,,,,adverb,,none,174
tricolore-1-5th-edition,souligner,to underline,,,,verb,,school,174
tricolore-1-5th-edition,souligné,underlined,,,,adjective,,school,174
tricolore-1-5th-edition,souper,supper,le,,,noun,,food,174
tricolore-1-5th-edition,souris,mouse,une,,,noun,,communication,174
tricolore-1-5th-edition,sous,under,,,,preposition,,none,174
tricolore-1-5th-edition,souvent,often,,,,adverb,,none,174
tricolore-1-5th-edition,spectacle,show,un,,,noun,,hobby,174
tricolore-1-5th-edition,sport,sport,le,,,noun,,hobby,174
tricolore-1-5th-edition,sportif (f sportive),fond of sports,,,,adjective,,hobby,174
tricolore-1-5th-edition,sports d'hiver (m pl),winter sports,les,m pl,m pl,noun,,hobby,174
tricolore-1-5th-edition,stade,stadium,un,,,noun,,city-places,174
tricolore-1-5th-edition,stage,course,un,,,noun,,school,174
tricolore-1-5th-edition,station (de radio),(radio) station,une,,,noun,,communication,174
tricolore-1-5th-edition,station d'accueil MP3,MP3 dock,une,,,noun,,communication,174
tricolore-1-5th-edition,strophe,verse,une,,,noun,,school,174
tricolore-1-5th-edition,stylo,pen,un,,,noun,,school,174
tricolore-1-5th-edition,sucre,sugar,le,,,noun,,food,174
tricolore-1-5th-edition,sucreries (f pl),sweet things,des,f pl,f pl,noun,,food,174
tricolore-1-5th-edition,sud,south,le,,,noun,,travel,174
tricolore-1-5th-edition,suis,I am (from être see p.49),,,,verb,,none,174
tricolore-1-5th-edition,Suisse,Switzerland,la,,,noun,,travel,174
tricolore-1-5th-edition,suit,(it) follows (from suivre),,,,verb,,none,174
tricolore-1-5th-edition,suivant,following,,,,adjective,,none,174
tricolore-1-5th-edition,super,great,,,,adjective,,none,174
tricolore-1-5th-edition,supermarché,supermarket,un,,,noun,,shopping,174
tricolore-1-5th-edition,sur,on,,,,preposition,,none,174
tricolore-1-5th-edition,surfer (sur le Net),to surf (the Net),,,,verb,,communication,174
tricolore-1-5th-edition,surligneur,highlighter,un,,,noun,,school,174
tricolore-1-5th-edition,surnom,nickname,un,,,noun,,personal-info,174
tricolore-1-5th-edition,surprise-partie,party,une,,,noun,,hobby,174
tricolore-1-5th-edition,surtout,especially,,,,adverb,,none,174
tricolore-1-5th-edition,sweat,sweatshirt,un,,,noun,,shopping,174
tricolore-1-5th-edition,sympa,"nice, good",,,,adjective,,none,174
tricolore-1-5th-edition,sympathique,nice,,,,adjective,,none,174
tricolore-1-5th-edition,synagogue,synagogue,une,,,noun,,city-places,174
tricolore-1-5th-edition,Syndicat d'Initiative,tourist office,un,,,noun,,travel,174
tricolore-1-5th-edition,sœur,sister,une,,,noun,,family,174
tricolore-1-5th-edition,ta,your (see p.22),,,,adjective,,none,174
tricolore-1-5th-edition,table,table,une,,,noun,,home,174
tricolore-1-5th-edition,tableau,"board, picture, table in a book",un,,,noun,,school,174
tricolore-1-5th-edition,tableau interactif,interactive whiteboard,un,,,noun,,school,174
tricolore-1-5th-edition,tablette,tablet computer,une,,,noun,,communication,174
tricolore-1-5th-edition,taille-crayon,pencil sharpener,un,,,noun,,school,174
tricolore-1-5th-edition,tais-toi!/taisez-vous!,be quiet!,,,,verb,,communication,174
tricolore-1-5th-edition,tante,aunt,une,,,noun,,family,174
tricolore-1-5th-edition,tapis d'ordinateur,mouse mat,un,,,noun,,communication,174
tricolore-1-5th-edition,tarentule,tarantula spider,une,,,noun,,none,174
tricolore-1-5th-edition,tarte,tart,une,,,noun,,food,174
tricolore-1-5th-edition,tarte aux pommes,apple tart,une,,,noun,,food,174
tricolore-1-5th-edition,tartine,piece of bread and butter and/or jam,une,,,noun,,food,174
tricolore-1-5th-edition,taxi,taxi,un,,,noun,,travel,174
tricolore-1-5th-edition,technologie,technology,la,,,noun,,school,174
tricolore-1-5th-edition,tee-shirt,T-shirt,un,,,noun,,shopping,174
tricolore-1-5th-edition,temple,temple,un,,,noun,,city-places,174
tricolore-1-5th-edition,temps,"weather, time",le,,,noun,,weather,174
tricolore-1-5th-edition,tennis,tennis,le,,,noun,,hobby,174
tricolore-1-5th-edition,tennis (f pl),tennis shoes,les,f pl,f pl,noun,,shopping,174
tricolore-1-5th-edition,tente,tent,une,,,noun,,vacation,174
tricolore-1-5th-edition,terminer,to end,,,,verb,,school,174
tricolore-1-5th-edition,terrain de football,football pitch,un,,,noun,,hobby,174
tricolore-1-5th-edition,tes,your (see p.22),,,,adjective,,none,174
tricolore-1-5th-edition,texto,text message,un,,,noun,,communication,174
tricolore-1-5th-edition,thé,tea,le,,,noun,,food,174
tricolore-1-5th-edition,théâtre,theatre,un,,,noun,,hobby,174
tricolore-1-5th-edition,tiens!,"hey, look!",,,,other,,communication,174
tricolore-1-5th-edition,tigré,tabby (cat),,,,adjective,,none,174
tricolore-1-5th-edition,timbre,stamp,un,,,noun,,communication,174
tricolore-1-5th-edition,titre,"title, heading",un,,,noun,,school,174
tricolore-1-5th-edition,toast,toast,le,,,noun,,food,174
tricolore-1-5th-edition,toboggan,flume (in pool),un,,,noun,,vacation,174
tricolore-1-5th-edition,toi,you,,,,other,,none,174
tricolore-1-5th-edition,toilettes (f pl),toilets,les,f pl,f pl,noun,,home,174
tricolore-1-5th-edition,toit,roof,un,,,noun,,home,174
tricolore-1-5th-edition,tomate,tomato,une,,,noun,,food,174
tricolore-1-5th-edition,tombe,(it) falls (from tomber),,,,verb,,none,174
tricolore-1-5th-edition,tombola,"tombola, raffle",une,,,noun,,hobby,174
tricolore-1-5th-edition,ton,your (see p.22),,,,adjective,,none,174
tricolore-1-5th-edition,toujours,"still, always",,,,adverb,,none,174
tricolore-1-5th-edition,tour,tower,une,,,noun,,city-places,174
tricolore-1-5th-edition,tour,turn (in game),un,,,noun,,hobby,174
tricolore-1-5th-edition,tournez,turn (from tourner),,,,verb,,travel,174
tricolore-1-5th-edition,tous,all,,,,other,,none,174
tricolore-1-5th-edition,tous les jours,every day,,,,phrase,,time-dates,174
tricolore-1-5th-edition,Toussaint,"All Saints' Day, autumn half-term holiday",la,,,noun,,time-dates,174
tricolore-1-5th-edition,tout,everything,,,,other,,none,174
tricolore-1-5th-edition,tout de suite,"straight away, immediately",,,,phrase,,none,174
tricolore-1-5th-edition,tout droit,straight ahead,,,,phrase,,travel,174
tricolore-1-5th-edition,tout le monde,everyone,,,,other,,none,174
tricolore-1-5th-edition,tout le temps,all the time,,,,phrase,,none,174
tricolore-1-5th-edition,tout près,very near,,,,phrase,,none,174
tricolore-1-5th-edition,traduit,translated (from traduire),,,,adjective,,school,174
tricolore-1-5th-edition,train,train,un,,,noun,,travel,174
tricolore-1-5th-edition,travail!,down to work!,,,,phrase,,profession,174
tricolore-1-5th-edition,travailler,to work,,,,verb,,profession,174
tricolore-1-5th-edition,traverser,to cross,,,,verb,,travel,174
tricolore-1-5th-edition,treize,thirteen,,,,other,,none,174
tricolore-1-5th-edition,trente,thirty,,,,other,,none,174
tricolore-1-5th-edition,tricot,jumper (or anything knitted),un,,,noun,,hobby,174
tricolore-1-5th-edition,trois,three,,,,other,,none,174
tricolore-1-5th-edition,troisième,third,,,,other,,none,174
tricolore-1-5th-edition,trombone,"trombone, paperclip",une,,,noun,,school,174
tricolore-1-5th-edition,trompette,trumpet,une,,,noun,,hobby,174
tricolore-1-5th-edition,trop ...,too ...,,,,adverb,,none,174
tricolore-1-5th-edition,trousse,pencil case,une,,,noun,,school,174
tricolore-1-5th-edition,trouver,to find,,,,verb,,none,174
tricolore-1-5th-edition,très,very,,,,adverb,,none,174
tricolore-1-5th-edition,tu,"you (singular, informal) (see p.22)",,,,other,,none,174
tricolore-1-5th-edition,typique,typical,,,,adjective,,none,174
tricolore-1-5th-edition,télé,on TV,,,,phrase,,communication,174
tricolore-1-5th-edition,téléphoner,to telephone,,,,verb,,communication,174
tricolore-1-5th-edition,télévision (la télé),television (TV),la,,,noun,,communication,174
tricolore-1-5th-edition,tête,head,la,,,noun,,health,174
tricolore-1-5th-edition,un (f une),"a, one",,,,other,,none,174
tricolore-1-5th-edition,un thé au citron,lemon tea,,,,noun,,food,174
tricolore-1-5th-edition,uniforme,uniform,un,,,noun,,school,174
tricolore-1-5th-edition,unique,only,,,,adjective,,none,174
tricolore-1-5th-edition,univers (m),universe,l',m,,noun,,none,174
tricolore-1-5th-edition,use,that wears out (of shoes) (from user),,,,verb,,none,174
tricolore-1-5th-edition,utile,useful,,,,adjective,,none,174
tricolore-1-5th-edition,va,he/she/it goes (from aller see p.88),,,,verb,,none,174
tricolore-1-5th-edition,vacances,on holiday,,,,phrase,,vacation,174
tricolore-1-5th-edition,vais,I go (from aller see p.88),,,,verb,,none,174
tricolore-1-5th-edition,valise,suitcase,une,,,noun,,travel,174
tricolore-1-5th-edition,vanille,vanilla flavoured,,,,phrase,,food,174
tricolore-1-5th-edition,vend,they're selling (from vendre),,,,verb,,shopping,174
tricolore-1-5th-edition,vendeur (une vendeuse),shop assistant,un,,,noun,,profession,174
tricolore-1-5th-edition,vendre,to sell,,,,verb,,shopping,174
tricolore-1-5th-edition,vendredi,(on) Friday(s),(le),,,noun,,time-dates,174
tricolore-1-5th-edition,venez voir,come and see,,,,phrase,,none,174
tricolore-1-5th-edition,venir,to come,,,,verb,,none,174
tricolore-1-5th-edition,vent,wind,le,,,noun,,weather,174
tricolore-1-5th-edition,verre,glass,un,,,noun,,food,174
tricolore-1-5th-edition,vert,green,,,,adjective,,none,174
tricolore-1-5th-edition,verticalement,down,,,,adverb,,school,174
tricolore-1-5th-edition,veste,jacket,une,,,noun,,shopping,174
tricolore-1-5th-edition,veut ... ?,who wants ... ? (from vouloir),,,,verb,,none,174
tricolore-1-5th-edition,veux,I want (from vouloir),,,,verb,,none,174
tricolore-1-5th-edition,veux ... ?,do you want ... ? (from vouloir),,,,verb,,none,174
tricolore-1-5th-edition,viande,meat,la,,,noun,,food,174
tricolore-1-5th-edition,vidéo,video,une,,,noun,,hobby,174
tricolore-1-5th-edition,viens,come here (from venir),,,,verb,,none,174
tricolore-1-5th-edition,vieux (f vieille),old,,,,adjective,,none,174
tricolore-1-5th-edition,village,village,un,,,noun,,city-places,174
tricolore-1-5th-edition,ville,town,une,,,noun,,city-places,174
tricolore-1-5th-edition,vin,wine,le,,,noun,,food,174
tricolore-1-5th-edition,vinaigre,vinegar,le,,,noun,,food,174
tricolore-1-5th-edition,vingt,twenty,,,,other,,none,174
tricolore-1-5th-edition,violon,violin,un,,,noun,,hobby,174
tricolore-1-5th-edition,violoncelle,cello,un,,,noun,,hobby,174
tricolore-1-5th-edition,visite guidée,guided tour,une,,,noun,,travel,174
tricolore-1-5th-edition,visiter,to visit,,,,verb,,travel,174
tricolore-1-5th-edition,vite,quickly,,,,adverb,,none,174
tricolore-1-5th-edition,vitesse,speed,la,,,noun,,travel,174
tricolore-1-5th-edition,vive les vacances!,long live the holidays!,,,,phrase,,vacation,174
tricolore-1-5th-edition,voici,"here is, here are",,,,other,,none,174
tricolore-1-5th-edition,voile,sailing,la,,,noun,,hobby,174
tricolore-1-5th-edition,voilà,"there is, there are",,,,other,,none,174
tricolore-1-5th-edition,voir,to see,,,,verb,,none,174
tricolore-1-5th-edition,voiture,car,une,,,noun,,travel,174
tricolore-1-5th-edition,voix,"voice, vote",une,,,noun,,none,174
tricolore-1-5th-edition,voler,"to fly, to steal",,,,verb,,none,174
tricolore-1-5th-edition,volley,volleyball,le,,,noun,,hobby,174
tricolore-1-5th-edition,vont,they go (from aller see p.88),,,,verb,,none,174
tricolore-1-5th-edition,vote,vote,une,,,noun,,none,174
tricolore-1-5th-edition,votre (pl vos),your (see p.104),,,pl vos,adjective,,none,174
tricolore-1-5th-edition,voudrais,I'd like,,,,verb,,none,174
tricolore-1-5th-edition,vous,you (plural; singular polite form),,,,other,,none,174
tricolore-1-5th-edition,voyage,journey,un,,,noun,,travel,174
tricolore-1-5th-edition,voyager,to travel,,,,verb,,travel,174
tricolore-1-5th-edition,voyelle,vowel,une,,,noun,,school,174
tricolore-1-5th-edition,voyons,let's see (from voir),,,,verb,,none,174
tricolore-1-5th-edition,vrai,true,,,,adjective,,none,174
tricolore-1-5th-edition,vraiment,really,,,,adverb,,none,174
tricolore-1-5th-edition,vue,view,une,,,noun,,none,174
tricolore-1-5th-edition,végétarien(ne),vegetarian,,,,adjective,,food,174
tricolore-1-5th-edition,vélo,bicycle,un,,,noun,,hobby,174
tricolore-1-5th-edition,vélo tout terrain (VTT),mountain bike (biking),le,,,noun,,hobby,174
tricolore-1-5th-edition,vérifier,to check,,,,verb,,none,174
tricolore-1-5th-edition,vêtements (m pl),clothes,les,m pl,m pl,noun,,shopping,174
tricolore-1-5th-edition,weekend,(at the) weekend,le,,,noun,,time-dates,174
tricolore-1-5th-edition,y,there,,,,other,,none,174
tricolore-1-5th-edition,yaourt,yoghurt,un,,,noun,,food,174
tricolore-1-5th-edition,yeux (m pl),eyes,les,m pl,m pl,noun,,health,174
tricolore-1-5th-edition,zoo,zoo,un,,,noun,,vacation,174
tricolore-1-5th-edition,zéro,zero,,,,other,,none,174
tricolore-1-5th-edition,à tout à l'heure,see you later,,,,phrase,,communication,174
tricolore-1-5th-edition,ça va?,how are you?,,,,phrase,,communication,174
tricolore-1-5th-edition,(auto)bus,bus,un,,,noun,,travel,175
tricolore-1-5th-edition,(les cheveux) frisé(s),curly (hair),,,,adjective,,personal-info,175
tricolore-1-5th-edition,(les cheveux) roux,ginger (hair),,,,adjective,,personal-info,175
tricolore-1-5th-edition,abricot,apricot,un,,,noun,,food,175
tricolore-1-5th-edition,adorer,to adore,,,,verb,,none,175
tricolore-1-5th-edition,affreux/affreuse,awful,,,,adjective,,none,175
tricolore-1-5th-edition,Allemagne (f),Germany,l',f,,noun,,travel,175
tricolore-1-5th-edition,allemand,German,,,,adjective,,school,175
tricolore-1-5th-edition,aller,to go,,,,verb,,none,175
tricolore-1-5th-edition,aller à la pêche,to go fishing,,,,phrase,,hobby,175
tricolore-1-5th-edition,ami(e),friend,un(e),,,noun,,none,175
tricolore-1-5th-edition,Amitiés,best wishes (at end of letter),,,,phrase,,communication,175
tricolore-1-5th-edition,amusant,"amusing, enjoyable, fun",,,,adjective,,none,175
tricolore-1-5th-edition,anglais,English,,,,adjective,,school,175
tricolore-1-5th-edition,Angleterre (f),England,l',f,,noun,,travel,175
tricolore-1-5th-edition,animal,animal,un,,des animaux,noun,,none,175
tricolore-1-5th-edition,anniversaire,birthday,un,,,noun,,family,175
tricolore-1-5th-edition,août,August,,,,noun,,time-dates,175
tricolore-1-5th-edition,appareil (photo),camera,un,,,noun,,hobby,175
tricolore-1-5th-edition,appartement,flat,un,,,noun,,home,175
tricolore-1-5th-edition,appelle,I am called,je m',,,verb,,personal-info,175
tricolore-1-5th-edition,après,after,,,,preposition,,time-dates,175
tricolore-1-5th-edition,après-midi (m),afternoon,l',m,,noun,,time-dates,175
tricolore-1-5th-edition,aquarium,aquarium,un,,,noun,,city-places,175
tricolore-1-5th-edition,arriver,to arrive,,,,verb,,travel,175
tricolore-1-5th-edition,assez,enough,,,,adverb,,none,175
tricolore-1-5th-edition,athlétisme (m),athletics,l',m,,noun,,hobby,175
tricolore-1-5th-edition,attention!,careful!,,,,phrase,,none,175
tricolore-1-5th-edition,au revoir,goodbye,,,,phrase,,communication,175
tricolore-1-5th-edition,aussi,also,,,,adverb,,none,175
tricolore-1-5th-edition,automne (m),autumn,l',m,,noun,,weather,175
tricolore-1-5th-edition,avant (de),before,,,,preposition,,time-dates,175
tricolore-1-5th-edition,avril,April,,,,noun,,time-dates,175
tricolore-1-5th-edition,badminton,badminton,le,,,noun,,hobby,175
tricolore-1-5th-edition,balle,ball (tennis),une,,,noun,,hobby,175
tricolore-1-5th-edition,ballon,"ball (football, large ball)",un,,,noun,,hobby,175
tricolore-1-5th-edition,banane,banana,une,,,noun,,food,175
tricolore-1-5th-edition,bande dessinée,cartoon strip,une,,,noun,,hobby,175
tricolore-1-5th-edition,bande dessinée (BD),comic strip,une,,,noun,,hobby,175
tricolore-1-5th-edition,basket,basketball,le,,,noun,,hobby,175
tricolore-1-5th-edition,bateau,boat,un,,,noun,,travel,175
tricolore-1-5th-edition,batterie,drums,la,,,noun,,hobby,175
tricolore-1-5th-edition,"beau (belle, beaux, belles)",beautiful,,,,adjective,,none,175
tricolore-1-5th-edition,Belgique,Belgium,la,,,noun,,travel,175
tricolore-1-5th-edition,beurre,butter,le,,,noun,,food,175
tricolore-1-5th-edition,bic,biro,un,,,noun,,school,175
tricolore-1-5th-edition,bleu,blue,,,,adjective,,none,175
tricolore-1-5th-edition,boire,to drink,,,,verb,,food,175
tricolore-1-5th-edition,boisson,drink,une,,,noun,,food,175
tricolore-1-5th-edition,bon anniversaire!,happy birthday!,,,,phrase,,family,175
tricolore-1-5th-edition,bon/bonne,good,,,,adjective,,none,175
tricolore-1-5th-edition,bouteille,bottle,une,,,noun,,none,175
tricolore-1-5th-edition,bowling,bowling alley,un,,,noun,,hobby,175
tricolore-1-5th-edition,boîte,box,une,,,noun,,none,175
tricolore-1-5th-edition,britannique,British,,,,adjective,,none,175
tricolore-1-5th-edition,brochure,brochure,une,,,noun,,travel,175
tricolore-1-5th-edition,brocolis (m pl),broccoli,les,m pl,,noun,,food,175
tricolore-1-5th-edition,bâtiment,building,un,,,noun,,city-places,175
tricolore-1-5th-edition,café,café,un,,,noun,,restaurant,175
tricolore-1-5th-edition,café,coffee,le,,,noun,,food,175
tricolore-1-5th-edition,cahier,exercise book,un,,,noun,,school,175
tricolore-1-5th-edition,calculatrice,calculator,une,,,noun,,school,175
tricolore-1-5th-edition,camping,campsite,un,,,noun,,vacation,175
tricolore-1-5th-edition,cantine,canteen,la,,,noun,,school,175
tricolore-1-5th-edition,carotte,carrot,une,,,noun,,food,175
tricolore-1-5th-edition,carte,card,une,,,noun,,hobby,175
tricolore-1-5th-edition,carte cadeau,gift card,une,,,noun,,shopping,175
tricolore-1-5th-edition,casquette,baseball cap,une,,,noun,,shopping,175
tricolore-1-5th-edition,cathédrale,cathedral,une,,,noun,,vacation,175
tricolore-1-5th-edition,centre,centre,le,,,noun,,city-places,175
tricolore-1-5th-edition,chaise,chair,une,,,noun,,home,175
tricolore-1-5th-edition,chambre,bedroom,une,,,noun,,home,175
tricolore-1-5th-edition,"chat, chatte",cat,"un, une",,,noun,,none,175
tricolore-1-5th-edition,chemisier,blouse,un,,,noun,,shopping,175
tricolore-1-5th-edition,cher/chère,dear,,,,adjective,,communication,175
tricolore-1-5th-edition,chien,dog,un,,,noun,,none,175
tricolore-1-5th-edition,chocolat,chocolate,le,,,noun,,food,175
tricolore-1-5th-edition,chou,cabbage,le,,,noun,,food,175
tricolore-1-5th-edition,chou-fleur,cauliflower,le,,,noun,,food,175
tricolore-1-5th-edition,châtain,chestnut brown,,,,adjective,,none,175
tricolore-1-5th-edition,château,castle,un,,,noun,,vacation,175
tricolore-1-5th-edition,cinéma,cinema,un,,,noun,,city-places,175
tricolore-1-5th-edition,clarinette,clarinet,une,,,noun,,hobby,175
tricolore-1-5th-edition,classe,class,la,,,noun,,school,175
tricolore-1-5th-edition,classeur,(ring binder),un,,,noun,,school,175
tricolore-1-5th-edition,cliquer,to click,,,,verb,,communication,175
tricolore-1-5th-edition,Coca,cola,un,,,noun,,food,175
tricolore-1-5th-edition,cochon d'Inde,guinea pig,un,,,noun,,none,175
tricolore-1-5th-edition,coin,corner,le,,,noun,,city-places,175
tricolore-1-5th-edition,comme,as,,,,other,,none,175
tricolore-1-5th-edition,commencer,to begin,,,,verb,,none,175
tricolore-1-5th-edition,compter,to count,,,,verb,,school,175
tricolore-1-5th-edition,concert,concert,un,,,noun,,hobby,175
tricolore-1-5th-edition,console de jeux,games console,une,,,noun,,hobby,175
tricolore-1-5th-edition,copain/copine,friend,un/une,,,noun,,none,175
tricolore-1-5th-edition,couleur,colour,une,,,noun,,none,175
tricolore-1-5th-edition,cousin(e),cousin,un(e),,,noun,,family,175
tricolore-1-5th-edition,cricket,cricket,le,,,noun,,hobby,175
tricolore-1-5th-edition,curseur,cursor,le,,,noun,,communication,175
tricolore-1-5th-edition,cyclisme,cycling,le,,,noun,,hobby,175
tricolore-1-5th-edition,céréales (f pl),cereal,des,f pl,,noun,,food,175
tricolore-1-5th-edition,d'abord,first of all,,,,adverb,,none,175
tricolore-1-5th-edition,d'accord,agreed,,,,phrase,,communication,175
tricolore-1-5th-edition,danser,to dance,,,,verb,,hobby,175
tricolore-1-5th-edition,date,date,la,,,noun,,time-dates,175
tricolore-1-5th-edition,demander,to ask,,,,verb,,none,175
tricolore-1-5th-edition,demi,half,,,,adjective,,time-dates,175
tricolore-1-5th-edition,demi-frère,half brother,un,,,noun,,family,175
tricolore-1-5th-edition,derrière,behind,,,,preposition,,none,175
tricolore-1-5th-edition,dessin,"art, drawing",le,,,noun,,school,175
tricolore-1-5th-edition,dessin animé,cartoon,un,,,noun,,hobby,175
tricolore-1-5th-edition,dessiner,to draw,,,,verb,,hobby,175
tricolore-1-5th-edition,devant,in front of,,,,preposition,,none,175
tricolore-1-5th-edition,deviner,to guess,,,,verb,,school,175
tricolore-1-5th-edition,dictionnaire,dictionary,un,,,noun,,school,175
tricolore-1-5th-edition,difficile,difficult,,,,adjective,,none,175
tricolore-1-5th-edition,discothèque,disco,une,,,noun,,hobby,175
tricolore-1-5th-edition,discuter,to chat,,,,verb,,communication,175
tricolore-1-5th-edition,décembre,December,,,,noun,,time-dates,175
tricolore-1-5th-edition,déjà,already,,,,adverb,,none,175
tricolore-1-5th-edition,délicieux,delicious,,,,adjective,,food,175
tricolore-1-5th-edition,dîner,dinner (evening meal),le,,,noun,,food,175
tricolore-1-5th-edition,e-mail,email,un,,,noun,,communication,175
tricolore-1-5th-edition,effacer,to delete,,,,verb,,communication,175
tricolore-1-5th-edition,en automne,in autumn,,,,phrase,,weather,175
tricolore-1-5th-edition,encore,again,,,,adverb,,none,175
tricolore-1-5th-edition,enfant,child,un(e),,,noun,,family,175
tricolore-1-5th-edition,ennuyeux/ennuyeuse,boring,,,,adjective,,none,175
tricolore-1-5th-edition,entre,between,,,,preposition,,none,175
tricolore-1-5th-edition,est,east,l',,,noun,,none,175
tricolore-1-5th-edition,et,and,,,,other,,none,175
tricolore-1-5th-edition,exercice,exercise,un,,,noun,,school,175
tricolore-1-5th-edition,facile,easy,,,,adjective,,none,175
tricolore-1-5th-edition,faire,to do,,,,verb,,none,175
tricolore-1-5th-edition,faire du théâtre,to do drama,,,,phrase,,hobby,175
tricolore-1-5th-edition,faire du vélo,to go biking,,,,phrase,,hobby,175
tricolore-1-5th-edition,faire la cuisine,to cook,,,,phrase,,food,175
tricolore-1-5th-edition,famille,family,la,,,noun,,family,175
tricolore-1-5th-edition,faux,false,,,,adjective,,none,175
tricolore-1-5th-edition,favori/favorite,favourite,,,,adjective,,none,175
tricolore-1-5th-edition,ferme,farm,une,,,noun,,none,175
tricolore-1-5th-edition,fermer,to close,,,,verb,,none,175
tricolore-1-5th-edition,feutre,felt tip pen,un,,,noun,,school,175
tricolore-1-5th-edition,fichier,file (computer),un,,,noun,,communication,175
tricolore-1-5th-edition,fille,daughter,une,,,noun,,family,175
tricolore-1-5th-edition,film,film,un,,,noun,,hobby,175
tricolore-1-5th-edition,finalement,finally,,,,adverb,,none,175
tricolore-1-5th-edition,flûte,flute,une,,,noun,,hobby,175
tricolore-1-5th-edition,foot,football,le,,,noun,,hobby,175
tricolore-1-5th-edition,football,football,le,,,noun,,hobby,175
tricolore-1-5th-edition,France,France,la,,,noun,,travel,175
tricolore-1-5th-edition,français,French,,,,adjective,,school,175
tricolore-1-5th-edition,frites,chips,les,,,noun,,food,175
tricolore-1-5th-edition,froid,cold,,,,adjective,,weather,175
tricolore-1-5th-edition,fromage,cheese,le,,,noun,,food,175
tricolore-1-5th-edition,fruit,fruit,un,,,noun,,food,175
tricolore-1-5th-edition,frère,brother,un,,,noun,,family,175
tricolore-1-5th-edition,fête,festival,une,,,noun,,vacation,175
tricolore-1-5th-edition,garage,garage,un,,,noun,,home,175
tricolore-1-5th-edition,garçon,boy,un,,,noun,,none,175
tricolore-1-5th-edition,golf,golf,le,,,noun,,hobby,175
tricolore-1-5th-edition,grand,big,,,,adjective,,none,175
tricolore-1-5th-edition,grand-mère,grandmother,la,,,noun,,family,175
tricolore-1-5th-edition,grand-père,grandfather,le,,,noun,,family,175
tricolore-1-5th-edition,grands-parents,grand-parents,les,,,noun,,family,175
tricolore-1-5th-edition,gris,grey,,,,adjective,,none,175
tricolore-1-5th-edition,gros/grosse,big,,,,adjective,,none,175
tricolore-1-5th-edition,guitare,guitar,une,,,noun,,hobby,175
tricolore-1-5th-edition,gymnastique,gymnastics,la,,,noun,,hobby,175
tricolore-1-5th-edition,gâteau,cake,un,,,noun,,food,175
tricolore-1-5th-edition,génial!,brilliant!,,,,phrase,,none,175
tricolore-1-5th-edition,géographie,geography,la,,,noun,,school,175
tricolore-1-5th-edition,il fait beau,it's fine weather,,,,phrase,,weather,175
tricolore-1-5th-edition,il fait froid,the weather's cold,,,,phrase,,weather,175
tricolore-1-5th-edition,il fait mauvais,the weather's bad,,,,phrase,,weather,175
tricolore-1-5th-edition,il y a,there are,,,,phrase,,none,175
tricolore-1-5th-edition,il y a du brouillard,it's foggy,,,,phrase,,weather,175
tricolore-1-5th-edition,jardin,garden,un,,,noun,,home,175
tricolore-1-5th-edition,je suis fils/fille unique,I am an only child,,,,phrase,,family,175
tricolore-1-5th-edition,jeu,game,un,,,noun,,hobby,175
tricolore-1-5th-edition,jeu vidéo,computer game,un,,des jeux vidéo,noun,,hobby,175
tricolore-1-5th-edition,jouer aux cartes,to play cards,,,,phrase,,hobby,175
tricolore-1-5th-edition,jouer aux échecs,to play chess,,,,phrase,,hobby,175
tricolore-1-5th-edition,jour,day,un,,,noun,,time-dates,175
tricolore-1-5th-edition,jus de fruit,fruit juice,un,,,noun,,food,175
tricolore-1-5th-edition,liseuse,e-reader,une,,,noun,,communication,175
tricolore-1-5th-edition,lit,bed,un,,,noun,,home,175
tricolore-1-5th-edition,livre,book,un,,,noun,,school,175
tricolore-1-5th-edition,loin,far (away),,,,adverb,,none,175
tricolore-1-5th-edition,lève,I get up,je me,,,verb,,daily-routine,175
tricolore-1-5th-edition,mais,but,,,,other,,none,175
tricolore-1-5th-edition,manger,to eat,,,,verb,,food,175
tricolore-1-5th-edition,mauvais,bad,,,,adjective,,none,175
tricolore-1-5th-edition,message,email,un,,,noun,,communication,175
tricolore-1-5th-edition,navigateur,browser,un,,,noun,,communication,175
tricolore-1-5th-edition,noir,black,,,,adjective,,none,175
tricolore-1-5th-edition,Noël,Christmas,,,,noun,,vacation,175
tricolore-1-5th-edition,oiseau,bird,un,,,noun,,none,175
tricolore-1-5th-edition,ordinateur,computer,un,,,noun,,communication,175
tricolore-1-5th-edition,pain,bread,le,,,noun,,food,175
tricolore-1-5th-edition,par,by,,,,preposition,,none,175
tricolore-1-5th-edition,par exemple,for example,,,,phrase,,none,175
tricolore-1-5th-edition,parce que,because,,,,other,,none,175
tricolore-1-5th-edition,parking,car park,un,,,noun,,city-places,175
tricolore-1-5th-edition,pause,break (time),la,,,noun,,school,175
tricolore-1-5th-edition,pays,country,un,,,noun,,travel,175
tricolore-1-5th-edition,pendant,during,,,,preposition,,time-dates,175
tricolore-1-5th-edition,perruche,budgerigar,une,,,noun,,none,175
tricolore-1-5th-edition,petit déjeuner,breakfast,le,,,noun,,daily-routine,175
tricolore-1-5th-edition,plage,beach,une,,,noun,,vacation,175
tricolore-1-5th-edition,plats d'un repas,courses (of a meal),les,,,noun,,restaurant,175
tricolore-1-5th-edition,poisson,fish,le,,,noun,,food,175
tricolore-1-5th-edition,poisson rouge,goldfish,un,,,noun,,none,175
tricolore-1-5th-edition,pomme,apple,une,,,noun,,food,175
tricolore-1-5th-edition,pont,bridge,un,,,noun,,city-places,175
tricolore-1-5th-edition,porte,door,une,,,noun,,home,175
tricolore-1-5th-edition,porter,to carry,,,,verb,,none,175
tricolore-1-5th-edition,poser une question,to ask a question,,,,phrase,,communication,175
tricolore-1-5th-edition,poubelle,bin,une,,,noun,,home,175
tricolore-1-5th-edition,poulet,chicken,le,,,noun,,food,175
tricolore-1-5th-edition,pour,for,,,,preposition,,none,175
tricolore-1-5th-edition,premier/première,first,le/la,,,adjective,,none,175
tricolore-1-5th-edition,préféré,favourite,,,,adjective,,none,175
tricolore-1-5th-edition,Pâques,Easter,,,,noun,,vacation,175
tricolore-1-5th-edition,père,father,le,,,noun,,family,175
tricolore-1-5th-edition,Père Noël,Father Christmas,le,,,noun,,vacation,175
tricolore-1-5th-edition,raisin,grape,un,,,noun,,food,175
tricolore-1-5th-edition,rigolo,funny,,,,adjective,,none,175
tricolore-1-5th-edition,robe,dress,une,,,noun,,shopping,175
tricolore-1-5th-edition,récréation,break (time),la,,,noun,,school,175
tricolore-1-5th-edition,répondre,to answer,,,,verb,,none,175
tricolore-1-5th-edition,réponse,answer,une,,,noun,,none,175
tricolore-1-5th-edition,sac,bag,un,,,noun,,shopping,175
tricolore-1-5th-edition,sac à dos,backpack,un,,,noun,,school,175
tricolore-1-5th-edition,salle de bains,bathroom,la,,,noun,,home,175
tricolore-1-5th-edition,salle de classe,classroom,la,,,noun,,school,175
tricolore-1-5th-edition,salle à manger,dining room,la,,,noun,,home,175
tricolore-1-5th-edition,"se coucher, aller au lit",to go to bed,,,,phrase,,daily-routine,175
tricolore-1-5th-edition,soir,evening,le,,,noun,,time-dates,175
tricolore-1-5th-edition,solution,answer,une,,,noun,,none,175
tricolore-1-5th-edition,sont,they are,ils/elles,,,verb,,none,175
tricolore-1-5th-edition,suis,I am,je,,,verb,,none,175
tricolore-1-5th-edition,super!,great!,,,,phrase,,none,175
tricolore-1-5th-edition,surtout,especially,,,,adverb,,none,175
tricolore-1-5th-edition,tapis,carpet,un,,,noun,,home,175
tricolore-1-5th-edition,tartine,bread and butter,une,,,noun,,food,175
tricolore-1-5th-edition,terrain de football,football pitch,un,,,noun,,hobby,175
tricolore-1-5th-edition,TME (travail manuel éducatif),design and technology,le,,,noun,,school,175
tricolore-1-5th-edition,toujours,always,,,,adverb,,none,175
tricolore-1-5th-edition,"tout (toute, tous, toutes)",all,,,,adjective,,none,175
tricolore-1-5th-edition,un peu,a bit,,,,adverb,,none,175
tricolore-1-5th-edition,"un, une",a,,,,other,,none,175
tricolore-1-5th-edition,vendredi,Friday,,,,noun,,time-dates,175
tricolore-1-5th-edition,vert,green,,,,adjective,,none,175
tricolore-1-5th-edition,violoncelle,cello,un,,,noun,,hobby,175
tricolore-1-5th-edition,voiture,car,une,,,noun,,travel,175
tricolore-1-5th-edition,vélo,"bicycle, bike",un,,,noun,,hobby,175
tricolore-1-5th-edition,vérifier,to check,,,,verb,,none,175
tricolore-1-5th-edition,vêtements (m pl),clothes,les,m pl,,noun,,shopping,175
tricolore-1-5th-edition,zut!,blast!,,,,phrase,,none,175
tricolore-1-5th-edition,à côté de,beside,,,,preposition,,none,175
tricolore-1-5th-edition,âge (m),age,l',m,,noun,,personal-info,175
tricolore-1-5th-edition,éducation civique (f),citizenship,l',f,,noun,,school,175
tricolore-1-5th-edition,église,church,une,,,noun,,city-places,175
tricolore-1-5th-edition,étage,"floor, storey",un,,,noun,,home,175
tricolore-1-5th-edition,être,to be,,,,verb,,none,175
tricolore-1-5th-edition,œuf,egg,un,,,noun,,food,175
tricolore-1-5th-edition,(comment) ça va?,how are you?,,,,phrase,,communication,176
tricolore-1-5th-edition,(les cheveux) roux,red (hair),,,,adjective,,personal-info,176
tricolore-1-5th-edition,adorer,to love,,,,verb,,none,176
tricolore-1-5th-edition,affiche,poster,une,,,noun,,home,176
tricolore-1-5th-edition,aimer,to like,,,,verb,,none,176
tricolore-1-5th-edition,ananas,pineapple,un,,,noun,,food,176
tricolore-1-5th-edition,animal (domestique),pet,un,,,noun,,none,176
tricolore-1-5th-edition,appelle,my name is,je m',,,verb,,personal-info,176
tricolore-1-5th-edition,appuyer,to press,,,,verb,,communication,176
tricolore-1-5th-edition,as-tu des animaux à la maison?,have you any pets?,,,,phrase,,family,176
tricolore-1-5th-edition,ascenseur (m),lift,l',m,,noun,,city-places,176
tricolore-1-5th-edition,assez,quite,,,,adverb,,none,176
tricolore-1-5th-edition,autre,other,,,,adjective,,none,176
tricolore-1-5th-edition,avoir,to have,,,,verb,,none,176
tricolore-1-5th-edition,beaucoup,a lot,,,,adverb,,none,176
tricolore-1-5th-edition,bibliothèque,library,une,,,noun,,city-places,176
tricolore-1-5th-edition,bonjour,hello,,,,phrase,,communication,176
tricolore-1-5th-edition,brochure,leaflet,une,,,noun,,travel,176
tricolore-1-5th-edition,bureau,office,le,,,noun,,profession,176
tricolore-1-5th-edition,c'est,it is,,,,phrase,,none,176
tricolore-1-5th-edition,c'est dommage,it's a pity,,,,phrase,,none,176
tricolore-1-5th-edition,cadeau,present,un,,,noun,,shopping,176
tricolore-1-5th-edition,carnet,notebook,un,,,noun,,school,176
tricolore-1-5th-edition,carte,menu (computer),une,,,noun,,travel,176
tricolore-1-5th-edition,carte,menu (computer),la,,,noun,,restaurant,176
tricolore-1-5th-edition,carte postale,postcard,une,,,noun,,travel,176
tricolore-1-5th-edition,ce n'est pas,it isn't,,,,phrase,,none,176
tricolore-1-5th-edition,cent,hundred,,,,other,,none,176
tricolore-1-5th-edition,chaud,hot,,,,adjective,,weather,176
tricolore-1-5th-edition,chercher,to look for,,,,verb,,none,176
tricolore-1-5th-edition,cheval,horse,un,,des chevaux,noun,,none,176
tricolore-1-5th-edition,chez moi,at my house,,,,phrase,,home,176
tricolore-1-5th-edition,citron,lemon,un,,,noun,,food,176
tricolore-1-5th-edition,classeur,ring binder,un,,,noun,,school,176
tricolore-1-5th-edition,clavier,keyboard,un,,,noun,,communication,176
tricolore-1-5th-edition,"clef, clé",key (on keyboard),une,,,noun,,none,176
tricolore-1-5th-edition,combien (de),how many?,,,,adverb,,none,176
tricolore-1-5th-edition,comment,how,,,,adverb,,none,176
tricolore-1-5th-edition,comment ça s'écrit?,how do you spell that?,,,,phrase,,communication,176
tricolore-1-5th-edition,confiture,jam,la,,,noun,,food,176
tricolore-1-5th-edition,confiture d'oranges,marmalade,la,,,noun,,food,176
tricolore-1-5th-edition,connecter,to log on,,,,verb,,communication,176
tricolore-1-5th-edition,content,happy,,,,adjective,,none,176
tricolore-1-5th-edition,correspondant(e),penfriend,un(e),,,noun,,communication,176
tricolore-1-5th-edition,cours,lesson,un,,,noun,,school,176
tricolore-1-5th-edition,crayon,pencil,un,,,noun,,school,176
tricolore-1-5th-edition,cuisine,kitchen,la,,,noun,,home,176
tricolore-1-5th-edition,"d'accord, okay",OK,,,,phrase,,communication,176
tricolore-1-5th-edition,dans,in,,,,preposition,,none,176
tricolore-1-5th-edition,de,of,,,,preposition,,none,176
tricolore-1-5th-edition,demi-sœur,half sister,une,,,noun,,family,176
tricolore-1-5th-edition,dernier/dernière,last,,,,adjective,,none,176
tricolore-1-5th-edition,dessin,picture,un,,,noun,,hobby,176
tricolore-1-5th-edition,devoirs (m pl),homework,les,m pl,,noun,,school,176
tricolore-1-5th-edition,durer,to last,,,,verb,,none,176
tricolore-1-5th-edition,déconnecter,to log off,,,,verb,,communication,176
tricolore-1-5th-edition,déjeuner,lunch,le,,,noun,,food,176
tricolore-1-5th-edition,dépliant,leaflet,un,,,noun,,travel,176
tricolore-1-5th-edition,détester,to hate,,,,verb,,none,176
tricolore-1-5th-edition,en ligne,online,,,,adverb,,communication,176
tricolore-1-5th-edition,enregistrer,to record,,,,verb,,communication,176
tricolore-1-5th-edition,ensuite,next,,,,adverb,,none,176
tricolore-1-5th-edition,erreur,mistake,une,,,noun,,school,176
tricolore-1-5th-edition,est,he/she/it is,,,,verb,,none,176
tricolore-1-5th-edition,faire,to make,,,,verb,,none,176
tricolore-1-5th-edition,faire de l'équitation,to go horse riding,,,,phrase,,hobby,176
tricolore-1-5th-edition,faire de la peinture,to do painting,,,,phrase,,hobby,176
tricolore-1-5th-edition,faire des photos,to take photos,,,,phrase,,hobby,176
tricolore-1-5th-edition,faire du VTT,to go mountain biking,,,,phrase,,hobby,176
tricolore-1-5th-edition,faire sa valise,to pack a suitcase,,,,phrase,,vacation,176
tricolore-1-5th-edition,fils/fille unique,only child,,,,noun,,family,176
tricolore-1-5th-edition,flûte (à bec),recorder,une,,,noun,,hobby,176
tricolore-1-5th-edition,framboise,raspberry,une,,,noun,,food,176
tricolore-1-5th-edition,fête,party,une,,,noun,,family,176
tricolore-1-5th-edition,gens (m pl),people,des,m pl,,noun,,none,176
tricolore-1-5th-edition,gentil/gentille,kind,,,,adjective,,none,176
tricolore-1-5th-edition,glace,ice cream,une,,,noun,,food,176
tricolore-1-5th-edition,grand,large,,,,adjective,,none,176
tricolore-1-5th-edition,habiter,to live,,,,verb,,personal-info,176
tricolore-1-5th-edition,hamster,hamster,un,,,noun,,none,176
tricolore-1-5th-edition,heure,hour,une,,,noun,,time-dates,176
tricolore-1-5th-edition,histoire (f),history,l',f,,noun,,school,176
tricolore-1-5th-edition,hockey,hockey,le,,,noun,,hobby,176
tricolore-1-5th-edition,homme,man,un,,,noun,,none,176
tricolore-1-5th-edition,hôpital,hospital,un,,,noun,,health,176
tricolore-1-5th-edition,hôtel,hotel,un,,,noun,,vacation,176
tricolore-1-5th-edition,ici,here,,,,adverb,,none,176
tricolore-1-5th-edition,idée,idea,une,,,noun,,none,176
tricolore-1-5th-edition,il fait beau,the weather's nice,,,,phrase,,weather,176
tricolore-1-5th-edition,il fait chaud,it's hot,,,,phrase,,weather,176
tricolore-1-5th-edition,il pleut,it's raining,,,,phrase,,weather,176
tricolore-1-5th-edition,il y a,there is,,,,phrase,,none,176
tricolore-1-5th-edition,image,picture,une,,,noun,,hobby,176
tricolore-1-5th-edition,imprimante,printer,une,,,noun,,communication,176
tricolore-1-5th-edition,imprimer,to print,,,,verb,,communication,176
tricolore-1-5th-edition,informatique (f),ICT,l',f,,noun,,school,176
tricolore-1-5th-edition,instrument de musique,musical instrument,un,,,noun,,hobby,176
tricolore-1-5th-edition,intéressant,interesting,,,,adjective,,none,176
tricolore-1-5th-edition,irlandais,Irish,,,,adjective,,none,176
tricolore-1-5th-edition,Irlande (f),Ireland,l',f,,noun,,travel,176
tricolore-1-5th-edition,Irlande du Nord,Northern Ireland,l',,,noun,,travel,176
tricolore-1-5th-edition,j'habite à Londres,I live in London,,,,phrase,,personal-info,176
tricolore-1-5th-edition,jambon,ham,le,,,noun,,food,176
tricolore-1-5th-edition,janvier,January,,,,noun,,time-dates,176
tricolore-1-5th-edition,je,I,,,,other,,none,176
tricolore-1-5th-edition,je ne sais pas,I don't know,,,,phrase,,none,176
tricolore-1-5th-edition,jean,jeans,un,,,noun,,shopping,176
tricolore-1-5th-edition,jogging,jogging trousers,un,,,noun,,shopping,176
tricolore-1-5th-edition,joli,pretty,,,,adjective,,none,176
tricolore-1-5th-edition,"jouer (à + sports, de + instruments)",to play,,,,verb,,hobby,176
tricolore-1-5th-edition,jour de l'An,New Year's Day,le,,,noun,,vacation,176
tricolore-1-5th-edition,judo,judo,le,,,noun,,hobby,176
tricolore-1-5th-edition,juillet,July,,,,noun,,time-dates,176
tricolore-1-5th-edition,juin,June,,,,noun,,time-dates,176
tricolore-1-5th-edition,kilo,kilo,un,,,noun,,shopping,176
tricolore-1-5th-edition,kilomètre (1 km),kilometre,un,,,noun,,travel,176
tricolore-1-5th-edition,kiwi,kiwi fruit,un,,,noun,,food,176
tricolore-1-5th-edition,laboratoire,laboratory,un,,,noun,,school,176
tricolore-1-5th-edition,lait,milk,le,,,noun,,food,176
tricolore-1-5th-edition,langue,language,une,,,noun,,school,176
tricolore-1-5th-edition,lapin,rabbit,un,,,noun,,none,176
tricolore-1-5th-edition,lecteur MP3,MP3 player,un,,,noun,,communication,176
tricolore-1-5th-edition,lettre,letter,une,,,noun,,communication,176
tricolore-1-5th-edition,limonade,lemonade,la,,,noun,,food,176
tricolore-1-5th-edition,lis/lisez,read,,,,verb,,school,176
tricolore-1-5th-edition,liste,list,une,,,noun,,none,176
tricolore-1-5th-edition,long/longue,long,,,,adjective,,none,176
tricolore-1-5th-edition,lundi,Monday,,,,noun,,time-dates,176
tricolore-1-5th-edition,là-bas,over there,,,,adverb,,city-places,176
tricolore-1-5th-edition,M. (monsieur),Mr,,,,other,,personal-info,176
tricolore-1-5th-edition,mai,May,,,,noun,,time-dates,176
tricolore-1-5th-edition,maintenant,now,,,,adverb,,time-dates,176
tricolore-1-5th-edition,maison,house,une,,,noun,,home,176
tricolore-1-5th-edition,marché,market,le,,,noun,,shopping,176
tricolore-1-5th-edition,mars,March,,,,noun,,time-dates,176
tricolore-1-5th-edition,maths (f pl),maths,les,f pl,,noun,,school,176
tricolore-1-5th-edition,matin,morning,le,,,noun,,time-dates,176
tricolore-1-5th-edition,melon,melon,le,,,noun,,food,176
tricolore-1-5th-edition,menu,menu (computer),le,,,noun,,communication,176
tricolore-1-5th-edition,mettre,to put (on),,,,verb,,daily-routine,176
tricolore-1-5th-edition,midi,midday,,,,noun,,time-dates,176
tricolore-1-5th-edition,minuit,midnight,,,,noun,,time-dates,176
tricolore-1-5th-edition,Mme (madame),Mrs,,,,other,,personal-info,176
tricolore-1-5th-edition,moi,me,,,,other,,none,176
tricolore-1-5th-edition,moins,minus,,,,other,,none,176
tricolore-1-5th-edition,mois,month,le,,,noun,,time-dates,176
tricolore-1-5th-edition,"mon, ma, mes",my,,,,other,,none,176
tricolore-1-5th-edition,mosquée,mosque,une,,,noun,,city-places,176
tricolore-1-5th-edition,musique,music,la,,,noun,,hobby,176
tricolore-1-5th-edition,musée,museum,un,,,noun,,vacation,176
tricolore-1-5th-edition,mère,mother,la,,,noun,,family,176
tricolore-1-5th-edition,méchant,naughty,,,,adjective,,none,176
tricolore-1-5th-edition,"ne … pas, pas",not,,,,other,,none,176
tricolore-1-5th-edition,nom,name,un,,,noun,,personal-info,176
tricolore-1-5th-edition,non,no,,,,other,,none,176
tricolore-1-5th-edition,"notre, nos",our,,,,other,,none,176
tricolore-1-5th-edition,nouveau (nouvel before masculine word beginning with a vowel) / nouvelle / nouveaux / nouvelle,new,,,,adjective,,none,176
tricolore-1-5th-edition,novembre,November,,,,noun,,time-dates,176
tricolore-1-5th-edition,nuit,night,la,,,noun,,time-dates,176
tricolore-1-5th-edition,octobre,October,,,,noun,,time-dates,176
tricolore-1-5th-edition,omelette,omelette,une,,,noun,,food,176
tricolore-1-5th-edition,orange,orange,une,,,noun,,food,176
tricolore-1-5th-edition,orchestre,orchestra,un,,,noun,,hobby,176
tricolore-1-5th-edition,ordinateur portable,lap-top computer,un,,,noun,,communication,176
tricolore-1-5th-edition,ou,or,,,,other,,none,176
tricolore-1-5th-edition,ouvert,open,,,,adjective,,none,176
tricolore-1-5th-edition,ouvrir,to open,,,,verb,,none,176
tricolore-1-5th-edition,où habites-tu?,where do you live?,,,,phrase,,personal-info,176
tricolore-1-5th-edition,parc,park,un,,,noun,,city-places,176
tricolore-1-5th-edition,passe-temps,hobby,un,,,noun,,hobby,176
tricolore-1-5th-edition,patinoire,ice rink,une,,,noun,,hobby,176
tricolore-1-5th-edition,perroquet,parrot,un,,,noun,,none,176
tricolore-1-5th-edition,personne,person,une,,,noun,,none,176
tricolore-1-5th-edition,petit,little,,,,adjective,,none,176
tricolore-1-5th-edition,petits pois (m pl),peas,des,m pl,,noun,,food,176
tricolore-1-5th-edition,peut-être,maybe,,,,adverb,,none,176
tricolore-1-5th-edition,photographie,photography,la,,,noun,,hobby,176
tricolore-1-5th-edition,piano,piano,un,,,noun,,hobby,176
tricolore-1-5th-edition,plan de la ville,map (town),un,,,noun,,travel,176
tricolore-1-5th-edition,plat principal,main course,le,,,noun,,restaurant,176
tricolore-1-5th-edition,plus tard,later,,,,adverb,,time-dates,176
tricolore-1-5th-edition,poire,pear,une,,,noun,,food,176
tricolore-1-5th-edition,pomme de terre,potato,une,,,noun,,food,176
tricolore-1-5th-edition,portable,mobile phone,un,,,noun,,communication,176
tricolore-1-5th-edition,poste,post office,la,,,noun,,city-places,176
tricolore-1-5th-edition,poster,poster,un,,,noun,,home,176
tricolore-1-5th-edition,près (de),near (to),,,,preposition,,city-places,176
tricolore-1-5th-edition,préférer,to prefer,,,,verb,,none,176
tricolore-1-5th-edition,préparer,to prepare,,,,verb,,food,176
tricolore-1-5th-edition,pull,jumper,un,,,noun,,shopping,176
tricolore-1-5th-edition,pyjama,pyjamas,un,,,noun,,shopping,176
tricolore-1-5th-edition,pêche,peach,une,,,noun,,food,176
tricolore-1-5th-edition,quart,quarter,un,,,noun,,time-dates,176
tricolore-1-5th-edition,quel âge as-tu?,how old are you?,,,,phrase,,personal-info,176
tricolore-1-5th-edition,question,question,une,,,noun,,school,176
tricolore-1-5th-edition,radio,radio,une,,,noun,,hobby,176
tricolore-1-5th-edition,regarder,to look at,,,,verb,,none,176
tricolore-1-5th-edition,religion,religious education,la,,,noun,,school,176
tricolore-1-5th-edition,rentrer,to go home,,,,verb,,daily-routine,176
tricolore-1-5th-edition,repas,meal,un,,,noun,,food,176
tricolore-1-5th-edition,restaurant,restaurant,un,,,noun,,restaurant,176
tricolore-1-5th-edition,rouge,red,,,,adjective,,none,176
tricolore-1-5th-edition,route,road (street),la,,,noun,,city-places,176
tricolore-1-5th-edition,rue,road (street),la,,,noun,,city-places,176
tricolore-1-5th-edition,répondre,to reply,,,,verb,,none,176
tricolore-1-5th-edition,"s'il vous plaît, s'il te plaît",please,,,,phrase,,communication,176
tricolore-1-5th-edition,sais,I know,je,,,verb,,none,176
tricolore-1-5th-edition,salade,lettuce,la,,,noun,,food,176
tricolore-1-5th-edition,salle de séjour,living room,la,,,noun,,home,176
tricolore-1-5th-edition,salon,lounge,le,,,noun,,home,176
tricolore-1-5th-edition,salut!,hi!,,,,phrase,,communication,176
tricolore-1-5th-edition,santé,health,la,,,noun,,health,176
tricolore-1-5th-edition,seulement,only,,,,adverb,,none,176
tricolore-1-5th-edition,soirée,party,une,,,noun,,family,176
tricolore-1-5th-edition,"son, sa, ses",her,,,,other,,none,176
tricolore-1-5th-edition,souris,mouse,une,,,noun,,communication,176
tricolore-1-5th-edition,souvent,often,,,,adverb,,none,176
tricolore-1-5th-edition,station d'accueil MP3,MP3 dock,une,,,noun,,communication,176
tricolore-1-5th-edition,stylo,pen,un,,,noun,,school,176
tricolore-1-5th-edition,sur,on,,,,preposition,,none,176
tricolore-1-5th-edition,surligneur,highlighter,un,,,noun,,school,176
tricolore-1-5th-edition,surnom,nickname,un,,,noun,,personal-info,176
tricolore-1-5th-edition,sympa,nice,,,,adjective,,none,176
tricolore-1-5th-edition,tableau interactif,interactive whiteboard,un,,,noun,,school,176
tricolore-1-5th-edition,taille-crayon,pencil sharpener,un,,,noun,,school,176
tricolore-1-5th-edition,tapis d'ordinateur,mouse mat,un,,,noun,,communication,176
tricolore-1-5th-edition,touche,key (on keyboard),une,,,noun,,communication,176
tricolore-1-5th-edition,tout près,nearby,,,,adverb,,city-places,176
tricolore-1-5th-edition,tricot,pullover,un,,,noun,,shopping,176
tricolore-1-5th-edition,trombone,paper clip,un,,,noun,,school,176
tricolore-1-5th-edition,trousse,pencil case,une,,,noun,,school,176
tricolore-1-5th-edition,tête,head,la,,,noun,,health,176
tricolore-1-5th-edition,un peu,a little,,,,adverb,,none,176
tricolore-1-5th-edition,vacances (f pl),holidays,les,f pl,,noun,,vacation,176
tricolore-1-5th-edition,veste,jacket,une,,,noun,,shopping,176
tricolore-1-5th-edition,viande,meat,la,,,noun,,food,176
tricolore-1-5th-edition,"vieux (vieille, vieux, vieilles)",old,,,,adjective,,none,176
tricolore-1-5th-edition,vite,quickly,,,,adverb,,none,176
tricolore-1-5th-edition,voici,here are,,,,phrase,,none,176
tricolore-1-5th-edition,voudrais,I would like,je,,,verb,,restaurant,176
tricolore-1-5th-edition,voyage,journey,un,,,noun,,travel,176
tricolore-1-5th-edition,vraiment,really,,,,adverb,,none,176
tricolore-1-5th-edition,VTT (vélo tout terrain),mountain bike,le,,,noun,,hobby,176
tricolore-1-5th-edition,à côté de,next to,,,,preposition,,none,176
tricolore-1-5th-edition,à droite,on the right,,,,phrase,,city-places,176
tricolore-1-5th-edition,à gauche,on the left,,,,phrase,,city-places,176
tricolore-1-5th-edition,à la maison,at home,,,,phrase,,home,176
tricolore-1-5th-edition,écouter,to listen to,,,,verb,,hobby,176
tricolore-1-5th-edition,éducation physique (f) (l'EPS),physical education,l',,,noun,,school,176
tricolore-1-5th-edition,éducation religieuse (f),religious education,l',f,,noun,,school,176
tricolore-1-5th-edition,élève,pupil,un(e),,,noun,,school,176
tricolore-1-5th-edition,(chaîne) stéréo,stereo (system),une,,,noun,,hobby,177
tricolore-1-5th-edition,(faire de) la natation,(to go) swimming,,,,phrase,,hobby,177
tricolore-1-5th-edition,(je suis) désolé(e),(I am) sorry,,,,phrase,,communication,177
tricolore-1-5th-edition,(les cheveux) raide(s),straight (hair),,,,adjective,,personal-info,177
tricolore-1-5th-edition,affaires (f pl),things (possessions),les,f pl,,noun,,none,177
tricolore-1-5th-edition,affreux,terrible,,,,adjective,,none,177
tricolore-1-5th-edition,allumer,to switch on,,,,verb,,communication,177
tricolore-1-5th-edition,"alors, donc",so,,,,other,,none,177
tricolore-1-5th-edition,"alors, puis",then,,,,other,,none,177
tricolore-1-5th-edition,an,year,un,,,noun,,time-dates,177
tricolore-1-5th-edition,année,year,une,,,noun,,time-dates,177
tricolore-1-5th-edition,assieds-toi/asseyez-vous,sit down,,,,phrase,,school,177
tricolore-1-5th-edition,attention!,watch out!,,,,phrase,,none,177
tricolore-1-5th-edition,au printemps,in spring,,,,phrase,,weather,177
tricolore-1-5th-edition,auberge de jeunesse,youth hostel,une,,,noun,,vacation,177
tricolore-1-5th-edition,aujourd'hui,today,,,,adverb,,time-dates,177
tricolore-1-5th-edition,avec,with,,,,preposition,,none,177
tricolore-1-5th-edition,baskets (f pl),trainers,des,f pl,,noun,,shopping,177
tricolore-1-5th-edition,beau-père,stepfather,un,,,noun,,family,177
tricolore-1-5th-edition,beaucoup,very much,,,,adverb,,none,177
tricolore-1-5th-edition,belle-mère,stepmother,une,,,noun,,family,177
tricolore-1-5th-edition,bien,well,,,,adverb,,none,177
tricolore-1-5th-edition,bientôt,soon,,,,adverb,,time-dates,177
tricolore-1-5th-edition,blanc/blanche,white,,,,adjective,,none,177
tricolore-1-5th-edition,bonbon,sweet (noun),un,,,noun,,food,177
tricolore-1-5th-edition,c'est,this is,,,,phrase,,none,177
tricolore-1-5th-edition,c'est faux,it's wrong,,,,phrase,,none,177
tricolore-1-5th-edition,cartable,school bag,un,,,noun,,school,177
tricolore-1-5th-edition,centre commercial,shopping centre,le,,,noun,,shopping,177
tricolore-1-5th-edition,centre-ville,town centre,le,,,noun,,city-places,177
tricolore-1-5th-edition,chanson,song,une,,,noun,,hobby,177
tricolore-1-5th-edition,chanter,to sing,,,,verb,,hobby,177
tricolore-1-5th-edition,chaussette,sock,une,,,noun,,shopping,177
tricolore-1-5th-edition,chaussure,shoe,une,,,noun,,shopping,177
tricolore-1-5th-edition,chemise,shirt (boy's),une,,,noun,,shopping,177
tricolore-1-5th-edition,chemisier,shirt (boy's),un,,,noun,,shopping,177
tricolore-1-5th-edition,chose,thing,une,,,noun,,none,177
tricolore-1-5th-edition,ciseaux (m pl),scissors,des,m pl,,noun,,school,177
tricolore-1-5th-edition,clé USB,USB stick,une,,,noun,,communication,177
tricolore-1-5th-edition,collège,school (primary),un,,,noun,,school,177
tricolore-1-5th-edition,commencer,to start,,,,verb,,none,177
tricolore-1-5th-edition,comment?,what? (pardon?),,,,phrase,,communication,177
tricolore-1-5th-edition,contrôle,test,un,,,noun,,school,177
tricolore-1-5th-edition,cravate,tie,une,,,noun,,shopping,177
tricolore-1-5th-edition,de quelle couleur est-il?,what colour is it?,,,,phrase,,none,177
tricolore-1-5th-edition,de temps en temps,from time to time,,,,phrase,,time-dates,177
tricolore-1-5th-edition,demi-frère,stepbrother,un,,,noun,,family,177
tricolore-1-5th-edition,demi-sœur,stepsister,une,,,noun,,family,177
tricolore-1-5th-edition,deuxième,second,,,,adjective,,none,177
tricolore-1-5th-edition,dimanche,Sunday,,,,noun,,time-dates,177
tricolore-1-5th-edition,dis/dites,say,,,,verb,,communication,177
tricolore-1-5th-edition,donc,therefore,,,,other,,none,177
tricolore-1-5th-edition,eau (f),water,l',f,,noun,,food,177
tricolore-1-5th-edition,elle,she,,,,other,,none,177
tricolore-1-5th-edition,emploi du temps,school timetable,un,,,noun,,school,177
tricolore-1-5th-edition,en hiver,in winter,,,,phrase,,weather,177
tricolore-1-5th-edition,en ville,in town,,,,phrase,,city-places,177
tricolore-1-5th-edition,en été,in summer,,,,phrase,,weather,177
tricolore-1-5th-edition,ensemble,together,,,,adverb,,none,177
tricolore-1-5th-edition,escalier (m),staircase,l',m,,noun,,home,177
tricolore-1-5th-edition,Espagne (f),Spain,l',f,,noun,,travel,177
tricolore-1-5th-edition,espagnol,Spanish,,,,adjective,,school,177
tricolore-1-5th-edition,faire de la planche à voile,to go windsurfing,,,,phrase,,hobby,177
tricolore-1-5th-edition,faire de la voile,to go sailing,,,,phrase,,hobby,177
tricolore-1-5th-edition,faire des courses/du shopping,to go shopping,,,,phrase,,shopping,177
tricolore-1-5th-edition,faire du roller,to roller skate/blade,,,,phrase,,hobby,177
tricolore-1-5th-edition,faire du ski,to go skiing,,,,phrase,,hobby,177
tricolore-1-5th-edition,faire une promenade,to go for a walk,,,,phrase,,hobby,177
tricolore-1-5th-edition,fatigant,tiring,,,,adjective,,none,177
tricolore-1-5th-edition,fatigué,tired,,,,adjective,,health,177
tricolore-1-5th-edition,femme,woman,une,,,noun,,none,177
tricolore-1-5th-edition,fenêtre,window,une,,,noun,,home,177
tricolore-1-5th-edition,fils,son,un,,,noun,,family,177
tricolore-1-5th-edition,fraise,strawberry,une,,,noun,,food,177
tricolore-1-5th-edition,gagner,to win,,,,verb,,hobby,177
tricolore-1-5th-edition,gallois,Welsh,,,,adjective,,none,177
tricolore-1-5th-edition,gare,station,la,,,noun,,city-places,177
tricolore-1-5th-edition,gomme,rubber,une,,,noun,,school,177
tricolore-1-5th-edition,goûter,snack (afternoon),le,,,noun,,food,177
tricolore-1-5th-edition,grand,tall,,,,adjective,,personal-info,177
tricolore-1-5th-edition,grandes vacances (f pl),summer holidays,les,f pl,,noun,,vacation,177
tricolore-1-5th-edition,grave,serious,,,,adjective,,none,177
tricolore-1-5th-edition,histoire,story,une,,,noun,,school,177
tricolore-1-5th-edition,hiver (m),winter,l',m,,noun,,weather,177
tricolore-1-5th-edition,hors-d'œuvre,starter (meal),un,,,noun,,restaurant,177
tricolore-1-5th-edition,hôtel de ville,town hall,l',,,noun,,city-places,177
tricolore-1-5th-edition,il fait chaud,it's warm,,,,phrase,,weather,177
tricolore-1-5th-edition,il fait mauvais,the weather is bad,,,,phrase,,weather,177
tricolore-1-5th-edition,il neige,it's snowing,,,,phrase,,weather,177
tricolore-1-5th-edition,il y a,"there is, there are",,,,phrase,,none,177
tricolore-1-5th-edition,il y a du soleil,it's sunny,,,,phrase,,weather,177
tricolore-1-5th-edition,il y a du vent,it's windy,,,,phrase,,weather,177
tricolore-1-5th-edition,il/elle est comment?,what is he/she/it like?,,,,phrase,,none,177
tricolore-1-5th-edition,ils/elles,they,,,,other,,none,177
tricolore-1-5th-edition,jaune,yellow,,,,adjective,,none,177
tricolore-1-5th-edition,je (ne) comprends (pas),I (don't) understand,,,,phrase,,school,177
tricolore-1-5th-edition,jeu vidéo,video game,un,,,noun,,hobby,177
tricolore-1-5th-edition,jeudi,Thursday,,,,noun,,time-dates,177
tricolore-1-5th-edition,jumeau/jumelle,twin,un/une,,,noun,,family,177
tricolore-1-5th-edition,jupe,skirt,une,,,noun,,shopping,177
tricolore-1-5th-edition,jusqu'à,until,,,,preposition,,time-dates,177
tricolore-1-5th-edition,lentement,slowly,,,,adverb,,none,177
tricolore-1-5th-edition,lunettes de soleil (f pl),sunglasses,des,f pl,,noun,,shopping,177
tricolore-1-5th-edition,lycée,school (primary),un,,,noun,,school,177
tricolore-1-5th-edition,là,there,,,,adverb,,none,177
tricolore-1-5th-edition,légume,vegetable,un,,,noun,,food,177
tricolore-1-5th-edition,magasin,shop,un,,,noun,,shopping,177
tricolore-1-5th-edition,maillot de bain,swimming costume,un,,,noun,,shopping,177
tricolore-1-5th-edition,mardi,Tuesday,,,,noun,,time-dates,177
tricolore-1-5th-edition,mardi gras,Shrove Tuesday,,,,noun,,vacation,177
tricolore-1-5th-edition,matière,school subject,une,,,noun,,school,177
tricolore-1-5th-edition,mer,sea,la,,,noun,,vacation,177
tricolore-1-5th-edition,merci,thank you,,,,phrase,,communication,177
tricolore-1-5th-edition,mercredi,Wednesday,,,,noun,,time-dates,177
tricolore-1-5th-edition,mignon/mignonne,sweet (adj),,,,adjective,,none,177
tricolore-1-5th-edition,monde,world,le,,,noun,,none,177
tricolore-1-5th-edition,mot,word,un,,,noun,,school,177
tricolore-1-5th-edition,nom de famille,surname,le,,,noun,,personal-info,177
tricolore-1-5th-edition,normal,usual,,,,adjective,,none,177
tricolore-1-5th-edition,"normalement, d'habitude",usually,,,,adverb,,daily-routine,177
tricolore-1-5th-edition,nous,we,,,,other,,none,177
tricolore-1-5th-edition,nul,useless,,,,adjective,,none,177
tricolore-1-5th-edition,office de tourisme,tourist office,un,,,noun,,travel,177
tricolore-1-5th-edition,ouest,west,l',,,noun,,none,177
tricolore-1-5th-edition,oui,yes,,,,other,,none,177
tricolore-1-5th-edition,où,where,,,,other,,none,177
tricolore-1-5th-edition,pantalon,trousers,un,,,noun,,shopping,177
tricolore-1-5th-edition,parapluie,umbrella,un,,,noun,,weather,177
tricolore-1-5th-edition,parc d'attractions,theme park,un,,,noun,,vacation,177
tricolore-1-5th-edition,pardon!,sorry!,,,,phrase,,communication,177
tricolore-1-5th-edition,parler,to speak,,,,verb,,communication,177
tricolore-1-5th-edition,passer,to spend (time),,,,verb,,time-dates,177
tricolore-1-5th-edition,patins à roulettes (m pl),roller skates,des,m pl,,noun,,hobby,177
tricolore-1-5th-edition,pays de Galles,Wales,le,,,noun,,travel,177
tricolore-1-5th-edition,penser,to think,,,,verb,,none,177
tricolore-1-5th-edition,petit,small,,,,adjective,,none,177
tricolore-1-5th-edition,phrase,sentence,une,,,noun,,school,177
tricolore-1-5th-edition,ping-pong,table tennis,le,,,noun,,hobby,177
tricolore-1-5th-edition,piscine,swimming pool,une,,,noun,,vacation,177
tricolore-1-5th-edition,pièce,room (in house),une,,,noun,,home,177
tricolore-1-5th-edition,place,(town) square,une,,,noun,,city-places,177
tricolore-1-5th-edition,plusieurs,several,,,,adjective,,none,177
tricolore-1-5th-edition,porter,to wear,,,,verb,,shopping,177
tricolore-1-5th-edition,potage,soup,le,,,noun,,food,177
tricolore-1-5th-edition,pourquoi,why,,,,adverb,,none,177
tricolore-1-5th-edition,prendre,to take,,,,verb,,none,177
tricolore-1-5th-edition,printemps,spring,le,,,noun,,weather,177
tricolore-1-5th-edition,professeur,teacher,un,,,noun,,profession,177
tricolore-1-5th-edition,qu'est-ce que c'est?,what is it?,,,,phrase,,none,177
tricolore-1-5th-edition,quand,when,,,,other,,time-dates,177
tricolore-1-5th-edition,"quel (quelle, quels, quelles)",which,,,,adjective,,none,177
tricolore-1-5th-edition,quel temps fait-il?,what's the weather like?,,,,phrase,,weather,177
tricolore-1-5th-edition,quelle est la date aujourd'hui?,what's the date?,,,,phrase,,time-dates,177
tricolore-1-5th-edition,quelle heure est-il?,what time is it?,,,,phrase,,time-dates,177
tricolore-1-5th-edition,quelque chose,something,,,,other,,none,177
tricolore-1-5th-edition,quelquefois,sometimes,,,,adverb,,none,177
tricolore-1-5th-edition,qui,who,,,,other,,none,177
tricolore-1-5th-edition,ranger,to tidy up,,,,verb,,daily-routine,177
tricolore-1-5th-edition,regarder,to watch,,,,verb,,hobby,177
tricolore-1-5th-edition,rester (à la maison),to stay (at home),,,,phrase,,daily-routine,177
tricolore-1-5th-edition,rollers (m pl),roller blades,des,m pl,,noun,,hobby,177
tricolore-1-5th-edition,Royaume-Uni,United Kingdom,le,,,noun,,travel,177
tricolore-1-5th-edition,rue,street,une,,,noun,,city-places,177
tricolore-1-5th-edition,rugby,rugby,le,,,noun,,hobby,177
tricolore-1-5th-edition,règle,ruler,une,,,noun,,school,177
tricolore-1-5th-edition,sac à dos,rucksack,un,,,noun,,school,177
tricolore-1-5th-edition,saison,season,une,,,noun,,weather,177
tricolore-1-5th-edition,salade,salad,une,,,noun,,food,177
tricolore-1-5th-edition,salle,room (in house),une,,,noun,,school,177
tricolore-1-5th-edition,salle des profs,staffroom,la,,,noun,,school,177
tricolore-1-5th-edition,samedi,Saturday,,,,noun,,time-dates,177
tricolore-1-5th-edition,sandales (f pl),sandals,des,f pl,,noun,,shopping,177
tricolore-1-5th-edition,sandwich,sandwich,un,,,noun,,food,177
tricolore-1-5th-edition,sans,without,,,,preposition,,none,177
tricolore-1-5th-edition,sauvegarder,to save (file),,,,verb,,communication,177
tricolore-1-5th-edition,sciences (f pl),science,les,f pl,,noun,,school,177
tricolore-1-5th-edition,sel,salt,le,,,noun,,food,177
tricolore-1-5th-edition,semaine,week,une,,,noun,,time-dates,177
tricolore-1-5th-edition,septembre,September,,,,noun,,time-dates,177
tricolore-1-5th-edition,serpent,snake,un,,,noun,,none,177
tricolore-1-5th-edition,short,shorts,un,,,noun,,shopping,177
tricolore-1-5th-edition,site web,website,un,,,noun,,communication,177
tricolore-1-5th-edition,situé,situated,,,,adjective,,city-places,177
tricolore-1-5th-edition,skate,skateboard,un,,,noun,,hobby,177
tricolore-1-5th-edition,smartphone,smartphone,un,,,noun,,communication,177
tricolore-1-5th-edition,soleil,sun,le,,,noun,,weather,177
tricolore-1-5th-edition,soupe,soup,la,,,noun,,food,177
tricolore-1-5th-edition,sous,under,,,,preposition,,none,177
tricolore-1-5th-edition,sport,sport,le,,,noun,,hobby,177
tricolore-1-5th-edition,sportif/sportive,sporty,,,,adjective,,none,177
tricolore-1-5th-edition,sucre,sugar,le,,,noun,,food,177
tricolore-1-5th-edition,sucreries (f pl),sweet things,des,f pl,,noun,,food,177
tricolore-1-5th-edition,sud,south,le,,,noun,,none,177
tricolore-1-5th-edition,supermarché,supermarket,un,,,noun,,shopping,177
tricolore-1-5th-edition,surfer (sur le Net),to surf (the Net),,,,verb,,communication,177
tricolore-1-5th-edition,SVT (Sciences de la Vie et de la Terre),science,,,,noun,,school,177
tricolore-1-5th-edition,sweat,sweatshirt,un,,,noun,,shopping,177
tricolore-1-5th-edition,synagogue,synagogue,une,,,noun,,city-places,177
tricolore-1-5th-edition,syndicat d'initiative,tourist office,un,,,noun,,travel,177
tricolore-1-5th-edition,sœur,sister,une,,,noun,,family,177
tricolore-1-5th-edition,table,table,une,,,noun,,home,177
tricolore-1-5th-edition,tablette,tablet computer,une,,,noun,,communication,177
tricolore-1-5th-edition,taper,to type,,,,verb,,communication,177
tricolore-1-5th-edition,technologie,technology,la,,,noun,,school,177
tricolore-1-5th-edition,tee-shirt,T-shirt,un,,,noun,,shopping,177
tricolore-1-5th-edition,temple,temple,un,,,noun,,city-places,177
tricolore-1-5th-edition,tennis,tennis,le,,,noun,,hobby,177
tricolore-1-5th-edition,tennis de table,table tennis,le,,,noun,,hobby,177
tricolore-1-5th-edition,texto,text message,un,,,noun,,communication,177
tricolore-1-5th-edition,thé,tea (drink),le,,,noun,,food,177
tricolore-1-5th-edition,théâtre,theatre,un,,,noun,,city-places,177
tricolore-1-5th-edition,toast,toast,le,,,noun,,food,177
tricolore-1-5th-edition,toilettes (f pl),toilets,les,f pl,,noun,,home,177
tricolore-1-5th-edition,tomate,tomato,une,,,noun,,food,177
tricolore-1-5th-edition,"ton, ta, tes; votre, vos",your,,,,other,,none,177
tricolore-1-5th-edition,tout droit,straight ahead,,,,adverb,,city-places,177
tricolore-1-5th-edition,train,train,un,,,noun,,travel,177
tricolore-1-5th-edition,travailler,to work,,,,verb,,profession,177
tricolore-1-5th-edition,troisième,third,,,,adjective,,none,177
tricolore-1-5th-edition,trompette,trumpet,une,,,noun,,hobby,177
tricolore-1-5th-edition,trop,too (much),,,,adverb,,none,177
tricolore-1-5th-edition,très,very,,,,adverb,,none,177
tricolore-1-5th-edition,"tu, toi, vous",you,,,,other,,none,177
tricolore-1-5th-edition,télé,TV,la,,,noun,,hobby,177
tricolore-1-5th-edition,téléphoner,to telephone,,,,verb,,communication,177
tricolore-1-5th-edition,télévision,television,la,,,noun,,hobby,177
tricolore-1-5th-edition,uniforme,uniform,un,,,noun,,school,177
tricolore-1-5th-edition,utile,useful,,,,adjective,,none,177
tricolore-1-5th-edition,valise,suitcase,une,,,noun,,vacation,177
tricolore-1-5th-edition,vers,towards,,,,preposition,,none,177
tricolore-1-5th-edition,veux,to want,je,,,verb,,none,177
tricolore-1-5th-edition,veux,to want,tu,,,verb,,none,177
tricolore-1-5th-edition,vidéo,video,une,,,noun,,hobby,177
tricolore-1-5th-edition,village,village,un,,,noun,,city-places,177
tricolore-1-5th-edition,ville,town,une,,,noun,,city-places,177
tricolore-1-5th-edition,vin,wine,du,,,noun,,food,177
tricolore-1-5th-edition,violon,violin,un,,,noun,,hobby,177
tricolore-1-5th-edition,visiter,to visit,,,,verb,,vacation,177
tricolore-1-5th-edition,volley,volleyball,le,,,noun,,hobby,177
tricolore-1-5th-edition,voulez,to want,vous,,,verb,,none,177
tricolore-1-5th-edition,vrai,true,,,,adjective,,none,177
tricolore-1-5th-edition,végétarien/végétarienne,vegetarian,,,,adjective,,food,177
tricolore-1-5th-edition,weekend,weekend,le,,,noun,,time-dates,177
tricolore-1-5th-edition,yaourt,yoghurt,un,,,noun,,food,177
tricolore-1-5th-edition,zoo,zoo,un,,,noun,,vacation,177
tricolore-1-5th-edition,à bientôt!,see you soon!,,,,phrase,,communication,177
tricolore-1-5th-edition,école,school (primary),une,,,noun,,school,177
tricolore-1-5th-edition,écossais,Scottish,,,,adjective,,none,177
tricolore-1-5th-edition,Écosse (f),Scotland,l',f,,noun,,travel,177
tricolore-1-5th-edition,écran,screen,un,,,noun,,communication,177
tricolore-1-5th-edition,écris/écrivez,write,,,,verb,,school,177
tricolore-1-5th-edition,équipe,team,une,,,noun,,hobby,177
tricolore-1-5th-edition,étudiant(e),student,un(e),,,noun,,school,177
tricolore-1-5th-edition,été (m),summer,l',m,,noun,,weather,177
tricolore-2-5th-edition,'envoi','return',,,,noun,,none,154
tricolore-2-5th-edition,(à) mon avis,(in) my opinion,,,,phrase,,none,154
tricolore-2-5th-edition,aider à la maison,helping at home,,,,phrase,,none,154
tricolore-2-5th-edition,allumer,to switch on,,,,verb,,none,154
tricolore-2-5th-edition,apprendre (par cœur),to learn (by heart),,,,verb,,none,154
tricolore-2-5th-edition,argent,money,l',,,noun,,shopping,154
tricolore-2-5th-edition,bic (m),biro,,m,,noun,,none,154
tricolore-2-5th-edition,boissons,drinks,les,,,noun,,food,154
tricolore-2-5th-edition,brancher,to plug in,,,,verb,,none,154
tricolore-2-5th-edition,cahier (m),exercise book,,m,,noun,,school,154
tricolore-2-5th-edition,calculatrice (f),calculator,,f,,noun,,school,154
tricolore-2-5th-edition,cartable (m),school bag,,m,,noun,,school,154
tricolore-2-5th-edition,carte (f),card,,f,,noun,,none,154
tricolore-2-5th-edition,casse-croûtes,snacks,les,,,noun,,food,154
tricolore-2-5th-edition,chaise (f),chair,,f,,noun,,none,154
tricolore-2-5th-edition,charger,to load,,,,verb,,none,154
tricolore-2-5th-edition,chercher dans le dictionnaire,to look up in a dictionary,,,,verb,,school,154
tricolore-2-5th-edition,chez une famille,staying with a family,,,,phrase,,family,154
tricolore-2-5th-edition,choisir,to choose,,,,verb,,none,154
tricolore-2-5th-edition,classeur (m),file,,m,,noun,,communication,154
tricolore-2-5th-edition,clavier (m),keyboard,,m,,noun,,communication,154
tricolore-2-5th-edition,cliquer sur la souris,to click on the mouse,,,,verb,,communication,154
tricolore-2-5th-edition,clé USB (f),memory stick,,f,,noun,,none,154
tricolore-2-5th-edition,commencer,to begin,,,,verb,,none,154
tricolore-2-5th-edition,corriger,to correct,,,,verb,,none,154
tricolore-2-5th-edition,couper-coller,to cut and paste,,,,verb,,none,154
tricolore-2-5th-edition,curseur (m),cursor,,m,,noun,,communication,154
tricolore-2-5th-edition,descriptions,descriptions,les,,,noun,,none,154
tricolore-2-5th-edition,dessiner,"to draw, design",,,,verb,,none,154
tricolore-2-5th-edition,deviner,to guess,,,,verb,,none,154
tricolore-2-5th-edition,distractions,leisure events,les,,,noun,,hobby,154
tricolore-2-5th-edition,distribuer,to give out,,,,verb,,none,154
tricolore-2-5th-edition,effacer,to rub out,,,,verb,,none,154
tricolore-2-5th-edition,en classe,in school,,,,phrase,,school,154
tricolore-2-5th-edition,en ligne,on line,,,,phrase,,none,154
tricolore-2-5th-edition,en voyage,travel in general,,,,phrase,,none,154
tricolore-2-5th-edition,encore une fois,once more,,,,phrase,,none,154
tricolore-2-5th-edition,essayer,to try,,,,verb,,none,154
tricolore-2-5th-edition,excursion,a day out,une,,,noun,,vacation,154
tricolore-2-5th-edition,expliquer,to explain,,,,verb,,none,154
tricolore-2-5th-edition,famille,the family,la,,,noun,,family,154
tricolore-2-5th-edition,fermer,to shut down,,,,verb,,none,154
tricolore-2-5th-edition,feutre (m),felt-tip pen,,m,,noun,,none,154
tricolore-2-5th-edition,fichier (m),file,,m,,noun,,communication,154
tricolore-2-5th-edition,finir,to finish,,,,verb,,none,154
tricolore-2-5th-edition,gagner,to win,,,,verb,,none,154
tricolore-2-5th-edition,glaces,ice cream,les,,,noun,,none,154
tricolore-2-5th-edition,gomme (f),rubber,,f,,noun,,school,154
tricolore-2-5th-edition,imprimante (f),printer,,f,,noun,,communication,154
tricolore-2-5th-edition,informatique (f),ICT,l',f,,noun,,none,154
tricolore-2-5th-edition,iPod (m),iPod,,m,,noun,,none,154
tricolore-2-5th-edition,lecteur CD (m),CD player,,m,,noun,,none,154
tricolore-2-5th-edition,lecteur MP3 (m),MP3 player,,m,,noun,,none,154
tricolore-2-5th-edition,lecture,reading,la,,,noun,,hobby,154
tricolore-2-5th-edition,lien (m),link,,m,,noun,,communication,154
tricolore-2-5th-edition,magasins,shops,les,,,noun,,shopping,154
tricolore-2-5th-edition,marquer,to highlight,,,,verb,,none,154
tricolore-2-5th-edition,match,a sports match,un,,,noun,,hobby,154
tricolore-2-5th-edition,matières scolaires,school subjects,les,,,noun,,school,154
tricolore-2-5th-edition,matériel scolaire,school materials,le,,,noun,,school,154
tricolore-2-5th-edition,menu (m),menu,,m,,noun,,restaurant,154
tricolore-2-5th-edition,message (m),message,,m,,noun,,communication,154
tricolore-2-5th-edition,mettre dans le bon ordre,to put in the right order,,,,verb,,none,154
tricolore-2-5th-edition,moniteur (m),monitor,,m,,noun,,none,154
tricolore-2-5th-edition,mot de passe (m),password,,m,,noun,,communication,154
tricolore-2-5th-edition,noter,to make a note of,,,,verb,,none,154
tricolore-2-5th-edition,on sort,going out,,,,phrase,,none,154
tricolore-2-5th-edition,ordinateur (m),computer,,m,,noun,,communication,154
tricolore-2-5th-edition,oublier,to forget,,,,verb,,none,154
tricolore-2-5th-edition,ouvrir,to open,,,,verb,,none,154
tricolore-2-5th-edition,parler,to speak,,,,verb,,none,154
tricolore-2-5th-edition,parties du corps,parts of the body,les,,,noun,,hobby,154
tricolore-2-5th-edition,pays et les continents,countries and continents,les,,,noun,,travel,154
tricolore-2-5th-edition,penser,to think,,,,verb,,none,154
tricolore-2-5th-edition,plats d'un repas,courses of a meal,les,,,noun,,food,154
tricolore-2-5th-edition,poser une question,to ask a question,,,,verb,,none,154
tricolore-2-5th-edition,quantités,quantities,les,,,noun,,none,154
tricolore-2-5th-edition,ranger,"to tidy up, clear up, put away",,,,verb,,none,154
tricolore-2-5th-edition,repas au restaurant,a meal in a restaurant,un,,,noun,,restaurant,154
tricolore-2-5th-edition,routine journalière,daily routine,la,,,noun,,daily-routine,154
tricolore-2-5th-edition,règle (f),ruler,,f,,noun,,school,154
tricolore-2-5th-edition,répondre,to reply,,,,verb,,none,154
tricolore-2-5th-edition,répéter,to repeat,,,,verb,,none,154
tricolore-2-5th-edition,sac de sports (m),sports bag,,m,,noun,,hobby,154
tricolore-2-5th-edition,sac à dos (m),backpack,,m,,noun,,none,154
tricolore-2-5th-edition,santé,health,la,,,noun,,health,154
tricolore-2-5th-edition,savoir,to know,,,,verb,,none,154
tricolore-2-5th-edition,souligner,to underline,,,,verb,,none,154
tricolore-2-5th-edition,stylo à bille (m),ball-point pen,,m,,noun,,none,154
tricolore-2-5th-edition,surligneur (m),highlighter,,m,,noun,,none,154
tricolore-2-5th-edition,table (f),table,,f,,noun,,none,154
tricolore-2-5th-edition,tableau (m),board,,m,,noun,,none,154
tricolore-2-5th-edition,tableau interactif (m),interactive white board,,m,,noun,,none,154
tricolore-2-5th-edition,taille-crayon (m),pencil sharpener,,m,,noun,,school,154
tricolore-2-5th-edition,temps passé,expressions of past time,le,,,noun,,time-dates,154
tricolore-2-5th-edition,tourner,to turn,,,,verb,,none,154
tricolore-2-5th-edition,transports,means of transport,les,,,noun,,travel,154
tricolore-2-5th-edition,travailler (en équipes),to work (in teams),,,,verb,,none,154
tricolore-2-5th-edition,trousse (f),pencil case,,f,,noun,,school,154
tricolore-2-5th-edition,trouver,to find,,,,verb,,none,154
tricolore-2-5th-edition,télévision (f),television,,f,,noun,,none,154
tricolore-2-5th-edition,vie au collège,school life,la,,,noun,,school,154
tricolore-2-5th-edition,vérifier,to check,,,,verb,,none,154
tricolore-2-5th-edition,vêtements,clothes,les,,,noun,,shopping,154
tricolore-2-5th-edition,à la gare,at the station,,,,phrase,,travel,154
tricolore-2-5th-edition,écouter,to listen,,,,verb,,none,154
tricolore-2-5th-edition,écran (m),screen,,m,,noun,,communication,154
tricolore-2-5th-edition,écrire,to write,,,,verb,,none,154
tricolore-2-5th-edition,aller en discothèque/boîte (f),to go to a disco/club,,f,,verb,,hobby,155
tricolore-2-5th-edition,animaux (m pl),"animals, pets",les,m pl,,noun,,none,155
tricolore-2-5th-edition,assez,quite,,,,adverb,,none,155
tricolore-2-5th-edition,athlétisme (m),athletics,,m,,noun,,hobby,155
tricolore-2-5th-edition,auberge de jeunesse (f),youth hostel,,f,,noun,,vacation,155
tricolore-2-5th-edition,badminton (m),badminton,,m,,noun,,none,155
tricolore-2-5th-edition,banque (f),bank,,f,,noun,,city-places,155
tricolore-2-5th-edition,batterie (f),drums,,f,,noun,,hobby,155
tricolore-2-5th-edition,beau-frère (m),brother-in-law,,m,,noun,,family,155
tricolore-2-5th-edition,belle-sœur (f),sister-in-law,,f,,noun,,family,155
tricolore-2-5th-edition,bâtiments religieux (m pl),religious buildings,des,m pl,,noun,,none,155
tricolore-2-5th-edition,C'est amusant,It's fun,,,,phrase,,none,155
tricolore-2-5th-edition,C'est difficile,It's difficult,,,,phrase,,none,155
tricolore-2-5th-edition,C'est ennuyeux,It's boring,,,,phrase,,none,155
tricolore-2-5th-edition,C'est facile,It's easy,,,,phrase,,none,155
tricolore-2-5th-edition,C'est intéressant,It's interesting,,,,phrase,,none,155
tricolore-2-5th-edition,C'est nul,"It's useless, rubbish",,,,phrase,,none,155
tricolore-2-5th-edition,C'est super,It's great,,,,phrase,,none,155
tricolore-2-5th-edition,C'est sympa,"It's nice, good",,,,phrase,,none,155
tricolore-2-5th-edition,C'est utile,It's useful,,,,phrase,,none,155
tricolore-2-5th-edition,camping (m),campsite,,m,,noun,,vacation,155
tricolore-2-5th-edition,cathédrale (f),cathedral,,f,,noun,,city-places,155
tricolore-2-5th-edition,centre-ville (m),town centre,,m,,noun,,city-places,155
tricolore-2-5th-edition,chambre (f),bedroom,,f,,noun,,home,155
tricolore-2-5th-edition,chat (m),cat,,m,,noun,,none,155
tricolore-2-5th-edition,chatte (f),female cat,,f,,noun,,none,155
tricolore-2-5th-edition,cheval (m),horse,,m,,noun,,none,155
tricolore-2-5th-edition,chien (m),dog,,m,,noun,,none,155
tricolore-2-5th-edition,cochon d'Inde (m),guinea pig,,m,,noun,,none,155
tricolore-2-5th-edition,collège (m),comprehensive school,,m,,noun,,school,155
tricolore-2-5th-edition,concert (m),concert,,m,,noun,,hobby,155
tricolore-2-5th-edition,cousin(e) (m/f),cousin,,m/f,,noun,,family,155
tricolore-2-5th-edition,cricket (m),cricket,,m,,noun,,hobby,155
tricolore-2-5th-edition,cuisine (f),kitchen,,f,,noun,,home,155
tricolore-2-5th-edition,cyclisme (m),cycling,,m,,noun,,hobby,155
tricolore-2-5th-edition,d'autres loisirs,other leisure activities,,,,phrase,,hobby,155
tricolore-2-5th-edition,demi-frère (m),half-/stepbrother,,m,,noun,,none,155
tricolore-2-5th-edition,demi-sœur (f),half-/stepsister,,f,,noun,,none,155
tricolore-2-5th-edition,en automne (m),in autumn,,m,,phrase,,time-dates,155
tricolore-2-5th-edition,en hiver (m),in winter,,m,,phrase,,time-dates,155
tricolore-2-5th-edition,en ville,in town,,,,phrase,,city-places,155
tricolore-2-5th-edition,en été (m),in summer,,m,,phrase,,time-dates,155
tricolore-2-5th-edition,est,east,l',,,noun,,travel,155
tricolore-2-5th-edition,exposition (f),exhibition,,f,,noun,,hobby,155
tricolore-2-5th-edition,faire de la peinture,to do painting,,,,verb,,hobby,155
tricolore-2-5th-edition,faire des photos,to take photos,,,,verb,,hobby,155
tricolore-2-5th-edition,faire du dessin,to do drawing,,,,verb,,hobby,155
tricolore-2-5th-edition,faire du théâtre,to do drama,,,,verb,,hobby,155
tricolore-2-5th-edition,famille,the family,la,,,noun,,family,155
tricolore-2-5th-edition,fenêtre (f),window,,f,,noun,,home,155
tricolore-2-5th-edition,feu d'artifice (m),firework display,,m,,noun,,hobby,155
tricolore-2-5th-edition,fille (unique) (f),(only) daughter,,f,,noun,,family,155
tricolore-2-5th-edition,fils (unique) (m),(only) son,,m,,noun,,family,155
tricolore-2-5th-edition,flûte (f),flute,,f,,noun,,hobby,155
tricolore-2-5th-edition,flûte à bec (f),recorder,,f,,noun,,none,155
tricolore-2-5th-edition,football (m),football,,m,,noun,,hobby,155
tricolore-2-5th-edition,fromage (m),cheese,,m,,noun,,food,155
tricolore-2-5th-edition,frère (m),brother,,m,,noun,,family,155
tricolore-2-5th-edition,fête (f),"party, festival",,f,,noun,,hobby,155
tricolore-2-5th-edition,fête foraine (f),funfair,,f,,noun,,none,155
tricolore-2-5th-edition,garage (m),garage,,m,,noun,,home,155
tricolore-2-5th-edition,gare (f),station,,f,,noun,,travel,155
tricolore-2-5th-edition,golf (m),golf,,m,,noun,,hobby,155
tricolore-2-5th-edition,grand-mère (f),grandmother,,f,,noun,,family,155
tricolore-2-5th-edition,grand-père (m),grandfather,,m,,noun,,family,155
tricolore-2-5th-edition,guitare (f),guitar,,f,,noun,,hobby,155
tricolore-2-5th-edition,gymnastique (f),gymnastics,,f,,noun,,hobby,155
tricolore-2-5th-edition,hamster (m),hamster,,m,,noun,,none,155
tricolore-2-5th-edition,hôpital (m),hospital,,m,,noun,,health,155
tricolore-2-5th-edition,hôtel (m),hotel,,m,,noun,,none,155
tricolore-2-5th-edition,hôtel de ville (m),town hall,,m,,noun,,city-places,155
tricolore-2-5th-edition,il fait beau,it's fine,,,,phrase,,weather,155
tricolore-2-5th-edition,il fait chaud,it's hot,,,,phrase,,weather,155
tricolore-2-5th-edition,il fait froid,it's cold,,,,phrase,,weather,155
tricolore-2-5th-edition,il fait mauvais,it's bad weather,,,,phrase,,weather,155
tricolore-2-5th-edition,il neige,it's snowing,,,,phrase,,weather,155
tricolore-2-5th-edition,il pleut,it's raining,,,,phrase,,weather,155
tricolore-2-5th-edition,il y a du brouillard,it's foggy,,,,phrase,,weather,155
tricolore-2-5th-edition,il y a du soleil,it's sunny,,,,phrase,,weather,155
tricolore-2-5th-edition,il y a du vent,it's windy,,,,phrase,,weather,155
tricolore-2-5th-edition,jambon (m),ham,,m,,noun,,food,155
tricolore-2-5th-edition,jardin (m),garden,,m,,noun,,home,155
tricolore-2-5th-edition,je ne suis pas d'accord,I disagree,,,,phrase,,none,155
tricolore-2-5th-edition,je suis d'accord,I agree,,,,phrase,,none,155
tricolore-2-5th-edition,je suis pour/contre,I'm for/against,,,,phrase,,none,155
tricolore-2-5th-edition,jouer aux cartes,to play cards,,,,verb,,hobby,155
tricolore-2-5th-edition,jouer aux jeux vidéo,to play computer games,,,,verb,,hobby,155
tricolore-2-5th-edition,jouer aux échecs,to play chess,,,,verb,,hobby,155
tricolore-2-5th-edition,jouer à l'ordinateur,to play on the computer,,,,verb,,communication,155
tricolore-2-5th-edition,lapin (m),rabbit,,m,,noun,,none,155
tricolore-2-5th-edition,lit (m),bed,,m,,noun,,home,155
tricolore-2-5th-edition,loin de,far from,,,,phrase,,none,155
tricolore-2-5th-edition,marché (m),market,,m,,noun,,shopping,155
tricolore-2-5th-edition,mosquée (f),mosque,,f,,noun,,city-places,155
tricolore-2-5th-edition,musique,music,la,,,noun,,none,155
tricolore-2-5th-edition,musée (m),museum,,m,,noun,,city-places,155
tricolore-2-5th-edition,mère (f),mother,,f,,noun,,family,155
tricolore-2-5th-edition,nord,north,le,,,noun,,travel,155
tricolore-2-5th-edition,nourriture,food,la,,,noun,,food,155
tricolore-2-5th-edition,office de tourisme (m),tourist office,,m,,noun,,travel,155
tricolore-2-5th-edition,oiseau (m),bird,,m,,noun,,none,155
tricolore-2-5th-edition,omelette (f),omelette,,f,,noun,,food,155
tricolore-2-5th-edition,oncle (m),uncle,,m,,noun,,family,155
tricolore-2-5th-edition,ouest,west,l',,,noun,,travel,155
tricolore-2-5th-edition,parc (m),park,,m,,noun,,city-places,155
tricolore-2-5th-edition,parking (m),car park,,m,,noun,,city-places,155
tricolore-2-5th-edition,patinoire (f),skating rink,,f,,noun,,city-places,155
tricolore-2-5th-edition,perroquet (m),parrot,,m,,noun,,none,155
tricolore-2-5th-edition,perruche (f),budgerigar,,f,,noun,,none,155
tricolore-2-5th-edition,peu,a bit,un,,,noun,,none,155
tricolore-2-5th-edition,piano (m),piano,,m,,noun,,hobby,155
tricolore-2-5th-edition,piscine (f),swimming pool,,f,,noun,,city-places,155
tricolore-2-5th-edition,pizza (f),pizza,,f,,noun,,food,155
tricolore-2-5th-edition,place (f),square,,f,,noun,,city-places,155
tricolore-2-5th-edition,planche à voile (f),windsurfing,,f,,noun,,hobby,155
tricolore-2-5th-edition,points cardinaux,points of the compass,les,,,noun,,none,155
tricolore-2-5th-edition,poisson (m),fish,,m,,noun,,food,155
tricolore-2-5th-edition,poisson rouge (m),goldfish,,m,,noun,,none,155
tricolore-2-5th-edition,portable (m),laptop,,m,,noun,,none,155
tricolore-2-5th-edition,porte (f),door,,f,,noun,,home,155
tricolore-2-5th-edition,poste (f),post office,,f,,noun,,city-places,155
tricolore-2-5th-edition,potage (m),soup,,m,,noun,,food,155
tricolore-2-5th-edition,poulet (m),chicken,,m,,noun,,food,155
tricolore-2-5th-edition,printemps (m),in spring,au,m,,phrase,,time-dates,155
tricolore-2-5th-edition,près d'ici,near here,,,,phrase,,none,155
tricolore-2-5th-edition,près de,near,,,,phrase,,none,155
tricolore-2-5th-edition,pâté (m),pâté,,m,,noun,,food,155
tricolore-2-5th-edition,père (m),father,,m,,noun,,family,155
tricolore-2-5th-edition,Quelle direction?,Which direction?,,,,phrase,,travel,155
tricolore-2-5th-edition,restaurant (m),restaurant,,m,,noun,,restaurant,155
tricolore-2-5th-edition,roller (m),rollerblading / skating,,m,,noun,,hobby,155
tricolore-2-5th-edition,rue (principale) (f),"(high, main) street",,f,,noun,,city-places,155
tricolore-2-5th-edition,rugby (m),rugby,,m,,noun,,hobby,155
tricolore-2-5th-edition,réfrigérateur (m),fridge,,m,,noun,,home,155
tricolore-2-5th-edition,saisons (f pl),seasons,les,f pl,,noun,,time-dates,155
tricolore-2-5th-edition,salle de bains (f),bathroom,,f,,noun,,home,155
tricolore-2-5th-edition,salle à manger (f),dining room,,f,,noun,,home,155
tricolore-2-5th-edition,salon (m),lounge,,m,,noun,,home,155
tricolore-2-5th-edition,sauvegarder,to save,,,,verb,,none,155
tricolore-2-5th-edition,serpent (m),snake,,m,,noun,,none,155
tricolore-2-5th-edition,site web (m),website,,m,,noun,,communication,155
tricolore-2-5th-edition,skate (m),skateboarding,,m,,noun,,none,155
tricolore-2-5th-edition,ski (m),skiing,,m,,noun,,hobby,155
tricolore-2-5th-edition,soirée (f),"party, celebration",,f,,noun,,hobby,155
tricolore-2-5th-edition,souris (f),mouse,,f,,noun,,communication,155
tricolore-2-5th-edition,sports (m pl),sport,les,m pl,,noun,,hobby,155
tricolore-2-5th-edition,stade (m),stadium,,m,,noun,,city-places,155
tricolore-2-5th-edition,sud,south,le,,,noun,,travel,155
tricolore-2-5th-edition,surfer sur Internet,to surf the net,,,,verb,,communication,155
tricolore-2-5th-edition,surligner,to highlight,,,,verb,,none,155
tricolore-2-5th-edition,synagogue (f),synagogue,,f,,noun,,city-places,155
tricolore-2-5th-edition,sœur (f),sister,,f,,noun,,family,155
tricolore-2-5th-edition,tablette (f),tablet,,f,,noun,,none,155
tricolore-2-5th-edition,tante (f),aunt,,f,,noun,,family,155
tricolore-2-5th-edition,taper,to type,,,,verb,,none,155
tricolore-2-5th-edition,tarentule (f),tarantula,,f,,noun,,none,155
tricolore-2-5th-edition,temple (m),temple,,m,,noun,,city-places,155
tricolore-2-5th-edition,temps,weather,le,,,noun,,weather,155
tricolore-2-5th-edition,tennis (m),tennis,,m,,noun,,hobby,155
tricolore-2-5th-edition,touche (f),key,,f,,noun,,none,155
tricolore-2-5th-edition,tout droit,straight ahead,,,,phrase,,none,155
tricolore-2-5th-edition,tout près,very close,,,,phrase,,none,155
tricolore-2-5th-edition,très,very,,,,adverb,,none,155
tricolore-2-5th-edition,viande (f),meat,,f,,noun,,food,155
tricolore-2-5th-edition,violon (m),violin,,m,,noun,,hobby,155
tricolore-2-5th-edition,visualiser,to display,,,,verb,,none,155
tricolore-2-5th-edition,voile (f),sailing,,f,,noun,,hobby,155
tricolore-2-5th-edition,VTT (vélo tout terrain) (m),mountain biking,,m,,noun,,vacation,155
tricolore-2-5th-edition,à droite,(on the) right,,,,phrase,,none,155
tricolore-2-5th-edition,à gauche,(on the) left,,,,phrase,,none,155
tricolore-2-5th-edition,à la maison,at home,,,,phrase,,none,155
tricolore-2-5th-edition,à mon avis,in my opinion,,,,phrase,,none,155
tricolore-2-5th-edition,À quelle distance?,How far?,,,,phrase,,none,155
tricolore-2-5th-edition,à … kilomètres de,… kilometres from,,,,phrase,,travel,155
tricolore-2-5th-edition,à … milles de,… miles from,,,,phrase,,travel,155
tricolore-2-5th-edition,école (f),school (in general),,f,,noun,,school,155
tricolore-2-5th-edition,église (f),church,,f,,noun,,city-places,155
tricolore-2-5th-edition,équitation (f),horse riding,,f,,noun,,none,155
tricolore-2-5th-edition,(bleu) clair (inv),light (blue),,,,adjective,,none,156
tricolore-2-5th-edition,(vert) foncé (inv),dark (green),,,,adjective,,none,156
tricolore-2-5th-edition,août,August,,,,noun,,time-dates,156
tricolore-2-5th-edition,aujourd'hui,today,,,,adverb,,time-dates,156
tricolore-2-5th-edition,aussi,also,,,,adverb,,none,156
tricolore-2-5th-edition,avenir,future,l',,,noun,,time-dates,156
tricolore-2-5th-edition,avril,April,,,,noun,,time-dates,156
tricolore-2-5th-edition,banane (f),banana,,f,,noun,,food,156
tricolore-2-5th-edition,beurre (m),butter,,m,,noun,,food,156
tricolore-2-5th-edition,bientôt,soon,,,,adverb,,time-dates,156
tricolore-2-5th-edition,blanc (blanche),white,,,,adjective,,none,156
tricolore-2-5th-edition,bleu,blue,,,,adjective,,none,156
tricolore-2-5th-edition,blond,blond,,,,adjective,,none,156
tricolore-2-5th-edition,boissons chaudes (f pl),hot drinks,des,f pl,,noun,,food,156
tricolore-2-5th-edition,boissons froides (f pl),cold drinks,des,f pl,,noun,,food,156
tricolore-2-5th-edition,Bon anniversaire,Happy birthday,,,,phrase,,none,156
tricolore-2-5th-edition,Bonne année,Happy New Year,,,,phrase,,time-dates,156
tricolore-2-5th-edition,Bonne fête,Best wishes on your Saint's Day,,,,phrase,,time-dates,156
tricolore-2-5th-edition,brun,brown,,,,adjective,,none,156
tricolore-2-5th-edition,café (m),coffee,,m,,noun,,restaurant,156
tricolore-2-5th-edition,carottes (f pl),carrots,,f pl,,noun,,food,156
tricolore-2-5th-edition,ce matin,this morning,,,,phrase,,time-dates,156
tricolore-2-5th-edition,ce soir,this evening,,,,phrase,,time-dates,156
tricolore-2-5th-edition,cent,100,,,,other,,none,156
tricolore-2-5th-edition,cet après-midi,this afternoon,,,,phrase,,time-dates,156
tricolore-2-5th-edition,champignon (m),mushroom,,m,,noun,,food,156
tricolore-2-5th-edition,chocolat chaud (m),hot chocolate,,m,,noun,,food,156
tricolore-2-5th-edition,chou (m),cabbage,,m,,noun,,food,156
tricolore-2-5th-edition,chou-fleur (m),cauliflower,,m,,noun,,food,156
tricolore-2-5th-edition,châtain,(chestnut) brown,,,,adjective,,none,156
tricolore-2-5th-edition,cinq,5,,,,other,,none,156
tricolore-2-5th-edition,cinquante,50,,,,other,,none,156
tricolore-2-5th-edition,cinquante-et-un,51,,,,other,,none,156
tricolore-2-5th-edition,cinquième,fifth,,,,other,,none,156
tricolore-2-5th-edition,citron (m),lemon,,m,,noun,,food,156
tricolore-2-5th-edition,coca (m),coke,,m,,noun,,food,156
tricolore-2-5th-edition,confiture (f),jam,,f,,noun,,food,156
tricolore-2-5th-edition,confiture d'oranges (f),marmalade,,f,,noun,,food,156
tricolore-2-5th-edition,conjonctions,connectives,des,,,noun,,none,156
tricolore-2-5th-edition,couleurs (f pl),colours,les,f pl,,noun,,none,156
tricolore-2-5th-edition,croissants (m pl),croissants,,m pl,,noun,,food,156
tricolore-2-5th-edition,céréales (f pl),cereal,,f pl,,noun,,food,156
tricolore-2-5th-edition,d'abord,first of all,,,,adverb,,none,156
tricolore-2-5th-edition,dans l'ordre,in order,,,,phrase,,none,156
tricolore-2-5th-edition,demain,tomorrow,,,,adverb,,time-dates,156
tricolore-2-5th-edition,desserts (m pl),desserts,des,m pl,,noun,,food,156
tricolore-2-5th-edition,deux,2,,,,other,,none,156
tricolore-2-5th-edition,deux-cent-cinquante,250,,,,other,,none,156
tricolore-2-5th-edition,deux-cents,200,,,,other,,none,156
tricolore-2-5th-edition,deuxième,second,,,,other,,none,156
tricolore-2-5th-edition,dimanche,Sunday,,,,noun,,time-dates,156
tricolore-2-5th-edition,dimanche dernier,last Sunday,,,,phrase,,time-dates,156
tricolore-2-5th-edition,dix,10,,,,other,,none,156
tricolore-2-5th-edition,dix-huit,18,,,,other,,none,156
tricolore-2-5th-edition,dix-neuf,19,,,,other,,none,156
tricolore-2-5th-edition,dix-sept,17,,,,other,,none,156
tricolore-2-5th-edition,donc,"then, so",,,,other,,none,156
tricolore-2-5th-edition,douze,12,,,,other,,none,156
tricolore-2-5th-edition,décembre,December,,,,noun,,time-dates,156
tricolore-2-5th-edition,eau (f),water,,f,,noun,,food,156
tricolore-2-5th-edition,eau minérale (f),mineral water,,f,,noun,,food,156
tricolore-2-5th-edition,en ce moment,at the moment,,,,phrase,,none,156
tricolore-2-5th-edition,ensuite,next,,,,adverb,,time-dates,156
tricolore-2-5th-edition,et,and,,,,other,,none,156
tricolore-2-5th-edition,et demie,,,,,phrase,,time-dates,156
tricolore-2-5th-edition,et quart,,,,,phrase,,time-dates,156
tricolore-2-5th-edition,fraise (f),strawberry,,f,,noun,,food,156
tricolore-2-5th-edition,frites (f pl),chips,,f pl,,noun,,food,156
tricolore-2-5th-edition,fruits (m pl),fruit,des,m pl,,noun,,food,156
tricolore-2-5th-edition,février,February,,,,noun,,time-dates,156
tricolore-2-5th-edition,fête du 14 juillet / la fête nationale,Bastille Day (14th July),la,,,noun,,time-dates,156
tricolore-2-5th-edition,fêtes et les vœux,festivals and greetings,les,,,noun,,none,156
tricolore-2-5th-edition,gris,grey,,,,adjective,,none,156
tricolore-2-5th-edition,gâteau (m),cake,,m,,noun,,food,156
tricolore-2-5th-edition,haricots verts (m pl),French beans,,m pl,,noun,,none,156
tricolore-2-5th-edition,heure (f),time,l',f,,noun,Il est une heure/deux heures/trois heures …,time-dates,156
tricolore-2-5th-edition,hier,yesterday,,,,adverb,,time-dates,156
tricolore-2-5th-edition,hier matin/après-midi,yesterday morning/afternoon,,,,phrase,,time-dates,156
tricolore-2-5th-edition,hier soir,last night,,,,phrase,,none,156
tricolore-2-5th-edition,huit,8,,,,other,,none,156
tricolore-2-5th-edition,Il est midi et demi.,,,,,phrase,,time-dates,156
tricolore-2-5th-edition,Il est minuit et demi.,,,,,phrase,,time-dates,156
tricolore-2-5th-edition,janvier,January,,,,noun,,time-dates,156
tricolore-2-5th-edition,jaune,yellow,,,,adjective,,none,156
tricolore-2-5th-edition,jeudi,Thursday,,,,noun,,time-dates,156
tricolore-2-5th-edition,jour de l'An,New Year's Day,le,,,noun,,time-dates,156
tricolore-2-5th-edition,jours de la semaine,days of the week,les,,,noun,,time-dates,156
tricolore-2-5th-edition,Joyeuses Pâques,Happy Easter,,,,phrase,,none,156
tricolore-2-5th-edition,Joyeux Noël,Happy Christmas,,,,phrase,,none,156
tricolore-2-5th-edition,juillet,July,,,,noun,,time-dates,156
tricolore-2-5th-edition,juin,June,,,,noun,,time-dates,156
tricolore-2-5th-edition,jus de fruit (m),fruit juice,,m,,noun,,food,156
tricolore-2-5th-edition,kiwi (m),kiwi fruit,,m,,noun,,food,156
tricolore-2-5th-edition,lait (m),milk,,m,,noun,,food,156
tricolore-2-5th-edition,limonade (f),lemonade,,f,,noun,,food,156
tricolore-2-5th-edition,lundi,Monday,,,,noun,,time-dates,156
tricolore-2-5th-edition,lundi prochain,next Monday,,,,phrase,,time-dates,156
tricolore-2-5th-edition,légumes (m pl),vegetables,des,m pl,,noun,,food,156
tricolore-2-5th-edition,mai,May,,,,noun,,time-dates,156
tricolore-2-5th-edition,maintenant,now,,,,adverb,,time-dates,156
tricolore-2-5th-edition,mais,but,,,,other,,none,156
tricolore-2-5th-edition,mardi,Tuesday,,,,noun,,time-dates,156
tricolore-2-5th-edition,Mardi gras,Shrove Tuesday,,,,phrase,,time-dates,156
tricolore-2-5th-edition,marron (inv),brown,,,,adjective,,none,156
tricolore-2-5th-edition,mars,March,,,,noun,,time-dates,156
tricolore-2-5th-edition,melon (m),melon,,m,,noun,,food,156
tricolore-2-5th-edition,mercredi,Wednesday,,,,noun,,time-dates,156
tricolore-2-5th-edition,mille,1000,,,,other,,none,156
tricolore-2-5th-edition,moins cinq,,,,,phrase,,time-dates,156
tricolore-2-5th-edition,moins dix,,,,,phrase,,time-dates,156
tricolore-2-5th-edition,moins le quart,,,,,phrase,,time-dates,156
tricolore-2-5th-edition,moins vingt,,,,,phrase,,time-dates,156
tricolore-2-5th-edition,moins vingt-cinq,,,,,phrase,,time-dates,156
tricolore-2-5th-edition,mois de l'année,months of the year,les,,,noun,,time-dates,156
tricolore-2-5th-edition,neuf,9,,,,other,,none,156
tricolore-2-5th-edition,noir,black,,,,adjective,,none,156
tricolore-2-5th-edition,nombres (m pl),numbers,les,m pl,,noun,,none,156
tricolore-2-5th-edition,novembre,November,,,,noun,,time-dates,156
tricolore-2-5th-edition,Noël,Christmas,,,,noun,,none,156
tricolore-2-5th-edition,octobre,October,,,,noun,,time-dates,156
tricolore-2-5th-edition,onze,11,,,,other,,none,156
tricolore-2-5th-edition,orange (f),orange,,f,,noun,,food,156
tricolore-2-5th-edition,orange (inv),orange,,,,adjective,,food,156
tricolore-2-5th-edition,ou,or,,,,other,,none,156
tricolore-2-5th-edition,pain (m),bread,,m,,noun,,health,156
tricolore-2-5th-edition,passé,past,le,,,noun,,time-dates,156
tricolore-2-5th-edition,petit déjeuner,breakfast,le,,,noun,,food,156
tricolore-2-5th-edition,petits pois (m pl),peas,,m pl,,noun,,food,156
tricolore-2-5th-edition,plus tard,later,,,,phrase,,time-dates,156
tricolore-2-5th-edition,poire (f),pear,,f,,noun,,food,156
tricolore-2-5th-edition,pomme (f),apple,,f,,noun,,food,156
tricolore-2-5th-edition,pommes de terre (f pl),potatoes,,f pl,,noun,,food,156
tricolore-2-5th-edition,premier (première),first,,,,other,,none,156
tricolore-2-5th-edition,présent,present,le,,,noun,,shopping,156
tricolore-2-5th-edition,puis,then,,,,other,,none,156
tricolore-2-5th-edition,Pâques,Easter,,,,noun,,none,156
tricolore-2-5th-edition,pêche (f),peach,,f,,noun,,food,156
tricolore-2-5th-edition,quarante,40,,,,other,,none,156
tricolore-2-5th-edition,quarante-et-un,41,,,,other,,none,156
tricolore-2-5th-edition,quatorze,14,,,,other,,none,156
tricolore-2-5th-edition,quatre,4,,,,other,,none,156
tricolore-2-5th-edition,quatre-vingt-deux,82,,,,other,,none,156
tricolore-2-5th-edition,quatre-vingt-dix,90,,,,other,,none,156
tricolore-2-5th-edition,quatre-vingt-onze,91,,,,other,,none,156
tricolore-2-5th-edition,quatre-vingt-un,81,,,,other,,none,156
tricolore-2-5th-edition,quatre-vingts,80,,,,other,,none,156
tricolore-2-5th-edition,quatrième,fourth,,,,other,,none,156
tricolore-2-5th-edition,Quelle heure est-il?,,,,,phrase,,time-dates,156
tricolore-2-5th-edition,quinze,15,,,,other,,none,156
tricolore-2-5th-edition,raisin (m),grapes,,m,,noun,,food,156
tricolore-2-5th-edition,rose,pink,,,,adjective,,none,156
tricolore-2-5th-edition,rouge,red,,,,adjective,,none,156
tricolore-2-5th-edition,roux,red (hair),,,,adjective,,none,156
tricolore-2-5th-edition,salade (f),lettuce salad,,f,,noun,,food,156
tricolore-2-5th-edition,samedi,Saturday,,,,noun,,time-dates,156
tricolore-2-5th-edition,samedi matin,(on) Saturday morning,,,,phrase,,time-dates,156
tricolore-2-5th-edition,seize,16,,,,other,,none,156
tricolore-2-5th-edition,semaine dernière,last week,la,,,noun,,time-dates,156
tricolore-2-5th-edition,semaine prochaine,next week,la,,,noun,,time-dates,156
tricolore-2-5th-edition,sept,7,,,,other,,none,156
tricolore-2-5th-edition,septembre,September,,,,noun,,time-dates,156
tricolore-2-5th-edition,si,if,,,,other,,none,156
tricolore-2-5th-edition,six,6,,,,other,,none,156
tricolore-2-5th-edition,soixante,60,,,,other,,none,156
tricolore-2-5th-edition,soixante-dix,70,,,,other,,none,156
tricolore-2-5th-edition,soixante-douze,72,,,,other,,none,156
tricolore-2-5th-edition,soixante-et-onze,71,,,,other,,none,156
tricolore-2-5th-edition,soixante-et-un,61,,,,other,,none,156
tricolore-2-5th-edition,sucre (m),sugar,,m,,noun,,food,156
tricolore-2-5th-edition,tarte aux pommes (f),apple tart,,f,,noun,,food,156
tricolore-2-5th-edition,thé (m),tea,,m,,noun,,food,156
tricolore-2-5th-edition,toasts (m pl),toast,,m pl,,noun,,food,156
tricolore-2-5th-edition,tomate (f),tomato,,f,,noun,,food,156
tricolore-2-5th-edition,treize,13,,,,other,,none,156
tricolore-2-5th-edition,trente,30,,,,other,,none,156
tricolore-2-5th-edition,trente-et-un,31,,,,other,,none,156
tricolore-2-5th-edition,trois,3,,,,other,,none,156
tricolore-2-5th-edition,troisième,third,,,,other,,none,156
tricolore-2-5th-edition,turquoise,turquoise,,,,adjective,,none,156
tricolore-2-5th-edition,un,1,,,,other,,none,156
tricolore-2-5th-edition,vendredi,Friday,,,,noun,,time-dates,156
tricolore-2-5th-edition,vert,green,,,,adjective,,none,156
tricolore-2-5th-edition,vin (m),wine,,m,,noun,,food,156
tricolore-2-5th-edition,vingt,20,,,,other,,none,156
tricolore-2-5th-edition,vingt-deux,22,,,,other,,none,156
tricolore-2-5th-edition,vingt-et-un,21,,,,other,,none,156
tricolore-2-5th-edition,vingt-et-unième,twenty-first,,,,other,,none,156
tricolore-2-5th-edition,vingt-trois,23,,,,other,,none,156
tricolore-2-5th-edition,vingtième,twentieth,,,,other,,none,156
tricolore-2-5th-edition,weekend dernier,last weekend,le,,,noun,,none,156
tricolore-2-5th-edition,yaourt (m),yoghurt,,m,,noun,,food,156
tricolore-2-5th-edition,zéro,0,,,,other,,none,156
tricolore-2-5th-edition,œuf (m),egg,,m,,noun,,food,156
tricolore-2-5th-edition,œufs au bacon (m pl),bacon and egg,,m pl,,noun,,food,156
tricolore-2-5th-edition,@ + (À plus tard),CU (used in email),,,,phrase,,communication,166
tricolore-2-5th-edition,abbaye (f),abbey,l',f,,noun,,none,166
tricolore-2-5th-edition,abolir,to abolish,,,,verb,,none,166
tricolore-2-5th-edition,abonné(e),subscriber,un(e),,,noun,,none,166
tricolore-2-5th-edition,abord,"first, at first",d',,,phrase,,none,166
tricolore-2-5th-edition,abricot,apricot,un,,,noun,,none,166
tricolore-2-5th-edition,abriter,to shelter,,,,verb,,none,166
tricolore-2-5th-edition,absolument,absolutely,,,,adverb,,none,166
tricolore-2-5th-edition,accepter,to accept,,,,verb,,none,166
tricolore-2-5th-edition,accessoire,accessory,un,,,noun,,none,166
tricolore-2-5th-edition,accord,"okay, all right",d',,,phrase,,none,166
tricolore-2-5th-edition,accès (m),access,l',m,,noun,,none,166
tricolore-2-5th-edition,acheter,to buy,,,,verb,,shopping,166
tricolore-2-5th-edition,activité,activity,une,,,noun,,none,166
tricolore-2-5th-edition,addition (f),bill,l',f,,noun,,restaurant,166
tricolore-2-5th-edition,adorer,to love,,,,verb,,none,166
tricolore-2-5th-edition,adresse,address,une,,,noun,,personal-info,166
tricolore-2-5th-edition,adresse e-mail,email address,une,,,noun,,communication,166
tricolore-2-5th-edition,adulte,adult,un(e),,,noun,,family,166
tricolore-2-5th-edition,affaires (f pl),"things, belongings",les,f pl,,noun,,none,166
tricolore-2-5th-edition,affiche,"notice, poster",une,,,noun,,none,166
tricolore-2-5th-edition,affronter,to face,,,,verb,,none,166
tricolore-2-5th-edition,Afrique (f),Africa,l',f,,noun,,none,166
tricolore-2-5th-edition,agréable,pleasant,,,,adjective,,none,166
tricolore-2-5th-edition,ai,I have,j',,,verb,,none,166
tricolore-2-5th-edition,aider,to help,,,,verb,,none,166
tricolore-2-5th-edition,aile,wing,une,,,noun,,none,166
tricolore-2-5th-edition,aimer,to like,,,,verb,,none,166
tricolore-2-5th-edition,aire de jeu,play area,un,,,noun,,none,166
tricolore-2-5th-edition,ajouter,to add,,,,verb,,none,166
tricolore-2-5th-edition,alcoolisé,alcoholic,,,,adjective,,none,166
tricolore-2-5th-edition,Allemagne (f),Germany,l',f,,noun,,none,166
tricolore-2-5th-edition,allemand,German,,,,adjective,,none,166
tricolore-2-5th-edition,aller,to go,,,,verb,,none,166
tricolore-2-5th-edition,aller simple,single ticket,un,,,noun,,travel,166
tricolore-2-5th-edition,aller à la pêche,to go fishing,,,,verb,,none,166
tricolore-2-5th-edition,aller-retour,return ticket,un,,,noun,,travel,166
tricolore-2-5th-edition,allergique,allergic,,,,adjective,,health,166
tricolore-2-5th-edition,allonger,to lie down,s',,,verb,,none,166
tricolore-2-5th-edition,allons-y,let's go,,,,phrase,,none,166
tricolore-2-5th-edition,alors,so,,,,adverb,,none,166
tricolore-2-5th-edition,alouette,lark,une,,,noun,,none,166
tricolore-2-5th-edition,Alpes (f pl),the Alps,les,f pl,,noun,,none,166
tricolore-2-5th-edition,amande,almond,une,,,noun,,none,166
tricolore-2-5th-edition,amener,to take,,,,verb,,none,166
tricolore-2-5th-edition,ami(e),friend,un(e),,,noun,,family,166
tricolore-2-5th-edition,amical,friendly,,,,adjective,,none,166
tricolore-2-5th-edition,amitiés (at end of letter),best wishes,,,,noun,,communication,166
tricolore-2-5th-edition,amusant,enjoyable,,,,adjective,,none,166
tricolore-2-5th-edition,amuser,"to enjoy yourself, to have a good time",s',,,verb,,time-dates,166
tricolore-2-5th-edition,américain,American,,,,adjective,,none,166
tricolore-2-5th-edition,Amérique (f) du Nord/du Sud,North/South America,l',,,noun,,travel,166
tricolore-2-5th-edition,ananas,pineapple,un,,,noun,,none,166
tricolore-2-5th-edition,anglais,English,,,,adjective,,none,166
tricolore-2-5th-edition,Angleterre (f),England,l',f,,noun,,none,166
tricolore-2-5th-edition,animal (pl animaux),animal,un,,animaux,noun,,none,166
tricolore-2-5th-edition,anneau (pl anneaux),ring,un,,anneaux,noun,,none,166
tricolore-2-5th-edition,anniversaire,birthday,un,,,noun,,none,166
tricolore-2-5th-edition,année,year,une,,,noun,,time-dates,166
tricolore-2-5th-edition,Antarctique (m),Antarctic,l',m,,noun,,none,166
tricolore-2-5th-edition,août,August,,,,noun,,time-dates,166
tricolore-2-5th-edition,appareil,on the phone,à l',,,phrase,,communication,166
tricolore-2-5th-edition,appareil photo,camera,un,,,noun,,hobby,166
tricolore-2-5th-edition,appartement,"flat, apartment",un,,,noun,,home,166
tricolore-2-5th-edition,appeler,to call,,,,verb,,none,166
tricolore-2-5th-edition,appeler,to be called,s',,,verb,,none,166
tricolore-2-5th-edition,apporter,to bring,,,,verb,,none,166
tricolore-2-5th-edition,apprendre,to learn,,,,verb,,none,166
tricolore-2-5th-edition,approcher de,to approach,s',,,verb,,none,166
tricolore-2-5th-edition,après,after,,,,preposition,,none,166
tricolore-2-5th-edition,après-demain,the day after tomorrow,,,,adverb,,time-dates,166
tricolore-2-5th-edition,après-midi,afternoon,un,,,noun,,time-dates,166
tricolore-2-5th-edition,aquarium,aquarium,un,,,noun,,none,166
tricolore-2-5th-edition,arabe,Arab,,,,adjective,,none,166
tricolore-2-5th-edition,arbitre,referee,un,,,noun,,profession,166
tricolore-2-5th-edition,arbre,tree,un,,,noun,,none,166
tricolore-2-5th-edition,argent (m),money,l',m,,noun,,shopping,166
tricolore-2-5th-edition,armoire,wardrobe,une,,,noun,,home,166
tricolore-2-5th-edition,arobase,@ ('at' sign),un,,,noun,,none,166
tricolore-2-5th-edition,arriver,to arrive,,,,verb,,none,166
tricolore-2-5th-edition,arrivée (f),arrival,l',f,,noun,,travel,166
tricolore-2-5th-edition,arrêt (d'autobus),(bus) stop,un,,,noun,,none,166
tricolore-2-5th-edition,arrêter,to stop,s',,,verb,,none,166
tricolore-2-5th-edition,art (m),art,l',m,,noun,,none,166
tricolore-2-5th-edition,article,article,un,,,noun,,none,166
tricolore-2-5th-edition,arène,arena,une,,,noun,,none,166
tricolore-2-5th-edition,ascenseur,lift,un,,,noun,,none,166
tricolore-2-5th-edition,Asie (f),Asia,l',f,,noun,,none,166
tricolore-2-5th-edition,asperges (f pl),asparagus,des,f pl,,noun,,none,166
tricolore-2-5th-edition,aspirateur,vacuum cleaner,un,,,noun,,none,166
tricolore-2-5th-edition,aspirine (f),aspirin,l',f,,noun,,health,166
tricolore-2-5th-edition,asseoir,to sit down,s',,,verb,,none,166
tricolore-2-5th-edition,assez,quite,,,,adverb,,none,166
tricolore-2-5th-edition,assiette,plate,une,,,noun,,none,166
tricolore-2-5th-edition,assiette de charcuterie,plate of cold meats,,,,phrase,,weather,166
tricolore-2-5th-edition,assis,sitting (down),,,,adjective,,none,166
tricolore-2-5th-edition,assuré,guaranteed,,,,adjective,,none,166
tricolore-2-5th-edition,asthmatique,asthmatic,,,,adjective,,health,166
tricolore-2-5th-edition,astronaute,astronaut,un(e),,,noun,,profession,166
tricolore-2-5th-edition,athlétisme (m),athletics,l',m,,noun,,hobby,166
tricolore-2-5th-edition,atroce,"awful, atrocious",,,,adjective,,none,166
tricolore-2-5th-edition,attendre,to wait (for),,,,verb,,none,166
tricolore-2-5th-edition,atterrir,to land,,,,verb,,none,166
tricolore-2-5th-edition,attraper,to catch,,,,verb,,none,166
tricolore-2-5th-edition,au revoir,goodbye,,,,phrase,,communication,166
tricolore-2-5th-edition,aujourd'hui,today,,,,adverb,,time-dates,166
tricolore-2-5th-edition,aussi,"also, as well",,,,adverb,,none,166
tricolore-2-5th-edition,Australie (f),Australia,l',f,,noun,,none,166
tricolore-2-5th-edition,auteur,author,un,,,noun,,profession,166
tricolore-2-5th-edition,automne (m),autumn,l',m,,noun,,time-dates,166
tricolore-2-5th-edition,autoroute,motorway,une,,,noun,,travel,166
tricolore-2-5th-edition,autre,other,,,,adjective,,none,166
tricolore-2-5th-edition,autrement,otherwise,,,,adverb,,none,166
tricolore-2-5th-edition,Autriche (f),Austria,l',f,,noun,,none,166
tricolore-2-5th-edition,avance,in advance,en,,,phrase,,none,166
tricolore-2-5th-edition,avant,before,,,,preposition,,none,166
tricolore-2-5th-edition,avant-hier,the day before yesterday,,,,adverb,,time-dates,166
tricolore-2-5th-edition,avantage,advantage,un,,,noun,,none,166
tricolore-2-5th-edition,avec,with,,,,preposition,,none,166
tricolore-2-5th-edition,avenir (m),future,l',m,,noun,,time-dates,166
tricolore-2-5th-edition,aventure,adventure,une,,,noun,,none,166
tricolore-2-5th-edition,avez-vous ...?,do you have ...? (from avoir),,,,phrase,,none,166
tricolore-2-5th-edition,avion,plane,un,,,noun,,travel,166
tricolore-2-5th-edition,avis,opinion,un,,,noun,,none,166
tricolore-2-5th-edition,avoir,to have,,,,verb,,none,166
tricolore-2-5th-edition,avril,April,,,,noun,,time-dates,166
tricolore-2-5th-edition,aéroport,airport,un,,,noun,,travel,166
tricolore-2-5th-edition,aîné,"older, oldest",,,,adjective,,none,166
tricolore-2-5th-edition,bac(calauréat),school leaving certificate for university entrance,le,,,noun,,school,166
tricolore-2-5th-edition,badminton,badminton,le,,,noun,,none,166
tricolore-2-5th-edition,bagages (m pl),luggage,les,m pl,,noun,,travel,166
tricolore-2-5th-edition,bagages à main,hand luggage,,,,phrase,,health,166
tricolore-2-5th-edition,baguette,French loaf,une,,,noun,,none,166
tricolore-2-5th-edition,baigner,"to go swimming, to bathe",se,,,verb,,hobby,166
tricolore-2-5th-edition,baisser,to lower,,,,verb,,none,166
tricolore-2-5th-edition,bal,dance,un,,,noun,,none,166
tricolore-2-5th-edition,balade,"ride, walk",une,,,noun,,none,166
tricolore-2-5th-edition,baleine,whale,une,,,noun,,none,166
tricolore-2-5th-edition,balle,(small) ball,une,,,noun,,none,166
tricolore-2-5th-edition,ballon,ball,un,,,noun,,none,166
tricolore-2-5th-edition,banane,banana,une,,,noun,,food,166
tricolore-2-5th-edition,banc,"bench, seat",un,,,noun,,none,166
tricolore-2-5th-edition,bande dessinée (BD),"cartoon strip, comic (book)",une,,,noun,,hobby,166
tricolore-2-5th-edition,banque,bank,une,,,noun,,city-places,166
tricolore-2-5th-edition,barbe à papa,candyfloss,la,,,noun,,none,166
tricolore-2-5th-edition,barquette,"punnet, pack",une,,,noun,,food,166
tricolore-2-5th-edition,bas (basse),low,,,,adjective,,none,166
tricolore-2-5th-edition,basket,basketball,le,,,noun,,none,166
tricolore-2-5th-edition,baskets (f pl),trainers,les,f pl,,noun,,shopping,166
tricolore-2-5th-edition,bassin,"pool, pond",un,,,noun,,none,166
tricolore-2-5th-edition,bataille,battle,une,,,noun,,none,166
tricolore-2-5th-edition,bateau,boat,un,,,noun,,travel,166
tricolore-2-5th-edition,BD (bande dessinée),"cartoon strip, comic (book)",une,,,noun,,hobby,166
tricolore-2-5th-edition,"beau (bel, belle, beaux, belles)",beautiful,,,,adjective,,none,166
tricolore-2-5th-edition,beau-frère,brother-in-law,un,,,noun,,family,166
tricolore-2-5th-edition,beau-père,father-in-law,un,,,noun,,family,166
tricolore-2-5th-edition,beaucoup,"a lot, many",,,,adverb,,none,166
tricolore-2-5th-edition,beaucoup de ...,a lot of ...,,,,phrase,,none,166
tricolore-2-5th-edition,bec,beak,le,,,noun,,none,166
tricolore-2-5th-edition,belge,Belgian,,,,adjective,,none,166
tricolore-2-5th-edition,Belgique,Belgium,la,,,noun,,none,166
tricolore-2-5th-edition,belle-mère,stepmother; mother-in-law,une,,,noun,,family,166
tricolore-2-5th-edition,belle-sœur,sister-in-law,une,,,noun,,family,166
tricolore-2-5th-edition,berger,shepherd,un,,,noun,,profession,166
tricolore-2-5th-edition,beurk!,yuck!,,,,phrase,,none,166
tricolore-2-5th-edition,beurre,butter,le,,,noun,,food,166
tricolore-2-5th-edition,bibliothèque,library,la,,,noun,,city-places,166
tricolore-2-5th-edition,bien,"fine, well",,,,adverb,,none,166
tricolore-2-5th-edition,bien sûr,of course,,,,phrase,,none,166
tricolore-2-5th-edition,bientôt,soon,,,,adverb,,time-dates,166
tricolore-2-5th-edition,bille,marble,une,,,noun,,none,166
tricolore-2-5th-edition,billet,"ticket, banknote",un,,,noun,,travel,166
tricolore-2-5th-edition,biologie,biology,la,,,noun,,school,166
tricolore-2-5th-edition,biscuit,plain biscuit,un,,,noun,,food,166
tricolore-2-5th-edition,bière,beer,une,,,noun,,none,166
tricolore-2-5th-edition,blanc (blanche),white,,,,adjective,,none,166
tricolore-2-5th-edition,blessé,"hurt, injured",,,,adjective,,health,166
tricolore-2-5th-edition,bleu,blue,,,,adjective,,none,166
tricolore-2-5th-edition,bleu marine (inv. does not change form),navy blue,,,,phrase,,none,166
tricolore-2-5th-edition,blog (m),blog,un,m,,noun,,communication,166
tricolore-2-5th-edition,boire,to drink,,,,verb,,food,166
tricolore-2-5th-edition,boisson,drink,une,,,noun,,food,166
tricolore-2-5th-edition,bol,bowl,un,,,noun,,none,166
tricolore-2-5th-edition,bon (bonne),good,,,,adjective,,none,166
tricolore-2-5th-edition,bon appétit,enjoy your meal,,,,phrase,,food,166
tricolore-2-5th-edition,bon appétit!,enjoy your meal!,,,,phrase,,food,166
tricolore-2-5th-edition,bon voyage,have a good journey,,,,phrase,,travel,166
tricolore-2-5th-edition,bonbon,sweet,un,,,noun,,food,166
tricolore-2-5th-edition,bondir,to leap,,,,verb,,none,166
tricolore-2-5th-edition,bonhomme de neige,snowman,un,,,noun,,none,166
tricolore-2-5th-edition,bonjour,"hello, good morning",,,,phrase,,communication,166
tricolore-2-5th-edition,bonne heure,early,de,,,phrase,,none,166
tricolore-2-5th-edition,bord,on board,à,,,phrase,,none,166
tricolore-2-5th-edition,bord de la mer,at the seaside,au,,,phrase,,vacation,166
tricolore-2-5th-edition,bottes (f pl),boots,des,f pl,,noun,,shopping,166
tricolore-2-5th-edition,bouche,mouth,la,,,noun,,health,166
tricolore-2-5th-edition,boucherie,butcher's shop,une,,,noun,,profession,166
tricolore-2-5th-edition,boue,mud,la,,,noun,,none,166
tricolore-2-5th-edition,bouger,to move,,,,verb,,none,166
tricolore-2-5th-edition,bouillabaisse,fish stew (from Provence),la,,,noun,,food,166
tricolore-2-5th-edition,boulanger (boulangère),baker,un(e),,,noun,,profession,166
tricolore-2-5th-edition,boulangerie,baker's,une,,,noun,,profession,166
tricolore-2-5th-edition,boule de glace,a scoop of ice cream,une,,,noun,,none,166
tricolore-2-5th-edition,boum,party,une,,,noun,,hobby,166
tricolore-2-5th-edition,bouteille,bottle,une,,,noun,,none,166
tricolore-2-5th-edition,bouton,button,un,,,noun,,none,166
tricolore-2-5th-edition,boîte,"tin, box/disco, club",une,,,noun,,hobby,166
tricolore-2-5th-edition,branche,branch,une,,,noun,,none,166
tricolore-2-5th-edition,brancher,to plug (in),,,,verb,,none,166
tricolore-2-5th-edition,bras,arm,le,,,noun,,health,166
tricolore-2-5th-edition,"bras dessus, bras dessous",arm in arm,,,,phrase,,health,166
tricolore-2-5th-edition,brique de,a carton of,une,,,noun,,none,166
tricolore-2-5th-edition,brouillard,fog,le,,,noun,,weather,166
tricolore-2-5th-edition,brouiller,to blur,,,,verb,,none,166
tricolore-2-5th-edition,bruit,noise,un,,,noun,,none,166
tricolore-2-5th-edition,brun,brown,,,,adjective,,none,166
tricolore-2-5th-edition,Bruxelles,Brussels,,,,noun,,none,166
tricolore-2-5th-edition,Brésil,Brazil,le,,,noun,,none,166
tricolore-2-5th-edition,buffet,buffet,le,,,noun,,none,166
tricolore-2-5th-edition,bulle,speech bubble,une,,,noun,,none,166
tricolore-2-5th-edition,bureau,office,un,,,noun,,city-places,166
tricolore-2-5th-edition,but,goal,un,,,noun,,none,166
tricolore-2-5th-edition,bâtiment,building,un,,,noun,,none,166
tricolore-2-5th-edition,bâtonnet,(ice) lolly,un,,,noun,,none,166
tricolore-2-5th-edition,bébé,baby,un,,,noun,,family,166
tricolore-2-5th-edition,cabane,cabin,une,,,noun,,none,166
tricolore-2-5th-edition,cacher,to hide,,,,verb,,none,166
tricolore-2-5th-edition,cadeau,"gift, present",un,,,noun,,shopping,166
tricolore-2-5th-edition,café,café; coffee,un,,,noun,,restaurant,166
tricolore-2-5th-edition,café crème,white coffee,un,,,noun,,restaurant,166
tricolore-2-5th-edition,cahier,exercise book,un,,,noun,,school,166
tricolore-2-5th-edition,caisse,cash desk,la,,,noun,,shopping,166
tricolore-2-5th-edition,en automne,in autumn,,,,phrase,,time-dates,166
tricolore-2-5th-edition,en bateau,by boat,,,,phrase,,travel,166
tricolore-2-5th-edition,en bras de chemise,in shirt sleeves,,,,phrase,,shopping,166
tricolore-2-5th-edition,j'ai ... ans,I am ... years old,,,,phrase,,time-dates,166
tricolore-2-5th-edition,je m'appelle ...,my name is ...,,,,phrase,,personal-info,166
tricolore-2-5th-edition,le bouton Aide,help button (on website),,,,phrase,,communication,166
tricolore-2-5th-edition,marquer un but,to score a goal,,,,verb,,none,166
tricolore-2-5th-edition,un bureau de tabac,tobacconist's,,,,phrase,,none,166
tricolore-2-5th-edition,un bureau des renseignements,information office,,,,phrase,,city-places,166
tricolore-2-5th-edition,un match amical,friendly (game),,,,phrase,,hobby,166
tricolore-2-5th-edition,une boîte aux lettres,letterbox,,,,phrase,,none,166
tricolore-2-5th-edition,"à (au, à la, à l', aux)","in, at, to",,,,preposition,,none,166
tricolore-2-5th-edition,à bientôt,see you soon,,,,phrase,,time-dates,166
tricolore-2-5th-edition,à mon avis,in my opinion,,,,phrase,,none,166
tricolore-2-5th-edition,à voix basse,speaking quietly,,,,phrase,,none,166
tricolore-2-5th-edition,âgé,old,,,,adjective,,none,166
tricolore-2-5th-edition,ça,that,,,,other,,none,166
tricolore-2-5th-edition,ça dépend,it depends,,,,phrase,,none,166
tricolore-2-5th-edition,ça ne fait rien,it doesn't matter,,,,phrase,,none,166
tricolore-2-5th-edition,ça va?,all right?,,,,phrase,,none,166
tricolore-2-5th-edition,(bien) équipé,(well) equipped,,,,adjective,,none,168
tricolore-2-5th-edition,(à) droite,(on the) right,,,,phrase,,none,168
tricolore-2-5th-edition,au-dessus de,above,,,,phrase,,none,168
tricolore-2-5th-edition,dessus,on top,,,,adverb,,none,168
tricolore-2-5th-edition,destination,destination,une,,,noun,,none,168
tricolore-2-5th-edition,deux,two,,,,other,,none,168
tricolore-2-5th-edition,deuxième,second,,,,other,,none,168
tricolore-2-5th-edition,devant,in front of,,,,preposition,,none,168
tricolore-2-5th-edition,deviner,to guess,,,,verb,,none,168
tricolore-2-5th-edition,devoir,to have to,,,,verb,,none,168
tricolore-2-5th-edition,devoirs (m pl),homework,les,m pl,,noun,,school,168
tricolore-2-5th-edition,dictionnaire,dictionary,un,,,noun,,school,168
tricolore-2-5th-edition,difficile,difficult,,,,adjective,,none,168
tricolore-2-5th-edition,différent,different,,,,adjective,,none,168
tricolore-2-5th-edition,dimanche,Sunday,,,,noun,,time-dates,168
tricolore-2-5th-edition,dinde,turkey,la,,,noun,,food,168
tricolore-2-5th-edition,dinosaure,dinosaur,un,,,noun,,none,168
tricolore-2-5th-edition,dire,to say,,,,verb,,none,168
tricolore-2-5th-edition,directement,directly,,,,adverb,,none,168
tricolore-2-5th-edition,discothèque,disco(theque),une,,,noun,,hobby,168
tricolore-2-5th-edition,discussion,discussion,une,,,noun,,none,168
tricolore-2-5th-edition,discuter,"to talk about, to discuss",,,,verb,,none,168
tricolore-2-5th-edition,disparaître,to disappear,,,,verb,,none,168
tricolore-2-5th-edition,distinguer,"to distinguish, to make out",,,,verb,,none,168
tricolore-2-5th-edition,dix,ten,,,,other,,none,168
tricolore-2-5th-edition,doigt,finger,un,,,noun,,health,168
tricolore-2-5th-edition,doigt de pied,toe,un,,,noun,,health,168
tricolore-2-5th-edition,donc,"so, therefore",,,,other,,none,168
tricolore-2-5th-edition,donner,to give,,,,verb,,none,168
tricolore-2-5th-edition,donnez-moi ...,give me ...,,,,phrase,,none,168
tricolore-2-5th-edition,dont,"of which, whose",,,,other,,none,168
tricolore-2-5th-edition,dormir,to sleep,,,,verb,,none,168
tricolore-2-5th-edition,dossier,file,un,,,noun,,communication,168
tricolore-2-5th-edition,doucement,gently,,,,adverb,,none,168
tricolore-2-5th-edition,drapeau,flag,un,,,noun,,none,168
tricolore-2-5th-edition,dur,hard,,,,adjective,,none,168
tricolore-2-5th-edition,durer,to last,,,,verb,,none,168
tricolore-2-5th-edition,détail,detail,un,,,noun,,none,168
tricolore-2-5th-edition,détective,detective,un(e),,,noun,,profession,168
tricolore-2-5th-edition,détendre,to relax,,,,verb,,none,168
tricolore-2-5th-edition,détester,to hate,,,,verb,,none,168
tricolore-2-5th-edition,dîner,dinner,le,,,noun,,food,168
tricolore-2-5th-edition,dîner,to have dinner,,,,verb,,food,168
tricolore-2-5th-edition,e-mail,email,un,,,noun,,communication,168
tricolore-2-5th-edition,eau (f),water,l',f,,noun,,food,168
tricolore-2-5th-edition,effacer,"to erase, to delete",,,,verb,,none,168
tricolore-2-5th-edition,effet de serre (m),greenhouse effect,l',m,,noun,,none,168
tricolore-2-5th-edition,effet optique,visual effect,un,,,noun,,none,168
tricolore-2-5th-edition,effrayant,frightening,,,,adjective,,none,168
tricolore-2-5th-edition,emploi du temps,timetable,un,,,noun,,school,168
tricolore-2-5th-edition,en,in,,,,preposition,,none,168
tricolore-2-5th-edition,en Europe,in Europe,,,,phrase,,none,168
tricolore-2-5th-edition,en ville,in town,,,,phrase,,city-places,168
tricolore-2-5th-edition,en été,in summer,,,,phrase,,time-dates,168
tricolore-2-5th-edition,encore,"more, again",,,,adverb,,none,168
tricolore-2-5th-edition,endormir,"to fall asleep, to go to sleep",s',,,verb,,none,168
tricolore-2-5th-edition,enfant,child,un(e),,,noun,,family,168
tricolore-2-5th-edition,enlever,"to take away, to remove",,,,verb,,none,168
tricolore-2-5th-edition,ennemi(e),enemy,un(e),,,noun,,none,168
tricolore-2-5th-edition,ennuyer,to get bored,s',,,verb,,none,168
tricolore-2-5th-edition,ennuyeux (ennuyeuse),boring,,,,adjective,,none,168
tricolore-2-5th-edition,enrouler,to wind around,,,,verb,,weather,168
tricolore-2-5th-edition,ensemble,together,,,,adverb,,none,168
tricolore-2-5th-edition,ensuite,next,,,,adverb,,time-dates,168
tricolore-2-5th-edition,entendre,to hear,,,,verb,,none,168
tricolore-2-5th-edition,entier (entière),"entire, whole",,,,adjective,,none,168
tricolore-2-5th-edition,entraînement (m),training,l',m,,noun,,none,168
tricolore-2-5th-edition,entre,between,,,,preposition,,none,168
tricolore-2-5th-edition,entrer,to entre,,,,verb,,none,168
tricolore-2-5th-edition,entrée (f),entrance (ticket),une,f,,noun,,travel,168
tricolore-2-5th-edition,environ,about,,,,adverb,,none,168
tricolore-2-5th-edition,envoyer,to send,,,,verb,,none,168
tricolore-2-5th-edition,EPS (éducation physique et sportive) (f),PE,l',f,,noun,,none,168
tricolore-2-5th-edition,erreur,mistake,une,,,noun,,none,168
tricolore-2-5th-edition,escalier,staircase,un,,,noun,,home,168
tricolore-2-5th-edition,escargots (m pl),snails,des,m pl,,noun,,food,168
tricolore-2-5th-edition,espace (m),space,l',m,,noun,,none,168
tricolore-2-5th-edition,Espagne (f),Spain,l',f,,noun,,none,168
tricolore-2-5th-edition,espagnol,Spanish,,,,adjective,,none,168
tricolore-2-5th-edition,essai,"trial, a try",un,,,noun,,none,168
tricolore-2-5th-edition,essayer,to try,,,,verb,,none,168
tricolore-2-5th-edition,essentiel (essentielle),essential,,,,adjective,,none,168
tricolore-2-5th-edition,est,he/she is,il/elle,,,verb,,none,168
tricolore-2-5th-edition,est (m),east,l',m,,noun,,travel,168
tricolore-2-5th-edition,est-ce qu'il y a ...?,is/are there ...?,,,,phrase,,none,168
tricolore-2-5th-edition,est-ce que ...?,question form,,,,phrase,,none,168
tricolore-2-5th-edition,estragon,with tarragon,à l',,,phrase,,none,168
tricolore-2-5th-edition,et,and,,,,other,,none,168
tricolore-2-5th-edition,euro,euro,un,,,noun,,shopping,168
tricolore-2-5th-edition,Europe (f),Europe,l',f,,noun,,none,168
tricolore-2-5th-edition,européen (européenne),European,,,,adjective,,none,168
tricolore-2-5th-edition,examen,exam(ination),un,,,noun,,school,168
tricolore-2-5th-edition,excité,excited,,,,adjective,,none,168
tricolore-2-5th-edition,excursion,excursion,une,,,noun,,vacation,168
tricolore-2-5th-edition,exemple,for example,par,,,phrase,,none,168
tricolore-2-5th-edition,exercice,exercise,un,,,noun,,none,168
tricolore-2-5th-edition,exploser,to explode,,,,verb,,none,168
tricolore-2-5th-edition,exposition,exhibition,une,,,noun,,hobby,168
tricolore-2-5th-edition,extrait,extract,un,,,noun,,none,168
tricolore-2-5th-edition,extraordinaire,extraordinary,,,,adjective,,none,168
tricolore-2-5th-edition,il dort,"he is sleeping, he sleeps",,,,phrase,,none,168
tricolore-2-5th-edition,jouer aux échecs,to play chess,,,,verb,,hobby,168
tricolore-2-5th-edition,l'eau minérale,mineral water,,,,phrase,,food,168
tricolore-2-5th-edition,le dimanche,on Sundays,,,,phrase,,none,168
tricolore-2-5th-edition,par erreur,by mistake,,,,phrase,,none,168
tricolore-2-5th-edition,un escalier roulant,escalator,,,,phrase,,none,168
tricolore-2-5th-edition,échapper,to escape,s',,,verb,,none,168
tricolore-2-5th-edition,écharpe,scarf,une,,,noun,,shopping,168
tricolore-2-5th-edition,échecs (m pl),chess,les,m pl,,noun,,hobby,168
tricolore-2-5th-edition,éclair,eclair (type of cake),un,,,noun,,food,168
tricolore-2-5th-edition,école,school,une,,,noun,,school,168
tricolore-2-5th-edition,Écosse (f),Scotland,l',f,,noun,,none,168
tricolore-2-5th-edition,écouter,to listen to,,,,verb,,none,168
tricolore-2-5th-edition,écrire,to write,,,,verb,,none,168
tricolore-2-5th-edition,écrivain,writer,un,,,noun,,profession,168
tricolore-2-5th-edition,éducation physique (f),physical education,l',f,,noun,,school,168
tricolore-2-5th-edition,élève,"pupil, student",un(e),,,noun,,school,168
tricolore-2-5th-edition,élégant,"elegant, smart",,,,adjective,,none,168
tricolore-2-5th-edition,éléphant,elephant,un,,,noun,,none,168
tricolore-2-5th-edition,émission,"emission, radio/TV programme",une,,,noun,,none,168
tricolore-2-5th-edition,énergie (f),energy,l',f,,noun,,none,168
tricolore-2-5th-edition,épaule,shoulder,une,,,noun,,health,168
tricolore-2-5th-edition,épicerie,grocer's shop,une,,,noun,,profession,168
tricolore-2-5th-edition,épicier (épicière),grocer,un(e),,,noun,,profession,168
tricolore-2-5th-edition,équipe,team,une,,,noun,,none,168
tricolore-2-5th-edition,étage,"storey, floor",un,,,noun,,none,168
tricolore-2-5th-edition,étape,stage,une,,,noun,,none,168
tricolore-2-5th-edition,États-Unis (m pl),United States,les,m pl,,noun,,none,168
tricolore-2-5th-edition,étrange,strange,,,,adjective,,none,168
tricolore-2-5th-edition,étranger,abroad,à l',,,phrase,,travel,168
tricolore-2-5th-edition,étudiant(e),student,un(e),,,noun,,school,168
tricolore-2-5th-edition,été (m),summer,l',m,,noun,,time-dates,168
tricolore-2-5th-edition,évidemment,obviously,,,,adverb,,none,168
tricolore-2-5th-edition,événement,event,un,,,noun,,none,168
tricolore-2-5th-edition,être,to be,,,,verb,,none,168
tricolore-2-5th-edition,(pâté/gâteau) maison,made on the premises,,,,adjective,,food,169
tricolore-2-5th-edition,avoir lieu,to take place,,,,verb,,none,169
tricolore-2-5th-edition,chasse à l'intrus,find the odd one out,,,,phrase,,none,169
tricolore-2-5th-edition,de bonne heure,early,,,,phrase,,none,169
tricolore-2-5th-edition,faire du lèche-vitrines,to go window shopping,,,,phrase,,shopping,169
tricolore-2-5th-edition,grand-mère,grandmother,une,,,noun,,family,169
tricolore-2-5th-edition,grand-père,grandfather,un,,,noun,,family,169
tricolore-2-5th-edition,grands-parents (m pl),grandparents,les,m pl,,noun,,family,169
tricolore-2-5th-edition,gratuit,free,,,,adjective,,none,169
tricolore-2-5th-edition,grec (grecque),Greek,,,,adjective,,none,169
tricolore-2-5th-edition,grille,"grid, grill",une,,,noun,,none,169
tricolore-2-5th-edition,grimper,to climb,,,,verb,,none,169
tricolore-2-5th-edition,gris,grey,,,,adjective,,none,169
tricolore-2-5th-edition,gros(se),"big, fat",,,,adjective,,none,169
tricolore-2-5th-edition,grossir,"to get fat, to put on weight",,,,verb,,none,169
tricolore-2-5th-edition,groupe,group,un,,,noun,,none,169
tricolore-2-5th-edition,Grèce,Greece,la,,,noun,,none,169
tricolore-2-5th-edition,guichet,ticket office,un,,,noun,,travel,169
tricolore-2-5th-edition,guide,guide book,un,,,noun,,none,169
tricolore-2-5th-edition,guitare,guitar,une,,,noun,,hobby,169
tricolore-2-5th-edition,gymnase,gym(nasium),un,,,noun,,none,169
tricolore-2-5th-edition,gymnastique,gymnastics,la,,,noun,,hobby,169
tricolore-2-5th-edition,habiller,to get dressed,s',,,verb,,daily-routine,169
tricolore-2-5th-edition,habiter,to live in or at,,,,verb,,none,169
tricolore-2-5th-edition,habitude,usually,d',,,phrase,,daily-routine,169
tricolore-2-5th-edition,hand(ball),handball,le,,,noun,,health,169
tricolore-2-5th-edition,handicapé,"handicapped, disabled",,,,adjective,,none,169
tricolore-2-5th-edition,hanté,haunted,,,,adjective,,none,169
tricolore-2-5th-edition,haricots blancs (m pl),haricot beans,les,m pl,,noun,,none,169
tricolore-2-5th-edition,haricots verts (m pl),green beans,les,m pl,,noun,,none,169
tricolore-2-5th-edition,haut,top,un,,,noun,,none,169
tricolore-2-5th-edition,haut,"high, tall",,,,adjective,,none,169
tricolore-2-5th-edition,haut en bas,from top to bottom,de,,,phrase,,none,169
tricolore-2-5th-edition,haut les mains,hands up,,,,phrase,,health,169
tricolore-2-5th-edition,hauteur,height,la,,,noun,,none,169
tricolore-2-5th-edition,hectare,hectare,un,,,noun,,none,169
tricolore-2-5th-edition,heure,"time, hour",une,,,noun,,time-dates,169
tricolore-2-5th-edition,heure,on time,à l',,,phrase,,time-dates,169
tricolore-2-5th-edition,heureusement,fortunately,,,,adverb,,none,169
tricolore-2-5th-edition,hier,yesterday,,,,adverb,,time-dates,169
tricolore-2-5th-edition,hippopotame,hippopotamus,un,,,noun,,none,169
tricolore-2-5th-edition,histoire,story,une,,,noun,,none,169
tricolore-2-5th-edition,histoire (f),history,l',f,,noun,,none,169
tricolore-2-5th-edition,hiver,in winter,en,,,phrase,,time-dates,169
tricolore-2-5th-edition,hiver (m),winter,l',m,,noun,,time-dates,169
tricolore-2-5th-edition,hockey,hockey,le,,,noun,,none,169
tricolore-2-5th-edition,horaire,timetable,un,,,noun,,school,169
tricolore-2-5th-edition,horloge,clock,une,,,noun,,none,169
tricolore-2-5th-edition,hors-d'œuvre,"first course, hors-d'œuvre",un,,,noun,,restaurant,169
tricolore-2-5th-edition,hospitalité (f),hospitality,l',f,,noun,,none,169
tricolore-2-5th-edition,hot-dog,hot dog,un,,,noun,,weather,169
tricolore-2-5th-edition,humain,human,,,,adjective,,none,169
tricolore-2-5th-edition,huîtres (f pl),oysters,des,f pl,,noun,,food,169
tricolore-2-5th-edition,hâché,minced,,,,adjective,,none,169
tricolore-2-5th-edition,hélicoptère,helicopter,un,,,noun,,none,169
tricolore-2-5th-edition,hérisson,hedgehog,un,,,noun,,none,169
tricolore-2-5th-edition,hôpital,hospital,un,,,noun,,health,169
tricolore-2-5th-edition,hôtel,hotel,un,,,noun,,none,169
tricolore-2-5th-edition,ici,here,,,,adverb,,none,169
tricolore-2-5th-edition,identifier,to identify,,,,verb,,none,169
tricolore-2-5th-edition,identique,identical,,,,adjective,,none,169
tricolore-2-5th-edition,idéal,ideal,,,,adjective,,none,169
tricolore-2-5th-edition,idée,idea,une,,,noun,,none,169
tricolore-2-5th-edition,il a mal au dos,he has backache,,,,phrase,,health,169
tricolore-2-5th-edition,il y a,"there is, there are",,,,phrase,,none,169
tricolore-2-5th-edition,image,picture,une,,,noun,,none,169
tricolore-2-5th-edition,immédiatement,immediately,,,,adverb,,none,169
tricolore-2-5th-edition,impatience,impatiently,avec,,,phrase,,none,169
tricolore-2-5th-edition,imper(méable),raincoat,un,,,noun,,none,169
tricolore-2-5th-edition,important,important,,,,adjective,,none,169
tricolore-2-5th-edition,impossible,impossible,,,,adjective,,none,169
tricolore-2-5th-edition,imprimante,printer,une,,,noun,,communication,169
tricolore-2-5th-edition,imprimer,to print,,,,verb,,none,169
tricolore-2-5th-edition,inconvénient,disadvantage,un,,,noun,,none,169
tricolore-2-5th-edition,indice,clue,une,,,noun,,none,169
tricolore-2-5th-edition,indisponible,unavailable,,,,adjective,,none,169
tricolore-2-5th-edition,infirmier (infirmière),nurse,un(e),,,noun,,profession,169
tricolore-2-5th-edition,informatique (f),"computing, information technology",l',f,,noun,,none,169
tricolore-2-5th-edition,ingrédients (m pl),ingredients,les,m pl,,noun,,none,169
tricolore-2-5th-edition,inhalateur,inhaler,un,,,noun,,health,169
tricolore-2-5th-edition,inquiéter,to be worried,s',,,verb,,none,169
tricolore-2-5th-edition,inscrire (dans),"to register, to enrol (in)",s',,,verb,,none,169
tricolore-2-5th-edition,installer,to settle,s',,,verb,,none,169
tricolore-2-5th-edition,instruction civique (f),citizenship,l',f,,noun,,school,169
tricolore-2-5th-edition,instruction religieuse (f),religious education,l',f,,noun,,school,169
tricolore-2-5th-edition,instrument (de musique),musical instrument,un,,,noun,,none,169
tricolore-2-5th-edition,internat,boarding school,un,,,noun,,school,169
tricolore-2-5th-edition,Internet (m),internet,l',m,,noun,,communication,169
tricolore-2-5th-edition,interview,interview,une,,,noun,,none,169
tricolore-2-5th-edition,intrus (m),intruder,l',m,,noun,,none,169
tricolore-2-5th-edition,intéressant,interesting,,,,adjective,,none,169
tricolore-2-5th-edition,intéresser à,to be interested in,s',,,verb,,none,169
tricolore-2-5th-edition,intérieur,inside,à l',,,phrase,,none,169
tricolore-2-5th-edition,inventeur,inventor,un,,,noun,,profession,169
tricolore-2-5th-edition,invention,invention,une,,,noun,,none,169
tricolore-2-5th-edition,invitation,invitation,une,,,noun,,none,169
tricolore-2-5th-edition,invité(e),guest,un(e),,,noun,,none,169
tricolore-2-5th-edition,irlandais,Irish,,,,adjective,,none,169
tricolore-2-5th-edition,Irlande (du Nord) (f),Ireland (Northern),l',f,,noun,,none,169
tricolore-2-5th-edition,Italie (f),Italy,l',f,,noun,,none,169
tricolore-2-5th-edition,italien (italienne),Italian,,,,adjective,,none,169
tricolore-2-5th-edition,itinéraire,itinerary,une,,,noun,,none,169
tricolore-2-5th-edition,j'ai mal au ventre,I have stomach ache,,,,phrase,,health,169
tricolore-2-5th-edition,j'ai mal à la gorge,I have a sore throat,,,,phrase,,health,169
tricolore-2-5th-edition,jamais,never,ne ...,,,adverb,,none,169
tricolore-2-5th-edition,jambe,leg,une,,,noun,,health,169
tricolore-2-5th-edition,jambon,ham,le,,,noun,,food,169
tricolore-2-5th-edition,jardin,garden,un,,,noun,,home,169
tricolore-2-5th-edition,jardin botanique,botanical garden,le,,,noun,,home,169
tricolore-2-5th-edition,jaune,yellow,,,,adjective,,none,169
tricolore-2-5th-edition,jean,pair of jeans,un,,,noun,,shopping,169
tricolore-2-5th-edition,jetable,disposable,,,,adjective,,none,169
tricolore-2-5th-edition,jeter,to throw,,,,verb,,none,169
tricolore-2-5th-edition,jeu (pl jeux),game,un,,jeux,noun,,hobby,169
tricolore-2-5th-edition,jeu vidéo,computer game,un,,,noun,,hobby,169
tricolore-2-5th-edition,jeudi,Thursday,,,,noun,,time-dates,169
tricolore-2-5th-edition,jeudi,on Thursdays,le,,,noun,,none,169
tricolore-2-5th-edition,jeune,young,,,,adjective,,none,169
tricolore-2-5th-edition,jogging,"jogging trousers, tracksuit",un,,,noun,,shopping,169
tricolore-2-5th-edition,joli,pretty,,,,adjective,,none,169
tricolore-2-5th-edition,jouer,to play,,,,verb,,none,169
tricolore-2-5th-edition,joueur (joueuse),player,un(e),,,noun,,none,169
tricolore-2-5th-edition,jour,day,un,,,noun,,time-dates,169
tricolore-2-5th-edition,jour de fête,"fun day, festival",,,,phrase,,hobby,169
tricolore-2-5th-edition,jour férié,public holiday,,,,phrase,,vacation,169
tricolore-2-5th-edition,journal (pl journaux),newspaper,un,,journaux,noun,,none,169
tricolore-2-5th-edition,journée,day,une,,,noun,,time-dates,169
tricolore-2-5th-edition,judo,judo,le,,,noun,,none,169
tricolore-2-5th-edition,juillet,July,,,,noun,,time-dates,169
tricolore-2-5th-edition,juin,June,,,,noun,,time-dates,169
tricolore-2-5th-edition,jumeaux (jumelles),twins,des,,,noun,,family,169
tricolore-2-5th-edition,jumelles (f pl),binoculars,des,f pl,,noun,,none,169
tricolore-2-5th-edition,jungle,jungle,un,,,noun,,none,169
tricolore-2-5th-edition,jupe,skirt,une,,,noun,,shopping,169
tricolore-2-5th-edition,jus de fruit,fruit juice,un,,,noun,,food,169
tricolore-2-5th-edition,jusqu'à,"until, as far as",,,,preposition,,none,169
tricolore-2-5th-edition,kayak,canoe,un,,,noun,,none,169
tricolore-2-5th-edition,ketchup,tomato ketchup,le,,,noun,,food,169
tricolore-2-5th-edition,kilo,kilo(gram),un,,,noun,,none,169
tricolore-2-5th-edition,kiosque,kiosk,un,,,noun,,none,169
tricolore-2-5th-edition,kiwi,kiwi fruit,un,,,noun,,food,169
tricolore-2-5th-edition,klaxonner,to sound the horn,,,,verb,,none,169
tricolore-2-5th-edition,laboratoire,laboratory,un,,,noun,,none,169
tricolore-2-5th-edition,lac,lake,un,,,noun,,none,169
tricolore-2-5th-edition,laisser,to leave,,,,verb,,none,169
tricolore-2-5th-edition,laisser tomber,to drop,,,,verb,,none,169
tricolore-2-5th-edition,lait,milk,le,,,noun,,food,169
tricolore-2-5th-edition,langue,"language, tongue",une,,,noun,,none,169
tricolore-2-5th-edition,langues vivantes,modern languages,les,,,noun,,none,169
tricolore-2-5th-edition,lapin,rabbit,un,,,noun,,none,169
tricolore-2-5th-edition,latin,Latin,le,,,noun,,none,169
tricolore-2-5th-edition,laver,to wash,,,,verb,,daily-routine,169
tricolore-2-5th-edition,lecteur (MP3/DVD),(MP3/DVD) player,un,,,noun,,none,169
tricolore-2-5th-edition,lecture,reading,la,,,noun,,hobby,169
tricolore-2-5th-edition,lentement,slowly,,,,adverb,,none,169
tricolore-2-5th-edition,lettre,letter,une,,,noun,,communication,169
tricolore-2-5th-edition,lever,to get up,se,,,verb,,daily-routine,169
tricolore-2-5th-edition,librairie,bookshop,une,,,noun,,none,169
tricolore-2-5th-edition,libre,free,,,,adjective,,none,169
tricolore-2-5th-edition,lien,link,un,,,noun,,communication,169
tricolore-2-5th-edition,lieu,place,un,,,noun,,none,169
tricolore-2-5th-edition,limonade,lemonade,la,,,noun,,food,169
tricolore-2-5th-edition,lion,lion,un,,,noun,,none,169
tricolore-2-5th-edition,lire,to read,,,,verb,,none,169
tricolore-2-5th-edition,liseuse,an e-reader,une,,,noun,,none,169
tricolore-2-5th-edition,lit,bed,un,,,noun,,home,169
tricolore-2-5th-edition,litre,litre,un,,,noun,,none,169
tricolore-2-5th-edition,livre,book,un,,,noun,,none,169
tricolore-2-5th-edition,livre,"pound (sterling), pound (weight)",une,,,noun,,none,169
tricolore-2-5th-edition,location,hiring,la,,,noun,,none,169
tricolore-2-5th-edition,loger,to stay/live with,,,,verb,,none,169
tricolore-2-5th-edition,logique,logic,la,,,noun,,none,169
tricolore-2-5th-edition,logo,logo,un,,,noun,,communication,169
tricolore-2-5th-edition,loin,"a long way, far",,,,adverb,,none,169
tricolore-2-5th-edition,long (longue),long,,,,adjective,,none,169
tricolore-2-5th-edition,longtemps,(for) a long time,,,,adverb,,time-dates,169
tricolore-2-5th-edition,loterie,lottery,la,,,noun,,none,169
tricolore-2-5th-edition,loupe,magnifying glass,la,,,noun,,none,169
tricolore-2-5th-edition,lourd,heavy,,,,adjective,,none,169
tricolore-2-5th-edition,lumière,light,la,,,noun,,none,169
tricolore-2-5th-edition,lundi,Monday,,,,noun,,time-dates,169
tricolore-2-5th-edition,lundi,on Mondays,le,,,noun,,none,169
tricolore-2-5th-edition,lunettes (f pl),glasses,les,f pl,,noun,,none,169
tricolore-2-5th-edition,lunettes de soleil,sunglasses,les,,,noun,,none,169
tricolore-2-5th-edition,lycée,high school (for study up to university entrance),un,,,noun,,school,169
tricolore-2-5th-edition,là-bas,over there,,,,adverb,,none,169
tricolore-2-5th-edition,légume,vegetable,un,,,noun,,food,169
tricolore-2-5th-edition,macaronis (m pl),macaroni,les,m pl,,noun,,food,169
tricolore-2-5th-edition,machine,machine,une,,,noun,,none,169
tricolore-2-5th-edition,madame,"Mrs, madam",,,,noun,,none,169
tricolore-2-5th-edition,magasin,shop,un,,,noun,,shopping,169
tricolore-2-5th-edition,magazine,magazine,un,,,noun,,none,169
tricolore-2-5th-edition,magazine d'informatique,computer magazine,un,,,noun,,communication,169
tricolore-2-5th-edition,magnifique,magnificent,,,,adjective,,none,169
tricolore-2-5th-edition,maigrir,to lose weight,,,,verb,,none,169
tricolore-2-5th-edition,maillot,"jersey, shirt",un,,,noun,,shopping,169
tricolore-2-5th-edition,maillot de bain,swimming costume,,,,phrase,,hobby,169
tricolore-2-5th-edition,maintenant,now,,,,adverb,,time-dates,169
tricolore-2-5th-edition,mais,but,,,,other,,none,169
tricolore-2-5th-edition,maison,house,une,,,noun,,home,169
tricolore-2-5th-edition,maison,at home,à la,,,phrase,,none,169
tricolore-2-5th-edition,maison des jeunes,youth centre,une,,,noun,,none,169
tricolore-2-5th-edition,mal,badly,,,,adverb,,none,169
tricolore-2-5th-edition,malade,ill,,,,adjective,,health,169
tricolore-2-5th-edition,malheur,misfortune,le,,,noun,,none,169
tricolore-2-5th-edition,malheureusement,unfortunately,,,,adverb,,none,169
tricolore-2-5th-edition,malin (maligne),"clever, crafty",,,,adjective,,none,169
tricolore-2-5th-edition,Malte,Malta,,,,noun,,none,169
tricolore-2-5th-edition,Mamie,"Granny, Grandma",,,,noun,,family,169
tricolore-2-5th-edition,mammifère,mammal,un,,,noun,,none,169
tricolore-2-5th-edition,Manche,the English Channel,la,,,noun,,none,169
tricolore-2-5th-edition,manger,to eat,,,,verb,,none,169
tricolore-2-5th-edition,manquer,"to miss, to be missing",,,,verb,,none,169
tricolore-2-5th-edition,manteau,coat,un,,,noun,,shopping,169
tricolore-2-5th-edition,manège à pédales,merry-go-round,un,,,noun,,none,169
tricolore-2-5th-edition,marchand(e),"shopkeeper, seller",un(e),,,noun,,profession,169
tricolore-2-5th-edition,marchand(e) de glaces,ice cream seller,un(e),,,noun,,profession,169
tricolore-2-5th-edition,marchand(e) de légumes,greengrocer,un(e),,,noun,,none,169
tricolore-2-5th-edition,marche,step,une,,,noun,,none,169
tricolore-2-5th-edition,marcher,"to walk, to work (of machine, etc.)",,,,verb,,none,169
tricolore-2-5th-edition,marché,market,un,,,noun,,shopping,169
tricolore-2-5th-edition,mardi,Tuesday,,,,noun,,time-dates,169
tricolore-2-5th-edition,mardi,on Tuesdays,le,,,noun,,none,169
tricolore-2-5th-edition,mari,husband,le,,,noun,,family,169
tricolore-2-5th-edition,marié,married,,,,adjective,,family,169
tricolore-2-5th-edition,Maroc,Morocco,le,,,noun,,none,169
tricolore-2-5th-edition,marque,"brand, make",une,,,noun,,none,169
tricolore-2-5th-edition,marron (inv. does not change form),brown,,,,adjective,,none,169
tricolore-2-5th-edition,Martinique,Martinique,la,,,noun,,none,169
tricolore-2-5th-edition,match,match,un,,,noun,,none,169
tricolore-2-5th-edition,match nul,a draw,un,,,noun,,none,169
tricolore-2-5th-edition,maths (f pl),maths,les,f pl,,noun,,none,169
tricolore-2-5th-edition,mathématiques (f pl),mathematics,les,f pl,,noun,,none,169
tricolore-2-5th-edition,matin,morning,un,,,noun,,time-dates,169
tricolore-2-5th-edition,matin,in the morning(s),le,,,noun,,time-dates,169
tricolore-2-5th-edition,matinée,morning,une,,,noun,,time-dates,169
tricolore-2-5th-edition,matière,school subject,une,,,noun,,school,169
tricolore-2-5th-edition,mauvais,bad,,,,adjective,,none,169
tricolore-2-5th-edition,maître,master,un,,,noun,,none,169
tricolore-2-5th-edition,meilleur,better,,,,adjective,,none,169
tricolore-2-5th-edition,melon,melon,un,,,noun,,food,169
tricolore-2-5th-edition,menthe,mint,la,,,noun,,none,169
tricolore-2-5th-edition,médecin,doctor,un,,,noun,,profession,169
tricolore-2-5th-edition,médicament,medicine,un,,,noun,,health,169
tricolore-2-5th-edition,médina,"medina, market",la,,,noun,,shopping,169
tricolore-2-5th-edition,mélanger,to mix,,,,verb,,none,169
tricolore-2-5th-edition,mémoire,memory,la,,,noun,,none,169
tricolore-2-5th-edition,même,same,,,,adjective,,none,169
tricolore-2-5th-edition,quelle horreur,how awful,,,,phrase,,none,169
tricolore-2-5th-edition,à voix haute,speaking loudly,,,,phrase,,none,169
tricolore-2-5th-edition,île,island,une,,,noun,,none,169
tricolore-2-5th-edition,avoir le temps,to have time,,,,verb,,time-dates,172
tricolore-2-5th-edition,c'est tout,that's all,,,,phrase,,none,172
tricolore-2-5th-edition,de la tête aux pieds,from head to foot,,,,phrase,,health,172
tricolore-2-5th-edition,de taille moyenne,of medium height,,,,phrase,,none,172
tricolore-2-5th-edition,de temps en temps,now and again,,,,phrase,,time-dates,172
tricolore-2-5th-edition,en supplément,extra,,,,phrase,,none,172
tricolore-2-5th-edition,en tout,in all,,,,phrase,,none,172
tricolore-2-5th-edition,en vacances,on holiday,,,,phrase,,vacation,172
tricolore-2-5th-edition,en ville,in(to) town,,,,phrase,,city-places,172
tricolore-2-5th-edition,faire de la voile,to go sailing,,,,verb,,hobby,172
tricolore-2-5th-edition,la télé-réalité,reality TV,,,,phrase,,none,172
tricolore-2-5th-edition,la vie scolaire,school life,,,,phrase,,school,172
tricolore-2-5th-edition,la ville souterraine,underground city,,,,phrase,,none,172
tricolore-2-5th-edition,le steak tartare,raw steak served with herbs,,,,phrase,,food,172
tricolore-2-5th-edition,le tableau des horaires,timetable/departure board,,,,phrase,,school,172
tricolore-2-5th-edition,le vendredi,on Fridays,,,,phrase,,none,172
tricolore-2-5th-edition,le vol libre,hang-gliding,,,,phrase,,none,172
tricolore-2-5th-edition,le weekend,at the weekend(s),,,,phrase,,none,172
tricolore-2-5th-edition,les transports en commun,public transport,,,,phrase,,travel,172
tricolore-2-5th-edition,par terre,on the ground,,,,phrase,,none,172
tricolore-2-5th-edition,plus tard,later,,,,phrase,,time-dates,172
tricolore-2-5th-edition,souvenir,souvenir,un,,,noun,,vacation,172
tricolore-2-5th-edition,souvent,often,,,,adverb,,none,172
tricolore-2-5th-edition,spaghettis (m pl),spaghetti,les,m pl,,noun,,food,172
tricolore-2-5th-edition,spectacle,show,un,,,noun,,none,172
tricolore-2-5th-edition,sport,sport,le,,,noun,,hobby,172
tricolore-2-5th-edition,sportif (sportive),"fond of sports, sporty",,,,adjective,,hobby,172
tricolore-2-5th-edition,spécialité,speciality,une,,,noun,,none,172
tricolore-2-5th-edition,squelette,skeleton,une,,,noun,,none,172
tricolore-2-5th-edition,stade,stadium,un,,,noun,,city-places,172
tricolore-2-5th-edition,stage,course,un,,,noun,,none,172
tricolore-2-5th-edition,statue,statue,une,,,noun,,none,172
tricolore-2-5th-edition,steak,steak,le,,,noun,,food,172
tricolore-2-5th-edition,stupide,stupid,,,,adjective,,none,172
tricolore-2-5th-edition,stylo,pen,un,,,noun,,none,172
tricolore-2-5th-edition,sucette,lollipop,une,,,noun,,none,172
tricolore-2-5th-edition,sucre,sugar,le,,,noun,,food,172
tricolore-2-5th-edition,sucré,sweet,,,,adjective,,food,172
tricolore-2-5th-edition,sud,south,le,,,noun,,travel,172
tricolore-2-5th-edition,suisse,Swiss,,,,adjective,,none,172
tricolore-2-5th-edition,Suisse,Switzerland,la,,,noun,,none,172
tricolore-2-5th-edition,super,great,,,,adjective,,none,172
tricolore-2-5th-edition,superbe,"great, superb",,,,adjective,,none,172
tricolore-2-5th-edition,supermarché,supermarket,un,,,noun,,shopping,172
tricolore-2-5th-edition,supplément,extra charge,un,,,noun,,none,172
tricolore-2-5th-edition,sur,on,,,,preposition,,none,172
tricolore-2-5th-edition,surfer (sur le Net),to surf (the net),,,,verb,,none,172
tricolore-2-5th-edition,surligner,to highlight,,,,verb,,none,172
tricolore-2-5th-edition,surligneur,highlighter,un,,,noun,,none,172
tricolore-2-5th-edition,surnom,nickname,un,,,noun,,none,172
tricolore-2-5th-edition,surprise,surprise,une,,,noun,,none,172
tricolore-2-5th-edition,surtout,"above all, especially",,,,adverb,,none,172
tricolore-2-5th-edition,surveiller,to supervise,,,,verb,,none,172
tricolore-2-5th-edition,Suède,Sweden,la,,,noun,,none,172
tricolore-2-5th-edition,SVT (sciences de la vie et de la terre),life sciences and geology,les,,,noun,,none,172
tricolore-2-5th-edition,sympa,nice,,,,adjective,,none,172
tricolore-2-5th-edition,sympathique,nice,,,,adjective,,none,172
tricolore-2-5th-edition,sûr,"sure, certain",,,,adjective,,none,172
tricolore-2-5th-edition,tabac,tobacconist's,un,,,noun,,none,172
tricolore-2-5th-edition,table,table,une,,,noun,,none,172
tricolore-2-5th-edition,tableau,board; printed table,un,,,noun,,none,172
tricolore-2-5th-edition,taille,size,la,,,noun,,shopping,172
tricolore-2-5th-edition,tant pis,too bad,,,,phrase,,none,172
tricolore-2-5th-edition,tante,aunt,une,,,noun,,family,172
tricolore-2-5th-edition,taper,to type,,,,verb,,none,172
tricolore-2-5th-edition,tapis,carpet; mousemat,un,,,noun,,none,172
tricolore-2-5th-edition,tard,late,,,,adverb,,none,172
tricolore-2-5th-edition,tarentule,tarantula (spider),une,,,noun,,none,172
tricolore-2-5th-edition,tarif,charge; price list,le,,,noun,,shopping,172
tricolore-2-5th-edition,tarte,tart,une,,,noun,,food,172
tricolore-2-5th-edition,tartine,piece of bread and butter and/or jam,une,,,noun,,food,172
tricolore-2-5th-edition,taxi,taxi,un,,,noun,,travel,172
tricolore-2-5th-edition,technologie,technology,la,,,noun,,none,172
tricolore-2-5th-edition,tee-shirt,T-shirt,un,,,noun,,shopping,172
tricolore-2-5th-edition,tellement,so,,,,adverb,,none,172
tricolore-2-5th-edition,temps,time,le,,,noun,,time-dates,172
tricolore-2-5th-edition,tennis,tennis,le,,,noun,,hobby,172
tricolore-2-5th-edition,tennis de table,table tennis,le,,,noun,,hobby,172
tricolore-2-5th-edition,tenue,outfit,une,,,noun,,none,172
tricolore-2-5th-edition,terminus,terminus,un,,,noun,,none,172
tricolore-2-5th-edition,terrain,"ground, pitch",un,,,noun,,none,172
tricolore-2-5th-edition,terre,earth; ground,la,,,noun,,none,172
tricolore-2-5th-edition,TGV (train à grande vitesse),high-speed train,le,,,noun,,travel,172
tricolore-2-5th-edition,thon,tuna,le,,,noun,,food,172
tricolore-2-5th-edition,thé,tea,le,,,noun,,food,172
tricolore-2-5th-edition,théorie,theory,une,,,noun,,none,172
tricolore-2-5th-edition,théâtre,theatre,un,,,noun,,none,172
tricolore-2-5th-edition,tigre,tiger,un,,,noun,,none,172
tricolore-2-5th-edition,timbre,stamp,un,,,noun,,communication,172
tricolore-2-5th-edition,titre (m),title,le,m,,noun,,none,172
tricolore-2-5th-edition,toast,toast,le,,,noun,,food,172
tricolore-2-5th-edition,toboggan,"sled, sledge",un,,,noun,,none,172
tricolore-2-5th-edition,toilettes (f pl),toilets,les,f pl,,noun,,none,172
tricolore-2-5th-edition,tomate,tomato,une,,,noun,,food,172
tricolore-2-5th-edition,tomber,to fall,,,,verb,,none,172
tricolore-2-5th-edition,tome,volume (of a book),un,,,noun,,none,172
tricolore-2-5th-edition,tort,to be wrong,avoir,,,verb,,none,172
tricolore-2-5th-edition,tortue,tortoise,une,,,noun,,none,172
tricolore-2-5th-edition,toujours,"always, still",,,,adverb,,none,172
tricolore-2-5th-edition,tour,tower,une,,,noun,,none,172
tricolore-2-5th-edition,tour de rôle,in turn,à,,,phrase,,none,172
tricolore-2-5th-edition,touriste,tourist,un(e),,,noun,,none,172
tricolore-2-5th-edition,touristique,tourist,,,,adjective,,none,172
tricolore-2-5th-edition,tournoi,tournament,un,,,noun,,none,172
tricolore-2-5th-edition,tous les jours,every day,,,,phrase,,time-dates,172
tricolore-2-5th-edition,tout,everything,,,,other,,none,172
tricolore-2-5th-edition,tout de suite,"at once, immediately",,,,phrase,,none,172
tricolore-2-5th-edition,tout le monde,everyone,,,,phrase,,none,172
tricolore-2-5th-edition,toute l'année,all year round,,,,phrase,,time-dates,172
tricolore-2-5th-edition,toutes sortes de …,all kinds of …,,,,phrase,,none,172
tricolore-2-5th-edition,traduire,to translate,,,,verb,,none,172
tricolore-2-5th-edition,train,train,un,,,noun,,travel,172
tricolore-2-5th-edition,trains au départ,departure board,,,,phrase,,travel,172
tricolore-2-5th-edition,trajet,a journey,un,,,noun,,travel,172
tricolore-2-5th-edition,tram/tramway (m),by tram,en,m,,phrase,,travel,172
tricolore-2-5th-edition,trampoline,trampoline,une,,,noun,,none,172
tricolore-2-5th-edition,tranche,slice,une,,,noun,,none,172
tricolore-2-5th-edition,transférer,to transfer,,,,verb,,none,172
tricolore-2-5th-edition,transports (m pl),transport,les,m pl,,noun,,travel,172
tricolore-2-5th-edition,travail,work,le,,,noun,,none,172
tricolore-2-5th-edition,travailler,to work,,,,verb,,none,172
tricolore-2-5th-edition,traverser,to cross,,,,verb,,none,172
tricolore-2-5th-edition,trente,thirty,,,,other,,none,172
tricolore-2-5th-edition,tribune,stage,une,,,noun,,none,172
tricolore-2-5th-edition,trilogie,trilogy,une,,,noun,,none,172
tricolore-2-5th-edition,triste,"sad, unhappy",,,,adjective,,none,172
tricolore-2-5th-edition,trois,three,,,,other,,none,172
tricolore-2-5th-edition,troisième,third,,,,other,,none,172
tricolore-2-5th-edition,trombone,trombone; paper clip,un,,,noun,,hobby,172
tricolore-2-5th-edition,trompette,trumpet,une,,,noun,,hobby,172
tricolore-2-5th-edition,troupeau,herd,un,,,noun,,none,172
tricolore-2-5th-edition,trouver,to find,,,,verb,,none,172
tricolore-2-5th-edition,trouver,to be (located),se,,,verb,,none,172
tricolore-2-5th-edition,truite,trout,la,,,noun,,none,172
tricolore-2-5th-edition,très,very,,,,adverb,,none,172
tricolore-2-5th-edition,tutoyer,to call someone 'tu',,,,verb,,none,172
tricolore-2-5th-edition,télescope,telescope,un,,,noun,,none,172
tricolore-2-5th-edition,télé,TV,la,,,noun,,none,172
tricolore-2-5th-edition,téléphone (portable),(mobile) phone,un,,,noun,,communication,172
tricolore-2-5th-edition,tête,head,la,,,noun,,health,172
tricolore-2-5th-edition,tôt,early,,,,adverb,,none,172
tricolore-2-5th-edition,un(e),"a, one",un(e),,,noun,,none,172
tricolore-2-5th-edition,uniforme,uniform,un,,,noun,,none,172
tricolore-2-5th-edition,uniquement,only,,,,adverb,,none,172
tricolore-2-5th-edition,usine,factory,une,,,noun,,city-places,172
tricolore-2-5th-edition,utile,useful,,,,adjective,,none,172
tricolore-2-5th-edition,utiliser,to use,,,,verb,,none,172
tricolore-2-5th-edition,va (from aller),he/she/it goes,il/elle,,,verb,,none,172
tricolore-2-5th-edition,vacances (f pl),holidays,les,f pl,,noun,,vacation,172
tricolore-2-5th-edition,vais (from aller),I go,je,,,verb,,none,172
tricolore-2-5th-edition,Val de Loire,Loire valley,le,,,noun,,none,172
tricolore-2-5th-edition,valise,suitcase,une,,,noun,,none,172
tricolore-2-5th-edition,vampire,vampire,un(e),,,noun,,none,172
tricolore-2-5th-edition,vanille,vanilla flavoured,à la,,,phrase,,none,172
tricolore-2-5th-edition,variété,variety,une,,,noun,,none,172
tricolore-2-5th-edition,veille,evening/night before,la,,,noun,,time-dates,172
tricolore-2-5th-edition,vendeur (vendeuse),sales assistant,un(e),,,noun,,profession,172
tricolore-2-5th-edition,vendre,to sell,,,,verb,,shopping,172
tricolore-2-5th-edition,vendredi,Friday,,,,noun,,time-dates,172
tricolore-2-5th-edition,venir,to come,,,,verb,,none,172
tricolore-2-5th-edition,vent,wind,le,,,noun,,weather,172
tricolore-2-5th-edition,vente,sale,une,,,noun,,none,172
tricolore-2-5th-edition,ventre,stomach,le,,,noun,,health,172
tricolore-2-5th-edition,ver,worm,un,,,noun,,none,172
tricolore-2-5th-edition,verger,orchard,un,,,noun,,none,172
tricolore-2-5th-edition,verre,glass,un,,,noun,,none,172
tricolore-2-5th-edition,vers,towards,,,,preposition,,none,172
tricolore-2-5th-edition,vert,green,,,,adjective,,none,172
tricolore-2-5th-edition,veste,jacket,une,,,noun,,shopping,172
tricolore-2-5th-edition,veux (from vouloir),I want,je,,,verb,,none,172
tricolore-2-5th-edition,viande,meat,la,,,noun,,food,172
tricolore-2-5th-edition,vie,life,la,,,noun,,none,172
tricolore-2-5th-edition,"vieux (vieil, vieille, vieux, vieilles)",old,,,,adjective,,none,172
tricolore-2-5th-edition,vif (vive),bright,,,,adjective,,none,172
tricolore-2-5th-edition,village,village,un,,,noun,,none,172
tricolore-2-5th-edition,ville,town,une,,,noun,,city-places,172
tricolore-2-5th-edition,vin,wine,le,,,noun,,food,172
tricolore-2-5th-edition,vingt,twenty,,,,other,,none,172
tricolore-2-5th-edition,violon,violin,un,,,noun,,hobby,172
tricolore-2-5th-edition,violoncelle,cello,un,,,noun,,hobby,172
tricolore-2-5th-edition,visage,face,un,,,noun,,none,172
tricolore-2-5th-edition,visiter,to visit,,,,verb,,none,172
tricolore-2-5th-edition,vite,quickly,,,,adverb,,none,172
tricolore-2-5th-edition,vitesse,speed,la,,,noun,,none,172
tricolore-2-5th-edition,vivre,to live,,,,verb,,none,172
tricolore-2-5th-edition,voie,"track, platform",une,,,noun,,travel,172
tricolore-2-5th-edition,voile,sailing,la,,,noun,,hobby,172
tricolore-2-5th-edition,voilà,there it is,le,,,noun,,none,172
tricolore-2-5th-edition,voir,to see,,,,verb,,none,172
tricolore-2-5th-edition,voisin(e),neighbour,un(e),,,noun,,family,172
tricolore-2-5th-edition,voiture,car,une,,,noun,,none,172
tricolore-2-5th-edition,voix,"voice, vote",une,,,noun,,none,172
tricolore-2-5th-edition,vol,flight,un,,,noun,,none,172
tricolore-2-5th-edition,voleur (voleuse),"thief, crook",un(e),,,noun,,none,172
tricolore-2-5th-edition,volley,volleyball,le,,,noun,,none,172
tricolore-2-5th-edition,vont (from aller),they go,ils/elles,,,verb,,none,172
tricolore-2-5th-edition,voudrais (from vouloir),I'd like,je,,,verb,,none,172
tricolore-2-5th-edition,vouloir,to want,,,,verb,,none,172
tricolore-2-5th-edition,voyage,journey,un,,,noun,,travel,172
tricolore-2-5th-edition,voyager,to travel,,,,verb,,none,172
tricolore-2-5th-edition,vrai,true,,,,adjective,,none,172
tricolore-2-5th-edition,vraiment,really,,,,adverb,,none,172
tricolore-2-5th-edition,vue,view,la,,,noun,,none,172
tricolore-2-5th-edition,végétarien(ne),vegetarian,un(e),,,noun,,none,172
tricolore-2-5th-edition,vélo,bicycle,un,,,noun,,travel,172
tricolore-2-5th-edition,vélo tout terrain (VTT),mountain bike,un,,,noun,,vacation,172
tricolore-2-5th-edition,vérifier,to check,,,,verb,,none,172
tricolore-2-5th-edition,vêtements (m pl),clothes,les,m pl,,noun,,shopping,172
tricolore-2-5th-edition,weekend,weekend,un,,,noun,,none,172
tricolore-2-5th-edition,wifi (gratuit),(free) Wi-Fi,le,,,noun,,none,172
tricolore-2-5th-edition,yaourt,yoghurt,un,,,noun,,food,172
tricolore-2-5th-edition,yeux (m pl),eyes,les,m pl,,noun,,none,172
tricolore-2-5th-edition,zoo,zoo,un,,,noun,,none,172
tricolore-2-5th-edition,zut!,blast!,,,,phrase,,none,172
tricolore-2-5th-edition,zèbre,zebra,un,,,noun,,none,172
tricolore-2-5th-edition,à la télé,on TV,,,,phrase,,none,172
tricolore-2-5th-edition,à tout à l'heure,see you later,,,,phrase,,time-dates,172
tricolore-2-5th-edition,ça va?,how are you?,,,,phrase,,none,172
tricolore-2-5th-edition,abricot,apricot,un,,,noun,,food,173
tricolore-2-5th-edition,activité,activity,une,,,noun,,hobby,173
tricolore-2-5th-edition,adorer,to adore,,,,verb,,none,173
tricolore-2-5th-edition,adresse,address,une,,,noun,,personal-info,173
tricolore-2-5th-edition,affreux (affreuse),awful,,,,adjective,,none,173
tricolore-2-5th-edition,Afrique (f),Africa,l',f,,noun,,travel,173
tricolore-2-5th-edition,ajouter,to add,,,,verb,,none,173
tricolore-2-5th-edition,allergique,allergic,,,,adjective,,health,173
tricolore-2-5th-edition,amusant,"amusing, enjoyable, fun",,,,adjective,,none,173
tricolore-2-5th-edition,Amérique (f),America,l',f,,noun,,travel,173
tricolore-2-5th-edition,Amérique du Nord,North America,l',,,noun,,travel,173
tricolore-2-5th-edition,Amérique du Sud,South America,l',,,noun,,travel,173
tricolore-2-5th-edition,animal,animal,un,,des animaux,noun,,none,173
tricolore-2-5th-edition,anorak,anorak,un,,,noun,,shopping,173
tricolore-2-5th-edition,août,August,,,,noun,,time-dates,173
tricolore-2-5th-edition,après,after,,,,preposition,,none,173
tricolore-2-5th-edition,après-midi (m),afternoon,l',m,,noun,,time-dates,173
tricolore-2-5th-edition,arobase,@ ('at' sign),un,,,noun,,communication,173
tricolore-2-5th-edition,arriver,to arrive,,,,verb,,travel,173
tricolore-2-5th-edition,article (m),article,un,m,,noun,,none,173
tricolore-2-5th-edition,Asie (f),Asia,l',f,,noun,,travel,173
tricolore-2-5th-edition,asthmatique,asthmatic,,,,adjective,,health,173
tricolore-2-5th-edition,athlétisme (m),athletics,l',m,,noun,,hobby,173
tricolore-2-5th-edition,au-dessus de,above,,,,phrase,,none,173
tricolore-2-5th-edition,aussi,also,,,,adverb,,none,173
tricolore-2-5th-edition,aussi grand(e) que,as tall as,,,,phrase,,personal-info,173
tricolore-2-5th-edition,automne (m),autumn,l',m,,noun,,time-dates,173
tricolore-2-5th-edition,Autriche (f),Austria,l',f,,noun,,travel,173
tricolore-2-5th-edition,avantage,advantage,un,,,noun,,none,173
tricolore-2-5th-edition,avion,aeroplane,un,,,noun,,travel,173
tricolore-2-5th-edition,avril,April,,,,noun,,time-dates,173
tricolore-2-5th-edition,aéroport,airport,un,,,noun,,travel,173
tricolore-2-5th-edition,c'est tout,that's all,,,,phrase,,none,173
tricolore-2-5th-edition,cheville,ankle,une,,,noun,,health,173
tricolore-2-5th-edition,comme,as,,,,other,,none,173
tricolore-2-5th-edition,conseiller,to advise,,,,verb,,none,173
tricolore-2-5th-edition,contre,against,,,,preposition,,none,173
tricolore-2-5th-edition,d'accord,agreed,,,,phrase,,none,173
tricolore-2-5th-edition,demander,to ask,,,,verb,,none,173
tricolore-2-5th-edition,dessin,"art, drawing",le,,,noun,,school,173
tricolore-2-5th-edition,déjà,already,,,,adverb,,none,173
tricolore-2-5th-edition,en automne,in autumn,,,,phrase,,time-dates,173
tricolore-2-5th-edition,en tout,altogether,,,,phrase,,none,173
tricolore-2-5th-edition,encore,again,,,,adverb,,none,173
tricolore-2-5th-edition,encore un(e) …,another …,,,,phrase,,none,173
tricolore-2-5th-edition,environ,about,,,,adverb,,none,173
tricolore-2-5th-edition,et,and,,,,other,,none,173
tricolore-2-5th-edition,et avec ça?,anything else?,,,,phrase,,shopping,173
tricolore-2-5th-edition,fauteuil,armchair,un,,,noun,,home,173
tricolore-2-5th-edition,il y a,there are,,,,phrase,,none,173
tricolore-2-5th-edition,inquiet (inquiète),anxious,,,,adjective,,none,173
tricolore-2-5th-edition,moyen(ne),average,,,,adjective,,none,173
tricolore-2-5th-edition,pomme,apple,une,,,noun,,food,173
tricolore-2-5th-edition,poser une question,to ask a question,,,,verb,,school,173
tricolore-2-5th-edition,pouvoir,to be able,,,,verb,,none,173
tricolore-2-5th-edition,presque,almost,,,,adverb,,none,173
tricolore-2-5th-edition,rendez-vous,appointment,un,,,noun,,none,173
tricolore-2-5th-edition,région,area,une,,,noun,,travel,173
tricolore-2-5th-edition,répondre,to answer,,,,verb,,school,173
tricolore-2-5th-edition,réponse,answer,une,,,noun,,none,173
tricolore-2-5th-edition,seul,alone,,,,adjective,,none,173
tricolore-2-5th-edition,solution,answer,une,,,noun,,none,173
tricolore-2-5th-edition,sont (from être),they are,ils/elles,,,verb,,none,173
tricolore-2-5th-edition,suis (from être),I am,je,,,verb,,none,173
tricolore-2-5th-edition,sur,above,,,,preposition,,none,173
tricolore-2-5th-edition,surtout,above all,,,,adverb,,none,173
tricolore-2-5th-edition,tante,aunt,une,,,noun,,family,173
tricolore-2-5th-edition,toujours,always,,,,adverb,,none,173
tricolore-2-5th-edition,"tout (toute, tous, toutes)",all,,,,other,,none,173
tricolore-2-5th-edition,"un, une",a,,,,other,,none,173
tricolore-2-5th-edition,vers,about,,,,preposition,,none,173
tricolore-2-5th-edition,à l'étranger,abroad,,,,phrase,,travel,173
tricolore-2-5th-edition,à peu près,approximately,,,,phrase,,none,173
tricolore-2-5th-edition,âge (m),age,l',m,,noun,,personal-info,173
tricolore-2-5th-edition,ça va?,are you all right?,,,,phrase,,communication,173
tricolore-2-5th-edition,éviter,to avoid,,,,verb,,none,173
tricolore-2-5th-edition,(c'est) amusant,(it's) fun,,,,adjective,,none,174
tricolore-2-5th-edition,(les cheveux) roux,ginger (hair),,,,adjective,,none,174
tricolore-2-5th-edition,(premier) étage,on the (first) floor,au,,,phrase,,none,174
tricolore-2-5th-edition,(vert) foncé,dark (green),,,,adjective,,none,174
tricolore-2-5th-edition,adresse e-mail,email address,une,,,noun,,communication,174
tricolore-2-5th-edition,aider,to help,,,,verb,,none,174
tricolore-2-5th-edition,alimentation générale,general food shop,une,,,noun,,food,174
tricolore-2-5th-edition,Allemagne (f),Germany,l',f,,noun,,none,174
tricolore-2-5th-edition,allemand,German,,,,adjective,,none,174
tricolore-2-5th-edition,aller,to go,,,,verb,,none,174
tricolore-2-5th-edition,aller à la pêche,to go fishing,,,,verb,,none,174
tricolore-2-5th-edition,"ami(e), un copain/une copine",friend,un(e),,,noun,,family,174
tricolore-2-5th-edition,anglais,English,,,,adjective,,none,174
tricolore-2-5th-edition,Angleterre (f),England,l',f,,noun,,none,174
tricolore-2-5th-edition,appartement,flat,un,,,noun,,home,174
tricolore-2-5th-edition,assez,enough,,,,adverb,,none,174
tricolore-2-5th-edition,avoir,to have,,,,verb,,none,174
tricolore-2-5th-edition,avoir mal à la tête,to have a headache,,,,verb,,health,174
tricolore-2-5th-edition,batterie,drums,la,,,noun,,hobby,174
tricolore-2-5th-edition,bien sûr,of course,,,,phrase,,none,174
tricolore-2-5th-edition,boire,to drink,,,,verb,,food,174
tricolore-2-5th-edition,boisson,drink,une,,,noun,,food,174
tricolore-2-5th-edition,bon(ne),good,,,,adjective,,none,174
tricolore-2-5th-edition,bonjour,hello,,,,phrase,,communication,174
tricolore-2-5th-edition,bravo! félicitations!,congratulations!,,,,phrase,,none,174
tricolore-2-5th-edition,cadeau,gift,un,,,noun,,shopping,174
tricolore-2-5th-edition,cahier,exercise book,un,,,noun,,school,174
tricolore-2-5th-edition,campagne,countryside,la,,,noun,,vacation,174
tricolore-2-5th-edition,carrefour,crossroads,un,,,noun,,none,174
tricolore-2-5th-edition,carte de crédit,credit card,une,,,noun,,shopping,174
tricolore-2-5th-edition,casque,helmet,un,,,noun,,none,174
tricolore-2-5th-edition,chapeau,hat,un,,,noun,,shopping,174
tricolore-2-5th-edition,charcuterie,delicatessen,une,,,noun,,none,174
tricolore-2-5th-edition,cher,expensive,,,,adjective,,shopping,174
tricolore-2-5th-edition,cher (chère),dear,,,,adjective,,none,174
tricolore-2-5th-edition,cheveux (m pl),hair,les,m pl,,noun,,none,174
tricolore-2-5th-edition,cheveux blonds (m pl),fair hair,les,m pl,,noun,,none,174
tricolore-2-5th-edition,cheveux frisés,curly hair,les,,,noun,,none,174
tricolore-2-5th-edition,chien,dog,un,,,noun,,none,174
tricolore-2-5th-edition,chips (m pl),crisps,des,m pl,,noun,,food,174
tricolore-2-5th-edition,classeur,file (computer),un,,,noun,,school,174
tricolore-2-5th-edition,client(e),customer,un(e),,,noun,,shopping,174
tricolore-2-5th-edition,cochon d'Inde,guinea pig,un,,,noun,,none,174
tricolore-2-5th-edition,coin,corner,le,,,noun,,none,174
tricolore-2-5th-edition,compartiment,compartment,un,,,noun,,none,174
tricolore-2-5th-edition,compliqué,complicated,,,,adjective,,none,174
tricolore-2-5th-edition,compter,to count,,,,verb,,none,174
tricolore-2-5th-edition,concert,concert,un,,,noun,,hobby,174
tricolore-2-5th-edition,concombre,cucumber,un,,,noun,,food,174
tricolore-2-5th-edition,"content, heureux (heureuse)",happy,,,,phrase,,none,174
tricolore-2-5th-edition,coude,elbow,le,,,noun,,health,174
tricolore-2-5th-edition,couloir,corridor,le,,,noun,,none,174
tricolore-2-5th-edition,cousin(e),cousin,un(e),,,noun,,family,174
tricolore-2-5th-edition,coûter,to cost,,,,verb,,none,174
tricolore-2-5th-edition,cricket,cricket,le,,,noun,,hobby,174
tricolore-2-5th-edition,crème,cream,la,,,noun,,none,174
tricolore-2-5th-edition,cuisinière,cooker,une,,,noun,,none,174
tricolore-2-5th-edition,curseur,cursor,le,,,noun,,communication,174
tricolore-2-5th-edition,cyclisme,cycling,le,,,noun,,hobby,174
tricolore-2-5th-edition,célèbre,famous,,,,adjective,,none,174
tricolore-2-5th-edition,cœur,heart,le,,,noun,,none,174
tricolore-2-5th-edition,d'abord,at first,,,,adverb,,none,174
tricolore-2-5th-edition,Danemark,Denmark,le,,,noun,,none,174
tricolore-2-5th-edition,dangereux (dangereuse),dangerous,,,,adjective,,none,174
tricolore-2-5th-edition,danser,to dance,,,,verb,,none,174
tricolore-2-5th-edition,date,date,la,,,noun,,time-dates,174
tricolore-2-5th-edition,de,from,,,,preposition,,none,174
tricolore-2-5th-edition,"de bonne heure, tôt",early,,,,phrase,,none,174
tricolore-2-5th-edition,demi,half,,,,adjective,,none,174
tricolore-2-5th-edition,demi-frère,half-brother,un,,,noun,,family,174
tricolore-2-5th-edition,demi-sœur,half-sister,une,,,noun,,family,174
tricolore-2-5th-edition,dentiste,dentist,un(e),,,noun,,profession,174
tricolore-2-5th-edition,descendre de,to get off (a bus/train),,,,verb,,travel,174
tricolore-2-5th-edition,dessin,drawing,le,,,noun,,hobby,174
tricolore-2-5th-edition,dessiner,to draw,,,,verb,,none,174
tricolore-2-5th-edition,devant,in front of,,,,preposition,,none,174
tricolore-2-5th-edition,deviner,to guess,,,,verb,,none,174
tricolore-2-5th-edition,devoir,to have to,,,,verb,,none,174
tricolore-2-5th-edition,dictionnaire,dictionary,un,,,noun,,school,174
tricolore-2-5th-edition,difficile,difficult,,,,adjective,,none,174
tricolore-2-5th-edition,discothèque,disco,une,,,noun,,hobby,174
tricolore-2-5th-edition,distraction,entertainment,une,,,noun,,none,174
tricolore-2-5th-edition,divorcé,divorced,,,,adjective,,family,174
tricolore-2-5th-edition,donner,to give,,,,verb,,none,174
tricolore-2-5th-edition,drapeau,flag,un,,,noun,,none,174
tricolore-2-5th-edition,dur,hard,,,,adjective,,none,174
tricolore-2-5th-edition,décembre,December,,,,noun,,time-dates,174
tricolore-2-5th-edition,délicieux (délicieuse),delicious,,,,adjective,,none,174
tricolore-2-5th-edition,désert,desert,un,,,noun,,none,174
tricolore-2-5th-edition,détester,to hate,,,,verb,,none,174
tricolore-2-5th-edition,dîner,dinner (evening meal),le,,,noun,,food,174
tricolore-2-5th-edition,"e-mail, un message (électronique), un mail",email,un,,,noun,,communication,174
tricolore-2-5th-edition,effacer,to delete,,,,verb,,none,174
tricolore-2-5th-edition,elle ne comprend pas,she doesn't understand,,,,phrase,,none,174
tricolore-2-5th-edition,en retard,delayed,,,,phrase,,none,174
tricolore-2-5th-edition,en vacances,on holiday,,,,phrase,,vacation,174
tricolore-2-5th-edition,entendre,to hear,,,,verb,,none,174
tricolore-2-5th-edition,entrée,entrance (ticket),une,,,noun,,travel,174
tricolore-2-5th-edition,est (m),east,l',m,,noun,,travel,174
tricolore-2-5th-edition,exercice,exercise,un,,,noun,,none,174
tricolore-2-5th-edition,expliquer,to explain,,,,verb,,none,174
tricolore-2-5th-edition,exposition,exhibition,une,,,noun,,hobby,174
tricolore-2-5th-edition,facile,easy,,,,adjective,,none,174
tricolore-2-5th-edition,faire,to do,,,,verb,,none,174
tricolore-2-5th-edition,faire du jardinage,to do some gardening,,,,verb,,none,174
tricolore-2-5th-edition,faire du théâtre,to do drama,,,,verb,,hobby,174
tricolore-2-5th-edition,faire la cuisine,to cook,,,,verb,,none,174
tricolore-2-5th-edition,famille,family,la,,,noun,,family,174
tricolore-2-5th-edition,faux,false,,,,adjective,,none,174
tricolore-2-5th-edition,ferme,farm,une,,,noun,,none,174
tricolore-2-5th-edition,feu d'artifice,firework display,un,,,noun,,hobby,174
tricolore-2-5th-edition,"feu, un incendie",fire,un,,,noun,,none,174
tricolore-2-5th-edition,feutre,felt-tip pen,un,,,noun,,none,174
tricolore-2-5th-edition,fiche,form,une,,,noun,,none,174
tricolore-2-5th-edition,fichier,file (computer),un,,,noun,,communication,174
tricolore-2-5th-edition,fille,daughter,une,,,noun,,family,174
tricolore-2-5th-edition,film,film,un,,,noun,,hobby,174
tricolore-2-5th-edition,fin,end,la,,,noun,,none,174
tricolore-2-5th-edition,finir,to end,,,,verb,,none,174
tricolore-2-5th-edition,fleur,flower,une,,,noun,,none,174
tricolore-2-5th-edition,flûte,flute,la,,,noun,,hobby,174
tricolore-2-5th-edition,"football, le foot",football,le,,,noun,,health,174
tricolore-2-5th-edition,frais (fraîche),cool,,,,adjective,,none,174
tricolore-2-5th-edition,France,France,la,,,noun,,none,174
tricolore-2-5th-edition,français,French,,,,adjective,,none,174
tricolore-2-5th-edition,frigo,fridge,un,,,noun,,home,174
tricolore-2-5th-edition,fruit,fruit,un,,,noun,,food,174
tricolore-2-5th-edition,février,February,,,,noun,,time-dates,174
tricolore-2-5th-edition,fête,festival,une,,,noun,,hobby,174
tricolore-2-5th-edition,gant,glove,un,,,noun,,shopping,174
tricolore-2-5th-edition,garage,garage,un,,,noun,,home,174
tricolore-2-5th-edition,gardien(ne) de but,goalkeeper,un(e),,,noun,,profession,174
tricolore-2-5th-edition,gazeux (gazeuse),fizzy,,,,adjective,,none,174
tricolore-2-5th-edition,grand magasin,department store,un,,,noun,,shopping,174
tricolore-2-5th-edition,grand-mère,grandmother,la,,,noun,,family,174
tricolore-2-5th-edition,grand-père,grandfather,le,,,noun,,family,174
tricolore-2-5th-edition,grands-parents,grandparents,les,,,noun,,family,174
tricolore-2-5th-edition,gratuit,free (of charge),,,,adjective,,none,174
tricolore-2-5th-edition,gris,grey,,,,adjective,,none,174
tricolore-2-5th-edition,gros(se),fat,,,,adjective,,none,174
tricolore-2-5th-edition,Grèce,Greece,la,,,noun,,none,174
tricolore-2-5th-edition,guitare,guitar,une,,,noun,,hobby,174
tricolore-2-5th-edition,gymnase,gymnasium,un,,,noun,,none,174
tricolore-2-5th-edition,gymnastique,gymnastics,la,,,noun,,hobby,174
tricolore-2-5th-edition,géographie,geography,la,,,noun,,school,174
tricolore-2-5th-edition,hamster,hamster,un,,,noun,,none,174
tricolore-2-5th-edition,haut,high,,,,adjective,,none,174
tricolore-2-5th-edition,heureusement,fortunately,,,,adverb,,none,174
tricolore-2-5th-edition,histoire (f),history,l',f,,noun,,none,174
tricolore-2-5th-edition,hockey,hockey,le,,,noun,,none,174
tricolore-2-5th-edition,ici,here,,,,adverb,,none,174
tricolore-2-5th-edition,il aime,he does like,,,,phrase,,none,174
tricolore-2-5th-edition,il est fort en français,he's good at French,,,,phrase,,none,174
tricolore-2-5th-edition,il est interdit de ...,it is forbidden to ...,,,,phrase,,none,174
tricolore-2-5th-edition,il fait beau,it's fine weather,,,,phrase,,weather,174
tricolore-2-5th-edition,il y a du brouillard,it's foggy,,,,phrase,,weather,174
tricolore-2-5th-edition,inconvénient,disadvantage,un,,,noun,,none,174
tricolore-2-5th-edition,jambon,ham,le,,,noun,,food,174
tricolore-2-5th-edition,jardin,garden,un,,,noun,,home,174
tricolore-2-5th-edition,je n'aime pas,I don't like,,,,phrase,,none,174
tricolore-2-5th-edition,jeu,game,un,,,noun,,hobby,174
tricolore-2-5th-edition,jeu vidéo (des jeux vidéo),computer game(s),un,,,noun,,hobby,174
tricolore-2-5th-edition,jour,day,un,,,noun,,time-dates,174
tricolore-2-5th-edition,jus de fruit,fruit juice,un,,,noun,,food,174
tricolore-2-5th-edition,libre,free (not occupied),,,,adjective,,none,174
tricolore-2-5th-edition,loin,far (away),,,,adverb,,none,174
tricolore-2-5th-edition,lourd,heavy,,,,adjective,,none,174
tricolore-2-5th-edition,lunettes (f pl),glasses,des,f pl,,noun,,none,174
tricolore-2-5th-edition,main,hand,la,,,noun,,health,174
tricolore-2-5th-edition,Manche,English Channel,la,,,noun,,none,174
tricolore-2-5th-edition,manger,to eat,,,,verb,,none,174
tricolore-2-5th-edition,match de football,football match,un,,,noun,,hobby,174
tricolore-2-5th-edition,match nul,a draw,un,,,noun,,none,174
tricolore-2-5th-edition,mi-temps,half-time,la,,,noun,,time-dates,174
tricolore-2-5th-edition,mode,fashion,la,,,noun,,none,174
tricolore-2-5th-edition,monter,to go up,,,,verb,,none,174
tricolore-2-5th-edition,mort(e),dead,,,,adjective,,none,174
tricolore-2-5th-edition,mourir,to die,,,,verb,,none,174
tricolore-2-5th-edition,médecin,doctor,un,,,noun,,profession,174
tricolore-2-5th-edition,même,even,,,,adjective,,none,174
tricolore-2-5th-edition,nourriture,food,la,,,noun,,food,174
tricolore-2-5th-edition,obligatoire,compulsory,,,,adjective,,none,174
tricolore-2-5th-edition,ordi(nateur),computer,un,,,noun,,communication,174
tricolore-2-5th-edition,oublier,to forget,,,,verb,,none,174
tricolore-2-5th-edition,par exemple,for example,,,,phrase,,none,174
tricolore-2-5th-edition,par terre,on the ground,,,,phrase,,none,174
tricolore-2-5th-edition,passe-temps,hobby,un,,,noun,,hobby,174
tricolore-2-5th-edition,passionnant,exciting,,,,adjective,,none,174
tricolore-2-5th-edition,pellicule,film,une,,,noun,,hobby,174
tricolore-2-5th-edition,pendant,during,,,,preposition,,none,174
tricolore-2-5th-edition,placard,cupboard,un,,,noun,,home,174
tricolore-2-5th-edition,plancher,floor,le,,,noun,,none,174
tricolore-2-5th-edition,plat du jour,dish of the day,le,,,noun,,restaurant,174
tricolore-2-5th-edition,point,dot,un,,,noun,,none,174
tricolore-2-5th-edition,poisson,fish,le,,,noun,,food,174
tricolore-2-5th-edition,poisson rouge,goldfish,un,,,noun,,none,174
tricolore-2-5th-edition,porte,door,une,,,noun,,home,174
tricolore-2-5th-edition,poupée,doll,une,,,noun,,none,174
tricolore-2-5th-edition,pour,for,,,,preposition,,none,174
tricolore-2-5th-edition,premier (première),first,,,,other,,none,174
tricolore-2-5th-edition,"préféré, favori(te)",favourite,,,,phrase,,none,174
tricolore-2-5th-edition,"pupitre, un bureau",desk,un,,,noun,,none,174
tricolore-2-5th-edition,Pâques,Easter,,,,noun,,none,174
tricolore-2-5th-edition,père,father,le,,,noun,,family,174
tricolore-2-5th-edition,père Noël,Father Christmas,le,,,noun,,family,174
tricolore-2-5th-edition,quinze jours,fortnight,,,,phrase,,none,174
tricolore-2-5th-edition,raisin,grape,un,,,noun,,food,174
tricolore-2-5th-edition,"rapide, vite",fast,,,,phrase,,none,174
tricolore-2-5th-edition,regarder mes messages,to look at my email,,,,verb,,communication,174
tricolore-2-5th-edition,remplir,to fill,,,,verb,,none,174
tricolore-2-5th-edition,rendre,to give back,,,,verb,,health,174
tricolore-2-5th-edition,revoir,goodbye,au,,,phrase,,communication,174
tricolore-2-5th-edition,rez-de-chaussée,on the ground floor,au,,,phrase,,none,174
tricolore-2-5th-edition,robe,dress,une,,,noun,,shopping,174
tricolore-2-5th-edition,s'amuser,to enjoy oneself,,,,verb,,none,174
tricolore-2-5th-edition,s'entendre avec,to get on with,,,,verb,,none,174
tricolore-2-5th-edition,s'habiller,to get dressed,,,,verb,,daily-routine,174
tricolore-2-5th-edition,sale,dirty,,,,adjective,,none,174
tricolore-2-5th-edition,salle à manger,dining room,la,,,noun,,home,174
tricolore-2-5th-edition,salut!,hi!,,,,phrase,,none,174
tricolore-2-5th-edition,santé,health,la,,,noun,,health,174
tricolore-2-5th-edition,sauf,except,,,,preposition,,none,174
tricolore-2-5th-edition,se débrouiller,to cope,,,,verb,,none,174
tricolore-2-5th-edition,se lever,to get up,,,,verb,,daily-routine,174
tricolore-2-5th-edition,soir,evening,le,,,noun,,time-dates,174
tricolore-2-5th-edition,"son, sa, ses",her,,,,phrase,,family,174
tricolore-2-5th-edition,sortie,exit,la,,,noun,,none,174
tricolore-2-5th-edition,sortir,to go out,,,,verb,,none,174
tricolore-2-5th-edition,surligner,to highlight,,,,verb,,none,174
tricolore-2-5th-edition,surligneur,highlighter,un,,,noun,,none,174
tricolore-2-5th-edition,surtout,especially,,,,adverb,,none,174
tricolore-2-5th-edition,TME (travail manuel éducatif),design and technology,le,,,noun,,none,174
tricolore-2-5th-edition,tomber,to fall,,,,verb,,none,174
tricolore-2-5th-edition,tous les jours,every day,,,,phrase,,time-dates,174
tricolore-2-5th-edition,toute la journée,all day,,,,phrase,,time-dates,174
tricolore-2-5th-edition,traverser,to cross,,,,verb,,none,174
tricolore-2-5th-edition,tu ne comprends pas?,don't you understand?,,,,phrase,,none,174
tricolore-2-5th-edition,tête,head,la,,,noun,,health,174
tricolore-2-5th-edition,vacances (f pl),holidays,les,f pl,,noun,,vacation,174
tricolore-2-5th-edition,vendredi,Friday,,,,noun,,time-dates,174
tricolore-2-5th-edition,verre,glass,un,,,noun,,none,174
tricolore-2-5th-edition,vert,green,,,,adjective,,none,174
tricolore-2-5th-edition,visage,face,le,,,noun,,none,174
tricolore-2-5th-edition,voici,here are,,,,phrase,,none,174
tricolore-2-5th-edition,vol,flight,un,,,noun,,none,174
tricolore-2-5th-edition,à la campagne,in the countryside,,,,phrase,,vacation,174
tricolore-2-5th-edition,épicerie,grocer's,une,,,noun,,profession,174
tricolore-2-5th-edition,"épicier, une épicière",grocer,un,,,noun,,profession,174
tricolore-2-5th-edition,œil (les yeux),eye,un,,,noun,,none,174
tricolore-2-5th-edition,œuf,egg,un,,,noun,,food,174
tricolore-2-5th-edition,œuf à la coque,boiled egg,un,,,noun,,food,174
