collection,section,part,item,item_type,question,option_a,option_b,option_c,correct_answer,level,topic,source_page
tricolore-2-5th-edition,listening,Exercise 1,1,fill-in,"Elle vend toutes sortes de pains, des gâteaux, des tartes, des chocolats et aussi (1) ___.",,,,des glaces,A2,shopping,010
tricolore-2-5th-edition,listening,Exercise 1,2,fill-in,Bien sûr. J'ai des croissants et (2) ___.,,,,,A2,shopping,010
tricolore-2-5th-edition,listening,Exercise 1,3,fill-in,"Je vais acheter (3) ___ pour ce soir. Je prends 500g de steak, s'il vous plaît.",,,,,A2,shopping,010
tricolore-2-5th-edition,listening,Exercise 1,4,fill-in,"À la charcuterie, on peut acheter du jambon, du saucisson et (4) ___.",,,,,A2,shopping,010
tricolore-2-5th-edition,listening,Exercise 1,5,fill-in,"Il y a du sucre, de l'eau minérale, (5) ___, du beurre et (6) ___.",,,,,A2,shopping,010
tricolore-2-5th-edition,listening,Exercise 1,6,fill-in,"Il y a du sucre, de l'eau minérale, (5) ___, du beurre et (6) ___.",,,,,A2,shopping,010
tricolore-2-5th-edition,listening,Exercise 1,7,fill-in,"Ici, on vend des livres, (7) ___ et des magazines.",,,,,A2,shopping,010
tricolore-2-5th-edition,listening,Exercise 1,8,fill-in,"Ah bon, je veux acheter (8) ___ au tabac.",,,,,A2,shopping,010
tricolore-2-5th-edition,listening,Exercise 2,1,ordering,On va dans quels magasins? Mets les magasins dans le bon ordre.,,,,,A2,shopping,011
tricolore-2-5th-edition,grammar,Exercise 3a,1,fill-in,"À l'épicerie, j'achète ___ beurre (m) et ___ eau minérale.",,,,du; de l',A2,shopping,011
tricolore-2-5th-edition,grammar,Exercise 3b,1,fill-in,"Au tabac, on peut acheter ___.",,,,des timbres,A2,shopping,011
tricolore-2-5th-edition,speaking,Exercise 4a,1,speaking-task,Qu'est-ce que tu préfères comme fruits?,,,,(open-ended),A2,shopping,011
tricolore-2-5th-edition,writing,Exercise 4b,1,writing-task,Écris un paragraphe avec tes réponses.,,,,(open-ended),B1,shopping,011
tricolore-2-5th-edition,grammar,Exercise 3a,2,fill-in,"À la boulangerie, on achète ___ baguettes.",,,,,A2,shopping,011
tricolore-2-5th-edition,grammar,Exercise 3b,2,fill-in,"À la librairie-papeterie, on achète ___.",,,,,A2,shopping,011
tricolore-2-5th-edition,speaking,Exercise 4a,2,speaking-task,Qu'est-ce que tu préfères comme légumes?,,,,(open-ended),A2,shopping,011
tricolore-2-5th-edition,grammar,Exercise 3a,3,fill-in,"À la charcuterie, on vend ___ jambon (m) et ___ salade (f) de tomates.",,,,,A2,shopping,011
tricolore-2-5th-edition,grammar,Exercise 3b,3,fill-in,"À la pâtisserie, j'aime acheter ___.",,,,,A2,shopping,011
tricolore-2-5th-edition,speaking,Exercise 4a,3,speaking-task,Est-ce que tu achètes souvent des bonbons ou du chocolat?,,,,(open-ended),A2,shopping,011
tricolore-2-5th-edition,grammar,Exercise 3a,4,fill-in,"À la boucherie, j'achète ___ viande (f) et ___ poulet (m).",,,,,A2,shopping,011
tricolore-2-5th-edition,speaking,Exercise 4a,4,speaking-task,"Toi et tes copains, vous achetez beaucoup de magazines?",,,,(open-ended),A2,shopping,011
tricolore-2-5th-edition,speaking,Exercise 4a,5,speaking-task,Tu préfères les magazines sur le sport ou sur la musique?,,,,(open-ended),A2,shopping,011
tricolore-2-5th-edition,reading,Exercise 1,1,multiple-choice,"Au tabac, on vend ___.",des timbres,du pain,de la viande,des timbres,A2,shopping,012
tricolore-2-5th-edition,listening,Exercise 2a,1,fill-in,"Est-ce que vous (1) ___ des glaces ici, toute l'année?",,,,vendez,A2,shopping,012
tricolore-2-5th-edition,writing,Exercise 2c,1,short-answer,during the holidays,,,,pendant les vacances,A2,shopping,012
tricolore-2-5th-edition,reading,Exercise 1,2,multiple-choice,"Le samedi, je travaille à la librairie et je vends ___.",des bananes,des livres,du poisson,,A2,shopping,012
tricolore-2-5th-edition,listening,Exercise 2a,2,fill-in,"Je (2) ___ des glaces surtout en été, mais le reste de l'année, nous (3) ___ beaucoup d'autres choses, comme par exemple des hot-dogs et des frites.",,,,,A2,shopping,012
tricolore-2-5th-edition,writing,Exercise 2c,2,short-answer,mainly in summer,,,,surtout en été,A2,shopping,012
tricolore-2-5th-edition,reading,Exercise 1,3,multiple-choice,"À la boucherie, nous vendons ___.",des surligneurs,de la viande,du café,,A2,shopping,012
tricolore-2-5th-edition,listening,Exercise 2a,3,fill-in,"Je (2) ___ des glaces surtout en été, mais le reste de l'année, nous (3) ___ beaucoup d'autres choses, comme par exemple des hot-dogs et des frites.",,,,,A2,shopping,012
tricolore-2-5th-edition,writing,Exercise 2c,3,short-answer,a lot of other things,,,,beaucoup d'autres choses,A2,shopping,012
tricolore-2-5th-edition,reading,Exercise 1,4,multiple-choice,"À la pâtisserie, vous vendez ___.",du poisson,des éclairs,du pâté,,A2,shopping,012
tricolore-2-5th-edition,listening,Exercise 2a,4,fill-in,"Et toi, Julien, tu (4) ___ des hot-dogs et des frites aussi?",,,,,A2,shopping,012
tricolore-2-5th-edition,writing,Exercise 2c,4,short-answer,cold drinks,,,,des boissons froides,A2,shopping,012
tricolore-2-5th-edition,reading,Exercise 1,5,multiple-choice,"À la boulangerie, Mme Genêt vend ___.",des chaussettes,des petits pois,des croissants,,A2,shopping,012
tricolore-2-5th-edition,listening,Exercise 2a,5,fill-in,"Moi, non. Je ne (5) ___ pas de plats chauds. Je (6) ___ surtout des boissons froides.",,,,,A2,shopping,012
tricolore-2-5th-edition,writing,Exercise 2c,5,short-answer,sometimes,,,,quelquefois,A2,shopping,012
tricolore-2-5th-edition,reading,Exercise 1,6,multiple-choice,"Quand tu travailles à l'épicerie, tu vends ___.",des œufs,des cahiers,des ordinateurs,,A2,shopping,012
tricolore-2-5th-edition,listening,Exercise 2a,6,fill-in,"Moi, non. Je ne (5) ___ pas de plats chauds. Je (6) ___ surtout des boissons froides.",,,,,A2,shopping,012
tricolore-2-5th-edition,writing,Exercise 2c,6,short-answer,covered in sugar,,,,couvert de sucre,A2,shopping,012
tricolore-2-5th-edition,listening,Exercise 2a,7,fill-in,"Quelquefois, on (7) ___ aussi de la barbe à papa, mais je déteste ça, car à la fin je suis couvert de sucre!",,,,,A2,shopping,012
tricolore-2-5th-edition,reading,Exercise 4a,1,fill-in,Il (1 descendre) dans la rue et il (2 attendre) devant la maison de Calinette.,,,,descend,A2,shopping,013
tricolore-2-5th-edition,writing,Exercise 4b,1,writing-task,Écris une histoire: «Mangetout et la nouvelle charcuterie».,,,,(open-ended),B1,shopping,013
tricolore-2-5th-edition,reading,Exercise 4a,10,fill-in,"Qu'est-ce que vous (9 attendre)? C'est la nouvelle poissonnerie ici. Nous (10 attendre) l'arrivée du poisson. Ah, voilà!",,,,,A2,shopping,013
tricolore-2-5th-edition,reading,Exercise 4a,2,fill-in,Il (1 descendre) dans la rue et il (2 attendre) devant la maison de Calinette.,,,,,A2,shopping,013
tricolore-2-5th-edition,reading,Exercise 4a,3,fill-in,"Il appelle Calinette, mais elle ne (3 répondre) pas. C'est curieux, ça!",,,,,A2,shopping,013
tricolore-2-5th-edition,reading,Exercise 4a,4,fill-in,"Il (4 attendre) encore un peu. Soudain, deux ou trois chats (5 descendre) la rue, très vite. Mangetout demande où ils vont, mais ils ne (6 répondre) pas.",,,,,A2,shopping,013
tricolore-2-5th-edition,reading,Exercise 4a,5,fill-in,"Il (4 attendre) encore un peu. Soudain, deux ou trois chats (5 descendre) la rue, très vite. Mangetout demande où ils vont, mais ils ne (6 répondre) pas.",,,,,A2,shopping,013
tricolore-2-5th-edition,reading,Exercise 4a,6,fill-in,"Il (4 attendre) encore un peu. Soudain, deux ou trois chats (5 descendre) la rue, très vite. Mangetout demande où ils vont, mais ils ne (6 répondre) pas.",,,,,A2,shopping,013
tricolore-2-5th-edition,reading,Exercise 4a,7,fill-in,"Mangetout (7 descendre) la rue et arrive à la place du Marché. Devant le magasin, près de la boulangerie, il y a beaucoup de chats. Évidemment, ils (8 attendre) quelque chose.",,,,,A2,shopping,013
tricolore-2-5th-edition,reading,Exercise 4a,8,fill-in,"Mangetout (7 descendre) la rue et arrive à la place du Marché. Devant le magasin, près de la boulangerie, il y a beaucoup de chats. Évidemment, ils (8 attendre) quelque chose.",,,,,A2,shopping,013
tricolore-2-5th-edition,reading,Exercise 4a,9,fill-in,"Qu'est-ce que vous (9 attendre)? C'est la nouvelle poissonnerie ici. Nous (10 attendre) l'arrivée du poisson. Ah, voilà!",,,,,A2,shopping,013
tricolore-2-5th-edition,reading,Exercise 1,1,matching,une portion de,,,,D,A2,shopping,014
tricolore-2-5th-edition,listening,Exercise 2,1,fill-in,... jambon,,,,6,A2,shopping,014
tricolore-2-5th-edition,speaking,Exercise 3a,1,speaking-task,"À deux, faites le jeu «Je vais au supermarché et j'achète ...». Qui continue le plus longtemps sans fautes?",,,,(open-ended),A2,shopping,014
tricolore-2-5th-edition,speaking,Exercise 3b,1,speaking-task,"À deux, faites le même jeu avec huit produits différents.",,,,(open-ended),A2,shopping,014
tricolore-2-5th-edition,reading,Exercise 1,10,matching,cent grammes de,,,,,A2,shopping,014
tricolore-2-5th-edition,reading,Exercise 1,2,matching,un kilo d',,,,,A2,shopping,014
tricolore-2-5th-edition,listening,Exercise 2,2,fill-in,... pêches,,,,,A2,shopping,014
tricolore-2-5th-edition,reading,Exercise 1,3,matching,un (grand) morceau de,,,,,A2,shopping,014
tricolore-2-5th-edition,listening,Exercise 2,3,fill-in,... salade de tomates,,,,,A2,shopping,014
tricolore-2-5th-edition,reading,Exercise 1,4,matching,une boîte de,,,,,A2,shopping,014
tricolore-2-5th-edition,listening,Exercise 2,4,fill-in,... carottes,,,,,A2,shopping,014
tricolore-2-5th-edition,reading,Exercise 1,5,matching,une bouteille d',,,,,A2,shopping,014
tricolore-2-5th-edition,listening,Exercise 2,5,fill-in,... biscuits,,,,,A2,shopping,014
tricolore-2-5th-edition,reading,Exercise 1,6,matching,un pot de,,,,,A2,shopping,014
tricolore-2-5th-edition,listening,Exercise 2,6,fill-in,... fromage,,,,,A2,shopping,014
tricolore-2-5th-edition,reading,Exercise 1,7,matching,quatre tranches de,,,,,A2,shopping,014
tricolore-2-5th-edition,listening,Exercise 2,7,fill-in,... tomates,,,,,A2,shopping,014
tricolore-2-5th-edition,reading,Exercise 1,8,matching,un paquet de,,,,,A2,shopping,014
tricolore-2-5th-edition,listening,Exercise 2,8,fill-in,... eau minérale,,,,,A2,shopping,014
tricolore-2-5th-edition,reading,Exercise 1,9,matching,un litre de,,,,,A2,shopping,014
tricolore-2-5th-edition,listening,Exercise 4,1,multiple-choice,Le poisson coûte ___ .,"1,80€","1,20€",,,A2,shopping,015
tricolore-2-5th-edition,reading,Exercise 5a,1,short-answer,What would you like?,,,,Vous désirez?,A2,shopping,015
tricolore-2-5th-edition,speaking,Exercise 5b,1,speaking-task,"Lisez la conversation à deux, puis changez les détails et inventez d'autres conversations.",,,,(open-ended),A2,shopping,015
tricolore-2-5th-edition,speaking,Exercise 5c,1,speaking-task,Fermez le livre et inventez encore des conversations.,,,,(open-ended),A2,shopping,015
tricolore-2-5th-edition,listening,Exercise 4,2,multiple-choice,Une bouteille de vin rouge et un litre de lait coûtent ___ en tout.,"0,50€","10,50€",,,A2,shopping,015
tricolore-2-5th-edition,reading,Exercise 5a,2,short-answer,Give me ...,,,,Donnez-moi ...,A2,shopping,015
tricolore-2-5th-edition,listening,Exercise 4,3,multiple-choice,Une boîte de chocolats et un paquet de biscuits coûtent ___ en tout.,"14,00€","0,40€","4,45€",,A2,shopping,015
tricolore-2-5th-edition,reading,Exercise 5a,3,short-answer,I'd like ...,,,,Je voudrais ...,A2,shopping,015
tricolore-2-5th-edition,listening,Exercise 4,4,fill-in,Un grand paquet de chips et une bouteille de limonade coûtent ___ en tout.,,,,,A2,shopping,015
tricolore-2-5th-edition,reading,Exercise 5a,4,short-answer,Anything else?,,,,Et avec ça?,A2,shopping,015
tricolore-2-5th-edition,listening,Exercise 4,5,fill-in,Un pot de confiture et une petite boîte de thon coûtent ___ en tout.,,,,,A2,shopping,015
tricolore-2-5th-edition,reading,Exercise 5a,5,short-answer,Is that all?,,,,C'est tout?,A2,shopping,015
tricolore-2-5th-edition,reading,Exercise 5a,6,short-answer,How much is it?,,,,C'est combien?,A2,shopping,015
tricolore-2-5th-edition,listening,Exercise 1,1,true-false,M. Léon n'a pas de carottes.,,,,Vrai,A2,shopping,016
tricolore-2-5th-edition,reading,Exercise 2,1,short-answer,Voici deux chariots au supermarché. Ils ne sont pas identiques. Qu'est-ce qu'il n'y a pas dans le chariot de Mme Lenoir?,,,,,A2,shopping,016
tricolore-2-5th-edition,speaking,Exercise 3.1,1,speaking-task,"Tu es le/la marchand(e) de légumes. Il est 16h00. Il ne reste pas beaucoup de légumes, mais il y a encore des clients. Réponds au client/à la cliente.",,,,(open-ended),A2,shopping,016
tricolore-2-5th-edition,speaking,Exercise 3.2,1,speaking-task,"Changez de rôle. Tu vas chez le/la marchand(e) de fruits, mais il est 16h00. Tu trouves seulement deux des choses qui sont sur ta liste. Demande ces choses, puis écris ce que tu as acheté.",,,,(open-ended),A2,shopping,016
tricolore-2-5th-edition,listening,Exercise 1,2,true-false,Il n'a pas de bananes.,,,,,A2,shopping,016
tricolore-2-5th-edition,listening,Exercise 1,3,true-false,Il n'a pas de lait.,,,,,A2,shopping,016
tricolore-2-5th-edition,listening,Exercise 1,4,true-false,Il n'a pas d'Orangina.,,,,,A2,shopping,016
tricolore-2-5th-edition,listening,Exercise 1,5,true-false,Il n'a pas de biscuits.,,,,,A2,shopping,016
tricolore-2-5th-edition,listening,Exercise 1,6,true-false,Il n'a pas de chocolat.,,,,,A2,shopping,016
tricolore-2-5th-edition,listening,Exercise 1,7,true-false,Marie n'a pas d'argent.,,,,,A2,shopping,016
tricolore-2-5th-edition,listening,Exercise 1,8,true-false,M. Léon a un magasin extraordinaire.,,,,,A2,shopping,016
tricolore-2-5th-edition,listening,Exercise 5a,1,fill-in,"Bonjour, monsieur. Je voudrais (1) chaussettes, s'il vous plaît.",,,,des,A2,shopping,017
tricolore-2-5th-edition,writing,Exercise 5b,1,writing-task,Écris deux listes: L'épicier a ... / L'épicier n'a pas ...,,,,(open-ended),A2,shopping,017
tricolore-2-5th-edition,writing,Exercise 5c,1,writing-task,Écris huit phrases. Ton/Ta partenaire décide si c'est vrai ou faux.,,,,(open-ended),B1,shopping,017
tricolore-2-5th-edition,listening,Exercise 5a,10,fill-in,(furieux) Je n'ai pas (10) pain! Je n'ai pas (11) chaussettes!,,,,,A2,shopping,017
tricolore-2-5th-edition,listening,Exercise 5a,11,fill-in,(furieux) Je n'ai pas (10) pain! Je n'ai pas (11) chaussettes!,,,,,A2,shopping,017
tricolore-2-5th-edition,listening,Exercise 5a,12,fill-in,"Bon, bon, ça va! Vous n'avez pas (12) pain. Vous n'avez pas (13) eau minérale non plus, sans doute?",,,,,A2,shopping,017
tricolore-2-5th-edition,listening,Exercise 5a,13,fill-in,"Bon, bon, ça va! Vous n'avez pas (12) pain. Vous n'avez pas (13) eau minérale non plus, sans doute?",,,,,A2,shopping,017
tricolore-2-5th-edition,listening,Exercise 5a,14,fill-in,"Si, j'ai (14) eau minérale. Une bouteille (15) eau minérale. Voilà. C'est tout?",,,,,A2,shopping,017
tricolore-2-5th-edition,listening,Exercise 5a,15,fill-in,"Si, j'ai (14) eau minérale. Une bouteille (15) eau minérale. Voilà. C'est tout?",,,,,A2,shopping,017
tricolore-2-5th-edition,listening,Exercise 5a,16,fill-in,Vous ne voulez pas (16) chaussettes?,,,,,A2,shopping,017
tricolore-2-5th-edition,listening,Exercise 5a,17,fill-in,(17) chaussettes? Non. Pourquoi? Vous vendez aussi (18) chaussettes?,,,,,A2,shopping,017
tricolore-2-5th-edition,listening,Exercise 5a,18,fill-in,(17) chaussettes? Non. Pourquoi? Vous vendez aussi (18) chaussettes?,,,,,A2,shopping,017
tricolore-2-5th-edition,listening,Exercise 5a,19,fill-in,"(il crie) Non, je ne vends pas (19) chaussettes!",,,,,A2,shopping,017
tricolore-2-5th-edition,reading,Exercise 4,2,matching,"Dani at the supermarket, looking at an empty shelf under a red 'fraises' sign.",,,,C,A2,shopping,017
tricolore-2-5th-edition,listening,Exercise 5a,2,fill-in,"Comment? (2) chaussettes? Je regrette, madame, mais je ne vends pas (3) chaussettes. C'est une épicerie ici.",,,,,A2,shopping,017
tricolore-2-5th-edition,listening,Exercise 5a,20,fill-in,"Pardon, monsieur. Vous avez (20) chaussettes?",,,,,A2,shopping,017
tricolore-2-5th-edition,reading,Exercise 4,3,matching,Dani looking happily at a shelf full of bananas: 'J'aime bien les bananes.',,,,,A2,shopping,017
tricolore-2-5th-edition,listening,Exercise 5a,3,fill-in,"Comment? (2) chaussettes? Je regrette, madame, mais je ne vends pas (3) chaussettes. C'est une épicerie ici.",,,,,A2,shopping,017
tricolore-2-5th-edition,reading,Exercise 4,4,matching,Dani standing in front of an empty glass-fronted fridge cabinet (sign at top: 'beurre').,,,,,A2,shopping,017
tricolore-2-5th-edition,listening,Exercise 5a,4,fill-in,"Alors, donnez-moi un kilo (4) pommes ... et (5) chaussettes!",,,,,A2,shopping,017
tricolore-2-5th-edition,reading,Exercise 4,5,matching,"Dani at a shelf of chocolate bars, picking one up: 'Le chocolat, c'est bon aussi.'",,,,,A2,shopping,017
tricolore-2-5th-edition,listening,Exercise 5a,5,fill-in,"Alors, donnez-moi un kilo (4) pommes ... et (5) chaussettes!",,,,,A2,shopping,017
tricolore-2-5th-edition,reading,Exercise 4,6,matching,Dani looking at empty shelves under a red 'œufs' sign.,,,,,A2,shopping,017
tricolore-2-5th-edition,listening,Exercise 5a,6,fill-in,"(pas très content) Je regrette, madame, mais je n'ai plus (6) pommes. Et je n'ai pas (7) chaussettes non plus!",,,,,A2,shopping,017
tricolore-2-5th-edition,reading,Exercise 4,7,matching,"Dani at a shelf of crisps/chips, putting a bag into his basket: 'Je préfère les chips.'",,,,,A2,shopping,017
tricolore-2-5th-edition,listening,Exercise 5a,7,fill-in,"(pas très content) Je regrette, madame, mais je n'ai plus (6) pommes. Et je n'ai pas (7) chaussettes non plus!",,,,,A2,shopping,017
tricolore-2-5th-edition,listening,Exercise 5a,8,fill-in,"Bon, ça ne fait rien. Donnez-moi (8) pain ... et (9) chaussettes!",,,,,A2,shopping,017
tricolore-2-5th-edition,listening,Exercise 5a,9,fill-in,"Bon, ça ne fait rien. Donnez-moi (8) pain ... et (9) chaussettes!",,,,,A2,shopping,017
tricolore-2-5th-edition,reading,Exercise 1,1,matching,Je choisis ...,,,,C,A2,shopping,018
tricolore-2-5th-edition,reading,Exercise 2,1,short-answer,Lis le texte et écris la liste des verbes en -ir.,,,,,B1,shopping,018
tricolore-2-5th-edition,reading,Exercise 1,2,matching,"Oui, Maman, nous choisissons deux ...",,,,,A2,shopping,018
tricolore-2-5th-edition,reading,Exercise 1,3,matching,Il choisit un ...,,,,,A2,shopping,018
tricolore-2-5th-edition,reading,Exercise 1,4,matching,"Vous choisissez avant moi, ...",,,,,A2,shopping,018
tricolore-2-5th-edition,reading,Exercise 1,5,matching,"Alors Luc, tu choisis un cadeau ...",,,,,A2,shopping,018
tricolore-2-5th-edition,reading,Exercise 1,6,matching,Ils choisissent le chien ...,,,,,A2,shopping,018
tricolore-2-5th-edition,listening,Exercise 3a,1,fill-in,"Bof, c'est bientôt les grandes vacances, les cours (1) ___ vendredi, mais il n'y a rien à faire dans notre village. Si on organisait une fête?",,,,finissent,A2,mixed,019
tricolore-2-5th-edition,reading,Exercise 3c,1,short-answer,Les cours finissent quand?,,,,vendredi,A2,mixed,019
tricolore-2-5th-edition,writing,Exercise 3d,1,writing-task,Traduis l'introduction de la conversation en anglais.,,,,(open-ended),B1,mixed,019
tricolore-2-5th-edition,listening,Exercise 3a,2,fill-in,On (2) ___ un restaurant et tout le monde dîne ensemble.,,,,,A2,mixed,019
tricolore-2-5th-edition,reading,Exercise 3c,2,short-answer,Les transports en commun finissent quand?,,,,vers huit heures,A2,mixed,019
tricolore-2-5th-edition,listening,Exercise 3a,3,fill-in,"Oui, mais les bus (3) ___ vers huit heures et après, c'est impossible de rentrer au village.",,,,,A2,mixed,019
tricolore-2-5th-edition,reading,Exercise 3c,3,short-answer,Qui finit par avoir une bonne idée?,,,,Simon,A2,mixed,019
tricolore-2-5th-edition,listening,Exercise 3a,4,fill-in,"Alors, qu'est-ce qu'on peut faire? Simon, tu as de bonnes idées, tu (4) ___ quelque chose, toi!",,,,,A2,mixed,019
tricolore-2-5th-edition,reading,Exercise 3c,4,short-answer,Qui choisit les choses à manger pour le piquenique?,,,,Nathalie et Karine,A2,mixed,019
tricolore-2-5th-edition,listening,Exercise 3a,5,fill-in,"Fantastique! Nathalie et Karine, vous (5) ___ la nourriture.",,,,,A2,mixed,019
tricolore-2-5th-edition,reading,Exercise 3c,5,short-answer,Qui choisit les boissons?,,,,Simon,A2,mixed,019
tricolore-2-5th-edition,listening,Exercise 3a,6,fill-in,"Simon, tu (6) ___ les boissons et…",,,,,A2,mixed,019
tricolore-2-5th-edition,reading,Exercise 3c,6,short-answer,"Et Christophe, qu'est-ce qu'il choisit?",,,,les invités,A2,mixed,019
tricolore-2-5th-edition,listening,Exercise 3a,7,fill-in,"Euh… ben, moi, je (7) ___ les invités.",,,,,A2,mixed,019
tricolore-2-5th-edition,listening,Exercise 3a,8,fill-in,Les amis (8) ___ par organiser un piquenique superbe et tout le monde est content!,,,,,A2,mixed,019
tricolore-2-5th-edition,reading,Exercise 1,1,true-false,"Quelquefois, la pause-déjeuner dure deux heures et demie.",,,,Vrai,A2,shopping,020
tricolore-2-5th-edition,reading,Exercise 1,2,true-false,Tous les magasins choisissent le lundi pour fermer.,,,,,A2,shopping,020
tricolore-2-5th-edition,reading,Exercise 1,3,true-false,"À la boulangerie, on finit le travail assez tard le soir.",,,,,A2,shopping,020
tricolore-2-5th-edition,reading,Exercise 1,4,true-false,On ne vend pas de pain frais le dimanche matin.,,,,,A2,shopping,020
tricolore-2-5th-edition,reading,Exercise 1,5,true-false,On n'achète pas de légumes au marché.,,,,,A2,shopping,020
tricolore-2-5th-edition,reading,Exercise 1,6,true-false,"À la boulangerie Lebrun, on ne travaille pas le lundi.",,,,,A2,shopping,020
tricolore-2-5th-edition,grammar,Exercise 3,1,fill-in,"Moi, je (1 détester) faire les courses.",,,,déteste,A2,shopping,021
tricolore-2-5th-edition,reading,Exercise 4,1,multiple-choice,"Le shopping, c'est nul!",positif (P),négatif (N),,N,A2,shopping,021
tricolore-2-5th-edition,speaking,Exercise 5,1,speaking-task,Est-ce que tu aimes faire les courses?,,,,(open-ended),A2,shopping,021
tricolore-2-5th-edition,grammar,Exercise 3,10,fill-in,"Mes amis et moi, nous (9 préférer) les magasins où on (10 vendre) des magazines, des vêtements ou des glaces.",,,,,A2,shopping,021
tricolore-2-5th-edition,grammar,Exercise 3,2,fill-in,"Quand je (2 descendre) au marché du village avec ma mère, je (3 trouver) ça très ennuyeux.",,,,,A2,shopping,021
tricolore-2-5th-edition,reading,Exercise 4,2,multiple-choice,"Faire les courses, c'est super ennuyeux!",positif (P),négatif (N),,,A2,shopping,021
tricolore-2-5th-edition,speaking,Exercise 5,2,speaking-task,"Qui fait les courses chez toi, normalement?",,,,(open-ended),A2,shopping,021
tricolore-2-5th-edition,grammar,Exercise 3,3,fill-in,"Quand je (2 descendre) au marché du village avec ma mère, je (3 trouver) ça très ennuyeux.",,,,,A2,shopping,021
tricolore-2-5th-edition,reading,Exercise 4,3,multiple-choice,Je trouve le shopping super!,positif (P),négatif (N),,,A2,shopping,021
tricolore-2-5th-edition,speaking,Exercise 5,3,speaking-task,"En général, qu'est-ce que tu choisis pour manger et boire pendant la récré?",,,,(open-ended),A2,shopping,021
tricolore-2-5th-edition,grammar,Exercise 3,4,fill-in,Nous (4 choisir) deux ou trois kilos de fruits et légumes.,,,,,A2,shopping,021
tricolore-2-5th-edition,reading,Exercise 4,4,multiple-choice,Je suis passionnée de shopping.,positif (P),négatif (N),,,A2,shopping,021
tricolore-2-5th-edition,speaking,Exercise 5,4,speaking-task,Est-ce que tu préfères les petits magasins ou le supermarché?,,,,(open-ended),A2,shopping,021
tricolore-2-5th-edition,grammar,Exercise 3,5,fill-in,"Souvent, nous (5 rencontrer) des gens du village.",,,,,A2,shopping,021
tricolore-2-5th-edition,reading,Exercise 4,5,multiple-choice,Ce n'est pas amusant de faire les courses.,positif (P),négatif (N),,,A2,shopping,021
tricolore-2-5th-edition,speaking,Exercise 5,5,speaking-task,"Chez toi, est-ce qu'on préfère acheter les fruits et les légumes au marché ou aux magasins?",,,,(open-ended),A2,shopping,021
tricolore-2-5th-edition,grammar,Exercise 3,6,fill-in,"Ma mère et ses amies (6 parler) trop et moi, j'(7 attendre).",,,,,A2,shopping,021
tricolore-2-5th-edition,reading,Exercise 4,6,multiple-choice,"Le shopping, non merci! Je préfère faire du sport.",positif (P),négatif (N),,,A2,shopping,021
tricolore-2-5th-edition,speaking,Exercise 5,6,speaking-task,"Quand tu vas en ville, qu'est-ce que tu aimes acheter?",,,,(open-ended),A2,shopping,021
tricolore-2-5th-edition,grammar,Exercise 3,7,fill-in,"Ma mère et ses amies (6 parler) trop et moi, j'(7 attendre).",,,,,A2,shopping,021
tricolore-2-5th-edition,speaking,Exercise 5,7,speaking-task,"Est-ce qu'il y a un marché près de chez toi? Si oui, qu'est-ce qu'on vend au marché?",,,,(open-ended),A2,shopping,021
tricolore-2-5th-edition,grammar,Exercise 3,8,fill-in,"Moi, j'(8 adorer) le shopping en ville.",,,,,A2,shopping,021
tricolore-2-5th-edition,speaking,Exercise 5,8,speaking-task,Est-ce que ta famille achète des provisions sur Internet?,,,,(open-ended),A2,shopping,021
tricolore-2-5th-edition,grammar,Exercise 3,9,fill-in,"Mes amis et moi, nous (9 préférer) les magasins où on (10 vendre) des magazines, des vêtements ou des glaces.",,,,,A2,shopping,021
tricolore-2-5th-edition,listening,Exercise 2,a,fill-in,Elle achète (a) ___ baguettes par jour.,,,,deux,A2,shopping,021
tricolore-2-5th-edition,listening,Exercise 2,b,fill-in,"Le dimanche, ses enfants vont à la boulangerie et ils choisissent des (b) ___ ou des (c) ___.",,,,,A2,shopping,021
tricolore-2-5th-edition,listening,Exercise 2,c,fill-in,"Le dimanche, ses enfants vont à la boulangerie et ils choisissent des (b) ___ ou des (c) ___.",,,,,A2,shopping,021
tricolore-2-5th-edition,listening,Exercise 2,d,fill-in,Il préfère acheter les fruits et les légumes (d) ___.,,,,,A2,shopping,021
tricolore-2-5th-edition,listening,Exercise 2,e,fill-in,"Il adore les (e) ___ ou, quelquefois, il mange des (f) ___.",,,,,A2,shopping,021
tricolore-2-5th-edition,listening,Exercise 2,f,fill-in,"Il adore les (e) ___ ou, quelquefois, il mange des (f) ___.",,,,,A2,shopping,021
tricolore-2-5th-edition,listening,Exercise 2,g,fill-in,"En général, ils préfèrent des (g) ___ ou du (h) ___.",,,,,A2,shopping,021
tricolore-2-5th-edition,listening,Exercise 2,h,fill-in,"En général, ils préfèrent des (g) ___ ou du (h) ___.",,,,,A2,shopping,021
tricolore-2-5th-edition,listening,Exercise 2,i,fill-in,"Il préfère acheter les (i) ___ au marché. Quelquefois, il achète des boîtes et des (j) ___ sur Internet.",,,,,A2,shopping,021
tricolore-2-5th-edition,listening,Exercise 2,j,fill-in,"Il préfère acheter les (i) ___ au marché. Quelquefois, il achète des boîtes et des (j) ___ sur Internet.",,,,,A2,shopping,021
tricolore-2-5th-edition,writing,Exercise 1a,1,writing-task,Regarde l'image. Tu as trois minutes – fais une liste des produits à vendre.,,,,(open-ended),A2,shopping,022
tricolore-2-5th-edition,speaking,Exercise 1b,1,speaking-task,"À deux, comparez les listes. Qui a le plus de produits?",,,,(open-ended),A2,shopping,022
tricolore-2-5th-edition,listening,Exercise 2a,1,fill-in,"Sur ma liste: du pain et du (1) ___,",,,,poulet,A2,shopping,022
tricolore-2-5th-edition,writing,Exercise 2c,1,writing-task,Écris une strophe supplémentaire pour continuer le poème. Trouve des mots qui riment.,,,,(open-ended),B1,shopping,022
tricolore-2-5th-edition,listening,Exercise 2a,2,fill-in,"Mais vite, vite … il est quelle (2) ___?",,,,,A2,shopping,022
tricolore-2-5th-edition,listening,Exercise 2a,3,fill-in,Nous n'avons plus de bon (3) ___.,,,,,A2,shopping,022
tricolore-2-5th-edition,listening,Exercise 2a,4,fill-in,Des radis et du (4) ___.,,,,,A2,shopping,022
tricolore-2-5th-edition,listening,Exercise 2a,5,fill-in,"J'ai faim, c'est l'heure du (5) ___.",,,,,A2,shopping,022
tricolore-2-5th-edition,listening,Exercise 2a,6,fill-in,Quoi?! Il n'y a pas de (6) ___!,,,,,A2,shopping,022
tricolore-2-5th-edition,listening,Exercise 2a,7,fill-in,"Je vais, je vais à la (7) ___.",,,,,A2,shopping,022
tricolore-2-5th-edition,listening,Exercise 2a,8,fill-in,Et toutes les choses de ma (8) ___,,,,,A2,shopping,022
tricolore-2-5th-edition,reading,Exercise 1,1,fill-in,l_ p_t_ss_r__,,,,la pâtisserie,A2,shopping,024
tricolore-2-5th-edition,reading,Exercise 2,1,short-answer,Illustration: a tin/can with a fish on the label. Écris le produit et la bonne quantité.,,,,une boîte de thon,A2,shopping,024
tricolore-2-5th-edition,reading,Exercise 3,1,ordering,"Mets la conversation dans le bon ordre: a) Du fromage et de la limonade … Voilà. C'est tout? / b) Alors, donnez-moi un demi-kilo de poires, s'il vous plaît. / c) Merci, monsieur. Voilà votre monnaie. Au revoir. / d) Bonjour, madame. / e) Avez-vous des pommes? / f) Alors, ça fait trois euros soixante, s'il vous plaît. / g) Au revoir, madame. / h) Oui, et avec ça? / i) Bonjour, monsieur. Vous désirez? / j) Voilà quatre euros, madame. / k) Je voudrais cent grammes de fromage et une bouteille de limonade. / l) Ah non, je regrette, je n'ai plus de pommes, mais il y a des poires. / m) Oui, c'est tout. C'est combien?",,,,,A2,shopping,024
tricolore-2-5th-edition,grammar,Exercise 4a,1,fill-in,Qu'est-ce que ___ préfères comme fruit?,,,,tu,A2,shopping,024
tricolore-2-5th-edition,grammar,Exercise 4b,1,matching,Qu'est-ce que tu préfères comme fruit?,,,,b,A2,shopping,024
tricolore-2-5th-edition,reading,Exercise 1,2,fill-in,l_ l_br__r__,,,,,A2,shopping,024
tricolore-2-5th-edition,reading,Exercise 2,2,short-answer,Illustration: a milk carton with a cow pictured on it. Écris le produit et la bonne quantité.,,,,,A2,shopping,024
tricolore-2-5th-edition,grammar,Exercise 4a,2,fill-in,___-ce qu'il y a un fruit que tu n'aimes pas?,,,,,A2,shopping,024
tricolore-2-5th-edition,grammar,Exercise 4b,2,matching,Est-ce qu'il y a un fruit que tu n'aimes pas?,,,,,A2,shopping,024
tricolore-2-5th-edition,reading,Exercise 1,3,fill-in,l_ b__ch_r__,,,,,A2,shopping,024
tricolore-2-5th-edition,reading,Exercise 2,3,short-answer,Illustration: a wrapped saucisson/sausage. Écris le produit et la bonne quantité.,,,,,A2,shopping,024
tricolore-2-5th-edition,grammar,Exercise 4a,3,fill-in,Et tu ___ les légumes?,,,,,A2,shopping,024
tricolore-2-5th-edition,grammar,Exercise 4b,3,matching,Et tu aimes les légumes?,,,,,A2,shopping,024
tricolore-2-5th-edition,reading,Exercise 1,4,fill-in,l_ t_b_c,,,,,A2,shopping,024
tricolore-2-5th-edition,reading,Exercise 2,4,short-answer,Illustration: a bag of potatoes with labels. Écris le produit et la bonne quantité.,,,,,A2,shopping,024
tricolore-2-5th-edition,grammar,Exercise 4a,4,fill-in,Tu vas aux magasins en ___. Où vas-tu d'abord?,,,,,A2,shopping,024
tricolore-2-5th-edition,grammar,Exercise 4b,4,matching,Tu vas aux magasins en ville. Où vas-tu d'abord?,,,,,A2,shopping,024
tricolore-2-5th-edition,reading,Exercise 1,5,fill-in,l'_p_c_r__,,,,,A2,shopping,024
tricolore-2-5th-edition,reading,Exercise 2,5,short-answer,Illustration: a strawberry yoghurt pot. Écris le produit et la bonne quantité.,,,,,A2,shopping,024
tricolore-2-5th-edition,grammar,Exercise 4a,5,fill-in,"Alors moi, je vais à l'___. Qu'est-ce que j'achète pour notre piquenique?",,,,,A2,shopping,024
tricolore-2-5th-edition,grammar,Exercise 4b,5,matching,"Alors moi, je vais à l'épicerie. Qu'est-ce que j'achète pour notre piquenique?",,,,,A2,shopping,024
tricolore-2-5th-edition,reading,Exercise 1,6,fill-in,l_ b__l_ng_r__,,,,,A2,shopping,024
tricolore-2-5th-edition,reading,Exercise 2,6,short-answer,"Illustration: a wedge of cheese, labelled '100g'. Écris le produit et la bonne quantité.",,,,,A2,shopping,024
tricolore-2-5th-edition,grammar,Exercise 4a,6,fill-in,"Et après, où est-ce ___ tu m'attends?",,,,,A2,shopping,024
tricolore-2-5th-edition,grammar,Exercise 4b,6,matching,"Et après, où est-ce que tu m'attends?",,,,,A2,shopping,024
tricolore-2-5th-edition,reading,Exercise 1,7,fill-in,l_ ch_rc_t_r__,,,,,A2,shopping,024
tricolore-2-5th-edition,reading,Exercise 2,7,short-answer,Illustration: slices of ham. Écris le produit et la bonne quantité.,,,,,A2,shopping,024
tricolore-2-5th-edition,reading,Exercise 1,8,fill-in,l_ m_rch_,,,,,A2,shopping,024
tricolore-2-5th-edition,reading,Exercise 2,8,short-answer,Illustration: a bottle of water. Écris le produit et la bonne quantité.,,,,,A2,shopping,024
tricolore-2-5th-edition,reading,Exercise 1,9,fill-in,l_ s_p_rm_rch_,,,,,A2,shopping,024
tricolore-2-5th-edition,grammar,Exercise 5,1,multiple-choice,Est-ce que tu ___ faire les courses?,aimes,aimez,aiment,aimes,A2,shopping,025
tricolore-2-5th-edition,grammar,Exercise 6,1,fill-in,Je ___ souvent en ville avec mes copains.,,,,descends,A2,shopping,025
tricolore-2-5th-edition,reading,Exercise 7,1,matching,"Au restaurant, mon frère",,,,d,A2,shopping,025
tricolore-2-5th-edition,grammar,Exercise 8,1,fill-in,Je (1 passer) quelques jours chez mon oncle Martin à Paris.,,,,,A2,shopping,025
tricolore-2-5th-edition,grammar,Exercise 8,10,fill-in,Et toi? Tu (10 finir) tes devoirs ce weekend?,,,,,A2,shopping,025
tricolore-2-5th-edition,grammar,Exercise 8,11,fill-in,J'espère que tu (11 répondre) vite,,,,,A2,shopping,025
tricolore-2-5th-edition,grammar,Exercise 8,12,fill-in,j'(12 attendre) de tes nouvelles!,,,,,A2,shopping,025
tricolore-2-5th-edition,grammar,Exercise 5,2,multiple-choice,"Pour les légumes, je ___ aller au marché.",préférer,préfères,préfère,,A2,shopping,025
tricolore-2-5th-edition,grammar,Exercise 6,2,fill-in,Où est Raphaël? Il ne ___ pas à mes textos.,,,,,A2,shopping,025
tricolore-2-5th-edition,reading,Exercise 7,2,matching,"Si possible, je",,,,,A2,shopping,025
tricolore-2-5th-edition,grammar,Exercise 8,2,fill-in,Il (2 habiter) dans un appartement près du centre.,,,,,A2,shopping,025
tricolore-2-5th-edition,grammar,Exercise 5,3,multiple-choice,Ma cousine ___ à la pharmacie.,travailles,travaille,travaillent,,A2,shopping,025
tricolore-2-5th-edition,grammar,Exercise 6,3,fill-in,Léa et Chloé ___ devant la gare.,,,,,A2,shopping,025
tricolore-2-5th-edition,reading,Exercise 7,3,matching,Mes cousins,,,,,A2,shopping,025
tricolore-2-5th-edition,grammar,Exercise 8,3,fill-in,"Chaque matin, nous (3 descendre) au marché et nous (4 acheter) des fruits et des légumes.",,,,,A2,shopping,025
tricolore-2-5th-edition,grammar,Exercise 5,4,multiple-choice,"En général, on ___ des livres à la librairie.",trouvez,trouve,trouvons,,A2,shopping,025
tricolore-2-5th-edition,grammar,Exercise 6,4,fill-in,Nous ___ au marché.,,,,,A2,shopping,025
tricolore-2-5th-edition,reading,Exercise 7,4,matching,"Si c'est une fête, nous",,,,,A2,shopping,025
tricolore-2-5th-edition,grammar,Exercise 8,4,fill-in,"Chaque matin, nous (3 descendre) au marché et nous (4 acheter) des fruits et des légumes.",,,,,A2,shopping,025
tricolore-2-5th-edition,grammar,Exercise 5,5,multiple-choice,Qu'est-ce que vous ___ comme gâteau?,préférez,préfères,préférer,,A2,shopping,025
tricolore-2-5th-edition,grammar,Exercise 6,5,fill-in,On ___ des choses intéressantes au marché.,,,,,A2,shopping,025
tricolore-2-5th-edition,reading,Exercise 7,5,matching,Quand est-ce que vous,,,,,A2,shopping,025
tricolore-2-5th-edition,grammar,Exercise 8,5,fill-in,"Mes parents (5 remplir) leur panier de légumes frais mais moi, je (6 préférer) les fruits.",,,,,A2,shopping,025
tricolore-2-5th-edition,grammar,Exercise 5,6,multiple-choice,Nous ___ d'acheter un grand gâteau au chocolat.,décidez,décident,décidons,,A2,shopping,025
tricolore-2-5th-edition,grammar,Exercise 6,6,fill-in,"Madame, vous ___ des tee-shirts bleus?",,,,,A2,shopping,025
tricolore-2-5th-edition,reading,Exercise 7,6,matching,Qu'est-ce que tu,,,,,A2,shopping,025
tricolore-2-5th-edition,grammar,Exercise 8,6,fill-in,"Mes parents (5 remplir) leur panier de légumes frais mais moi, je (6 préférer) les fruits.",,,,,A2,shopping,025
tricolore-2-5th-edition,grammar,Exercise 5,7,multiple-choice,Luc et Léa ___ de la musique au supermarché.,écoute,écoutent,écoutons,,A2,shopping,025
tricolore-2-5th-edition,grammar,Exercise 6,7,fill-in,Voilà Raphaël! Il ___ devant la librairie avec son portable.,,,,,A2,shopping,025
tricolore-2-5th-edition,grammar,Exercise 8,7,fill-in,"Après le marché, nous (7 choisir) des gâteaux à la pâtisserie – je (8 choisir) toujours une tarte aux fraises.",,,,,A2,shopping,025
tricolore-2-5th-edition,grammar,Exercise 5,8,multiple-choice,On ___ des timbres au tabac.,acheter,achète,achetons,,A2,shopping,025
tricolore-2-5th-edition,grammar,Exercise 6,8,fill-in,"Moi, je ne ___ pas à ses textos!",,,,,A2,shopping,025
tricolore-2-5th-edition,grammar,Exercise 8,8,fill-in,"Après le marché, nous (7 choisir) des gâteaux à la pâtisserie – je (8 choisir) toujours une tarte aux fraises.",,,,,A2,shopping,025
tricolore-2-5th-edition,grammar,Exercise 8,9,fill-in,On (9 manger) bien ici!,,,,,A2,shopping,025
tricolore-2-5th-edition,reading,Exercise 1a,1,matching,"Photo 1 — a canal lined with trees, houseboats and colourful buildings.",,,,les Pays-Bas,A2,travel,026
tricolore-2-5th-edition,writing,Exercise 1b,1,writing-task,"Choisis un pays d'Europe et trouve des détails (capitale, monnaie, code Internet, etc.).",,,,(open-ended),B1,travel,026
tricolore-2-5th-edition,listening,Exercise 2,1,short-answer,Écris 1–10 et écoute. Note le nom du pays (a) et donne un détail (b).,,,,DK (le Danemark); les jardins de Tivoli,A2,travel,026
tricolore-2-5th-edition,listening,Exercise 2,10,short-answer,Écris 1–10 et écoute. Note le nom du pays (a) et donne un détail (b).,,,,,A2,travel,026
tricolore-2-5th-edition,reading,Exercise 1a,2,matching,Photo 2 — an illuminated stone monument/gate at dusk.,,,,,A2,travel,026
tricolore-2-5th-edition,listening,Exercise 2,2,short-answer,Écris 1–10 et écoute. Note le nom du pays (a) et donne un détail (b).,,,,,A2,travel,026
tricolore-2-5th-edition,reading,Exercise 1a,3,matching,Photo 3 — ancient hilltop ruins/columns overlooking a city.,,,,,A2,travel,026
tricolore-2-5th-edition,listening,Exercise 2,3,short-answer,Écris 1–10 et écoute. Note le nom du pays (a) et donne un détail (b).,,,,,A2,travel,026
tricolore-2-5th-edition,reading,Exercise 1a,4,matching,Photo 4 — a small bronze statue of a seated figure on a rock by the water's edge.,,,,,A2,travel,026
tricolore-2-5th-edition,listening,Exercise 2,4,short-answer,Écris 1–10 et écoute. Note le nom du pays (a) et donne un détail (b).,,,,,A2,travel,026
tricolore-2-5th-edition,reading,Exercise 1a,5,matching,Photo 5 — a domed church and rooftops overlooking a river/city.,,,,,A2,travel,026
tricolore-2-5th-edition,listening,Exercise 2,5,short-answer,Écris 1–10 et écoute. Note le nom du pays (a) et donne un détail (b).,,,,,A2,travel,026
tricolore-2-5th-edition,reading,Exercise 1a,6,matching,Photo 6 — an equestrian statue in front of a grand building on a plaza.,,,,,A2,travel,026
tricolore-2-5th-edition,listening,Exercise 2,6,short-answer,Écris 1–10 et écoute. Note le nom du pays (a) et donne un détail (b).,,,,,A2,travel,026
tricolore-2-5th-edition,listening,Exercise 2,7,short-answer,Écris 1–10 et écoute. Note le nom du pays (a) et donne un détail (b).,,,,,A2,travel,026
tricolore-2-5th-edition,listening,Exercise 2,8,short-answer,Écris 1–10 et écoute. Note le nom du pays (a) et donne un détail (b).,,,,,A2,travel,026
tricolore-2-5th-edition,listening,Exercise 2,9,short-answer,Écris 1–10 et écoute. Note le nom du pays (a) et donne un détail (b).,,,,,A2,travel,026
tricolore-2-5th-edition,reading,Exercise 3,1,short-answer,a twin sister,,,,une sœur jumelle,A2,personal-info,027
tricolore-2-5th-edition,listening,Exercise 4,1,short-answer,Écris 1–6. Écoute les conversations et décide de qui on parle.,,,,Laura,A2,personal-info,027
tricolore-2-5th-edition,reading,Exercise 3,2,short-answer,every weekend,,,,tous les weekends,A2,personal-info,027
tricolore-2-5th-edition,listening,Exercise 4,2,short-answer,Écris 1–6. Écoute les conversations et décide de qui on parle.,,,,,A2,personal-info,027
tricolore-2-5th-edition,reading,Exercise 3,3,short-answer,everyone,,,,tout le monde,A2,personal-info,027
tricolore-2-5th-edition,listening,Exercise 4,3,short-answer,Écris 1–6. Écoute les conversations et décide de qui on parle.,,,,,A2,personal-info,027
tricolore-2-5th-edition,reading,Exercise 3,4,short-answer,by the seaside,,,,au bord de la mer,A2,personal-info,027
tricolore-2-5th-edition,listening,Exercise 4,4,short-answer,Écris 1–6. Écoute les conversations et décide de qui on parle.,,,,,A2,personal-info,027
tricolore-2-5th-edition,reading,Exercise 3,5,short-answer,much more difficult,,,,beaucoup plus difficile,A2,personal-info,027
tricolore-2-5th-edition,listening,Exercise 4,5,short-answer,Écris 1–6. Écoute les conversations et décide de qui on parle.,,,,,A2,personal-info,027
tricolore-2-5th-edition,reading,Exercise 3,6,short-answer,comes from,,,,vient de,A2,personal-info,027
tricolore-2-5th-edition,listening,Exercise 4,6,short-answer,Écris 1–6. Écoute les conversations et décide de qui on parle.,,,,,A2,personal-info,027
tricolore-2-5th-edition,reading,Exercise 3,7,short-answer,during the holidays,,,,pendant les vacances,A2,personal-info,027
tricolore-2-5th-edition,reading,Exercise 3,8,short-answer,for three years,,,,depuis trois ans,A2,personal-info,027
tricolore-2-5th-edition,listening,Exercise 1,1,matching,La famille Legrand va,,,,f,A2,vacation,028
tricolore-2-5th-edition,writing,Exercise 2,1,fill-in,Notre collège – Rome – Italie (illustration: the Colosseum). Complète la phrase comme indiqué.,,,,"Notre collège va à Rome, en Italie, (en juillet).",A2,vacation,028
tricolore-2-5th-edition,listening,Exercise 3,1,short-answer,M. et Mme Citron partent …,,,,le 3 juin,A2,vacation,028
tricolore-2-5th-edition,grammar,Exercise 4,1,fill-in,"Pierre, quand est-ce que tu (1) ___ pour la gare?",,,,pars,A2,vacation,028
tricolore-2-5th-edition,listening,Exercise 1,2,matching,Le collège Jules Verne va,,,,,A2,vacation,028
tricolore-2-5th-edition,writing,Exercise 2,2,fill-in,Notre famille – Athènes – Grèce (illustration: the Parthenon). Complète la phrase comme indiqué.,,,,,A2,vacation,028
tricolore-2-5th-edition,listening,Exercise 3,2,short-answer,Julie et Lucie partent …,,,,,A2,vacation,028
tricolore-2-5th-edition,grammar,Exercise 4,2,fill-in,Je (2) ___ dans cinq minutes.,,,,,A2,vacation,028
tricolore-2-5th-edition,listening,Exercise 1,3,matching,M. et Mme Rousseau vont,,,,,A2,vacation,028
tricolore-2-5th-edition,writing,Exercise 2,3,fill-in,Mes amis – Paris – France (illustration: the Eiffel Tower). Complète la phrase comme indiqué.,,,,,A2,vacation,028
tricolore-2-5th-edition,listening,Exercise 3,3,short-answer,Hugo part …,,,,,A2,vacation,028
tricolore-2-5th-edition,grammar,Exercise 4,3,fill-in,Il (3) ___ dans cinq minutes!,,,,,A2,vacation,028
tricolore-2-5th-edition,listening,Exercise 1,4,matching,Nicolas et Sophie vont,,,,,A2,vacation,028
tricolore-2-5th-edition,writing,Exercise 2,4,fill-in,Nous – Berlin – Allemagne (illustration: the Brandenburg Gate). Complète la phrase comme indiqué.,,,,,A2,vacation,028
tricolore-2-5th-edition,listening,Exercise 3,4,short-answer,Sophie: «Je pars …»,,,,,A2,vacation,028
tricolore-2-5th-edition,grammar,Exercise 4,4,fill-in,Vous (4) ___ quand pour le match de tennis?,,,,,A2,vacation,028
tricolore-2-5th-edition,listening,Exercise 1,5,matching,La famille Leblanc va,,,,,A2,vacation,028
tricolore-2-5th-edition,writing,Exercise 2,5,fill-in,"Toi, tu – Cardiff – pays de Galles (illustration: a Welsh flag on a castle wall). Complète la phrase comme indiqué.",,,,,A2,vacation,028
tricolore-2-5th-edition,listening,Exercise 3,5,short-answer,Sébastien et Lucien: «Nous partons …»,,,,,A2,vacation,028
tricolore-2-5th-edition,grammar,Exercise 4,5,fill-in,Nous (5) ___ à trois heures.,,,,,A2,vacation,028
tricolore-2-5th-edition,listening,Exercise 1,6,matching,Hélène va,,,,,A2,vacation,028
tricolore-2-5th-edition,writing,Exercise 2,6,fill-in,Mon prof – Londres – Angleterre (illustration: Big Ben). Complète la phrase comme indiqué.,,,,,A2,vacation,028
tricolore-2-5th-edition,listening,Exercise 3,6,short-answer,La famille Renard part …,,,,,A2,vacation,028
tricolore-2-5th-edition,grammar,Exercise 4,6,fill-in,Ils (6) ___ à trois heures!,,,,,A2,vacation,028
tricolore-2-5th-edition,writing,Exercise 2,7,short-answer,"Moi, je … (tu décides!)",,,,(open-ended),A2,vacation,028
tricolore-2-5th-edition,speaking,Exercise 5,1,speaking-task,Tu pars à quelle heure pour aller au collège?,,,,(open-ended),A2,daily-routine,029
tricolore-2-5th-edition,listening,Exercise 6,1,short-answer,"Écris 1–6 et écoute les conversations. À chaque fois, note l'heure de départ (a) et le moyen de transport utilisé (b).",,,,7h30; en bus,A2,daily-routine,029
tricolore-2-5th-edition,reading,Exercise 7a,1,short-answer,foreigners,,,,des étrangers,B1,travel,029
tricolore-2-5th-edition,reading,Exercise 7b,1,short-answer,Trouve six adjectifs (ou plus).,,,,,B1,travel,029
tricolore-2-5th-edition,writing,Exercise 7c,1,writing-task,Note des phrases utiles pour faire la description d'une ville. Fais des recherches et écris un paragraphe sur une autre ville francophone.,,,,(open-ended),B1,travel,029
tricolore-2-5th-edition,speaking,Exercise 5,2,speaking-task,Combien d'élèves partent avant sept heures et demie?,,,,(open-ended),A2,daily-routine,029
tricolore-2-5th-edition,listening,Exercise 6,2,short-answer,"Écris 1–6 et écoute les conversations. À chaque fois, note l'heure de départ (a) et le moyen de transport utilisé (b).",,,,,A2,daily-routine,029
tricolore-2-5th-edition,reading,Exercise 7a,2,short-answer,the town is twinned,,,,la ville est jumelée,B1,travel,029
tricolore-2-5th-edition,speaking,Exercise 5,3,speaking-task,Combien d'élèves partent vers huit heures?,,,,(open-ended),A2,daily-routine,029
tricolore-2-5th-edition,listening,Exercise 6,3,short-answer,"Écris 1–6 et écoute les conversations. À chaque fois, note l'heure de départ (a) et le moyen de transport utilisé (b).",,,,,A2,daily-routine,029
tricolore-2-5th-edition,reading,Exercise 7a,3,short-answer,mussels and chips,,,,moules-frites,B1,travel,029
tricolore-2-5th-edition,speaking,Exercise 5,4,speaking-task,Combien d'élèves partent après huit heures?,,,,(open-ended),A2,daily-routine,029
tricolore-2-5th-edition,listening,Exercise 6,4,short-answer,"Écris 1–6 et écoute les conversations. À chaque fois, note l'heure de départ (a) et le moyen de transport utilisé (b).",,,,,A2,daily-routine,029
tricolore-2-5th-edition,reading,Exercise 7a,4,short-answer,Brussels sprouts,,,,les choux de Bruxelles,B1,travel,029
tricolore-2-5th-edition,speaking,Exercise 5,5,speaking-task,"Dans ton groupe/ta classe, qui part le premier? (À quelle heure?)",,,,(open-ended),A2,daily-routine,029
tricolore-2-5th-edition,listening,Exercise 6,5,short-answer,"Écris 1–6 et écoute les conversations. À chaque fois, note l'heure de départ (a) et le moyen de transport utilisé (b).",,,,,A2,daily-routine,029
tricolore-2-5th-edition,reading,Exercise 7a,5,short-answer,singer and composer,,,,chanteur et compositeur,B1,travel,029
tricolore-2-5th-edition,speaking,Exercise 5,6,speaking-task,Et qui part le dernier? (Quand?),,,,(open-ended),A2,daily-routine,029
tricolore-2-5th-edition,listening,Exercise 6,6,short-answer,"Écris 1–6 et écoute les conversations. À chaque fois, note l'heure de départ (a) et le moyen de transport utilisé (b).",,,,,A2,daily-routine,029
tricolore-2-5th-edition,reading,Exercise 7a,6,short-answer,a little more than two hours,,,,un peu plus de deux heures,B1,travel,029
tricolore-2-5th-edition,listening,Exercise 1,1,matching,"Écoute (1–10), regarde les photos et écris la bonne lettre.",,,,B,A2,travel,030
tricolore-2-5th-edition,grammar,Exercise 2,1,fill-in,Je vais à Londres ___.,,,,en avion,A2,travel,030
tricolore-2-5th-edition,reading,Exercise 3,1,fill-in,Ils vont à la gare (1) (icon: car).,,,,en voiture,A2,travel,030
tricolore-2-5th-edition,listening,Exercise 1,10,matching,"Écoute (1–10), regarde les photos et écris la bonne lettre.",,,,,A2,travel,030
tricolore-2-5th-edition,reading,Exercise 3,10,fill-in,Et ils visitent la ville (10) (icon: bicycle).,,,,,A2,travel,030
tricolore-2-5th-edition,listening,Exercise 1,2,matching,"Écoute (1–10), regarde les photos et écris la bonne lettre.",,,,,A2,travel,030
tricolore-2-5th-edition,grammar,Exercise 2,2,fill-in,Nous allons à Strasbourg ___.,,,,,A2,travel,030
tricolore-2-5th-edition,reading,Exercise 3,2,fill-in,Puis ils voyagent (2) (icon: train).,,,,,A2,travel,030
tricolore-2-5th-edition,listening,Exercise 1,3,matching,"Écoute (1–10), regarde les photos et écris la bonne lettre.",,,,,A2,travel,030
tricolore-2-5th-edition,grammar,Exercise 2,3,fill-in,Je vais au cinéma ___.,,,,,A2,travel,030
tricolore-2-5th-edition,reading,Exercise 3,3,fill-in,"À Londres, ils voyagent (3) (icon: bus) puis (4) (icon: taxi).",,,,,A2,travel,030
tricolore-2-5th-edition,listening,Exercise 1,4,matching,"Écoute (1–10), regarde les photos et écris la bonne lettre.",,,,,A2,travel,030
tricolore-2-5th-edition,grammar,Exercise 2,4,fill-in,Nous allons en ville ___.,,,,,A2,travel,030
tricolore-2-5th-edition,reading,Exercise 3,4,fill-in,"À Londres, ils voyagent (3) (icon: bus) puis (4) (icon: taxi).",,,,,A2,travel,030
tricolore-2-5th-edition,listening,Exercise 1,5,matching,"Écoute (1–10), regarde les photos et écris la bonne lettre.",,,,,A2,travel,030
tricolore-2-5th-edition,grammar,Exercise 2,5,fill-in,Je vais au collège ___.,,,,,A2,travel,030
tricolore-2-5th-edition,reading,Exercise 3,5,fill-in,Ils traversent la Manche (5) (icon: boat/ferry).,,,,,A2,travel,030
tricolore-2-5th-edition,listening,Exercise 1,6,matching,"Écoute (1–10), regarde les photos et écris la bonne lettre.",,,,,A2,travel,030
tricolore-2-5th-edition,grammar,Exercise 2,6,fill-in,On va en Irlande ___.,,,,,A2,travel,030
tricolore-2-5th-edition,reading,Exercise 3,6,fill-in,Puis ils vont à la gare (6) (icon: feet — à pied).,,,,,A2,travel,030
tricolore-2-5th-edition,listening,Exercise 1,7,matching,"Écoute (1–10), regarde les photos et écris la bonne lettre.",,,,,A2,travel,030
tricolore-2-5th-edition,grammar,Exercise 2,7,fill-in,Les filles vont au match ___.,,,,,A2,travel,030
tricolore-2-5th-edition,reading,Exercise 3,7,fill-in,Et ils voyagent (7) (icon: train) jusqu'à Paris.,,,,,A2,travel,030
tricolore-2-5th-edition,listening,Exercise 1,8,matching,"Écoute (1–10), regarde les photos et écris la bonne lettre.",,,,,A2,travel,030
tricolore-2-5th-edition,grammar,Exercise 2,8,fill-in,Ma mère va au travail ___.,,,,,A2,travel,030
tricolore-2-5th-edition,reading,Exercise 3,8,fill-in,"À Paris, ils vont à leur hôtel (8) (icon: metro entrance).",,,,,A2,travel,030
tricolore-2-5th-edition,listening,Exercise 1,9,matching,"Écoute (1–10), regarde les photos et écris la bonne lettre.",,,,,A2,travel,030
tricolore-2-5th-edition,reading,Exercise 3,9,fill-in,Puis ils partent pour La Rochelle (9) (icon: coach).,,,,,A2,travel,030
tricolore-2-5th-edition,listening,Exercise 4,1,true-false,Christine vient du Canada.,,,,Vrai,A2,personal-info,031
tricolore-2-5th-edition,listening,Exercise 5a,1,fill-in,Je prends (1) ___ parce que c'est pratique.,,,,le bus,A2,travel,031
tricolore-2-5th-edition,writing,Exercise 5b,1,short-answer,Comment viens-tu au collège?,,,,(open-ended),A2,travel,031
tricolore-2-5th-edition,writing,Exercise 5c,1,writing-task,Tu aimes voyager en train?,,,,(open-ended),B1,travel,031
tricolore-2-5th-edition,listening,Exercise 5a,10,fill-in,"Partir en vacances (10) ___, c'est très cool.",,,,,A2,travel,031
tricolore-2-5th-edition,listening,Exercise 4,2,true-false,Sébastien vient de Montréal.,,,,,A2,personal-info,031
tricolore-2-5th-edition,listening,Exercise 5a,2,fill-in,"Moi, je viens au collège (2) ___ parce que ce n'est pas loin.",,,,,A2,travel,031
tricolore-2-5th-edition,writing,Exercise 5b,2,short-answer,Est-ce que beaucoup d'élèves viennent en bus?,,,,(open-ended),A2,travel,031
tricolore-2-5th-edition,writing,Exercise 5c,2,writing-task,Quel moyen de transport préfères-tu?,,,,(open-ended),B1,travel,031
tricolore-2-5th-edition,listening,Exercise 4,3,true-false,Karim vient du Maroc.,,,,,A2,personal-info,031
tricolore-2-5th-edition,listening,Exercise 5a,3,fill-in,Et tu rentres (3) ___ aussi?,,,,,A2,travel,031
tricolore-2-5th-edition,writing,Exercise 5b,3,short-answer,Tu rentres à la maison comment?,,,,(open-ended),A2,travel,031
tricolore-2-5th-edition,writing,Exercise 5c,3,writing-task,Est-ce que tu as un vélo?,,,,(open-ended),B1,travel,031
tricolore-2-5th-edition,listening,Exercise 4,4,true-false,Cécile et son frère viennent en métro.,,,,,A2,personal-info,031
tricolore-2-5th-edition,listening,Exercise 5a,4,fill-in,"Oui, normalement, mais quelquefois je prends (4) ___.",,,,,A2,travel,031
tricolore-2-5th-edition,writing,Exercise 5b,4,short-answer,Comment vas-tu en ville normalement? Pourquoi?,,,,(open-ended),A2,travel,031
tricolore-2-5th-edition,writing,Exercise 5c,4,writing-task,Est-ce que tu vas au collège ou en ville à pied?,,,,(open-ended),B1,travel,031
tricolore-2-5th-edition,listening,Exercise 4,5,true-false,Alex et Daniel viennent assez souvent en France.,,,,,A2,personal-info,031
tricolore-2-5th-edition,listening,Exercise 5a,5,fill-in,Tu aimes voyager (5) ___?,,,,,A2,travel,031
tricolore-2-5th-edition,listening,Exercise 4,6,true-false,Ils viennent de Glasgow.,,,,,A2,personal-info,031
tricolore-2-5th-edition,listening,Exercise 5a,6,fill-in,"Oui, je préfère voyager (6) ___ plutôt qu'en voiture.",,,,,A2,travel,031
tricolore-2-5th-edition,listening,Exercise 4,7,true-false,Jabu et Pirane viennent d'Afrique.,,,,,A2,personal-info,031
tricolore-2-5th-edition,listening,Exercise 5a,7,fill-in,"Pour de petits trajets, j'aime prendre (7) ___.",,,,,A2,travel,031
tricolore-2-5th-edition,listening,Exercise 4,8,true-false,Elles ne viennent pas souvent en France.,,,,,A2,personal-info,031
tricolore-2-5th-edition,listening,Exercise 5a,8,fill-in,"Et toi, tu as (8) ___?",,,,,A2,travel,031
tricolore-2-5th-edition,listening,Exercise 5a,9,fill-in,Non. Mon moyen de transport préféré est (9) ___.,,,,,A2,travel,031
tricolore-2-5th-edition,writing,Dossier-langue Grammaire 12.5,extension,writing-task,"Make up a sentence with each of the three verbs (venir, revenir, devenir).",,,,(open-ended),A2,none,031
tricolore-2-5th-edition,grammar,Dossier-langue Grammaire 12.5,il/elle/on,fill-in,il/elle/on ___ (venir),,,,vient,A2,none,031
tricolore-2-5th-edition,grammar,Dossier-langue Grammaire 12.5,ils/elles,fill-in,ils/elles ___ (venir),,,,viennent,A2,none,031
tricolore-2-5th-edition,listening,Exercise 1b,1,matching,Je vais prendre des photos.,,,,,A2,vacation,032
tricolore-2-5th-edition,writing,Exercise 3b,1,writing-task,Écris six phrases complètes pour décrire un voyage.,,,,(open-ended),A2,vacation,032
tricolore-2-5th-edition,listening,Exercise 1b,2,matching,Tu vas faire du vélo?,,,,,A2,vacation,032
tricolore-2-5th-edition,listening,Exercise 1b,3,matching,Il va jouer au golf.,,,,,A2,vacation,032
tricolore-2-5th-edition,listening,Exercise 1b,4,matching,Elle va rendre visite à sa correspondante.,,,,,A2,vacation,032
tricolore-2-5th-edition,listening,Exercise 1b,5,matching,Nous allons jouer au football.,,,,,A2,vacation,032
tricolore-2-5th-edition,listening,Exercise 1b,6,matching,Vous allez visiter des châteaux?,,,,,A2,vacation,032
tricolore-2-5th-edition,listening,Exercise 1b,7,matching,Ils vont aller à la pêche.,,,,A,A2,vacation,032
tricolore-2-5th-edition,listening,Exercise 1b,8,matching,Elles vont monter à la tour Eiffel.,,,,,A2,vacation,032
tricolore-2-5th-edition,speaking,Exercise 3a,A,speaking-task,Quand vas-tu partir en vacances?,,,,(open-ended),A2,vacation,032
tricolore-2-5th-edition,speaking,Exercise 3a,B,speaking-task,Où vas-tu aller?,,,,(open-ended),A2,vacation,032
tricolore-2-5th-edition,speaking,Exercise 3a,C,speaking-task,Avec qui?,,,,(open-ended),A2,vacation,032
tricolore-2-5th-edition,speaking,Exercise 3a,D,speaking-task,Comment allez-vous voyager?,,,,(open-ended),A2,vacation,032
tricolore-2-5th-edition,speaking,Exercise 3a,E,speaking-task,Qu'est-ce que vous allez faire?,,,,(open-ended),A2,vacation,032
tricolore-2-5th-edition,speaking,Exercise 3a,F,speaking-task,Ça va être comment?,,,,(open-ended),A2,vacation,032
tricolore-2-5th-edition,writing,Exercise 4b,1,short-answer,Sophie aime rester à la maison le samedi soir.,,,,Sophie aime sortir le samedi soir.,A2,communication,033
tricolore-2-5th-edition,writing,Exercise 5,1,ordering,"Écris ces expressions dans l'ordre chronologique et traduis en anglais: ce soir, jeudi prochain, la semaine prochaine, samedi soir, dimanche prochain, vendredi après-midi, demain, mercredi matin.",,,,,A2,time-dates,033
tricolore-2-5th-edition,writing,Exercise 6,1,writing-task,"Demain, je …",,,,(open-ended),A2,hobby,033
tricolore-2-5th-edition,writing,Exercise 4b,2,short-answer,Elle envoie un texto à Nicole.,,,,,A2,communication,033
tricolore-2-5th-edition,writing,Exercise 6,2,writing-task,"Demain matin, je ne vais pas …",,,,(open-ended),A2,hobby,033
tricolore-2-5th-edition,writing,Exercise 4b,3,short-answer,"Samedi soir, Charlotte va aller chez sa tante.",,,,,A2,communication,033
tricolore-2-5th-edition,writing,Exercise 6,3,writing-task,"Demain soir, on va …",,,,(open-ended),A2,hobby,033
tricolore-2-5th-edition,writing,Exercise 4b,4,short-answer,Daniel va organiser un piquenique.,,,,,A2,communication,033
tricolore-2-5th-edition,writing,Exercise 6,4,writing-task,"Lundi prochain, mes amis …",,,,(open-ended),A2,hobby,033
tricolore-2-5th-edition,writing,Exercise 4b,5,short-answer,Jean-Claude va aller au bowling.,,,,,A2,communication,033
tricolore-2-5th-edition,writing,Exercise 6,5,writing-task,"Mercredi après-midi, nous …",,,,(open-ended),A2,hobby,033
tricolore-2-5th-edition,writing,Exercise 4b,6,short-answer,Beaucoup d'amis vont à la fête du collège.,,,,,A2,communication,033
tricolore-2-5th-edition,writing,Exercise 6,6,writing-task,"Vendredi soir, je …",,,,(open-ended),A2,hobby,033
tricolore-2-5th-edition,writing,Exercise 4b,7,short-answer,"Finalement, Sophie téléphone à son père.",,,,,A2,communication,033
tricolore-2-5th-edition,writing,Exercise 6,7,writing-task,"Samedi prochain, je ne vais pas …",,,,(open-ended),A2,hobby,033
tricolore-2-5th-edition,writing,Exercise 4b,8,short-answer,Sophie ne va pas aller à la fête samedi soir.,,,,,A2,communication,033
tricolore-2-5th-edition,writing,Exercise 6,8,writing-task,"Dimanche après-midi, on va … mais on ne va pas …",,,,(open-ended),A2,hobby,033
tricolore-2-5th-edition,speaking,Exercise 2a,1,speaking-task,Est-ce qu'on peut faire du ski/du camping/de la voile/de l'équitation?,,,,(open-ended),A2,vacation,034
tricolore-2-5th-edition,speaking,Exercise 2b,1,speaking-task,Choisis la ville que tu préfères pour les vacances en famille et dis pourquoi (parce qu'on peut …),,,,(open-ended),A2,vacation,034
tricolore-2-5th-edition,speaking,Exercise 2a,2,speaking-task,Est-ce qu'on peut visiter un château/un musée?,,,,(open-ended),A2,vacation,034
tricolore-2-5th-edition,speaking,Exercise 2a,3,speaking-task,Est-ce qu'on peut aller à la piscine/à la patinoire/au cinéma/au parc?,,,,(open-ended),A2,vacation,034
tricolore-2-5th-edition,speaking,Exercise 2a,4,speaking-task,Est-ce qu'on peut jouer au tennis/au golf/au football?,,,,(open-ended),A2,vacation,034
tricolore-2-5th-edition,reading,Exercise 1,a,matching,Vous pouvez visiter les célèbres châteaux de la Loire.,,,,,A2,vacation,034
tricolore-2-5th-edition,reading,Exercise 1,b,matching,Les touristes peuvent louer des vélos.,,,,,A2,vacation,034
tricolore-2-5th-edition,reading,Exercise 1,c,matching,On peut faire de la voile et de la planche à voile.,,,,,A2,vacation,034
tricolore-2-5th-edition,reading,Exercise 1,d,matching,"Dans les Alpes, on peut faire du ski.",,,,,A2,vacation,034
tricolore-2-5th-edition,reading,Exercise 1,e,matching,"Les familles peuvent faire du camping, c'est pratique et économique.",,,,,A2,vacation,034
tricolore-2-5th-edition,reading,Exercise 1,f,matching,Vous pouvez faire du canoë-kayak sur les rivières.,,,,,A2,vacation,034
tricolore-2-5th-edition,writing,Exercise 4a,1,fill-in,Qu'est-ce qu'on ___ faire ce weekend?,,,,,A2,hobby,035
tricolore-2-5th-edition,writing,Exercise 4c,1,matching,Qu'est-ce qu'on ___ faire ce weekend?,,,,f,A2,hobby,035
tricolore-2-5th-edition,listening,Exercise 6b,1,short-answer,(icon: screen with three seated silhouettes) regarder un film à la télé?,,,,Est-ce que je peux regarder un film à la télé?,A2,daily-routine,035
tricolore-2-5th-edition,writing,Exercise 4a,2,fill-in,Est-ce que je ___ charger mon portable?,,,,,A2,hobby,035
tricolore-2-5th-edition,writing,Exercise 4c,2,matching,Est-ce que je ___ charger mon portable?,,,,,A2,hobby,035
tricolore-2-5th-edition,listening,Exercise 6b,2,short-answer,(icon: apple and glass) manger quelque chose?,,,,Est-ce que je peux manger quelque chose?,A2,daily-routine,035
tricolore-2-5th-edition,writing,Exercise 4a,3,fill-in,Quand est-ce que nous ___ aller en ville?,,,,,A2,hobby,035
tricolore-2-5th-edition,writing,Exercise 4c,3,matching,Quand est-ce que nous ___ aller en ville?,,,,,A2,hobby,035
tricolore-2-5th-edition,listening,Exercise 6b,3,short-answer,(icon: glass with a straw) boire quelque chose?,,,,Est-ce que je peux boire quelque chose?,A2,daily-routine,035
tricolore-2-5th-edition,writing,Exercise 4a,4,fill-in,Est-ce que Léa et Yvan ___ aller au match?,,,,,A2,hobby,035
tricolore-2-5th-edition,writing,Exercise 4c,4,matching,Est-ce que Léa et Yvan ___ aller au match?,,,,,A2,hobby,035
tricolore-2-5th-edition,listening,Exercise 6b,4,short-answer,(icon: person walking through a doorway) sortir ce soir?,,,,"Est-ce que je peux sortir ce soir, s'il vous plaît?",A2,daily-routine,035
tricolore-2-5th-edition,writing,Exercise 4a,5,fill-in,Est-ce que tu ___ passer à la maison samedi?,,,,,A2,hobby,035
tricolore-2-5th-edition,writing,Exercise 4c,5,matching,Est-ce que tu ___ passer à la maison samedi?,,,,,A2,hobby,035
tricolore-2-5th-edition,listening,Exercise 6b,5,short-answer,(icon: football) aller au match de football?,,,,Est-ce que nous pouvons aller au match de football?,A2,daily-routine,035
tricolore-2-5th-edition,writing,Exercise 4a,6,fill-in,Où est-ce que mon ami ___ jouer au tennis?,,,,,A2,hobby,035
tricolore-2-5th-edition,writing,Exercise 4c,6,matching,Où est-ce que mon ami ___ jouer au tennis?,,,,,A2,hobby,035
tricolore-2-5th-edition,listening,Exercise 6b,6,short-answer,(icon: laptop computer) jouer sur l'ordinateur?,,,,Est-ce que nous pouvons jouer sur l'ordinateur?,A2,daily-routine,035
tricolore-2-5th-edition,listening,Exercise 6b,7,short-answer,(icon: smartphone with charger) charger mon portable/nos portables?,,,,Est-ce que nous pouvons charger mon portable/nos portables?,A2,daily-routine,035
tricolore-2-5th-edition,reading,Exercise 3,A,matching,Il ne peut pas partir: il ne trouve pas sa voiture.,,,,,A2,mixed,035
tricolore-2-5th-edition,reading,Exercise 3,B,matching,"Tu peux me prêter de l'argent, Maman?",,,,,A2,mixed,035
tricolore-2-5th-edition,reading,Exercise 3,C,matching,"Vous pouvez m'aider à traverser la rue, monsieur?",,,,,A2,mixed,035
tricolore-2-5th-edition,reading,Exercise 3,D,matching,Est-ce que nous pouvons faire du camping ici?,,,,,A2,mixed,035
tricolore-2-5th-edition,writing,Exercise 4b,a,fill-in,Vous ___ aller en ville cet après-midi.,,,,,A2,hobby,035
tricolore-2-5th-edition,writing,Exercise 4b,b,fill-in,Il ___ jouer au tennis au centre sportif.,,,,,A2,hobby,035
tricolore-2-5th-edition,writing,Exercise 4b,c,fill-in,"Désolé, je ne ___ pas venir samedi.",,,,,A2,hobby,035
tricolore-2-5th-edition,writing,Exercise 4b,d,fill-in,"Bien sûr, tu ___ faire ça, sans problème.",,,,,A2,hobby,035
tricolore-2-5th-edition,writing,Exercise 4b,e,fill-in,"Non, ils ne ___ pas aller au match.",,,,,A2,hobby,035
tricolore-2-5th-edition,writing,Exercise 4b,f,fill-in,On ___ aller à la piscine ou faire une promenade.,,,,,A2,hobby,035
tricolore-2-5th-edition,reading,Exercise 1a,1,matching,Je passe quelques jours à Marrakech dans le sud du Maroc.,,,,D,A2,vacation,036
tricolore-2-5th-edition,reading,Exercise 1c,1,short-answer,There are all sorts of things,,,,Il y a toutes sortes de choses,B1,vacation,036
tricolore-2-5th-edition,grammar,Dossier-langue Grammaire 11.1,1,short-answer,vous venez,,,,venir,A2,none,036
tricolore-2-5th-edition,reading,Exercise 1b,1a,short-answer,Qui va regarder le Tour de France?,,,,Hugo et Thomas vont regarder le Tour de France.,A2,vacation,036
tricolore-2-5th-edition,reading,Exercise 1b,1b,short-answer,Qui fait du camping?,,,,,A2,vacation,036
tricolore-2-5th-edition,reading,Exercise 1b,1c,short-answer,Qui a regardé un match de hockey?,,,,,A2,vacation,036
tricolore-2-5th-edition,reading,Exercise 1a,2,matching,"Bonjour de Lausanne en Suisse, où nous faisons du camping.",,,,,A2,vacation,036
tricolore-2-5th-edition,reading,Exercise 1c,2,short-answer,tomorrow,,,,demain,B1,vacation,036
tricolore-2-5th-edition,grammar,Dossier-langue Grammaire 11.1,2,short-answer,vous faites,,,,faire,A2,none,036
tricolore-2-5th-edition,reading,Exercise 1b,2a,short-answer,Quel temps fait-il en Suisse?,,,,,A2,weather,036
tricolore-2-5th-edition,reading,Exercise 1b,2b,short-answer,Quel temps fait-il au Canada?,,,,,A2,weather,036
tricolore-2-5th-edition,reading,Exercise 1b,2c,short-answer,Quel temps fait-il au Maroc?,,,,,A2,weather,036
tricolore-2-5th-edition,reading,Exercise 1a,3,matching,Salut de Québec au Canada! C'est le carnaval d'hiver ici.,,,,,A2,vacation,036
tricolore-2-5th-edition,reading,Exercise 1c,3,short-answer,it's raining non-stop,,,,il pleut sans cesse,B1,vacation,036
tricolore-2-5th-edition,grammar,Dossier-langue Grammaire 11.1,3,short-answer,vous êtes,,,,être,A2,none,036
tricolore-2-5th-edition,reading,Exercise 1b,3a,short-answer,Qu'est-ce qu'on peut acheter à la médina de Marrakech?,,,,,A2,vacation,036
tricolore-2-5th-edition,reading,Exercise 1b,3b,short-answer,Qu'est-ce qu'on peut voir au Québec?,,,,,A2,vacation,036
tricolore-2-5th-edition,reading,Exercise 1b,3c,short-answer,Qu'est-ce qu'on peut visiter dans le Val de Loire?,,,,,A2,vacation,036
tricolore-2-5th-edition,reading,Exercise 1a,4,matching,Nous sommes à Châteauroux. C'est une petite ville dans le Val de Loire.,,,,,A2,vacation,036
tricolore-2-5th-edition,reading,Exercise 1c,4,short-answer,we can't do much,,,,on ne peut pas faire grand-chose,B1,vacation,036
tricolore-2-5th-edition,reading,Exercise 1c,5,short-answer,there's a procession,,,,il y a un défilé,B1,vacation,036
tricolore-2-5th-edition,reading,Exercise 1c,6,short-answer,a big firework display,,,,un grand feu d'artifice,B1,vacation,036
tricolore-2-5th-edition,reading,Exercise 1c,7,short-answer,it's going to be brilliant,,,,ça va être génial,B1,vacation,036
tricolore-2-5th-edition,reading,Exercise 1c,8,short-answer,everyone is talking about it,,,,tout le monde parle de ça,B1,vacation,036
tricolore-2-5th-edition,writing,Exercise 2,1,writing-task,Tu passes quelques jours dans une ville ou un village. Écris un message à un(e) ami(e).,,,,(open-ended),A2,vacation,037
tricolore-2-5th-edition,listening,Exercise 3a,1,fill-in,Qu'est-ce qu'on (1) ___ faire ce weekend?,,,,,A2,hobby,037
tricolore-2-5th-edition,writing,Exercise 4,1,writing-task,Où va-t-on aller?,,,,(open-ended),B1,hobby,037
tricolore-2-5th-edition,listening,Exercise 3a,2,fill-in,Je ne (2) ___ pas. Tu as une idée?,,,,,A2,hobby,037
tricolore-2-5th-edition,writing,Exercise 4,2,writing-task,On va faire environ combien de kilomètres?,,,,(open-ended),B1,hobby,037
tricolore-2-5th-edition,listening,Exercise 3a,3,fill-in,Mon frère dit que ça va (3) ___ intéressant.,,,,,A2,hobby,037
tricolore-2-5th-edition,writing,Exercise 4,3,writing-task,Ça va durer environ combien de temps?,,,,(open-ended),B1,hobby,037
tricolore-2-5th-edition,listening,Exercise 3a,4,fill-in,C'est une fête pour encourager tout le monde à (4) ___ du vélo.,,,,,A2,hobby,037
tricolore-2-5th-edition,writing,Exercise 4,4,writing-task,C'est pour qui? (tout le monde/les familles/les jeunes de 12 à 15 ans),,,,(open-ended),B1,hobby,037
tricolore-2-5th-edition,listening,Exercise 3a,5,fill-in,"Pendant un weekend, on organise des manifestations dans (5) ___ de villes de France.",,,,,A2,hobby,037
tricolore-2-5th-edition,listening,Exercise 3a,6,fill-in,"Oui, j'ai un vélo, et j'aime bien (6) ___ ça.",,,,,A2,hobby,037
tricolore-2-5th-edition,listening,Exercise 3a,7,fill-in,"Bon alors, on peut faire une (7) ___ organisée de 15 km.",,,,,A2,hobby,037
tricolore-2-5th-edition,listening,Exercise 3a,8,fill-in,"On va apporter des sandwichs, des fruits et des (8) ___ pour un piquenique.",,,,,A2,hobby,037
tricolore-2-5th-edition,reading,Exercise 1a,1,short-answer,Why is Lucas happy?,,,,Because the Tour de France will pass by his town.,A2,hobby,038
tricolore-2-5th-edition,reading,Exercise 1b,1,short-answer,Un cycliste qui participe au Tour.,,,,C'est un coureur.,A2,hobby,038
tricolore-2-5th-edition,writing,Exercise 1d,1,writing-task,"Fais des recherches sur le Tour de France puis copie et complète le tableau (année du premier Tour, distance moyenne, nombre de journées de repos, noms de deux vainqueurs, ville du Grand Départ de l'année dernière).",,,,(open-ended),B1,hobby,038
tricolore-2-5th-edition,reading,Exercise 1a,2,short-answer,What kind of event is the Tour de France?,,,,,A2,hobby,038
tricolore-2-5th-edition,reading,Exercise 1b,2,short-answer,Ça dure une journée environ.,,,,,A2,hobby,038
tricolore-2-5th-edition,reading,Exercise 1a,3,short-answer,Does it always follow the same route?,,,,,A2,hobby,038
tricolore-2-5th-edition,reading,Exercise 1b,3,short-answer,C'est le mois du Tour de France.,,,,,A2,hobby,038
tricolore-2-5th-edition,reading,Exercise 1a,4,short-answer,Roughly how long does it last?,,,,,A2,hobby,038
tricolore-2-5th-edition,reading,Exercise 1b,4,short-answer,Le Tour finit toujours dans cette ville.,,,,,A2,hobby,038
tricolore-2-5th-edition,reading,Exercise 1a,5,short-answer,What would spectators see before the cyclists?,,,,,A2,hobby,038
tricolore-2-5th-edition,reading,Exercise 1b,5,short-answer,Les montagnes entre la France et l'Espagne.,,,,,A2,hobby,038
tricolore-2-5th-edition,reading,Exercise 1c,a,matching,le maillot blanc porté par le meilleur coureur de moins de 25 ans,,,,4,A2,hobby,038
tricolore-2-5th-edition,reading,Exercise 1c,b,matching,le maillot vert porté par le coureur qui a le plus de points,,,,2,A2,hobby,038
tricolore-2-5th-edition,reading,Exercise 1c,c,matching,le maillot jaune porté par le leader,,,,1,A2,hobby,038
tricolore-2-5th-edition,reading,Exercise 1c,d,matching,le maillot à pois rouges porté par le meilleur grimpeur ou «le roi des montagnes».,,,,3,A2,hobby,038
tricolore-2-5th-edition,reading,Exercise 1a,1,short-answer,Louis Laloupe cherche un homme. Qui?,,,,Il cherche Marc Malheur.,A2,mixed,041
tricolore-2-5th-edition,reading,Exercise 1b,1,short-answer,la loupe,,,,,A2,mixed,041
tricolore-2-5th-edition,reading,Exercise 2,1,short-answer,Quel pays utilise l'euro?,,,,la Belgique,A2,mixed,041
tricolore-2-5th-edition,reading,Exercise 3a,1,short-answer,Where does this take place?,,,,,B1,mixed,041
tricolore-2-5th-edition,reading,Exercise 3b,1,short-answer,Which animal is described?,,,,Une fourmi (an ant).,B1,mixed,041
tricolore-2-5th-edition,reading,Exercise 1a,2,short-answer,Est-ce que Monique sort d'un magasin?,,,,,A2,mixed,041
tricolore-2-5th-edition,reading,Exercise 1b,2,short-answer,le malheur,,,,,A2,mixed,041
tricolore-2-5th-edition,reading,Exercise 2,2,short-answer,Quelle ville est la capitale de la Belgique?,,,,Bruxelles,A2,mixed,041
tricolore-2-5th-edition,reading,Exercise 3a,2,short-answer,What does the pelican do?,,,,,B1,mixed,041
tricolore-2-5th-edition,reading,Exercise 3b,2,short-answer,Describe two of the three imaginary images of this animal.,,,,,B1,mixed,041
tricolore-2-5th-edition,reading,Exercise 1a,3,short-answer,Monique prend l'autobus. Et Louis Laloupe?,,,,,A2,mixed,041
tricolore-2-5th-edition,reading,Exercise 1b,3,short-answer,malin/maligne,,,,,A2,mixed,041
tricolore-2-5th-edition,reading,Exercise 2,3,short-answer,Qu'est-ce qu'on parle comme langues en Suisse?,,,,"français, allemand, italien, romanche",A2,mixed,041
tricolore-2-5th-edition,reading,Exercise 3a,3,short-answer,What happens next?,,,,,B1,mixed,041
tricolore-2-5th-edition,reading,Exercise 3b,3,short-answer,Translate the last line.,,,,And why not?,B1,mixed,041
tricolore-2-5th-edition,reading,Exercise 1a,4,short-answer,Monique descend. Est-ce qu'elle continue à pied?,,,,,A2,mixed,041
tricolore-2-5th-edition,reading,Exercise 2,4,short-answer,Quel pays a la plus grande population?,,,,la Belgique,A2,mixed,041
tricolore-2-5th-edition,reading,Exercise 3a,4,short-answer,What might happen to stop the process?,,,,,B1,mixed,041
tricolore-2-5th-edition,reading,Exercise 1a,5,short-answer,Louis prend un taxi. Où vont-ils?,,,,,A2,mixed,041
tricolore-2-5th-edition,reading,Exercise 1a,6,short-answer,Le train arrive. Qui monte dans le train?,,,,,A2,mixed,041
tricolore-2-5th-edition,reading,Exercise 1a,7,short-answer,"Quand le train part, qui est dans le train?",,,,,A2,mixed,041
tricolore-2-5th-edition,reading,Exercise 1a,8,short-answer,Qui est sur le quai?,,,,,A2,mixed,041
tricolore-2-5th-edition,reading,Exercise 1b,1,short-answer,at the age of 15,,,,à l'âge de quinze ans,A2,school,042
tricolore-2-5th-edition,reading,Exercise 2a,1,short-answer,C'est une école pour les élèves de 11 à 15 ans.,,,,un collège,A2,school,042
tricolore-2-5th-edition,speaking,Exercise 2b,1,speaking-task,La personne A choisit une photo aux pages 40-41 et décrit la photo. La personne B devine quelle photo c'est.,,,,(open-ended),A2,school,042
tricolore-2-5th-edition,reading,Exercise 1b,2,short-answer,a mixed school with about 500 students,,,,une école mixte avec environ cinq cents élèves,A2,school,042
tricolore-2-5th-edition,reading,Exercise 2a,2,short-answer,Ce sont des vêtements qui sont les mêmes pour tous les garçons ou les filles qui vont à la même école.,,,,un uniforme scolaire,A2,school,042
tricolore-2-5th-edition,reading,Exercise 1b,3,short-answer,every day,,,,tous les jours,A2,school,042
tricolore-2-5th-edition,reading,Exercise 2a,3,short-answer,"Quand on n'a pas cours, on peut venir ici pour travailler sur l'ordinateur ou regarder les livres.",,,,le CDI,A2,school,042
tricolore-2-5th-edition,reading,Exercise 1b,4,short-answer,except Saturday and Sunday,,,,,A2,school,042
tricolore-2-5th-edition,reading,Exercise 2a,4,short-answer,Les demi-pensionnaires mangent ici à midi.,,,,la cantine,A2,school,042
tricolore-2-5th-edition,reading,Exercise 1b,5,short-answer,a lesson lasts 55 minutes,,,,un cours dure cinquante-cinq minutes,A2,school,042
tricolore-2-5th-edition,reading,Exercise 2a,5,short-answer,"Pendant la récréation, les élèves viennent ici.",,,,la cour,A2,school,042
tricolore-2-5th-edition,reading,Exercise 1b,6,short-answer,when we don't have a lesson,,,,quand nous n'avons pas de cours,A2,school,042
tricolore-2-5th-edition,reading,Exercise 2a,6,short-answer,On fait du sport ici. C'est à l'extérieur.,,,,le terrain de sport,A2,school,042
tricolore-2-5th-edition,reading,Exercise 1b,7,short-answer,lunch break,,,,la pause-déjeuner,A2,school,042
tricolore-2-5th-edition,reading,Exercise 2a,7,short-answer,Les élèves ont des cours de sciences ici.,,,,un laboratoire,A2,school,042
tricolore-2-5th-edition,reading,Exercise 1b,8,short-answer,once a week,,,,une fois par semaine,A2,school,042
tricolore-2-5th-edition,reading,Exercise 2a,8,short-answer,On vient ici pour les cours d'EPS.,,,,le gymnase,A2,school,042
tricolore-2-5th-edition,listening,Exercise 3a,1,fill-in,Qu'est-ce qu'il y a comme clubs au collège? (Il y en a trois seulement.) Il y a un club …,,,,"Il y a un club de gymnastique, …",A2,school,043
tricolore-2-5th-edition,writing,Exercise 3b,1,short-answer,Fais une liste des clubs dans ton collège.,,,,(open-ended),A2,school,043
tricolore-2-5th-edition,speaking,Exercise 3c,1,short-answer,Est-ce que tu es membre d'un club?,,,,(open-ended),A2,school,043
tricolore-2-5th-edition,grammar,Stratégies,1,fill-in,Le bâtiment (1) ___ → un collégien/une collégienne,,,,un collège,A2,school,043
tricolore-2-5th-edition,writing,Exercise 4,1,writing-task,"Prépare un guide de ton collège pour des visiteurs français (nom, mixte, âge, nombre d'élèves, uniforme, salles, clubs, etc.).",,,,(open-ended),A2,school,043
tricolore-2-5th-edition,listening,Exercise 3a,2,fill-in,Claude va à quel club? Il va au club …,,,,,A2,school,043
tricolore-2-5th-edition,grammar,Stratégies,2,fill-in,Le bâtiment (2) ___ → un lycéen/une lycéenne,,,,un lycée,A2,school,043
tricolore-2-5th-edition,listening,Exercise 3a,3,fill-in,C'est quand? C'est …,,,,,A2,school,043
tricolore-2-5th-edition,grammar,Stratégies,3,fill-in,un informaticien → une (3) ___,,,,informaticienne,A2,school,043
tricolore-2-5th-edition,listening,Exercise 3a,4,fill-in,"Et Louise, elle va à quel club? Elle va au club …",,,,,A2,school,043
tricolore-2-5th-edition,grammar,Stratégies,4,fill-in,un (4) ___ → une mathématicienne,,,,mathématicien,A2,school,043
tricolore-2-5th-edition,listening,Exercise 3a,5,fill-in,C'est quand? C'est …,,,,,A2,school,043
tricolore-2-5th-edition,reading,Exercise 2,1,short-answer,Qu'est-ce que Charlotte apprend comme langues vivantes?,,,,"l'anglais, l'allemand",A2,school,044
tricolore-2-5th-edition,reading,Exercise 3,1,true-false,José parle français.,,,,,A2,school,044
tricolore-2-5th-edition,writing,Exercise 4,1,fill-in,"Moi, j'…",,,,j'apprends la trompette,A2,hobby,044
tricolore-2-5th-edition,reading,Exercise 2,2,short-answer,Quelles sont ses matières préférées et pourquoi?,,,,L'anglais et l'allemand parce qu'elle est assez forte en langues.,A2,school,044
tricolore-2-5th-edition,reading,Exercise 3,2,true-false,Luc comprend l'espagnol.,,,,,A2,school,044
tricolore-2-5th-edition,writing,Exercise 4,2,fill-in,"Toi, tu …",,,,,A2,hobby,044
tricolore-2-5th-edition,reading,Exercise 2,3,short-answer,Quelles sont les matières qu'elle aime le moins?,,,,"Les maths et le latin, car les profs donnent trop de devoirs.",A2,school,044
tricolore-2-5th-edition,reading,Exercise 3,3,true-false,Anne ne comprend pas l'espagnol.,,,,,A2,school,044
tricolore-2-5th-edition,writing,Exercise 4,3,fill-in,Mon frère …,,,,,A2,hobby,044
tricolore-2-5th-edition,reading,Exercise 2,4,short-answer,Qu'est-ce qu'elle apprend comme instrument de musique?,,,,le violon,A2,school,044
tricolore-2-5th-edition,reading,Exercise 3,4,true-false,Elle apprend l'anglais et l'italien au collège.,,,,,A2,school,044
tricolore-2-5th-edition,writing,Exercise 4,4,fill-in,"Au collège, nous …",,,,,A2,hobby,044
tricolore-2-5th-edition,reading,Exercise 3,5,true-false,Luc n'apprend pas l'espagnol au collège.,,,,,A2,school,044
tricolore-2-5th-edition,writing,Exercise 4,5,fill-in,Vous …,,,,,A2,hobby,044
tricolore-2-5th-edition,reading,Exercise 3,6,true-false,Luc ne parle pas espagnol.,,,,,A2,school,044
tricolore-2-5th-edition,writing,Exercise 4,6,fill-in,Mes sœurs …,,,,,A2,hobby,044
tricolore-2-5th-edition,grammar,Dossier-langue Grammaire 12,apprendre-nous,fill-in,apprendre - nous ___,,,,apprenons,A2,none,044
tricolore-2-5th-edition,grammar,Dossier-langue Grammaire 12,apprendre-tu,fill-in,apprendre - tu ___,,,,apprends,A2,none,044
tricolore-2-5th-edition,grammar,Dossier-langue Grammaire 12,comprendre-il,fill-in,comprendre - il/elle/on ___,,,,comprend,A2,none,044
tricolore-2-5th-edition,grammar,Dossier-langue Grammaire 12,comprendre-ils,fill-in,comprendre - ils/elles ___,,,,comprennent,A2,none,044
tricolore-2-5th-edition,grammar,Dossier-langue Grammaire 12,comprendre-je,fill-in,comprendre - je ___,,,,comprends,A2,none,044
tricolore-2-5th-edition,grammar,Dossier-langue Grammaire 12,comprendre-vous,fill-in,comprendre - vous ___,,,,comprenez,A2,none,044
tricolore-2-5th-edition,listening,Exercise 6,1,fill-in,Jean aime la ___ .,,,,géographie,A2,school,045
tricolore-2-5th-edition,writing,Exercise 7,1,fill-in,Le lapin est … que la tortue. (rapide),,,,plus rapide,A2,mixed,045
tricolore-2-5th-edition,writing,Exercise 8a,1,fill-in,"À mon avis, … (globe / crown icons)",,,,"À mon avis, la géographie est plus intéressante que l'histoire.",A2,school,045
tricolore-2-5th-edition,speaking,Exercise 8b,1,speaking-task,Qu'est-ce que tu aimes comme matières?,,,,(open-ended),A2,school,045
tricolore-2-5th-edition,writing,Exercise 8c,1,writing-task,Écris cinq phrases sur les matières. Donne ton opinion.,,,,(open-ended),A2,school,045
tricolore-2-5th-edition,listening,Exercise 6,2,fill-in,"Marc trouve que l'___, c'est plus intéressant que la géographie.",,,,,A2,school,045
tricolore-2-5th-edition,writing,Exercise 7,2,fill-in,Les hamsters sont … que les cochons d'Inde. (petit),,,,,A2,mixed,045
tricolore-2-5th-edition,writing,Exercise 8a,2,fill-in,"Moi, je trouve que … (laptop / palette icons)",,,,,A2,school,045
tricolore-2-5th-edition,speaking,Exercise 8b,2,speaking-task,Est-ce qu'il y a une matière que tu détestes? Pourquoi?,,,,(open-ended),A2,school,045
tricolore-2-5th-edition,listening,Exercise 6,3,fill-in,"Selon Jean, la ___ est plus utile que le dessin.",,,,,A2,school,045
tricolore-2-5th-edition,writing,Exercise 7,3,fill-in,L'éléphant est … que le rat. (lourd),,,,,A2,mixed,045
tricolore-2-5th-edition,writing,Exercise 8a,3,fill-in,"Selon mon ami, … (musical note / football-tennis icons)",,,,,A2,school,045
tricolore-2-5th-edition,speaking,Exercise 8b,3,speaking-task,Tu préfères … ou … ? Pourquoi?,,,,(open-ended),A2,school,045
tricolore-2-5th-edition,listening,Exercise 6,4,fill-in,Marc préfère le ___ parce que c'est plus amusant.,,,,,A2,school,045
tricolore-2-5th-edition,writing,Exercise 7,4,fill-in,La souris est … que le chat. (actif/ve),,,,,A2,mixed,045
tricolore-2-5th-edition,writing,Exercise 8a,4,fill-in,"Selon des élèves dans notre classe, … (plus/minus sign / test tube icons)",,,,,A2,school,045
tricolore-2-5th-edition,speaking,Exercise 8b,4,speaking-task,Es-tu plus fort(e) en anglais ou en sciences?,,,,(open-ended),A2,school,045
tricolore-2-5th-edition,listening,Exercise 6,5,fill-in,Pierre déteste les ___ .,,,,,A2,school,045
tricolore-2-5th-edition,listening,Exercise 6,6,fill-in,"Il trouve que l'___, c'est difficile.",,,,,A2,school,045
tricolore-2-5th-edition,listening,Exercise 6,7,fill-in,"Selon Pierre, l'éducation physique, c'est ___.",,,,,A2,school,045
tricolore-2-5th-edition,listening,Exercise 6,8,fill-in,"Bref, Pierre n'aime pas les ___ le lundi.",,,,,A2,school,045
tricolore-2-5th-edition,listening,Exercise 1,1,multiple-choice,"Le matin, quand est-ce que tu te lèves?",à 6h45,entre 7h15 et 7h30,après 8h00,,A2,daily-routine,046
tricolore-2-5th-edition,reading,Exercise 2,1,multiple-choice,À quelle heure est-ce que tu rentres le soir?,5h00,5h30,6h00,,A2,daily-routine,046
tricolore-2-5th-edition,grammar,Dossier-langue Grammaire 10.2,1,short-answer,"Peux-tu deviner ce que veulent dire 'se lève' et 'se couche' dans ce contexte? (Le 21 juin, c'est le jour le plus long de l'année. À Londres, le soleil se lève à 04h42 et il se couche à 21h20.)",,,,se lève = rises/gets up; se couche = sets/goes down (of the sun),A2,weather,046
tricolore-2-5th-edition,listening,Exercise 1,2,multiple-choice,Qu'est-ce que tu portes comme vêtements pour le collège?,Je porte un uniforme scolaire.,"Normalement, je porte une jupe et un sweat-shirt.","Normalement, je porte un pantalon et un pull.",,A2,daily-routine,046
tricolore-2-5th-edition,reading,Exercise 2,2,multiple-choice,Est-ce que tu manges quelque chose?,"un fruit, par exemple une pomme ou une banane",un paquet de chips,du pain avec du chocolat,du pain avec du chocolat,A2,daily-routine,046
tricolore-2-5th-edition,listening,Exercise 1,3,multiple-choice,Qui se lève le premier chez vous?,mon père,ma mère,moi,,A2,daily-routine,046
tricolore-2-5th-edition,reading,Exercise 2,3,multiple-choice,Qu'est-ce que tu fais ensuite?,Je commence mes devoirs.,Je me repose.,Je m'amuse – je regarde la télé ou je joue sur l'ordinateur.,,A2,daily-routine,046
tricolore-2-5th-edition,listening,Exercise 1,4,multiple-choice,Qu'est-ce que tu prends au petit déjeuner?,"un yaourt, du toast et un verre de lait",des tartines et un chocolat chaud,des céréales et un jus de fruit,,A2,daily-routine,046
tricolore-2-5th-edition,reading,Exercise 2,4,multiple-choice,Tu as combien d'heures de travail le soir?,une heure,une heure et demie,deux heures ou plus,une heure,A2,daily-routine,046
tricolore-2-5th-edition,listening,Exercise 1,5,multiple-choice,Quand est-ce que tu quittes la maison?,7h00,7h30,8h15,,A2,daily-routine,046
tricolore-2-5th-edition,reading,Exercise 2,5,multiple-choice,À quelle heure est-ce que tu te couches?,9h00,9h30,10h00,,A2,daily-routine,046
tricolore-2-5th-edition,listening,Exercise 1,6,multiple-choice,Comment vas-tu au collège?,en bus,en voiture,en métro,,A2,daily-routine,046
tricolore-2-5th-edition,speaking,Exercise 3a,1,speaking-task,"Le matin, quand est-ce que tu te lèves?",,,,(open-ended),A2,daily-routine,047
tricolore-2-5th-edition,writing,Exercise 3b,1,writing-task,Prépare trois phrases pour décrire ta routine du soir.,,,,(open-ended),A2,daily-routine,047
tricolore-2-5th-edition,writing,Exercise 3c,1,writing-task,"Décris une soirée typique en semaine, chez toi.",,,,(open-ended),A2,daily-routine,047
tricolore-2-5th-edition,listening,Exercise 4a,1,fill-in,Je commence le travail à (1) ___ heures du matin.,,,,2 heures,A2,profession,047
tricolore-2-5th-edition,reading,Exercise 4b,1,short-answer,je me lève,,,,je me couche,A2,profession,047
tricolore-2-5th-edition,reading,Exercise 4c,1,short-answer,What do you think is difficult about a baker's life in France?,,,,(open-ended),A2,profession,047
tricolore-2-5th-edition,writing,Exercise 4d,1,writing-task,Écris le résumé d'une journée typique dans la vie d'un boulanger en France.,,,,(open-ended),B1,profession,047
tricolore-2-5th-edition,listening,Exercise 4a,10,fill-in,"Le (10) ___, c'est mon jour de congé.",,,,,A2,profession,047
tricolore-2-5th-edition,listening,Exercise 4a,2,fill-in,Je me lève vers (2) ___ heure et demie du matin.,,,,,A2,profession,047
tricolore-2-5th-edition,reading,Exercise 4b,2,short-answer,minuit,,,,midi,A2,profession,047
tricolore-2-5th-edition,reading,Exercise 4c,2,short-answer,Why do you think work starts at this time?,,,,(open-ended),A2,profession,047
tricolore-2-5th-edition,reading,Exercise 4b,3,short-answer,le magasin ferme,,,,le magasin ouvre,A2,profession,047
tricolore-2-5th-edition,reading,Exercise 4c,3,short-answer,On which day is the bakery closed? Why do you think that day is chosen?,,,,(open-ended),A2,profession,047
tricolore-2-5th-edition,listening,Exercise 4a,3-4,fill-in,Une baguette reste dans le four (3) ___ à (4) ___ minutes.,,,,,A2,profession,047
tricolore-2-5th-edition,reading,Exercise 4b,4,short-answer,froid,,,,chaud,A2,profession,047
tricolore-2-5th-edition,listening,Exercise 4a,5,fill-in,"À (5) ___ heures et demie, le pain est donc encore chaud.",,,,,A2,profession,047
tricolore-2-5th-edition,reading,Exercise 4b,5,short-answer,tard,,,,tôt,A2,profession,047
tricolore-2-5th-edition,reading,Exercise 4b,6,short-answer,finir,,,,commencer,A2,profession,047
tricolore-2-5th-edition,listening,Exercise 4a,6-7,fill-in,"Moi, je travaille jusqu'à (6) ___ heures, (7) ___ heures, midi.",,,,,A2,profession,047
tricolore-2-5th-edition,reading,Exercise 4b,7,short-answer,beaucoup,,,,un peu,A2,profession,047
tricolore-2-5th-edition,listening,Exercise 4a,8,fill-in,"Je me couche après le repas du soir, vers (8) ___ heures et demie.",,,,,A2,profession,047
tricolore-2-5th-edition,reading,Exercise 4b,8,short-answer,le matin,,,,le soir,A2,profession,047
tricolore-2-5th-edition,listening,Exercise 4a,9,fill-in,Tous les jours sauf le (9) ___ .,,,,,A2,profession,047
tricolore-2-5th-edition,reading,Exercise 1,1,short-answer,Il se lave.,,,,He gets washed.,A2,daily-routine,048
tricolore-2-5th-edition,writing,Exercise 2a,1,multiple-choice,Il (1) ___ Daniel et il a une ferme en Normandie.,se lève,s'appelle,se repose,s'appelle,A2,family,048
tricolore-2-5th-edition,writing,Exercise 2b,1,fill-in,elle (1) ___ (se réveiller) vers sept heures.,,,,se réveille,A2,family,048
tricolore-2-5th-edition,writing,Exercise 3,1,fill-in,Elle ___. (se baigner) [picture: crocodiles in a river],,,,ne se baigne pas,A2,mixed,048
tricolore-2-5th-edition,reading,Exercise 1,10,short-answer,Elles s'ennuient.,,,,They are bored.,A2,daily-routine,048
tricolore-2-5th-edition,reading,Exercise 1,2,short-answer,Elle s'habille.,,,,She gets dressed.,A2,daily-routine,048
tricolore-2-5th-edition,writing,Exercise 2a,2,multiple-choice,"Mon oncle (2) ___ toujours très tôt, avant six heures.",se réveille,s'arrête,se dépêche,se réveille,A2,family,048
tricolore-2-5th-edition,writing,Exercise 2b,2,fill-in,Elle (2) ___ (s'intéresser) beaucoup à la vie à la ferme.,,,,s'intéresse,A2,family,048
tricolore-2-5th-edition,writing,Exercise 3,2,fill-in,Il ___. (s'arrêter) [picture: bolting horse],,,,ne s'arrête pas,A2,mixed,048
tricolore-2-5th-edition,reading,Exercise 1,3,short-answer,Ils s'amusent.,,,,They have fun.,A2,daily-routine,048
tricolore-2-5th-edition,writing,Exercise 2a,3,multiple-choice,"Il (3) ___, il (4) ___ et il (5) ___.",me lève,te lèves,se lève,se lève,A2,family,048
tricolore-2-5th-edition,writing,Exercise 2b,3,fill-in,"Moi, le matin, je (3) ___ (se reposer).",,,,me repose,A2,family,048
tricolore-2-5th-edition,writing,Exercise 3,3,fill-in,Elles ___. (se dépêcher) [picture: slow tortoises],,,,ne se dépêchent pas,A2,mixed,048
tricolore-2-5th-edition,reading,Exercise 1,4,short-answer,Vous vous dépêchez?,,,,Are you hurrying?,A2,daily-routine,048
tricolore-2-5th-edition,writing,Exercise 2a,4,multiple-choice,il (4) ___ (se laver),te réveilles,se lave,m'ennuie,se lave,A2,family,048
tricolore-2-5th-edition,writing,Exercise 2b,4,fill-in,"Normalement, je (4) ___ (se lever) après les autres.",,,,me lève,A2,family,048
tricolore-2-5th-edition,writing,Exercise 3,4,fill-in,Il ___. (se réveiller) [picture: sleeping cat],,,,ne se réveille pas,A2,mixed,048
tricolore-2-5th-edition,reading,Exercise 1,5,short-answer,Tu te lèves?,,,,Are you getting up?,A2,daily-routine,048
tricolore-2-5th-edition,writing,Exercise 2a,5,multiple-choice,il (5) ___ (s'habiller),s'habille,nous habillons,se baignent,s'habille,A2,family,048
tricolore-2-5th-edition,writing,Exercise 2b,5,fill-in,"Quelquefois, je (5) ___ (s'ennuyer).",,,,m'ennuie,A2,family,048
tricolore-2-5th-edition,reading,Exercise 1,6,short-answer,Ils se baignent.,,,,They swim/bathe.,A2,daily-routine,048
tricolore-2-5th-edition,writing,Exercise 2a,6,multiple-choice,"Le matin, il (6) ___ des animaux de la ferme.",m'occupe,s'occupe,vous occupez,s'occupe,A2,family,048
tricolore-2-5th-edition,writing,Exercise 2b,6,fill-in,nous (6) ___ (se baigner) dans la rivière.,,,,nous baignons,A2,family,048
tricolore-2-5th-edition,reading,Exercise 1,7,short-answer,Nous nous reposons.,,,,We rest.,A2,daily-routine,048
tricolore-2-5th-edition,reading,Exercise 1,8,short-answer,Il s'arrête.,,,,He stops.,A2,daily-routine,048
tricolore-2-5th-edition,reading,Exercise 1,9,short-answer,Je me réveille.,,,,I wake up.,A2,daily-routine,048
tricolore-2-5th-edition,reading,Exercise 4,1,matching,Je m'amuse beaucoup.,,,,Je m'amuse,A2,vacation,049
tricolore-2-5th-edition,reading,Exercise 5a,1,short-answer,Quelles sont ses deux matières préférées?,,,,l'histoire et l'EPS,A2,school,049
tricolore-2-5th-edition,reading,Exercise 5b,1,short-answer,my two favourite subjects,,,,mes deux matières préférées,A2,school,049
tricolore-2-5th-edition,speaking,Exercise 6,1,speaking-task,Tu préfères quel jour? Pourquoi?,,,,(open-ended),A2,school,049
tricolore-2-5th-edition,listening,Exercise 7,1,true-false,Il ne se lève pas tôt. Souvent il se lève après dix heures.,,,,Faux,B1,mixed,049
tricolore-2-5th-edition,reading,Exercise 4,2,matching,Je m'ennuie ici.,,,,Je ne m'amuse pas,A2,vacation,049
tricolore-2-5th-edition,reading,Exercise 5a,2,short-answer,Qu'est-ce qu'il fait comme sport?,,,,"du basket, du badminton et du hand",A2,school,049
tricolore-2-5th-edition,reading,Exercise 5b,2,short-answer,we're doing a project,,,,nous faisons un dossier,A2,school,049
tricolore-2-5th-edition,speaking,Exercise 6,2,speaking-task,On fait beaucoup de sport au collège? Tu aimes ça?,,,,(open-ended),A2,school,049
tricolore-2-5th-edition,listening,Exercise 7,2,true-false,Il s'habille en public devant environ cent personnes.,,,,,B1,mixed,049
tricolore-2-5th-edition,reading,Exercise 4,3,matching,"Le soir, on s'amuse bien et je me couche tard.",,,,Je m'amuse,A2,vacation,049
tricolore-2-5th-edition,reading,Exercise 5a,3,short-answer,Il a combien d'heures de sport chaque semaine?,,,,quatre heures,A2,school,049
tricolore-2-5th-edition,reading,Exercise 5b,3,short-answer,that will be fun,,,,ça va être amusant,A2,school,049
tricolore-2-5th-edition,speaking,Exercise 6,3,speaking-task,"Qu'est-ce qu'on fait comme sport (en hiver, en été)? C'est assez/trop?",,,,(open-ended),A2,school,049
tricolore-2-5th-edition,listening,Exercise 7,3,true-false,"Le matin, il va à la chapelle royale.",,,,,B1,mixed,049
tricolore-2-5th-edition,reading,Exercise 4,4,matching,"Le matin, je ne me lève pas tôt, c'est bien.",,,,Je m'amuse,A2,vacation,049
tricolore-2-5th-edition,reading,Exercise 5a,4,short-answer,Quelle journée déteste-t-il? Pourquoi?,,,,"le jeudi, parce qu'il a deux cours de biologie et il ne s'intéresse pas à ça",A2,school,049
tricolore-2-5th-edition,reading,Exercise 5b,4,short-answer,I think it's good,,,,je trouve que c'est bien,A2,school,049
tricolore-2-5th-edition,listening,Exercise 7,4,true-false,"Ensuite, il travaille avec ses ministres. Il ne s'intéresse pas beaucoup à la politique et c'est le Premier ministre qui prend les décisions importantes.",,,,,B1,mixed,049
tricolore-2-5th-edition,reading,Exercise 4,5,matching,Je ne me baigne pas – la mer est froide.,,,,Je ne m'amuse pas,A2,vacation,049
tricolore-2-5th-edition,reading,Exercise 5b,5,short-answer,I'm not at all interested in that,,,,je ne m'intéresse pas du tout à ça,A2,school,049
tricolore-2-5th-edition,listening,Exercise 7,5,true-false,"À une heure, il dîne seul dans sa chambre.",,,,,B1,mixed,049
tricolore-2-5th-edition,reading,Exercise 4,6,matching,Je me baigne tous les jours – la mer est bonne.,,,,Je m'amuse,A2,vacation,049
tricolore-2-5th-edition,reading,Exercise 5b,6,short-answer,I get really bored,,,,je m'ennuie beaucoup,A2,school,049
tricolore-2-5th-edition,listening,Exercise 7,6,true-false,"L'après-midi, il se repose dans sa chambre.",,,,,B1,mixed,049
tricolore-2-5th-edition,reading,Exercise 4,7,matching,Il fait beau – je me repose au soleil.,,,,Je m'amuse,A2,vacation,049
tricolore-2-5th-edition,listening,Exercise 7,7,true-false,Il prend le souper avec sa famille à dix heures du soir.,,,,,B1,mixed,049
tricolore-2-5th-edition,reading,Exercise 4,8,matching,Il pleut – je ne vais pas à la plage.,,,,Je ne m'amuse pas,A2,vacation,049
tricolore-2-5th-edition,listening,Exercise 7,8,true-false,Il se couche à minuit.,,,,,B1,mixed,049
tricolore-2-5th-edition,listening,Exercise 1,1,matching,Claire veut …,,,,C,A2,hobby,050
tricolore-2-5th-edition,writing,Exercise 3,1,fill-in,Nous ___ regarder un film.,,,,voulons,A2,hobby,050
tricolore-2-5th-edition,listening,Exercise 1,2,matching,Nicole veut …,,,,,A2,hobby,050
tricolore-2-5th-edition,writing,Exercise 3,2,fill-in,Tu ___ jouer au tennis?,,,,,A2,hobby,050
tricolore-2-5th-edition,listening,Exercise 1,3,matching,Luc veut …,,,,,A2,hobby,050
tricolore-2-5th-edition,writing,Exercise 3,3,fill-in,"Moi, je ___ jouer au football.",,,,,A2,hobby,050
tricolore-2-5th-edition,listening,Exercise 1,4,matching,Sophie veut …,,,,,A2,hobby,050
tricolore-2-5th-edition,writing,Exercise 3,4,fill-in,Elles ___ écouter de la musique.,,,,,A2,hobby,050
tricolore-2-5th-edition,listening,Exercise 1,5,matching,André et ses copains veulent …,,,,,A2,hobby,050
tricolore-2-5th-edition,writing,Exercise 3,5,fill-in,___ faire du vélo.,,,,,A2,hobby,050
tricolore-2-5th-edition,listening,Exercise 1,6,matching,Lucie et sa copine veulent …,,,,,A2,hobby,050
tricolore-2-5th-edition,writing,Exercise 3,6,fill-in,Vous ___ jouer aux cartes.,,,,,A2,hobby,050
tricolore-2-5th-edition,listening,Exercise 1,7,matching,Pierre et Daniel veulent …,,,,,A2,hobby,050
tricolore-2-5th-edition,listening,Exercise 1,8,matching,Mélanie et Sika veulent …,,,,,A2,hobby,050
tricolore-2-5th-edition,grammar,Dossier-langue Grammaire 12.5,ils/elles,fill-in,ils/elles ___ (vouloir),,,,veulent,A2,none,050
tricolore-2-5th-edition,grammar,Dossier-langue Grammaire 12.5,tu,fill-in,tu ___ (vouloir),,,,veux,A2,none,050
tricolore-2-5th-edition,writing,Exercise 4,1,writing-task,manger ✓ / aller dans le jardin ✗,,,,Il veut manger. Il ne veut pas aller dans le jardin.,A2,daily-routine,051
tricolore-2-5th-edition,speaking,Exercise 5a,1,speaking-task,Qu'est-ce que tu veux faire cet après-midi?,,,,(open-ended),A2,hobby,051
tricolore-2-5th-edition,writing,Exercise 5b,1,writing-task,"Écris trois phrases complètes: Moi, je ….; Mon ami(e) …; Les autres, ils …",,,,(open-ended),A2,hobby,051
tricolore-2-5th-edition,writing,Exercise 5c,1,writing-task,Écris trois questions et trois réponses (avec des activités différentes).,,,,(open-ended),A2,hobby,051
tricolore-2-5th-edition,writing,Exercise 4,2,writing-task,rester au lit ✓ / se lever ✗,,,,Il veut rester au lit. Il ne veut pas se lever.,A2,daily-routine,051
tricolore-2-5th-edition,writing,Exercise 4,3,writing-task,jouer au football ✓ / faire ses devoirs ✗,,,,Il veut jouer au football. Il ne veut pas faire ses devoirs.,A2,daily-routine,051
tricolore-2-5th-edition,writing,Exercise 4,4,writing-task,rester à la maison ✓ / sortir ✗,,,,Il veut rester à la maison. Il ne veut pas sortir.,A2,daily-routine,051
tricolore-2-5th-edition,writing,Exercise 4,5,writing-task,aller dans un fast food ✓ / déjeuner à la cantine ✗,,,,Il veut aller dans un fast food. Il ne veut pas déjeuner à la cantine.,A2,daily-routine,051
tricolore-2-5th-edition,writing,Exercise 4,6,writing-task,lire un magazine ✓ / travailler dans le jardin ✗,,,,Il veut lire un magazine. Il ne veut pas travailler dans le jardin.,A2,daily-routine,051
tricolore-2-5th-edition,reading,Exercise 1b,1,short-answer,online,,,,en ligne,A2,communication,052
tricolore-2-5th-edition,speaking,Exercise 2,1,speaking-task,Vous travaillez souvent en ligne au collège? En quelles matières?,,,,(open-ended),A2,communication,052
tricolore-2-5th-edition,writing,Exercise 3,1,matching,Qu'est-ce que vous,,,,d,A2,communication,052
tricolore-2-5th-edition,reading,Exercise 1b,2,short-answer,password,,,,un mot de passe,A2,communication,052
tricolore-2-5th-edition,speaking,Exercise 2,2,speaking-task,Est-ce que vous regardez des sites français? C'est intéressant?,,,,(open-ended),A2,communication,052
tricolore-2-5th-edition,writing,Exercise 3,2,matching,"À la météo, on",,,,,A2,communication,052
tricolore-2-5th-edition,reading,Exercise 1b,3,short-answer,we do research,,,,on fait des recherches,A2,communication,052
tricolore-2-5th-edition,speaking,Exercise 2,3,speaking-task,Qu'est-ce que tu aimes comme sites?,,,,(open-ended),A2,communication,052
tricolore-2-5th-edition,writing,Exercise 3,3,matching,Écrivez,,,,,A2,communication,052
tricolore-2-5th-edition,reading,Exercise 1b,4,short-answer,we read articles,,,,on lit des articles,A2,communication,052
tricolore-2-5th-edition,writing,Exercise 3,4,matching,Qu'est-ce que tu,,,,,A2,communication,052
tricolore-2-5th-edition,reading,Exercise 1b,5,short-answer,in other languages,,,,en d'autres langues,A2,communication,052
tricolore-2-5th-edition,writing,Exercise 3,5,matching,Est-ce que tes amis,,,,,A2,communication,052
tricolore-2-5th-edition,reading,Exercise 1b,6,short-answer,he says it's good,,,,il dit que c'est bien,A2,communication,052
tricolore-2-5th-edition,writing,Exercise 3,6,matching,"À Noël, nous",,,,,A2,communication,052
tricolore-2-5th-edition,reading,Exercise 1b,7,short-answer,I read my friends' blogs,,,,je lis les blogs de mes amis,A2,communication,052
tricolore-2-5th-edition,writing,Exercise 3,7,matching,"Quand il y a un problème, je",,,,,A2,communication,052
tricolore-2-5th-edition,reading,Exercise 1b,8,short-answer,I do a bit of everything,,,,je fais un peu de tout,A2,communication,052
tricolore-2-5th-edition,writing,Exercise 3,8,matching,Mon correspondant,,,,,A2,communication,052
tricolore-2-5th-edition,grammar,Dossier-langue Grammaire 12.5,dire-il,fill-in,dire - il/elle/on ___,,,,dit,A2,none,052
tricolore-2-5th-edition,grammar,Dossier-langue Grammaire 12.5,dire-tu,fill-in,dire - tu ___,,,,dis,A2,none,052
tricolore-2-5th-edition,grammar,Dossier-langue Grammaire 12.5,ecrire-je,fill-in,écrire - je ___,,,,écris,A2,none,052
tricolore-2-5th-edition,grammar,Dossier-langue Grammaire 12.5,lire-il,fill-in,lire - il/elle/on ___,,,,lit,A2,none,052
tricolore-2-5th-edition,grammar,Dossier-langue Grammaire 12.5,lire-ils,fill-in,lire - ils/elles ___,,,,lisent,A2,none,052
tricolore-2-5th-edition,grammar,Dossier-langue Grammaire 12.5,lire-je,fill-in,lire - je ___,,,,lis,A2,none,052
tricolore-2-5th-edition,reading,Exercise 4a,1,short-answer,Combien de personnes préfèrent travailler sur un bureau ou une table?,,,,,B1,school,053
tricolore-2-5th-edition,reading,Exercise 4b,1,short-answer,environ,,,,à peu près,B1,school,053
tricolore-2-5th-edition,speaking,Exercise 5a,1,speaking-task,Où est-ce que tu fais tes devoirs?,,,,(open-ended),A2,school,053
tricolore-2-5th-edition,writing,Exercise 5c,1,writing-task,Écris une question pour un forum sur les devoirs et donne ton avis.,,,,(open-ended),A2,school,053
tricolore-2-5th-edition,reading,Info box,1,short-answer,un ordi,,,,un ordinateur,A2,mixed,053
tricolore-2-5th-edition,reading,Exercise 4a,2,short-answer,Combien d'élèves disent qu'ils veulent avoir de la place pour faire leurs devoirs?,,,,,B1,school,053
tricolore-2-5th-edition,reading,Exercise 4b,2,short-answer,pas difficile,,,,,B1,school,053
tricolore-2-5th-edition,speaking,Exercise 5a,2,speaking-task,"Quand tu fais tes devoirs, est-ce que tu écoutes de la musique?",,,,(open-ended),A2,school,053
tricolore-2-5th-edition,reading,Info box,2,short-answer,la récré,,,,la récréation,A2,mixed,053
tricolore-2-5th-edition,reading,Exercise 4a,3,multiple-choice,Quelles sont les raisons qu'on donne pour ne pas faire ses devoirs sur son lit?,c'est difficile de se concentrer,je préfère travailler au salon,ce n'est pas confortable,ce n'est pas confortable; le lit n'est pas fait,B1,school,053
tricolore-2-5th-edition,reading,Exercise 4b,3,short-answer,30 minutes,,,,une demi-heure,B1,school,053
tricolore-2-5th-edition,speaking,Exercise 5a,3,speaking-task,Tu mets combien de temps environ?,,,,(open-ended),A2,school,053
tricolore-2-5th-edition,reading,Info box,3,short-answer,un prof,,,,un professeur,A2,mixed,053
tricolore-2-5th-edition,reading,Exercise 4a,4,short-answer,Combien de personnes écoutent quelquefois de la musique?,,,,3,B1,school,053
tricolore-2-5th-edition,reading,Exercise 4b,4,short-answer,quelquefois,,,,parfois,B1,school,053
tricolore-2-5th-edition,reading,Info box,4,short-answer,la géo,,,,la géographie,A2,mixed,053
tricolore-2-5th-edition,reading,Exercise 4a,5,multiple-choice,Les devoirs durent environ combien de temps?,entre 30 minutes et 3 heures,entre 10 minutes et 4 heures,entre 1 et 3 heures,entre 30 minutes et 3 heures,B1,school,053
tricolore-2-5th-edition,reading,Exercise 4b,5,short-answer,pas souvent,,,,c'est rare,B1,school,053
tricolore-2-5th-edition,reading,Info box,5,short-answer,un resto,,,,un restaurant,A2,mixed,053
tricolore-2-5th-edition,reading,Info box,6,short-answer,au ciné,,,,au cinéma,A2,mixed,053
tricolore-2-5th-edition,reading,Exercise 1a,1,short-answer,Why does Michel get up early?,,,,To be at the collège by 8am because his class is going on a school trip to Versailles.,B1,school,054
tricolore-2-5th-edition,writing,Exercise 1b,1,writing-task,Copie des phrases utiles pour faire la description d'une autre journée exceptionnelle.,,,,(open-ended),B1,school,054
tricolore-2-5th-edition,writing,Exercise 2,1,writing-task,Tu te lèves à quelle heure?,,,,(open-ended),B1,school,054
tricolore-2-5th-edition,writing,Exercise 2b,1,writing-task,Écris un message à un(e) ami(e) pour décrire la journée.,,,,(open-ended),B1,school,054
tricolore-2-5th-edition,reading,Exercise 1a,2,short-answer,Which teachers accompany the class?,,,,The history-geography teacher and the art teacher.,B1,school,054
tricolore-2-5th-edition,writing,Exercise 2,2,writing-task,Comment vas-tu au collège/à la destination?,,,,(open-ended),B1,school,054
tricolore-2-5th-edition,reading,Exercise 1a,3,short-answer,What are Michel's first impressions of Versailles?,,,,The château is immense with magnificent gardens.,B1,school,054
tricolore-2-5th-edition,writing,Exercise 2,3,writing-task,Qu'est-ce que tu fais?,,,,(open-ended),B1,school,054
tricolore-2-5th-edition,reading,Exercise 1a,4,short-answer,Mention three or more facts you have learnt about the château.,,,,(open-ended),B1,school,054
tricolore-2-5th-edition,writing,Exercise 2,4,writing-task,Tu déjeunes à quelle heure?,,,,(open-ended),B1,school,054
tricolore-2-5th-edition,reading,Exercise 1a,5,short-answer,What do they do in the morning?,,,,"A guided tour of the royal apartments, including the Hall of Mirrors and the history of Louis XIV.",B1,school,054
tricolore-2-5th-edition,writing,Exercise 2,5,writing-task,Qu'est-ce que tu manges?,,,,(open-ended),B1,school,054
tricolore-2-5th-edition,reading,Exercise 1a,6,short-answer,What happens in the afternoon?,,,,They split into groups and walk in the gardens taking photos and videos.,B1,school,054
tricolore-2-5th-edition,writing,Exercise 2,6,writing-task,Quand est-ce que tu rentres à la maison?,,,,(open-ended),B1,school,054
tricolore-2-5th-edition,reading,Exercise 1a,7,short-answer,Where do they meet up at the end of the trip?,,,,At the car park (parking).,B1,school,054
tricolore-2-5th-edition,writing,Exercise 2,7,writing-task,Que penses-tu de la journée?,,,,(open-ended),B1,school,054
tricolore-2-5th-edition,reading,Exercise 1a,8,short-answer,Does Michel enjoy the visit?,,,,"Yes, he prefers school trips to normal school days.",B1,school,054
tricolore-2-5th-edition,writing,Exercise 1,1,fill-in,L'__tr_ch_,,,,L'Autriche,A2,travel,056
tricolore-2-5th-edition,writing,Exercise 2,1,fill-in,"J'habite à Marrakech, au ___. (Morocco)",,,,Maroc,A2,travel,056
tricolore-2-5th-edition,writing,Exercise 3,1,matching,Comment vas-tu en ville?,,,,g,A2,travel,056
tricolore-2-5th-edition,writing,Exercise 4,1,short-answer,Je regarde la télé.,,,,Aujourd'hui,A2,time-dates,056
tricolore-2-5th-edition,writing,Exercise 5a,1,fill-in,"Quel pays est plus ___, la France ou le Royaume-Uni? (grand/grande/grands)",,,,grand,A2,mixed,056
tricolore-2-5th-edition,writing,Exercise 5b,1,short-answer,"Quel pays est plus grand, la France ou le Royaume-Uni?",,,,La France est plus grande.,A2,mixed,056
tricolore-2-5th-edition,writing,Exercise 1,10,fill-in,L_s_t_ts-_n_s,,,,Les États-Unis,A2,travel,056
tricolore-2-5th-edition,writing,Exercise 4,10,short-answer,Tu joues sur l'ordinateur.,,,,Aujourd'hui,A2,time-dates,056
tricolore-2-5th-edition,writing,Exercise 4,11,short-answer,Vous allez préparer le dîner.,,,,Demain,A2,time-dates,056
tricolore-2-5th-edition,writing,Exercise 4,12,short-answer,Ils regardent un film.,,,,Aujourd'hui,A2,time-dates,056
tricolore-2-5th-edition,writing,Exercise 1,2,fill-in,L_B_lg_q__,,,,La Belgique,A2,travel,056
tricolore-2-5th-edition,writing,Exercise 2,2,fill-in,"Mes cousins habitent à Copenhague, au ___. (Denmark)",,,,Danemark,A2,travel,056
tricolore-2-5th-edition,writing,Exercise 3,2,matching,Comment viens-tu au collège?,,,,,A2,travel,056
tricolore-2-5th-edition,writing,Exercise 4,2,short-answer,Je vais travailler.,,,,Demain,A2,time-dates,056
tricolore-2-5th-edition,writing,Exercise 5a,2,fill-in,"Quel fleuve est plus ___, la Seine ou l'Amazone? (long/longue/longues)",,,,long,A2,mixed,056
tricolore-2-5th-edition,writing,Exercise 5b,2,short-answer,"Quel fleuve est plus long, la Seine ou l'Amazone?",,,,,A2,mixed,056
tricolore-2-5th-edition,writing,Exercise 1,3,fill-in,Le D_n_m_rk,,,,Le Danemark,A2,travel,056
tricolore-2-5th-edition,writing,Exercise 2,3,fill-in,"Le collège organise un voyage à Athènes, en ___. (Greece)",,,,Grèce,A2,travel,056
tricolore-2-5th-edition,writing,Exercise 3,3,matching,Comment rentres-tu à la maison après l'école?,,,,,A2,travel,056
tricolore-2-5th-edition,writing,Exercise 4,3,short-answer,Nous restons à la maison.,,,,Aujourd'hui,A2,time-dates,056
tricolore-2-5th-edition,writing,Exercise 5a,3,fill-in,"Quelle montagne est plus ___, le mont Blanc ou le Ben Nevis? (haut/haute/hauts)",,,,haute,A2,mixed,056
tricolore-2-5th-edition,writing,Exercise 5b,3,short-answer,"Quelle montagne est plus haute, le mont Blanc ou le Ben Nevis?",,,,,A2,mixed,056
tricolore-2-5th-edition,writing,Exercise 1,4,fill-in,L_Gr_c_,,,,La Grèce,A2,travel,056
tricolore-2-5th-edition,writing,Exercise 2,4,fill-in,"Cet été, nous allons passer cinq jours à Washington, aux ___. (USA)",,,,États-Unis,A2,travel,056
tricolore-2-5th-edition,writing,Exercise 3,4,matching,Est-ce que tu aimes voyager en train?,,,,,A2,travel,056
tricolore-2-5th-edition,writing,Exercise 4,4,short-answer,Je vais faire des courses.,,,,Demain,A2,time-dates,056
tricolore-2-5th-edition,writing,Exercise 5a,4,fill-in,"Quelle île est plus ___, l'île de Ré ou l'île de Man? ('smaller')",,,,petite,A2,mixed,056
tricolore-2-5th-edition,writing,Exercise 5b,4,short-answer,"Quelle île est plus petite, l'île de Ré ou l'île de Man?",,,,,A2,mixed,056
tricolore-2-5th-edition,writing,Exercise 1,5,fill-in,L'_t_l__,,,,L'Italie,A2,travel,056
tricolore-2-5th-edition,writing,Exercise 2,5,fill-in,"Mon oncle travaille à Belfast, en ___. (Northern Ireland)",,,,Irlande du Nord,A2,travel,056
tricolore-2-5th-edition,writing,Exercise 3,5,matching,Quel moyen de transport préfères-tu?,,,,,A2,travel,056
tricolore-2-5th-edition,writing,Exercise 4,5,short-answer,Mathieu regarde le journal.,,,,Aujourd'hui,A2,time-dates,056
tricolore-2-5th-edition,writing,Exercise 5a,5,fill-in,Est-ce que la tour Eiffel est plus ___ que la tour CN au Canada? ('higher'),,,,haute,A2,mixed,056
tricolore-2-5th-edition,writing,Exercise 5b,5,short-answer,Est-ce que la tour Eiffel est plus haute que la tour CN au Canada?,,,,,A2,mixed,056
tricolore-2-5th-edition,writing,Exercise 1,6,fill-in,L_M_r_c,,,,Le Maroc,A2,travel,056
tricolore-2-5th-edition,writing,Exercise 2,6,fill-in,"Ma sœur passe le weekend à Amsterdam, aux ___. (Netherlands)",,,,Pays-Bas,A2,travel,056
tricolore-2-5th-edition,writing,Exercise 3,6,matching,Est-ce qu'il y a un moyen de transport que tu détestes?,,,,,A2,travel,056
tricolore-2-5th-edition,writing,Exercise 4,6,short-answer,Sophie écoute de la musique.,,,,Aujourd'hui,A2,time-dates,056
tricolore-2-5th-edition,writing,Exercise 1,7,fill-in,L_R_y__m_-_n_,,,,Le Royaume-Uni,A2,travel,056
tricolore-2-5th-edition,writing,Exercise 2,7,fill-in,"Notre prof d'allemand vient de Salzburg, en ___. (Austria)",,,,Autriche,A2,travel,056
tricolore-2-5th-edition,writing,Exercise 3,7,matching,Est-ce que tu as un vélo?,,,,,A2,travel,056
tricolore-2-5th-edition,writing,Exercise 4,7,short-answer,Les enfants vont chanter.,,,,Demain,A2,time-dates,056
tricolore-2-5th-edition,writing,Exercise 1,8,fill-in,L_sP_ys-B_s,,,,Les Pays-Bas,A2,travel,056
tricolore-2-5th-edition,writing,Exercise 2,8,fill-in,"Mon correspondant habite à Rome, en ___. (Italy)",,,,Italie,A2,travel,056
tricolore-2-5th-edition,writing,Exercise 3,8,matching,Quand partez-vous en vacances?,,,,,A2,travel,056
tricolore-2-5th-edition,writing,Exercise 4,8,short-answer,Sophie va partir pour Paris.,,,,Demain,A2,time-dates,056
tricolore-2-5th-edition,writing,Exercise 1,9,fill-in,L_P_rt_g_l,,,,Le Portugal,A2,travel,056
tricolore-2-5th-edition,writing,Exercise 4,9,short-answer,Luc va faire ses devoirs.,,,,Demain,A2,time-dates,056
tricolore-2-5th-edition,writing,Exercise 6,1,short-answer,Est-ce que je peux jouer dans le jardin?,,,,"Non, tu ne peux pas jouer dans le jardin.",A2,daily-routine,057
tricolore-2-5th-edition,writing,Exercise 7,1,fill-in,Je ___ à ___ .,,,,Je me réveille à cinq heures.,A2,profession,057
tricolore-2-5th-edition,writing,Exercise 8,1,matching,Ma mère,,,,c,A2,travel,057
tricolore-2-5th-edition,writing,Exercise 6,2,short-answer,Est-ce que je peux regarder la télé?,,,,"Oui, tu peux regarder la télé.",A2,daily-routine,057
tricolore-2-5th-edition,writing,Exercise 7,2,fill-in,Je ___ à ___ .,,,,Je me lève à cinq heures quarante.,A2,profession,057
tricolore-2-5th-edition,writing,Exercise 8,2,matching,Mon père ne,,,,,A2,travel,057
tricolore-2-5th-edition,writing,Exercise 6,3,short-answer,Est-ce que je peux jouer au football?,,,,"Non, tu ne peux pas jouer au football.",A2,daily-routine,057
tricolore-2-5th-edition,writing,Exercise 7,3,fill-in,"Au petit déjeuner, je mange (prends) ___ .",,,,"un jus de fruit, des céréales, une pomme et du lait",A2,profession,057
tricolore-2-5th-edition,writing,Exercise 8,3,matching,"Moi, je ne",,,,,A2,travel,057
tricolore-2-5th-edition,writing,Exercise 6,4,short-answer,Est-ce que je peux aller au parc?,,,,"Non, tu ne peux pas aller au parc.",A2,daily-routine,057
tricolore-2-5th-edition,writing,Exercise 7,4,fill-in,Je ___ . Je mets une ___ et un ___ .,,,,Je m'habille. Je mets un haut violet et un gilet vert.,A2,profession,057
tricolore-2-5th-edition,writing,Exercise 8,4,matching,"Toi, tu",,,,,A2,travel,057
tricolore-2-5th-edition,writing,Exercise 6,5,short-answer,Est-ce que je peux jouer sur l'ordinateur?,,,,,A2,daily-routine,057
tricolore-2-5th-edition,writing,Exercise 7,5,fill-in,Je vais au studio en ___ .,,,,taxi,A2,profession,057
tricolore-2-5th-edition,writing,Exercise 8,5,matching,Les garçons,,,,,A2,travel,057
tricolore-2-5th-edition,writing,Exercise 6,6,short-answer,Est-ce que je peux faire du vélo?,,,,"Non, tu ne peux pas faire du vélo.",A2,daily-routine,057
tricolore-2-5th-edition,writing,Exercise 8,6,matching,Les filles ne,,,,,A2,travel,057
tricolore-2-5th-edition,writing,Exercise 8,7,matching,Vous ne,,,,,A2,travel,057
tricolore-2-5th-edition,writing,Exercise 8,8,matching,Nous,,,,,A2,travel,057
tricolore-2-5th-edition,writing,Exercise 8,9,matching,"C'est décidé, on",,,,,A2,travel,057
tricolore-2-5th-edition,writing,Exercise 2b,1,writing-task,Décris-toi: écris une petite description de toi-même.,,,,(open-ended),A2,personal-info,058
tricolore-2-5th-edition,reading,Exercise 1a,A,matching,"Je suis de taille moyenne et j'ai les cheveux courts et bruns. Pour le voyage, je vais mettre un jogging et un tee-shirt bleu. (André)",,,,,A2,personal-info,058
tricolore-2-5th-edition,reading,Exercise 1a,B,matching,"Je ne suis pas très grande et j'ai les cheveux blonds, assez longs. Ma couleur préférée est le rose, alors je vais mettre ma veste rose. (Hélène)",,,,1,A2,personal-info,058
tricolore-2-5th-edition,reading,Exercise 1a,C,matching,Je suis assez grand et j'ai les cheveux châtains. Je vais mettre un tee-shirt et un short parce qu'il fait chaud en avion. (Daniel),,,,,A2,personal-info,058
tricolore-2-5th-edition,reading,Exercise 1a,D,matching,"J'ai les cheveux bruns et je vais mettre un jean, un tee-shirt et ma veste marron. (Julie)",,,,,A2,personal-info,058
tricolore-2-5th-edition,reading,Exercise 1a,E,matching,"Pas difficile de me reconnaître. Je suis grand. Je porte un jean, un polo et ma casquette noire. (Christophe)",,,,,A2,personal-info,058
tricolore-2-5th-edition,reading,Exercise 1a,F,matching,"Je suis assez petite et j'ai de longs cheveux roux. Je porte des lunettes. Je vais mettre un jean, un tee-shirt noir et un haut gris. (Émilie)",,,,,A2,personal-info,058
tricolore-2-5th-edition,reading,Exercise 3b,1,short-answer,Can we use the tu form?,,,,On peut te tutoyer?,A2,family,059
tricolore-2-5th-edition,speaking,Exercise 4a,1,speaking-task,Il y a combien de personnes dans ta famille?,,,,(open-ended),A2,family,059
tricolore-2-5th-edition,writing,Exercise 4c,1,writing-task,Écris d'autres phrases: donne plus de détails sur ta famille.,,,,(open-ended),A2,family,059
tricolore-2-5th-edition,grammar,Stratégies,1,short-answer,Que signifie le mot 'vouvoyer'?,,,,to address someone using 'vous' (the formal form),A2,communication,059
tricolore-2-5th-edition,reading,Exercise 3b,2,short-answer,May I introduce you to my husband.,,,,Je te présente mon mari.,A2,family,059
tricolore-2-5th-edition,speaking,Exercise 4a,2,speaking-task,Comment s'appellent-ils/elles?,,,,(open-ended),A2,family,059
tricolore-2-5th-edition,reading,Exercise 3b,3,short-answer,May I introduce you to my brother.,,,,Je te présente mon frère.,A2,family,059
tricolore-2-5th-edition,speaking,Exercise 4a,3,speaking-task,"Ton frère/Ta sœur, quel âge a-t-il/elle?",,,,(open-ended),A2,family,059
tricolore-2-5th-edition,reading,Exercise 3b,4,short-answer,This is our son.,,,,Voici notre fils.,A2,family,059
tricolore-2-5th-edition,speaking,Exercise 4a,4,speaking-task,Tu as encore tes grands-parents?,,,,(open-ended),A2,family,059
tricolore-2-5th-edition,reading,Exercise 3b,5,short-answer,These are my sisters.,,,,Voici mes deux sœurs.,A2,family,059
tricolore-2-5th-edition,speaking,Exercise 4a,5,speaking-task,Est-ce qu'ils habitent tout près?,,,,(open-ended),A2,family,059
tricolore-2-5th-edition,reading,Exercise 3b,6,short-answer,Have you had a good journey?,,,,Tu as fait bon voyage?,A2,family,059
tricolore-2-5th-edition,reading,Exercise 3b,7,short-answer,Do you have a lot of luggage?,,,,Tu as beaucoup de bagages?,A2,family,059
tricolore-2-5th-edition,reading,Exercise 3b,8,short-answer,Is it your first visit to France?,,,,C'est ton premier séjour en France?,A2,family,059
tricolore-2-5th-edition,listening,Exercise 2c,1,matching,faire les courses,,,,D,A2,home,060
tricolore-2-5th-edition,speaking,Exercise 2d,1,speaking-task,"Qu'est-ce que je fais? (mime activity, guess which chore)",,,,(open-ended),A2,home,060
tricolore-2-5th-edition,listening,Exercise 3a,1,matching,faire les courses,,,,D,A2,home,060
tricolore-2-5th-edition,listening,Exercise 3b,1,matching,faire les courses,,,,b,A2,home,060
tricolore-2-5th-edition,listening,Exercise 2c,2,matching,faire la cuisine,,,,,A2,home,060
tricolore-2-5th-edition,listening,Exercise 3a,2,matching,faire la cuisine,,,,,A2,home,060
tricolore-2-5th-edition,listening,Exercise 3b,2,matching,faire la cuisine,,,,,A2,home,060
tricolore-2-5th-edition,listening,Exercise 2c,3,matching,faire la vaisselle,,,,,A2,home,060
tricolore-2-5th-edition,listening,Exercise 3a,3,matching,faire la vaisselle,,,,,A2,home,060
tricolore-2-5th-edition,listening,Exercise 3b,3,matching,faire la vaisselle,,,,,A2,home,060
tricolore-2-5th-edition,listening,Exercise 2c,4,matching,passer l'aspirateur,,,,,A2,home,060
tricolore-2-5th-edition,listening,Exercise 3a,4,matching,passer l'aspirateur,,,,,A2,home,060
tricolore-2-5th-edition,listening,Exercise 3b,4,matching,passer l'aspirateur,,,,,A2,home,060
tricolore-2-5th-edition,listening,Exercise 2c,5,matching,laver la voiture,,,,,A2,home,060
tricolore-2-5th-edition,listening,Exercise 3a,5,matching,laver la voiture,,,,,A2,home,060
tricolore-2-5th-edition,listening,Exercise 3b,5,matching,laver la voiture,,,,,A2,home,060
tricolore-2-5th-edition,listening,Exercise 2c,6,matching,promener le chien,,,,,A2,home,060
tricolore-2-5th-edition,listening,Exercise 3a,6,matching,promener le chien,,,,,A2,home,060
tricolore-2-5th-edition,listening,Exercise 3b,6,matching,promener le chien,,,,,A2,home,060
tricolore-2-5th-edition,listening,Exercise 2c,7,matching,ranger la chambre,,,,,A2,home,060
tricolore-2-5th-edition,listening,Exercise 3a,7,matching,ranger la chambre,,,,,A2,home,060
tricolore-2-5th-edition,listening,Exercise 3b,7,matching,ranger la chambre,,,,,A2,home,060
tricolore-2-5th-edition,listening,Exercise 2c,8,matching,travailler dans le jardin,,,,,A2,home,060
tricolore-2-5th-edition,listening,Exercise 3a,8,matching,travailler dans le jardin,,,,,A2,home,060
tricolore-2-5th-edition,listening,Exercise 3b,8,matching,travailler dans le jardin,,,,,A2,home,060
tricolore-2-5th-edition,listening,Exercise 1a,a,matching,Est-ce que je peux charger mon portable?,,,,,A2,home,060
tricolore-2-5th-edition,listening,Exercise 1c,a,matching,Est-ce que je peux charger mon portable?,,,,6,A2,home,060
tricolore-2-5th-edition,listening,Exercise 1a,b,matching,À quelle heure est-ce que tu te couches d'habitude?,,,,,A2,home,060
tricolore-2-5th-edition,listening,Exercise 1c,b,matching,À quelle heure est-ce que tu te couches d'habitude?,,,,,A2,home,060
tricolore-2-5th-edition,listening,Exercise 1a,c,matching,Où est-ce que je peux mettre mes vêtements?,,,,,A2,home,060
tricolore-2-5th-edition,listening,Exercise 1c,c,matching,Où est-ce que je peux mettre mes vêtements?,,,,,A2,home,060
tricolore-2-5th-edition,listening,Exercise 1a,d,matching,Quand est-ce qu'on se lève ici normalement?,,,,1,A2,home,060
tricolore-2-5th-edition,listening,Exercise 1c,d,matching,Quand est-ce qu'on se lève ici normalement?,,,,,A2,home,060
tricolore-2-5th-edition,listening,Exercise 1a,e,matching,Où sont les toilettes et la salle de bains?,,,,,A2,home,060
tricolore-2-5th-edition,listening,Exercise 1c,e,matching,Où sont les toilettes et la salle de bains?,,,,,A2,home,060
tricolore-2-5th-edition,listening,Exercise 1a,f,matching,Est-ce que tu as une serviette?,,,,,A2,home,060
tricolore-2-5th-edition,listening,Exercise 1c,f,matching,Est-ce que tu as une serviette?,,,,,A2,home,060
tricolore-2-5th-edition,listening,Exercise 4a,1,fill-in,"Elle aime faire (1) ___ pour les autres et après le dîner, elle fait (2) ___.",,,,la cuisine,A2,home,061
tricolore-2-5th-edition,writing,Exercise 4b,1,writing-task,Invente une personne pour la maison de Secret Story. Comment est-elle? Qu'est-ce qu'elle (ne) fait (pas)? Écris quelques phrases.,,,,(open-ended),A2,home,061
tricolore-2-5th-edition,reading,Exercise 5,1,fill-in,"Ma (1) ___ chez les Martin est super! J'ai un grand (2) ___ confortable et il y a un (3) ___ et une télé dans la chambre. La famille a un (4) ___, il est mignon et j'aime (5) ___ le chien.",,,,,A2,home,061
tricolore-2-5th-edition,speaking,Exercise 6a,1,speaking-task,"À deux, lisez la conversation puis changez des détails pour inventer une autre conversation sur la maison (chambre, jardin, aide à la maison).",,,,(open-ended),A2,home,061
tricolore-2-5th-edition,writing,Exercise 6b,1,writing-task,Écris un paragraphe sur ta chambre ou ta maison. Regarde les réponses (B) de la conversation.,,,,(open-ended),A2,home,061
tricolore-2-5th-edition,reading,Exercise 5,10,fill-in,"Je n'ai pas de (6) ___ dans ma chambre, mais ce n'est pas (7) ___ . Nous regardons la télé dans le (8) ___. J'aime bien la maison. Il y a un très beau (9) ___, mais il n'y a pas d'(10) ___.",,,,,A2,home,061
tricolore-2-5th-edition,listening,Exercise 4a,2,fill-in,"Elle aime faire (1) ___ pour les autres et après le dîner, elle fait (2) ___.",,,,,A2,home,061
tricolore-2-5th-edition,reading,Exercise 5,2,fill-in,"Ma (1) ___ chez les Martin est super! J'ai un grand (2) ___ confortable et il y a un (3) ___ et une télé dans la chambre. La famille a un (4) ___, il est mignon et j'aime (5) ___ le chien.",,,,,A2,home,061
tricolore-2-5th-edition,listening,Exercise 4a,3,fill-in,Il ne passe pas (3) ___ et il ne range pas (4) ___ des garçons.,,,,,A2,home,061
tricolore-2-5th-edition,reading,Exercise 5,3,fill-in,"Ma (1) ___ chez les Martin est super! J'ai un grand (2) ___ confortable et il y a un (3) ___ et une télé dans la chambre. La famille a un (4) ___, il est mignon et j'aime (5) ___ le chien.",,,,,A2,home,061
tricolore-2-5th-edition,listening,Exercise 4a,4,fill-in,Il ne passe pas (3) ___ et il ne range pas (4) ___ des garçons.,,,,,A2,home,061
tricolore-2-5th-edition,reading,Exercise 5,4,fill-in,"Ma (1) ___ chez les Martin est super! J'ai un grand (2) ___ confortable et il y a un (3) ___ et une télé dans la chambre. La famille a un (4) ___, il est mignon et j'aime (5) ___ le chien.",,,,,A2,home,061
tricolore-2-5th-edition,listening,Exercise 4a,5,fill-in,"Et en été, j'aime (5) ___, et je (6) ___ de ma mère une fois par mois.",,,,,A2,home,061
tricolore-2-5th-edition,reading,Exercise 5,5,fill-in,"Ma (1) ___ chez les Martin est super! J'ai un grand (2) ___ confortable et il y a un (3) ___ et une télé dans la chambre. La famille a un (4) ___, il est mignon et j'aime (5) ___ le chien.",,,,,A2,home,061
tricolore-2-5th-edition,listening,Exercise 4a,6,fill-in,"Et en été, j'aime (5) ___, et je (6) ___ de ma mère une fois par mois.",,,,,A2,home,061
tricolore-2-5th-edition,reading,Exercise 5,6,fill-in,"Je n'ai pas de (6) ___ dans ma chambre, mais ce n'est pas (7) ___ . Nous regardons la télé dans le (8) ___. J'aime bien la maison. Il y a un très beau (9) ___, mais il n'y a pas d'(10) ___.",,,,,A2,home,061
tricolore-2-5th-edition,listening,Exercise 4a,7,fill-in,"Chez moi, je (7) ___ tous les jours. Quelquefois, je (8) ___ au supermarché. J'aime bien ça.",,,,,A2,home,061
tricolore-2-5th-edition,reading,Exercise 5,7,fill-in,"Je n'ai pas de (6) ___ dans ma chambre, mais ce n'est pas (7) ___ . Nous regardons la télé dans le (8) ___. J'aime bien la maison. Il y a un très beau (9) ___, mais il n'y a pas d'(10) ___.",,,,,A2,home,061
tricolore-2-5th-edition,listening,Exercise 4a,8,fill-in,"Chez moi, je (7) ___ tous les jours. Quelquefois, je (8) ___ au supermarché. J'aime bien ça.",,,,,A2,home,061
tricolore-2-5th-edition,reading,Exercise 5,8,fill-in,"Je n'ai pas de (6) ___ dans ma chambre, mais ce n'est pas (7) ___ . Nous regardons la télé dans le (8) ___. J'aime bien la maison. Il y a un très beau (9) ___, mais il n'y a pas d'(10) ___.",,,,,A2,home,061
tricolore-2-5th-edition,reading,Exercise 5,9,fill-in,"Je n'ai pas de (6) ___ dans ma chambre, mais ce n'est pas (7) ___ . Nous regardons la télé dans le (8) ___. J'aime bien la maison. Il y a un très beau (9) ___, mais il n'y a pas d'(10) ___.",,,,,A2,home,061
tricolore-2-5th-edition,reading,Exercise 1,1,short-answer,"Hier matin, Julie a visité la ville avec son frère.",,,,"Hier matin, Julie a visité la ville avec Nicole et ses cousins.",A2,daily-routine,062
tricolore-2-5th-edition,reading,Exercise 2,1,matching,Did you buy something?,,,,d,A2,daily-routine,062
tricolore-2-5th-edition,reading,Exercise 1,2,short-answer,Elle a acheté des jeux vidéo.,,,,Elle a acheté des cartes postales.,A2,daily-routine,062
tricolore-2-5th-edition,reading,Exercise 2,2,matching,Have you bought something?,,,,,A2,daily-routine,062
tricolore-2-5th-edition,reading,Exercise 1,3,short-answer,"À midi, ils ont mangé à la maison.",,,,"À midi, au café, ils ont mangé un sandwich au jambon et une glace à la fraise.",A2,daily-routine,062
tricolore-2-5th-edition,reading,Exercise 2,3,matching,I bought something this morning.,,,,,A2,daily-routine,062
tricolore-2-5th-edition,reading,Exercise 1,4,short-answer,"Hier après-midi, ils ont joué au football.",,,,"Hier après-midi, ils ont joué au tennis dans le parc.",A2,daily-routine,062
tricolore-2-5th-edition,reading,Exercise 2,4,matching,Have you eaten?,,,,,A2,daily-routine,062
tricolore-2-5th-edition,reading,Exercise 1,5,short-answer,"Hier soir, ils ont regardé un film à la télé.",,,,"Hier soir, ils ont regardé le match de basket, le Canada contre la France.",A2,daily-routine,062
tricolore-2-5th-edition,reading,Exercise 2,5,matching,Did you eat in a café?,,,,,A2,daily-routine,062
tricolore-2-5th-edition,reading,Exercise 1,6,short-answer,Julie a trouvé l'équipe canadienne super.,,,,Julie a trouvé l'équipe canadienne trop faible.,A2,daily-routine,062
tricolore-2-5th-edition,reading,Exercise 2,6,matching,He ate a sandwich.,,,,,A2,daily-routine,062
tricolore-2-5th-edition,listening,Exercise 3a,1,ordering,Écoute la conversation et mets les neuf images (activités quotidiennes) dans le bon ordre.,,,,,A2,daily-routine,063
tricolore-2-5th-edition,writing,Exercise 3b,1,writing-task,Tu as passé une journée très chargée d'activités. Qu'est-ce que tu as fait? Écris au moins huit choses.,,,,(open-ended),B1,daily-routine,063
tricolore-2-5th-edition,reading,Exercise 4a,1,matching,last week,,,,h,A2,daily-routine,063
tricolore-2-5th-edition,listening,Exercise 4b,1,matching,Conversation 1: quelle expression de temps (a–j) utilise-t-on?,,,,h,A2,daily-routine,063
tricolore-2-5th-edition,writing,Exercise 5,1,writing-task,Choisis cinq nombres entre 1 et 6 ou jette un dé. Trouve dans chaque section (A–E) l'expression qui correspond. Écris la phrase complète dans l'ordre.,,,,(open-ended),A2,daily-routine,063
tricolore-2-5th-edition,reading,Exercise 4a,10,matching,last night,,,,,A2,daily-routine,063
tricolore-2-5th-edition,listening,Exercise 4b,10,matching,Conversation 10: quelle expression de temps (a–j) utilise-t-on?,,,,,A2,daily-routine,063
tricolore-2-5th-edition,reading,Exercise 4a,2,matching,yesterday morning,,,,,A2,daily-routine,063
tricolore-2-5th-edition,listening,Exercise 4b,2,matching,Conversation 2: quelle expression de temps (a–j) utilise-t-on?,,,,,A2,daily-routine,063
tricolore-2-5th-edition,reading,Exercise 4a,3,matching,Sunday afternoon,,,,,A2,daily-routine,063
tricolore-2-5th-edition,listening,Exercise 4b,3,matching,Conversation 3: quelle expression de temps (a–j) utilise-t-on?,,,,,A2,daily-routine,063
tricolore-2-5th-edition,reading,Exercise 4a,4,matching,last weekend,,,,,A2,daily-routine,063
tricolore-2-5th-edition,listening,Exercise 4b,4,matching,Conversation 4: quelle expression de temps (a–j) utilise-t-on?,,,,,A2,daily-routine,063
tricolore-2-5th-edition,reading,Exercise 4a,5,matching,today,,,,,A2,daily-routine,063
tricolore-2-5th-edition,listening,Exercise 4b,5,matching,Conversation 5: quelle expression de temps (a–j) utilise-t-on?,,,,,A2,daily-routine,063
tricolore-2-5th-edition,reading,Exercise 4a,6,matching,this afternoon,,,,,A2,daily-routine,063
tricolore-2-5th-edition,listening,Exercise 4b,6,matching,Conversation 6: quelle expression de temps (a–j) utilise-t-on?,,,,,A2,daily-routine,063
tricolore-2-5th-edition,reading,Exercise 4a,7,matching,yesterday,,,,,A2,daily-routine,063
tricolore-2-5th-edition,listening,Exercise 4b,7,matching,Conversation 7: quelle expression de temps (a–j) utilise-t-on?,,,,,A2,daily-routine,063
tricolore-2-5th-edition,reading,Exercise 4a,8,matching,this evening,,,,,A2,daily-routine,063
tricolore-2-5th-edition,listening,Exercise 4b,8,matching,Conversation 8: quelle expression de temps (a–j) utilise-t-on?,,,,,A2,daily-routine,063
tricolore-2-5th-edition,reading,Exercise 4a,9,matching,last Friday,,,,,A2,daily-routine,063
tricolore-2-5th-edition,listening,Exercise 4b,9,matching,Conversation 9: quelle expression de temps (a–j) utilise-t-on?,,,,,A2,daily-routine,063
tricolore-2-5th-edition,listening,Exercise 1a,1,ordering,Le téléphone sonne chez les Martin. Écoute la conversation et mets les huit images dans le bon ordre.,,,,,A2,mixed,064
tricolore-2-5th-edition,reading,Exercise 1b,1,matching,"Ce matin, Daniel a visité",,,,b,A2,mixed,064
tricolore-2-5th-edition,reading,Exercise 2,1,matching,Image 1: une fille en jaune mélange une pâte dans un grand bol vert.,,,,h,A2,mixed,064
tricolore-2-5th-edition,reading,Exercise 1b,2,matching,Il a acheté un,,,,,A2,mixed,064
tricolore-2-5th-edition,reading,Exercise 2,2,matching,Image 2: un garçon sort/met un plat au micro-ondes.,,,,,A2,mixed,064
tricolore-2-5th-edition,reading,Exercise 1b,3,matching,Thomas a décidé d'acheter,,,,,A2,mixed,064
tricolore-2-5th-edition,reading,Exercise 2,3,matching,Image 3: une fille et un garçon traversent la rue avec des sacs de courses en papier.,,,,,A2,mixed,064
tricolore-2-5th-edition,reading,Exercise 1b,4,matching,"À midi, Daniel et Thomas ont déjeuné",,,,,A2,mixed,064
tricolore-2-5th-edition,reading,Exercise 2,4,matching,Image 4: un garçon passe l'aspirateur orange sur le sol.,,,,,A2,mixed,064
tricolore-2-5th-edition,reading,Exercise 1b,5,matching,"L'après-midi, ils ont écouté de la",,,,,A2,mixed,064
tricolore-2-5th-edition,reading,Exercise 2,5,matching,Image 5: deux enfants sur un escabeau décorent une clôture de jardin avec des ballons.,,,,,A2,mixed,064
tricolore-2-5th-edition,reading,Exercise 1b,6,matching,Puis ils ont joué,,,,,A2,mixed,064
tricolore-2-5th-edition,reading,Exercise 2,6,matching,"Image 6: une fille range le salon (canapé rose, tableau, aspirateur).",,,,,A2,mixed,064
tricolore-2-5th-edition,reading,Exercise 1b,7,matching,Daniel a regardé,,,,,A2,mixed,064
tricolore-2-5th-edition,reading,Exercise 2,7,matching,"Image 7: un garçon avec un casque danse, bras levés, notes de musique autour de lui.",,,,,A2,mixed,064
tricolore-2-5th-edition,reading,Exercise 2,8,matching,"Image 8: une table avec une nappe jaune, couverte de plats et de bouteilles, un chien dessous.",,,,,A2,mixed,064
tricolore-2-5th-edition,reading,Exercise 3a,1,fill-in,"Pour la fête, Thomas a ___ son nouveau jean et un tee-shirt.",,,,porté,A2,mixed,065
tricolore-2-5th-edition,reading,Exercise 3b,1,fill-in,"Samedi dernier, Thomas ___ invité Nicole, et moi aussi, à sa fête.",,,,a,A2,mixed,065
tricolore-2-5th-edition,listening,Exercise 4a,1,matching,Daniel,,,,G,A2,mixed,065
tricolore-2-5th-edition,writing,Exercise 4b,1,writing-task,Écris des phrases complètes sur les cadeaux achetés (voir 4a). Exemple: Daniel a acheté un tee-shirt.,,,,(open-ended),A2,mixed,065
tricolore-2-5th-edition,speaking,Exercise 5a,1,speaking-task,"À deux, parlez des activités récentes: Qu'est-ce que tu as fait l'autre jour?",,,,(open-ended),A2,mixed,065
tricolore-2-5th-edition,writing,Exercise 5b,1,writing-task,Écris quelques phrases pour décrire une journée récente.,,,,(open-ended),A2,mixed,065
tricolore-2-5th-edition,writing,Exercise 5c,1,writing-task,Écris un paragraphe pour décrire un weekend chargé d'activités.,,,,(open-ended),B1,mixed,065
tricolore-2-5th-edition,reading,Exercise 3a,2,fill-in,"Moi, j'ai ___ un jogging et mon tee-shirt favori.",,,,,A2,mixed,065
tricolore-2-5th-edition,reading,Exercise 3b,2,fill-in,Nous ___ cherché un cadeau pour Thomas en ville.,,,,,A2,mixed,065
tricolore-2-5th-edition,listening,Exercise 4a,2,matching,Nicole et Julie,,,,,A2,mixed,065
tricolore-2-5th-edition,reading,Exercise 3a,3,fill-in,"Thomas a ___ ma sœur, Julie, et sa correspondante, Nicole, à la fête.",,,,,A2,mixed,065
tricolore-2-5th-edition,reading,Exercise 3b,3,fill-in,"Finalement, nous ___ trouvé une BD (bande dessinée).",,,,,A2,mixed,065
tricolore-2-5th-edition,listening,Exercise 4a,3,matching,son frère Marc,,,,,A2,mixed,065
tricolore-2-5th-edition,reading,Exercise 3a,4,fill-in,La fête a ___ à huit heures.,,,,,A2,mixed,065
tricolore-2-5th-edition,reading,Exercise 3b,4,fill-in,Thomas ___ aimé le livre.,,,,,A2,mixed,065
tricolore-2-5th-edition,listening,Exercise 4a,4,matching,"Sébastien, son meilleur copain",,,,,A2,mixed,065
tricolore-2-5th-edition,reading,Exercise 3a,5,fill-in,On a ___ de la bonne musique.,,,,,A2,mixed,065
tricolore-2-5th-edition,reading,Exercise 3b,5,fill-in,Les filles ___ dansé.,,,,,A2,mixed,065
tricolore-2-5th-edition,listening,Exercise 4a,5,matching,ses parents,,,,,A2,mixed,065
tricolore-2-5th-edition,reading,Exercise 3a,6,fill-in,Nous avons ___ de la pizza et du gâteau.,,,,,A2,mixed,065
tricolore-2-5th-edition,reading,Exercise 3b,6,fill-in,"Mais Daniel, tu ___ refusé de danser. Pourquoi?",,,,,A2,mixed,065
tricolore-2-5th-edition,listening,Exercise 4a,6,matching,ses grands-parents,,,,,A2,mixed,065
tricolore-2-5th-edition,reading,Exercise 3a,7,fill-in,Quelques personnes ont ___ sur la musique.,,,,,A2,mixed,065
tricolore-2-5th-edition,reading,Exercise 3b,7,fill-in,"Moi, j' ___ rencontré Marc, le frère de Thomas. Il est sympa.",,,,,A2,mixed,065
tricolore-2-5th-edition,listening,Exercise 4a,7,matching,moi,,,,,A2,mixed,065
tricolore-2-5th-edition,reading,Exercise 3a,8,fill-in,J'ai ___ avec beaucoup de personnes.,,,,,A2,mixed,065
tricolore-2-5th-edition,reading,Exercise 3b,8,fill-in,La fête ___ duré jusqu'à onze heures.,,,,,A2,mixed,065
tricolore-2-5th-edition,writing,Exercise 1,1,writing-task,Tu as reçu de l'argent pour ton anniversaire et tu as cherché des cadeaux en ville. Qu'est-ce que tu as choisi? Écris cinq phrases complètes.,,,,(open-ended),A2,hobby,066
tricolore-2-5th-edition,reading,Exercise 2,1,matching,Panel 1: un garçon a le visage très rouge devant deux femmes qui discutent dans un magasin.,,,,,A2,hobby,066
tricolore-2-5th-edition,grammar,Grammar box,1,short-answer,What is the past participle of réussir (to succeed)?,,,,réussi,A2,hobby,066
tricolore-2-5th-edition,listening,Exercise 3,1,matching,Julie et Hélène ont choisi ___ . (le matin),,,,d,A2,hobby,066
tricolore-2-5th-edition,speaking,Exercise 4,1,speaking-task,À deux. Chaque personne choisit une activité du matin et une activité de l'après-midi puis note les détails. Pose des questions pour trouver le choix de ton/ta partenaire.,,,,(open-ended),A2,hobby,066
tricolore-2-5th-edition,reading,Exercise 2,2,matching,Panel 2: une vendeuse montre des chaussures à une cliente qui tient deux paires différentes.,,,,,A2,hobby,066
tricolore-2-5th-edition,listening,Exercise 3,2,matching,André a choisi ___ . (le matin),,,,,A2,hobby,066
tricolore-2-5th-edition,reading,Exercise 2,3,matching,Panel 3: un garçon est assis à table devant un pot renversé et un chat derrière lui.,,,,,A2,hobby,066
tricolore-2-5th-edition,listening,Exercise 3,3,matching,Daniel et Christophe ont choisi ___ . (le matin),,,,,A2,hobby,066
tricolore-2-5th-edition,reading,Exercise 2,4,matching,"Panel 4: un garçon fête devant la télé, un aquarium déborde à ses pieds.",,,,,A2,hobby,066
tricolore-2-5th-edition,listening,Exercise 3,4,matching,Émilie a choisi ___ . (le matin),,,,,A2,hobby,066
tricolore-2-5th-edition,listening,Exercise 3,5,matching,"Émilie, tu as choisi ___ . (l'après-midi)",,,,,A2,hobby,066
tricolore-2-5th-edition,listening,Exercise 3,6,matching,Julie a choisi ___ . (l'après-midi),,,,,A2,hobby,066
tricolore-2-5th-edition,listening,Exercise 3,7,matching,Hélène a choisi ___ . (l'après-midi),,,,,A2,hobby,066
tricolore-2-5th-edition,listening,Exercise 3,8,matching,"Et vous, les garçons, vous avez choisi ___ . (l'après-midi)",,,,,A2,hobby,066
tricolore-2-5th-edition,reading,Exercise 5a,1,matching,Tu,,,,as entendu un bruit?,A2,mixed,067
tricolore-2-5th-edition,reading,Exercise 5c,1,matching,Question 1 (5a) matched to its response (5b),,,,e,A2,mixed,067
tricolore-2-5th-edition,listening,Exercise 6,1,fill-in,"Nicole a perdu ses ___, mais elles sont dans la ___ .",,,,baskets,A2,mixed,067
tricolore-2-5th-edition,reading,Exercise 7a,1,multiple-choice,Cette petite fille a (vendu/perdu/entendu) le chien de la famille.,vendu,perdu,entendu,,A2,mixed,067
tricolore-2-5th-edition,writing,Exercise 7b,1,writing-task,Traduis les textes (1–5) en anglais.,,,,(open-ended),A2,mixed,067
tricolore-2-5th-edition,writing,Exercise 7c,1,writing-task,"Écris un paragraphe sur un objet que tu as acheté, perdu et retrouvé.",,,,(open-ended),B1,mixed,067
tricolore-2-5th-edition,reading,Exercise 5a,2,matching,Est-ce que Julie,,,,,A2,mixed,067
tricolore-2-5th-edition,reading,Exercise 5c,2,matching,Question 2 (5a) matched to its response (5b),,,,,A2,mixed,067
tricolore-2-5th-edition,listening,Exercise 6,2,fill-in,"Luc a perdu son ___, mais il est sur la ___ .",,,,,A2,mixed,067
tricolore-2-5th-edition,reading,Exercise 7a,2,multiple-choice,"J'ai (vendu/attendu/perdu) mes lettres, mais heureusement, je n'ai pas (rendu/perdu/entendu) le pied!",vendu/attendu/perdu,rendu/perdu/entendu,,,A2,mixed,067
tricolore-2-5th-edition,reading,Exercise 5a,3,matching,Vous avez perdu,,,,,A2,mixed,067
tricolore-2-5th-edition,reading,Exercise 5c,3,matching,Question 3 (5a) matched to its response (5b),,,,,A2,mixed,067
tricolore-2-5th-edition,listening,Exercise 6,3,fill-in,"Sophie a perdu sa ___, mais elle est dans la ___ .",,,,,A2,mixed,067
tricolore-2-5th-edition,reading,Exercise 7a,3,multiple-choice,"Attention, attention! Le zoo a (perdu/attendu/vendu) un tigre très dangereux.",perdu,attendu,vendu,,A2,mixed,067
tricolore-2-5th-edition,reading,Exercise 5a,4,matching,Est-ce qu'on a,,,,,A2,mixed,067
tricolore-2-5th-edition,reading,Exercise 5c,4,matching,Question 4 (5a) matched to its response (5b),,,,,A2,mixed,067
tricolore-2-5th-edition,listening,Exercise 6,4,fill-in,"Charles a perdu son ___, mais il est sous son ___ .",,,,,A2,mixed,067
tricolore-2-5th-edition,reading,Exercise 7a,4,multiple-choice,Le policier a (vendu/perdu/attendu) devant la banque.,vendu,perdu,attendu,,A2,mixed,067
tricolore-2-5th-edition,reading,Exercise 5a,5,matching,Vous,,,,,A2,mixed,067
tricolore-2-5th-edition,reading,Exercise 5c,5,matching,Question 5 (5a) matched to its response (5b),,,,,A2,mixed,067
tricolore-2-5th-edition,listening,Exercise 6,5,fill-in,"Les garçons ont perdu leur nouveau ___, mais il est dans ___ .",,,,,A2,mixed,067
tricolore-2-5th-edition,reading,Exercise 7a,5,multiple-choice,Tu as (vendu/entendu/attendu) quelque chose?,vendu,entendu,attendu,,A2,mixed,067
tricolore-2-5th-edition,listening,Exercise 6,6,fill-in,"Les filles ont perdu leurs ___, mais elles sont dans la ___ .",,,,,A2,mixed,067
tricolore-2-5th-edition,reading,Exercise 5b,a,matching,"Oui, j'",,,,,A2,mixed,067
tricolore-2-5th-edition,reading,Exercise 5b,b,matching,"Oui, nous",,,,,A2,mixed,067
tricolore-2-5th-edition,reading,Exercise 5b,c,matching,"Non, mais on",,,,,A2,mixed,067
tricolore-2-5th-edition,reading,Exercise 5b,d,matching,"Oui, elle a rendu",,,,,A2,mixed,067
tricolore-2-5th-edition,reading,Exercise 5b,e,matching,J'ai perdu,,,,,A2,mixed,067
tricolore-2-5th-edition,reading,Exercise 1a,1,fill-in,"Regarde ce magazine, il est (1) ___ . Il y a des photos et des articles sur la mode.",,,,intéressant,A2,shopping,068
tricolore-2-5th-edition,listening,Exercise 1b,1,matching,Qu'est-ce qu'Hélène a acheté?,,,,B,A2,shopping,068
tricolore-2-5th-edition,grammar,Exercise 2a,1,fill-in,Regardez ___ sac de sport pratique.,,,,ce,A2,shopping,068
tricolore-2-5th-edition,reading,Exercise 1a,10,fill-in,Je vais acheter cet anorak bleu. C'est le même (10) ___ et je préfère la couleur.,,,,,A2,shopping,068
tricolore-2-5th-edition,grammar,Exercise 2b,10,fill-in,Écoutez ___ belle musique.,,,,,A2,shopping,068
tricolore-2-5th-edition,reading,Exercise 1a,2,fill-in,"Oui, mais moi, je préfère (2) ___ . Dans ce magazine, il y a des articles intéressants sur les nouvelles applis. Je vais acheter ça.",,,,,A2,shopping,068
tricolore-2-5th-edition,listening,Exercise 1b,2,matching,Qu'est-ce que Daniel a acheté?,,,,,A2,shopping,068
tricolore-2-5th-edition,grammar,Exercise 2a,2,fill-in,Goûtez ___ délicieux gâteau.,,,,,A2,shopping,068
tricolore-2-5th-edition,reading,Exercise 1a,3,fill-in,Daniel cherche une casquette pour son (3) ___ .,,,,,A2,shopping,068
tricolore-2-5th-edition,listening,Exercise 1b,3,matching,Qu'est-ce que Nicole a acheté?,,,,,A2,shopping,068
tricolore-2-5th-edition,grammar,Exercise 2a,3,fill-in,___ appareil n'est pas cher.,,,,,A2,shopping,068
tricolore-2-5th-edition,reading,Exercise 1a,4,fill-in,"Ah oui, j'aime bien cette casquette tricolore. Je (4) ___ l'acheter.",,,,,A2,shopping,068
tricolore-2-5th-edition,listening,Exercise 1b,4,matching,Qu'est-ce que Christophe a acheté?,,,,,A2,shopping,068
tricolore-2-5th-edition,grammar,Exercise 2a,4,fill-in,Achetez ___ ordinateur portable.,,,,,A2,shopping,068
tricolore-2-5th-edition,reading,Exercise 1a,5,fill-in,Nicole veut acheter des chaussettes pour sa petite (5) ___ .,,,,,A2,shopping,068
tricolore-2-5th-edition,grammar,Exercise 2a,5,fill-in,Regardez ___ instrument de musique.,,,,,A2,shopping,068
tricolore-2-5th-edition,reading,Exercise 1a,6,fill-in,J'aime bien ces chaussettes avec les petits (6) ___ . Elles sont mignonnes.,,,,,A2,shopping,068
tricolore-2-5th-edition,grammar,Exercise 2b,6,fill-in,Achetez ___ lunettes de soleil.,,,,,A2,shopping,068
tricolore-2-5th-edition,reading,Exercise 1a,7,fill-in,"Ma cousine aime bien les chats, alors je vais (7) ___ ces chaussettes avec les chats.",,,,,A2,shopping,068
tricolore-2-5th-edition,grammar,Exercise 2b,7,fill-in,Envoyez ___ carte amusante.,,,,,A2,shopping,068
tricolore-2-5th-edition,reading,Exercise 1a,8,fill-in,"Christophe a oublié son anorak à la (8) ___, alors il va acheter un nouvel anorak.",,,,,A2,shopping,068
tricolore-2-5th-edition,grammar,Exercise 2b,8,fill-in,___ chaussures sont très pratiques.,,,,,A2,shopping,068
tricolore-2-5th-edition,reading,Exercise 1a,9,fill-in,Cet anorak rouge n'est pas (9) ___.,,,,,A2,shopping,068
tricolore-2-5th-edition,grammar,Exercise 2b,9,fill-in,Regardez ___ raquettes fantastiques.,,,,,A2,shopping,068
tricolore-2-5th-edition,reading,Exercise 3a,1,fill-in,"Mardi dernier, le groupe ___ la journée à Paris. (passer)",,,,a passé,A2,travel,069
tricolore-2-5th-edition,writing,Exercise 3b,1,writing-task,Écris six phrases pour décrire la visite d'une ville la semaine dernière.,,,,(open-ended),B1,travel,069
tricolore-2-5th-edition,reading,Exercise 4a,1,fill-in,C'est le (1) ___ jour des vacances.,,,,,A2,travel,069
tricolore-2-5th-edition,reading,Exercise 5a,1,short-answer,Julie a passé ses vacances où?,,,,en France,A2,travel,069
tricolore-2-5th-edition,writing,Exercise 5b,1,writing-task,"Écris un message comme celui de Julie, mais avec des détails différents.",,,,(open-ended),A2,travel,069
tricolore-2-5th-edition,reading,Exercise 3a,10,fill-in,Mais Julie ___ le billet par terre. (retrouver),,,,,A2,travel,069
tricolore-2-5th-edition,reading,Exercise 3a,2,fill-in,"Le matin, nous ___ la tour Eiffel. (visiter)",,,,,A2,travel,069
tricolore-2-5th-edition,reading,Exercise 4a,2,fill-in,"Hier, Daniel a acheté (2) ___ pour Mme Martin.",,,,,A2,travel,069
tricolore-2-5th-edition,reading,Exercise 5a,2,short-answer,Qu'est-ce qu'elle a surtout aimé?,,,,la visite au jardin de Monet,A2,travel,069
tricolore-2-5th-edition,reading,Exercise 3a,3,fill-in,On ___ des souvenirs tout près. (regarder),,,,,A2,travel,069
tricolore-2-5th-edition,reading,Exercise 4a,3,fill-in,"Merci bien pour (3) ___, Daniel.",,,,,A2,travel,069
tricolore-2-5th-edition,reading,Exercise 5a,3,short-answer,Qu'est-ce que ses parents ont aimé?,,,,les cadeaux,A2,travel,069
tricolore-2-5th-edition,reading,Exercise 3a,4,fill-in,"Moi, j'___ une petite tour Eiffel. (acheter)",,,,,A2,travel,069
tricolore-2-5th-edition,reading,Exercise 4a,4,fill-in,J'espère que tu as passé de bonnes vacances ici (4) ___ .,,,,,A2,travel,069
tricolore-2-5th-edition,reading,Exercise 3a,5,fill-in,"À midi, on ___ au restaurant. (manger)",,,,,A2,travel,069
tricolore-2-5th-edition,reading,Exercise 4a,5,fill-in,"Alors, au revoir et bon retour (5) ___ !",,,,,A2,travel,069
tricolore-2-5th-edition,reading,Exercise 3a,6,fill-in,"Moi, j'___ du poulet et des frites. (choisir)",,,,,A2,travel,069
tricolore-2-5th-edition,reading,Exercise 3a,7,fill-in,"L'après-midi, nous ___ de faire une excursion en bateau. (décider)",,,,,A2,travel,069
tricolore-2-5th-edition,reading,Exercise 3a,8,fill-in,Nous ___ Daniel et Julie pendant dix minutes. (attendre),,,,,A2,travel,069
tricolore-2-5th-edition,reading,Exercise 3a,9,fill-in,Daniel ___ son billet. (perdre),,,,,A2,travel,069
tricolore-2-5th-edition,listening,Exercise 1,1,ordering,On parle de la télé et des livres. Écoute la conversation et mets les images dans le bon ordre.,,,,,A2,hobby,070
tricolore-2-5th-edition,reading,Exercise 2a,1,matching,Paragraphe 1: La télé-réalité a commencé il y a longtemps aux États-Unis...,,,,,A2,hobby,070
tricolore-2-5th-edition,reading,Exercise 2b,1,short-answer,a long time ago,,,,il y a longtemps,A2,hobby,070
tricolore-2-5th-edition,writing,Exercise 3,1,writing-task,Cherche des détails sur l'émission Secret Story et fais une présentation ou un dossier.,,,,(open-ended),A2,hobby,070
tricolore-2-5th-edition,reading,Exercise 4a,1,short-answer,Trouve les phrases au passé composé dans le texte sur Suzanne Collins.,,,,,A2,hobby,070
tricolore-2-5th-edition,writing,Exercise 4b,1,writing-task,"Écris quelques phrases sur un livre, un film ou une émission à la télé que tu aimes.",,,,(open-ended),A2,hobby,070
tricolore-2-5th-edition,reading,Exercise 2a,2,matching,Paragraphe 2: On pose des caméras vidéo dans toute la maison...,,,,,A2,hobby,070
tricolore-2-5th-edition,reading,Exercise 2b,2,short-answer,it still works well,,,,ça marche toujours bien,A2,hobby,070
tricolore-2-5th-edition,reading,Exercise 2a,3,matching,Paragraphe 3: Une série récente diffusée en France s'appelle Secret Story...,,,,,A2,hobby,070
tricolore-2-5th-edition,reading,Exercise 2b,3,short-answer,who don't know one another,,,,qui ne se connaissent pas,A2,hobby,070
tricolore-2-5th-edition,reading,Exercise 2b,4,short-answer,a lot of countries,,,,beaucoup de pays,A2,hobby,070
tricolore-2-5th-edition,reading,Exercise 2b,5,short-answer,their daily life,,,,leur vie de tous les jours,A2,hobby,070
tricolore-2-5th-edition,reading,Exercise 2b,6,short-answer,their arguments,,,,leurs disputes,A2,hobby,070
tricolore-2-5th-edition,reading,Exercise 2b,7,short-answer,video cameras,,,,des caméras vidéo,A2,hobby,070
tricolore-2-5th-edition,reading,Exercise 2b,8,short-answer,to keep a secret,,,,garder un secret,A2,hobby,070
tricolore-2-5th-edition,reading,Exercise 1,1,short-answer,How old was Louis when he became king?,,,,five (à l'âge de cinq ans),B1,mixed,072
tricolore-2-5th-edition,reading,Exercise 1,2,short-answer,For how long was he king?,,,,54 years,B1,mixed,072
tricolore-2-5th-edition,reading,Exercise 1,3,short-answer,Which famous building did he have built?,,,,the Château de Versailles,B1,mixed,072
tricolore-2-5th-edition,reading,Exercise 1,4,short-answer,About how many people lived there during his reign?,,,,"almost 20,000",B1,mixed,072
tricolore-2-5th-edition,reading,Exercise 1,5,short-answer,What was France like at the end of his reign?,,,,France had almost no money left,B1,mixed,072
tricolore-2-5th-edition,reading,Exercise 1,6,short-answer,Give three facts about La galerie des Glaces.,,,,,B1,mixed,072
tricolore-2-5th-edition,reading,Exercise 2,1,short-answer,What does the singer think of maths?,,,,"He doesn't like it, it's not for him.",A2,mixed,073
tricolore-2-5th-edition,reading,Exercise 3b,1,matching,keskec?,,,,h,A2,mixed,073
tricolore-2-5th-edition,writing,Exercise 3c,1,writing-task,Traduis en anglais les expressions a–i de l'exercice 3b.,,,,(open-ended),A2,mixed,073
tricolore-2-5th-edition,writing,Exercise 3d,1,writing-task,Écris un petit message en «vrai» français et en français «SMS».,,,,(open-ended),A2,mixed,073
tricolore-2-5th-edition,reading,Exercise 2,2,short-answer,Which is his favourite day at school and why?,,,,"Friday, because they do music all afternoon.",A2,mixed,073
tricolore-2-5th-edition,reading,Exercise 3b,2,matching,jtm,,,,e,A2,mixed,073
tricolore-2-5th-edition,reading,Exercise 2,3,short-answer,Which is his least favourite subject?,,,,Latin,A2,mixed,073
tricolore-2-5th-edition,reading,Exercise 3b,3,matching,chuis ErEz,,,,i,A2,mixed,073
tricolore-2-5th-edition,reading,Exercise 2,4,short-answer,When does he have German?,,,,Monday,A2,mixed,073
tricolore-2-5th-edition,reading,Exercise 3b,4,matching,kelkun,,,,a,A2,mixed,073
tricolore-2-5th-edition,reading,Exercise 2,5,short-answer,What is bad about Thursdays?,,,,Lots of homework.,A2,mixed,073
tricolore-2-5th-edition,reading,Exercise 3b,5,matching,t Gnial,,,,b,A2,mixed,073
tricolore-2-5th-edition,reading,Exercise 3b,6,matching,1viT,,,,d,A2,mixed,073
tricolore-2-5th-edition,reading,Exercise 3b,7,matching,7semN,,,,f,A2,mixed,073
tricolore-2-5th-edition,reading,Exercise 3b,8,matching,koi29,,,,g,A2,mixed,073
tricolore-2-5th-edition,reading,Exercise 3b,9,matching,OQP,,,,c,A2,mixed,073
tricolore-2-5th-edition,reading,Exercise 3a,a,short-answer,Home,,,,Accueil,A2,mixed,073
tricolore-2-5th-edition,reading,Exercise 3a,b,short-answer,Help,,,,Aide,A2,mixed,073
tricolore-2-5th-edition,reading,Exercise 3a,c,short-answer,Search,,,,Rechercher,A2,mixed,073
tricolore-2-5th-edition,reading,Exercise 3a,d,short-answer,link,,,,lien,A2,mixed,073
tricolore-2-5th-edition,reading,Exercise 3a,e,short-answer,chatroom,,,,Salon de discussion,A2,mixed,073
tricolore-2-5th-edition,reading,Exercise 2,1,fill-in,Les cafés sont ouverts ___ ___ ___ .,,,,toute la journée,A2,food,075
tricolore-2-5th-edition,listening,Exercise 3,1,fill-in,Quelle photo correspond à la commande numéro 1?,,,,photo 9 (un café crème),A2,food,075
tricolore-2-5th-edition,grammar,Exercise 4a,1,fill-in,Qu'est-ce que tu aimes (1) ___ ?,,,,boire,A2,food,075
tricolore-2-5th-edition,speaking,Exercise 4b,1,speaking-task,"À deux, changez les détails pour inventer une conversation différente. Parlez de vos préférences et donnez votre opinion.",,,,(open-ended),A2,food,075
tricolore-2-5th-edition,listening,Exercise 3,10,fill-in,Quelle photo correspond à la commande numéro 10?,,,,,A2,food,075
tricolore-2-5th-edition,reading,Exercise 2,2,fill-in,"On peut prendre des boissons froides, comme l'___ et les ___ ___ ___ .",,,,,A2,food,075
tricolore-2-5th-edition,listening,Exercise 3,2,fill-in,Quelle photo correspond à la commande numéro 2?,,,,,A2,food,075
tricolore-2-5th-edition,grammar,Exercise 4a,2,fill-in,"J'aime les jus de fruit, je (2) ___ beaucoup de jus d'orange.",,,,,A2,food,075
tricolore-2-5th-edition,reading,Exercise 2,3,fill-in,"On sert des ___ ___ , comme le café et le thé.",,,,,A2,food,075
tricolore-2-5th-edition,listening,Exercise 3,3,fill-in,Quelle photo correspond à la commande numéro 3?,,,,,A2,food,075
tricolore-2-5th-edition,grammar,Exercise 4a,3,fill-in,"Et toi, qu'est-ce que tu (3) ___ normalement?",,,,,A2,food,075
tricolore-2-5th-edition,reading,Exercise 2,4,fill-in,"Pour faire une menthe à l'eau, on prend du ___ de menthe et de ___ .",,,,,A2,food,075
tricolore-2-5th-edition,listening,Exercise 3,4,fill-in,Quelle photo correspond à la commande numéro 4?,,,,,A2,food,075
tricolore-2-5th-edition,grammar,Exercise 4a,4,fill-in,"Alors, moi, je (4) ___ souvent du coca,",,,,,A2,food,075
tricolore-2-5th-edition,reading,Exercise 2,5,fill-in,La limonade est une boisson ___ et ___ .,,,,,A2,food,075
tricolore-2-5th-edition,listening,Exercise 3,5,fill-in,Quelle photo correspond à la commande numéro 5?,,,,,A2,food,075
tricolore-2-5th-edition,grammar,Exercise 4a,5,fill-in,"mais à la maison, nous (5) ___ surtout de l'eau minérale.",,,,,A2,food,075
tricolore-2-5th-edition,reading,Exercise 2,6,fill-in,"Un citron pressé est fait avec du citron, du ___ et de ___ .",,,,,A2,food,075
tricolore-2-5th-edition,listening,Exercise 3,6,fill-in,Quelle photo correspond à la commande numéro 6?,,,,,A2,food,075
tricolore-2-5th-edition,grammar,Exercise 4a,6,fill-in,"Ah bon, qu'est-ce que vous (6) ___ comme eau minérale, gazeuse ou non gazeuse?",,,,,A2,food,075
tricolore-2-5th-edition,reading,Exercise 2,7,fill-in,"Un croque-monsieur est fait avec du ___ , du ___ et du ___ .",,,,,A2,food,075
tricolore-2-5th-edition,listening,Exercise 3,7,fill-in,Quelle photo correspond à la commande numéro 7?,,,,,A2,food,075
tricolore-2-5th-edition,grammar,Exercise 4a,7,fill-in,"On (7) ___ les deux, mais moi, je préfère l'eau gazeuse.",,,,,A2,food,075
tricolore-2-5th-edition,listening,Exercise 3,8,fill-in,Quelle photo correspond à la commande numéro 8?,,,,,A2,food,075
tricolore-2-5th-edition,listening,Exercise 3,9,fill-in,Quelle photo correspond à la commande numéro 9?,,,,,A2,food,075
tricolore-2-5th-edition,grammar,Grammar box (boire),il/elle/on,fill-in,Complète le présent du verbe boire: il/elle/on ___ .,,,,,A2,food,075
tricolore-2-5th-edition,grammar,Grammar box (boire),je,fill-in,Complète le présent du verbe boire: je ___ .,,,,bois,A2,food,075
tricolore-2-5th-edition,grammar,Grammar box (boire),nous,fill-in,Complète le présent du verbe boire: nous ___ .,,,,buvons,A2,food,075
tricolore-2-5th-edition,grammar,Grammar box (boire),vous,fill-in,Complète le présent du verbe boire: vous ___ .,,,,buvez,A2,food,075
tricolore-2-5th-edition,listening,Exercise 1a,1,matching,Claire,,,,C,A2,food,076
tricolore-2-5th-edition,writing,Exercise 1b,1,writing-task,Écris des phrases complètes pour les six personnes (voir 1a). Exemple: Claire a commandé/choisi/demandé un jus d'orange.,,,,(open-ended),A2,food,076
tricolore-2-5th-edition,speaking,Exercise 2,1,speaking-task,"À deux: la personne A commande pour cinq personnes, la personne B (le serveur ou la serveuse) répète les commandes. Puis changez de rôle.",,,,(open-ended),A2,food,076
tricolore-2-5th-edition,speaking,Exercise 3,1,speaking-task,"Tu veux une glace? À deux, lisez la conversation, puis changez les détails (boules, parfums).",,,,(open-ended),A2,food,076
tricolore-2-5th-edition,listening,Exercise 1a,2,matching,Élise,,,,,A2,food,076
tricolore-2-5th-edition,listening,Exercise 1a,3,matching,Tiffaine,,,,,A2,food,076
tricolore-2-5th-edition,listening,Exercise 1a,4,matching,Jean-Pierre,,,,,A2,food,076
tricolore-2-5th-edition,listening,Exercise 1a,5,matching,Paul,,,,,A2,food,076
tricolore-2-5th-edition,listening,Exercise 1a,6,matching,Marc,,,,,A2,food,076
tricolore-2-5th-edition,speaking,Exercise 4a,1,speaking-task,"À deux, lisez la conversation au café (commander un Orangina, un sandwich, demander les toilettes, l'addition).",,,,(open-ended),A2,food,077
tricolore-2-5th-edition,speaking,Exercise 4b,1,speaking-task,Inventez des conversations différentes. Changez de rôle.,,,,(open-ended),A2,food,077
tricolore-2-5th-edition,speaking,Exercise 4c,1,speaking-task,Enregistrez vos conversations.,,,,(open-ended),A2,food,077
tricolore-2-5th-edition,writing,Exercise 4d,1,writing-task,Tu as mangé au café avec des amis. Écris un blog.,,,,(open-ended),B1,food,077
tricolore-2-5th-edition,reading,Exercise 1a,1,true-false,Charles habite à Carcassonne.,,,,Faux,B1,food,078
tricolore-2-5th-edition,reading,Exercise 1b,1,short-answer,a large casserole dish,,,,une grande cocotte,B1,food,078
tricolore-2-5th-edition,grammar,Grammar box,10,fill-in,être (to be) — j'ai ___,,,,été,B1,food,078
tricolore-2-5th-edition,grammar,Grammar box,11,fill-in,"faire (to do, make) — j'ai ___",,,,fait,B1,food,078
tricolore-2-5th-edition,grammar,Grammar box,12,fill-in,découvrir (to discover) — j'ai ___,,,,découvert,B1,food,078
tricolore-2-5th-edition,reading,Exercise 1a,2,true-false,"Dans le cassoulet, il y a des haricots blancs.",,,,Vrai,B1,food,078
tricolore-2-5th-edition,reading,Exercise 1b,2,short-answer,some duck,,,,du canard,B1,food,078
tricolore-2-5th-edition,grammar,Grammar box,2,fill-in,boire (to drink) — j'ai ___,,,,bu,B1,food,078
tricolore-2-5th-edition,reading,Exercise 1a,3,true-false,Élise a découvert une nouvelle spécialité anglaise.,,,,Vrai,B1,food,078
tricolore-2-5th-edition,reading,Exercise 1b,3,short-answer,all afternoon,,,,tout l'après-midi,B1,food,078
tricolore-2-5th-edition,grammar,Grammar box,3,fill-in,lire (to read) — j'ai ___,,,,lu,B1,food,078
tricolore-2-5th-edition,reading,Exercise 1a,4,true-false,Elle n'aime pas le chocolat belge.,,,,Faux,B1,food,078
tricolore-2-5th-edition,reading,Exercise 1b,4,short-answer,a very successful event,,,,un événement très réussi,B1,food,078
tricolore-2-5th-edition,grammar,Grammar box,4,fill-in,pouvoir (to be able) — j'ai ___,,,,pu,B1,food,078
tricolore-2-5th-edition,reading,Exercise 1a,5,true-false,Richard a mangé au collège en France.,,,,Vrai,B1,food,078
tricolore-2-5th-edition,reading,Exercise 1b,5,short-answer,as a dessert,,,,comme dessert,B1,food,078
tricolore-2-5th-edition,grammar,Grammar box,5,fill-in,voir (to see) — j'ai ___,,,,vu,B1,food,078
tricolore-2-5th-edition,reading,Exercise 1a,6,true-false,Le menu est comme le menu à son collège anglais.,,,,Faux,B1,food,078
tricolore-2-5th-edition,reading,Exercise 1b,6,short-answer,a Belgian dish,,,,un plat belge,B1,food,078
tricolore-2-5th-edition,grammar,Grammar box,6,fill-in,dire (to say) — j'ai ___,,,,dit,B1,food,078
tricolore-2-5th-edition,reading,Exercise 1b,7,short-answer,when I was in France,,,,quand j'étais en France,B1,food,078
tricolore-2-5th-edition,grammar,Grammar box,7,fill-in,écrire (to write) — j'ai ___,,,,écrit,B1,food,078
tricolore-2-5th-edition,reading,Exercise 1b,8,short-answer,first of all,,,,d'abord,B1,food,078
tricolore-2-5th-edition,grammar,Grammar box,8,fill-in,mettre (to put) — j'ai ___,,,,mis,B1,food,078
tricolore-2-5th-edition,reading,Exercise 1b,9,short-answer,almost every day,,,,presque tous les jours,B1,food,078
tricolore-2-5th-edition,grammar,Grammar box,9,fill-in,prendre (to take) — j'ai ___,,,,pris,B1,food,078
tricolore-2-5th-edition,grammar,Exercise 2a,1,fill-in,apprendre (to learn) j'ai …,,,,appris,A2,food,079
tricolore-2-5th-edition,writing,Exercise 2b,1,writing-task,"Écris deux phrases avec ces verbes (apprendre, comprendre, offrir, ouvrir, recevoir, vouloir).",,,,(open-ended),A2,food,079
tricolore-2-5th-edition,writing,Exercise 2c,1,writing-task,Invente des phrases avec tous les verbes. Traduis les phrases en anglais.,,,,(open-ended),B1,food,079
tricolore-2-5th-edition,reading,Exercise 3a,1,short-answer,Voici une sélection de sandwichs surprises. Lis les détails. Quel sandwich préfères-tu?,,,,,A2,food,079
tricolore-2-5th-edition,listening,Exercise 3b,1,short-answer,Écoute les résultats pour savoir qui a gagné le concours du sandwich surprise!,,,,,A2,food,079
tricolore-2-5th-edition,writing,Exercise 4a,1,writing-task,Invente un sandwich surprise. Fais une liste d'au moins cinq ingrédients.,,,,(open-ended),A2,food,079
tricolore-2-5th-edition,writing,Exercise 4b,1,writing-task,Décris comment tu as fait ton sandwich. Fais un dessin (ou une photo!) si tu veux.,,,,(open-ended),A2,food,079
tricolore-2-5th-edition,writing,Exercise 4c,1,writing-task,Invente un repas surprise et décris ton repas.,,,,(open-ended),B1,food,079
tricolore-2-5th-edition,grammar,Exercise 2a,2,fill-in,comprendre (to understand) j'ai …,,,,compris,A2,food,079
tricolore-2-5th-edition,grammar,Exercise 2a,3,fill-in,"offrir (to offer, give) j'ai …",,,,offert,A2,food,079
tricolore-2-5th-edition,grammar,Exercise 2a,4,fill-in,ouvrir (to open) j'ai …,,,,ouvert,A2,food,079
tricolore-2-5th-edition,grammar,Exercise 2a,5,fill-in,recevoir (to receive) j'ai …,,,,reçu,A2,food,079
tricolore-2-5th-edition,grammar,Exercise 2a,6,fill-in,"vouloir (to want, wish) j'ai …",,,,voulu,A2,food,079
tricolore-2-5th-edition,listening,Exercise 1b,1,matching,"Image 1: M. et Mme Corot à table préparent des sandwichs, le chat guette une sardine.",,,,F,A2,health,080
tricolore-2-5th-edition,listening,Exercise 1b,2,matching,Image 2: Mme Corot conduit M. Corot dans une petite voiture rouge devant la gare.,,,,,A2,health,080
tricolore-2-5th-edition,listening,Exercise 1b,3,matching,"Image 3: l'épicier arrive avec des provisions, le chat le regarde, devant le garage.",,,,,A2,health,080
tricolore-2-5th-edition,listening,Exercise 1b,4,matching,"Image 4: Mme Corot a l'air inquiète à la maison, elle tient un bol et un papier.",,,,,A2,health,080
tricolore-2-5th-edition,listening,Exercise 1b,5,matching,"Image 5: le chat est allongé dehors près d'un mur, l'air malade, Mme Corot accourt.",,,,,A2,health,080
tricolore-2-5th-edition,listening,Exercise 1b,6,matching,"Image 6: Mme Corot au téléphone à la maison, elle crie, choquée.",,,,,A2,health,080
tricolore-2-5th-edition,listening,Exercise 1b,7,matching,"Image 7: M. Corot à l'hôpital entre une infirmière et un médecin, choqués.",,,,,A2,health,080
tricolore-2-5th-edition,listening,Exercise 1b,8,matching,"Image 8: M. Corot allongé dans un lit d'hôpital, souriant.",,,,,A2,health,080
tricolore-2-5th-edition,listening,Exercise 1b,9,matching,"Image 9: M. Corot furieux au téléphone, cheveux dressés.",,,,,A2,health,080
tricolore-2-5th-edition,reading,Exercise 2,1,fill-in,"Lundi soir, M. Corot a (1)___ des sandwichs aux sardines.",,,,préparé,A2,health,081
tricolore-2-5th-edition,reading,Exercise 3,1,multiple-choice,Quand est-ce que les Corot ont préparé les sandwichs?,Lundi soir.,Mardi à midi.,"Mardi soir, après le dîner.",Lundi soir.,A2,health,081
tricolore-2-5th-edition,listening,Exercise 4,1,multiple-choice,Question 1 posée à M. Corot au bureau.,"Oui, j'ai déjeuné à la cantine.","Non, j'ai mangé mes sandwichs aux sardines.",,"Non, j'ai mangé mes sandwichs aux sardines.",A2,health,081
tricolore-2-5th-edition,writing,Exercise 5a,1,ordering,[[tu as]] [[aujourd'hui]] [[au collège]] [[déjeuné]] [[Est-ce]] [[que]] [[?]],,,,Est-ce que tu as déjeuné au collège aujourd'hui?,A2,health,081
tricolore-2-5th-edition,speaking,Exercise 5b,1,speaking-task,"À deux, posez des questions et répondez (voir 5a).",,,,(open-ended),A2,health,081
tricolore-2-5th-edition,writing,Exercise 5c,1,writing-task,Écris tes réponses.,,,,(open-ended),A2,health,081
tricolore-2-5th-edition,writing,Exercise 5d,1,writing-task,Écris encore quatre questions différentes au passé composé avec des réponses.,,,,(open-ended),B1,health,081
tricolore-2-5th-edition,reading,Exercise 2,10,fill-in,Il a tout (10)___.,,,,expliqué,A2,health,081
tricolore-2-5th-edition,reading,Exercise 2,2,fill-in,Le chat a (2)___ des sardines.,,,,mangé,A2,health,081
tricolore-2-5th-edition,reading,Exercise 3,2,multiple-choice,Qu'est-ce que M. Corot a fait?,Des sandwichs au saucisson.,Des sandwichs aux sardines.,Des sandwichs au jambon.,Des sandwichs aux sardines.,A2,health,081
tricolore-2-5th-edition,listening,Exercise 4,2,multiple-choice,Question 2 posée à M. Corot au bureau.,Je suis allé chez le médecin.,J'ai préparé des sandwichs.,,,A2,health,081
tricolore-2-5th-edition,writing,Exercise 5a,2,ordering,[[mangé]] [[tu as]] [[ce matin]] [[Qu'est-ce que]] [[?]],,,,Qu'est-ce que tu as mangé ce matin?,A2,health,081
tricolore-2-5th-edition,reading,Exercise 2,3,fill-in,"Mardi à 8h15, les Corot ont (3)___ la maison.",,,,quitté,A2,health,081
tricolore-2-5th-edition,reading,Exercise 3,3,multiple-choice,Qui a mangé des sardines lundi soir?,M. et Mme Corot.,Le chat.,M. Corot.,Le chat.,A2,health,081
tricolore-2-5th-edition,listening,Exercise 4,3,multiple-choice,Question 3 posée à M. Corot au bureau.,J'ai passé la nuit chez moi.,J'ai passé la nuit à l'hôpital.,,,A2,health,081
tricolore-2-5th-edition,writing,Exercise 5a,3,ordering,[[Qu'est-ce que]] [[bu]] [[tu as]] [[?]],,,,Qu'est-ce que tu as bu?,A2,health,081
tricolore-2-5th-edition,reading,Exercise 2,4,fill-in,"Pendant leur absence, l'épicier a (4)___ des provisions à la maison.",,,,apporté,A2,health,081
tricolore-2-5th-edition,reading,Exercise 3,4,multiple-choice,Où est-ce que Mme Corot a trouvé le chat?,Dans le jardin.,Dans la rue.,Dans le garage.,Dans le garage.,A2,health,081
tricolore-2-5th-edition,listening,Exercise 4,4,multiple-choice,Question 4 posée à M. Corot au bureau.,"Non, en effet, je n'ai pas été malade.","Oui, j'ai été très malade.",,,A2,health,081
tricolore-2-5th-edition,writing,Exercise 5a,4,ordering,[[vous avez]] [[vos vacances]] [[est-ce que]] [[Où]] [[cet]] [[été]] [[passé]] [[?]],,,,Où est-ce que vous avez passé vos vacances cet été?,A2,health,081
tricolore-2-5th-edition,reading,Exercise 2,5,fill-in,"À son retour, Mme Corot a (5)___ le chat dans le garage. Il était malade.",,,,vu,A2,health,081
tricolore-2-5th-edition,reading,Exercise 3,5,multiple-choice,Pourquoi est-ce que M. Corot a passé la nuit à l'hôpital?,Il a été malade au bureau.,Il a mangé des sardines.,Sa femme a téléphoné au médecin.,Il a mangé des sardines.,A2,health,081
tricolore-2-5th-edition,listening,Exercise 4,5,multiple-choice,Question 5 posée à M. Corot au bureau.,"Oui, j'ai très bien dormi.","Non, je n'ai pas bien dormi.",,,A2,health,081
tricolore-2-5th-edition,writing,Exercise 5a,5,ordering,[[Est-ce qu'il]] [[beau]] [[pendant vos vacances]] [[a fait]] [[?]],,,,Est-ce qu'il a fait beau pendant vos vacances?,A2,health,081
tricolore-2-5th-edition,reading,Exercise 2,6,fill-in,Elle a (6)___ à son mari.,,,,téléphoné,A2,health,081
tricolore-2-5th-edition,reading,Exercise 3,6,multiple-choice,Qui a expliqué à Mme Corot pourquoi le chat a été malade?,M. Corot.,Le médecin.,L'épicier.,L'épicier.,A2,health,081
tricolore-2-5th-edition,listening,Exercise 4,6,multiple-choice,Question 6 posée à M. Corot au bureau.,"Oui, le chat a mangé de mauvaises sardines.","Non, le chat n'a pas mangé de mauvaises sardines.",,,A2,health,081
tricolore-2-5th-edition,writing,Exercise 5a,6,ordering,[[tous vos devoirs]] [[Vous avez]] [[hier soir]] [[fait]] [[?]],,,,Vous avez fait tous vos devoirs hier soir?,A2,health,081
tricolore-2-5th-edition,reading,Exercise 2,7,fill-in,Il a dit qu'il avait déjà (7)___ ses sandwichs aux sardines.,,,,mangé,A2,health,081
tricolore-2-5th-edition,reading,Exercise 2,8,fill-in,M. Corot a (8)___ la nuit à l'hôpital.,,,,passé,A2,health,081
tricolore-2-5th-edition,reading,Exercise 2,9,fill-in,"Mercredi matin, l'épicier a (9)___ à la porte.",,,,frappé,A2,health,081
tricolore-2-5th-edition,reading,Exercise 1b,1,short-answer,my computer worked well,,,,Mon ordinateur a bien marché.,A2,school,082
tricolore-2-5th-edition,reading,Exercise 2,1,fill-in,Emmanuel ___ trouvé les devoirs trop difficiles.,,,,n'a pas,A2,school,082
tricolore-2-5th-edition,grammar,Grammar box,1,fill-in,Complète avec ne (n')...pas: Je n'___ ___ perdu la clé USB.,,,,Je n'ai pas perdu la clé USB.,A2,school,082
tricolore-2-5th-edition,reading,Exercise 2,10,fill-in,César ___ effacé le travail d'Emmanuel.,,,,a,A2,school,082
tricolore-2-5th-edition,reading,Exercise 2,11,fill-in,Emmanuel ___ raconté son histoire très calmement.,,,,n'a pas,A2,school,082
tricolore-2-5th-edition,reading,Exercise 2,12,fill-in,Caroline ___ posé beaucoup de questions.,,,,a,A2,school,082
tricolore-2-5th-edition,reading,Exercise 1b,2,short-answer,the memory stick,,,,la clé USB,A2,school,082
tricolore-2-5th-edition,reading,Exercise 2,2,fill-in,Il ___ perdu la clé USB.,,,,n'a pas,A2,school,082
tricolore-2-5th-edition,grammar,Grammar box,2,fill-in,Complète avec ne (n')...pas: Tu ___ ___ pas sauvegardé ton travail.,,,,Tu n'as pas sauvegardé ton travail.,A2,school,082
tricolore-2-5th-edition,reading,Exercise 1b,3,short-answer,I saved it,,,,je l'ai sauvegardé,A2,school,082
tricolore-2-5th-edition,reading,Exercise 2,3,fill-in,Il ___ mis la clé USB dans la machine.,,,,a,A2,school,082
tricolore-2-5th-edition,grammar,Grammar box,3,fill-in,Complète avec ne (n')...pas: Tu ___ as ___ compris.,,,,Tu n'as pas compris.,A2,school,082
tricolore-2-5th-edition,reading,Exercise 1b,4,short-answer,the printer,,,,l'imprimante,A2,school,082
tricolore-2-5th-edition,reading,Exercise 2,4,fill-in,L'ordinateur ___ bien marché.,,,,a,A2,school,082
tricolore-2-5th-edition,reading,Exercise 1b,5,short-answer,to print,,,,imprimer,A2,school,082
tricolore-2-5th-edition,reading,Exercise 2,5,fill-in,Il ___ sauvegardé son travail.,,,,a,A2,school,082
tricolore-2-5th-edition,reading,Exercise 1b,6,short-answer,he deleted all my work,,,,il a effacé tout mon travail,A2,school,082
tricolore-2-5th-edition,reading,Exercise 2,6,fill-in,L'imprimante ___ bien marché.,,,,n'a pas,A2,school,082
tricolore-2-5th-edition,reading,Exercise 2,7,fill-in,Emmanuel ___ transféré son travail sur la clé USB.,,,,n'a pas,A2,school,082
tricolore-2-5th-edition,reading,Exercise 2,8,fill-in,Emmanuel ___ réussi à imprimer son travail.,,,,n'a pas,A2,school,082
tricolore-2-5th-edition,reading,Exercise 2,9,fill-in,Le chat ___ sauté sur l'ordinateur.,,,,a,A2,school,082
tricolore-2-5th-edition,writing,Exercise 3,1,writing-task,Où sont tes devoirs? Invente des excuses!,,,,(open-ended),A2,daily-routine,083
tricolore-2-5th-edition,listening,Exercise 4,1,short-answer,Conversation 1: Tu as lu ce journal? — Je n'ai pas lu ce journal. Je ne l'aime pas beaucoup.,,,,Non,A2,daily-routine,083
tricolore-2-5th-edition,reading,Exercise 5,1,fill-in,Ils ___ pris le petit déjeuner à sept heures du matin.,,,,n'ont pas,A2,daily-routine,083
tricolore-2-5th-edition,speaking,Exercise 6a,1,speaking-task,Est-ce que tu as visité la Chine/l'Antarctique/le Taj Mahal/l'Australie/l'Afrique du Nord?,,,,(open-ended),A2,daily-routine,083
tricolore-2-5th-edition,writing,Exercise 6b,1,writing-task,Choisis cinq questions et écris tes réponses.,,,,(open-ended),A2,daily-routine,083
tricolore-2-5th-edition,writing,Exercise 6c,1,writing-task,Invente cinq questions différentes et écris tes réponses.,,,,(open-ended),B1,daily-routine,083
tricolore-2-5th-edition,reading,Exercise 5,10,fill-in,"Ne t'inquiète pas, Mamie! Hier, nous ___ fait grand-chose parce que c'était le premier jour des vacances!",,,,n'avons pas,A2,daily-routine,083
tricolore-2-5th-edition,listening,Exercise 4,2,short-answer,Conversation 2: réponse à la forme négative?,,,,,A2,daily-routine,083
tricolore-2-5th-edition,reading,Exercise 5,2,fill-in,Ils ___ beaucoup travaillé.,,,,n'ont pas,A2,daily-routine,083
tricolore-2-5th-edition,speaking,Exercise 6a,2,speaking-task,Est-ce que tu as appris l'esperanto/le chinois/le grec/l'arabe à l'école?,,,,(open-ended),A2,daily-routine,083
tricolore-2-5th-edition,listening,Exercise 4,3,short-answer,Conversation 3: réponse à la forme négative?,,,,,A2,daily-routine,083
tricolore-2-5th-edition,reading,Exercise 5,3,fill-in,Ils ___ déjeuné à la cantine.,,,,n'ont pas,A2,daily-routine,083
tricolore-2-5th-edition,speaking,Exercise 6a,3,speaking-task,Est-ce que ta famille a déjà gagné à la loterie?,,,,(open-ended),A2,daily-routine,083
tricolore-2-5th-edition,listening,Exercise 4,4,short-answer,Conversation 4: réponse à la forme négative?,,,,,A2,daily-routine,083
tricolore-2-5th-edition,reading,Exercise 5,4,fill-in,"Élise ___ lu son livre de maths, elle a lu un magazine.",,,,n'a pas,A2,daily-routine,083
tricolore-2-5th-edition,speaking,Exercise 6a,4,speaking-task,Est-ce que tu as fini tes devoirs en avance cette semaine?,,,,(open-ended),A2,daily-routine,083
tricolore-2-5th-edition,listening,Exercise 4,5,short-answer,Conversation 5: réponse à la forme négative?,,,,,A2,daily-routine,083
tricolore-2-5th-edition,reading,Exercise 5,5,fill-in,"Marc ___ fait ses devoirs d'informatique, mais il a essayé son nouveau jeu vidéo.",,,,n'a pas,A2,daily-routine,083
tricolore-2-5th-edition,speaking,Exercise 6a,5,speaking-task,Est-ce que tu as fait toutes les courses pour la famille cette semaine?,,,,(open-ended),A2,daily-routine,083
tricolore-2-5th-edition,listening,Exercise 4,6,short-answer,Conversation 6: réponse à la forme négative?,,,,,A2,daily-routine,083
tricolore-2-5th-edition,reading,Exercise 5,6,fill-in,Élise ___ préparé ses affaires pour demain.,,,,n'a pas,A2,daily-routine,083
tricolore-2-5th-edition,speaking,Exercise 6a,6,speaking-task,Est-ce que tu as préparé le déjeuner dimanche dernier?,,,,(open-ended),A2,daily-routine,083
tricolore-2-5th-edition,listening,Exercise 4,7,short-answer,Conversation 7: réponse à la forme négative?,,,,,A2,daily-routine,083
tricolore-2-5th-edition,reading,Exercise 5,7,fill-in,Marc ___ mis ses crayons et ses livres dans son sac.,,,,n'a pas,A2,daily-routine,083
tricolore-2-5th-edition,reading,Exercise 5,8,fill-in,"Mais les enfants, vous ___ fait grand-chose!",,,,n'avez pas,A2,daily-routine,083
tricolore-2-5th-edition,reading,Exercise 5,9,fill-in,"C'est vrai, Mamie, nous ___ fait grand-chose!",,,,n'avons pas,A2,daily-routine,083
tricolore-2-5th-edition,speaking,Exercise 1a,1,speaking-task,"À deux, regardez les idées de menus. Posez des questions et répondez (Est-ce que tu aimes le pâté? etc.).",,,,(open-ended),A2,restaurant,084
tricolore-2-5th-edition,writing,Exercise 1b,1,writing-task,Note les réponses et invente un menu pour ton/ta partenaire.,,,,(open-ended),A2,restaurant,084
tricolore-2-5th-edition,writing,Exercise 1c,1,writing-task,"Invente un menu pour une personne de la liste (végétarien(ne), enfant de 5/6 ans, ami(e) allergique au poisson, ou une personne de ton choix).",,,,(open-ended),A2,restaurant,084
tricolore-2-5th-edition,reading,Strategies,1,short-answer,assiette de charcuterie,,,,plate of cold meats/cured meats,A2,restaurant,085
tricolore-2-5th-edition,listening,Exercise 2,1,fill-in,"Pour commencer, elle a choisi …",,,,du pâté,A2,restaurant,085
tricolore-2-5th-edition,listening,Exercise 3a,1,fill-in,"Cliente: Pour commencer, je voudrais (1)___, s'il vous plaît.",,,,du pâté,A2,restaurant,085
tricolore-2-5th-edition,speaking,Exercise 3b,1,speaking-task,"À deux, inventez d'autres conversations au restaurant.",,,,(open-ended),A2,restaurant,085
tricolore-2-5th-edition,speaking,Exercise 3c,1,speaking-task,Tu es un(e) client(e) très difficile! Invente une conversation au restaurant.,,,,(open-ended),B1,restaurant,085
tricolore-2-5th-edition,reading,Strategies,2,short-answer,pâté maison,,,,homemade pâté,A2,restaurant,085
tricolore-2-5th-edition,listening,Exercise 2,2,fill-in,"Comme plat principal, …",,,,,A2,restaurant,085
tricolore-2-5th-edition,listening,Exercise 3a,2,fill-in,Serveur: Et comme plat principal? Cliente: (2)___.,,,,,A2,restaurant,085
tricolore-2-5th-edition,reading,Strategies,3,short-answer,en supplément,,,,"extra, at an additional charge",A2,restaurant,085
tricolore-2-5th-edition,listening,Exercise 2,3,fill-in,"Comme légumes, …",,,,,A2,restaurant,085
tricolore-2-5th-edition,listening,Exercise 3a,3,fill-in,"Serveur: Et comme légumes? Cliente: Comme légumes, je vais prendre (3)___.",,,,,A2,restaurant,085
tricolore-2-5th-edition,reading,Strategies,4,short-answer,prix nets,,,,all-inclusive prices (no extra service charge),A2,restaurant,085
tricolore-2-5th-edition,listening,Exercise 2,4,fill-in,"Comme dessert, …",,,,,A2,restaurant,085
tricolore-2-5th-edition,listening,Exercise 3a,4,fill-in,"Cliente: Comme dessert, je voudrais (4)___, s'il vous plaît.",,,,,A2,restaurant,085
tricolore-2-5th-edition,reading,Strategies,5,short-answer,garni,,,,"served with 'trimmings', e.g. small salad, vegetables, etc.",A2,restaurant,085
tricolore-2-5th-edition,listening,Exercise 2,5,fill-in,"Comme boisson, …",,,,,A2,restaurant,085
tricolore-2-5th-edition,reading,Strategies,6,short-answer,fruits de saison,,,,fruit in season,A2,restaurant,085
tricolore-2-5th-edition,reading,Strategies,7,short-answer,plat du jour,,,,dish of the day,A2,restaurant,085
tricolore-2-5th-edition,reading,Strategies,8,short-answer,rôti,,,,roast,A2,restaurant,085
tricolore-2-5th-edition,listening,Exercise 1a,1,fill-in,Que désire le frère à boire?,,,,une menthe à l'eau,A2,restaurant,086
tricolore-2-5th-edition,writing,Exercise 1c,1,writing-task,Tout le monde va manger quelque chose – ils ont enfin décidé! Qu'est-ce qu'ils ont choisi? Écris la suite de la chanson.,,,,(open-ended),A2,restaurant,086
tricolore-2-5th-edition,writing,Exercise 2a,1,writing-task,Cherche la carte de quelques restaurants en France. Choisis une ville ou une région que tu voudrais visiter ou que tu connais.,,,,(open-ended),A2,restaurant,086
tricolore-2-5th-edition,writing,Exercise 2b,1,writing-task,Choisis un repas et écris ton choix en français et en anglais.,,,,(open-ended),A2,restaurant,086
tricolore-2-5th-edition,listening,Exercise 1a,2,fill-in,Que désire 'moi' (la chanteuse/le chanteur) à boire et à manger?,,,,,A2,restaurant,086
tricolore-2-5th-edition,listening,Exercise 1a,3,fill-in,Que désire Paul à boire?,,,,,A2,restaurant,086
tricolore-2-5th-edition,listening,Exercise 1a,4,fill-in,Que désire Marc à boire?,,,,,A2,restaurant,086
tricolore-2-5th-edition,listening,Exercise 1a,5,fill-in,Que désire Anne à boire?,,,,,A2,restaurant,086
tricolore-2-5th-edition,listening,Exercise 1a,6,fill-in,Que désire Claire à boire?,,,,,A2,restaurant,086
tricolore-2-5th-edition,reading,Exercise 1,1,matching,Maman fait la cuisine.,,,,B,A2,mixed,088
tricolore-2-5th-edition,reading,Exercise 2a,1,matching,Tu as fait bon voyage?,,,,b,A2,mixed,088
tricolore-2-5th-edition,writing,Exercise 2b,1,writing-task,Traduis les réponses (a–f) en anglais.,,,,(open-ended),A2,mixed,088
tricolore-2-5th-edition,reading,Exercise 3,1,fill-in,"Dimanche dernier, nous avons (1 décider) d'aller au cinéma.",,,,décidé,A2,mixed,088
tricolore-2-5th-edition,reading,Exercise 1,2,matching,Léa et Olivier travaillent dans le jardin.,,,,F,A2,mixed,088
tricolore-2-5th-edition,reading,Exercise 2a,2,matching,Tu as bien dormi?,,,,d,A2,mixed,088
tricolore-2-5th-edition,reading,Exercise 3,2,fill-in,Nous avons (2 réussir) à réserver des places pour le film Douze souris rouges.,,,,réussi,A2,mixed,088
tricolore-2-5th-edition,reading,Exercise 1,3,matching,Sébastien fait la vaisselle.,,,,A,A2,mixed,088
tricolore-2-5th-edition,reading,Exercise 2a,3,matching,Tu as assez mangé?,,,,e,A2,mixed,088
tricolore-2-5th-edition,reading,Exercise 3,3,fill-in,"J'ai (3 trouver) le film très amusant, mais un peu ridicule.",,,,trouvé,A2,mixed,088
tricolore-2-5th-edition,reading,Exercise 1,4,matching,Laura range sa chambre.,,,,I,A2,mixed,088
tricolore-2-5th-edition,reading,Exercise 2a,4,matching,Tu as téléphoné à tes parents?,,,,f,A2,mixed,088
tricolore-2-5th-edition,reading,Exercise 3,4,fill-in,Le film a (4 finir) à sept heures.,,,,fini,A2,mixed,088
tricolore-2-5th-edition,reading,Exercise 1,5,matching,Lucile passe l'aspirateur.,,,,C,A2,mixed,088
tricolore-2-5th-edition,reading,Exercise 2a,5,matching,Tu as acheté des cartes postales?,,,,c,A2,mixed,088
tricolore-2-5th-edition,reading,Exercise 3,5,fill-in,Puis nous avons (5 dîner) dans une pizzeria.,,,,dîné,A2,mixed,088
tricolore-2-5th-edition,reading,Exercise 1,6,matching,Amélie lave la voiture.,,,,H,A2,mixed,088
tricolore-2-5th-edition,reading,Exercise 2a,6,matching,Tu as déjà visité la France?,,,,a,A2,mixed,088
tricolore-2-5th-edition,reading,Exercise 3,6,fill-in,"J'ai (6 choisir) une pizza au jambon, mais Émilie, qui n'aime pas les pizzas, a (7 commander) des spaghettis.",,,,choisi,A2,mixed,088
tricolore-2-5th-edition,reading,Exercise 1,7,matching,Mathilde et Max font les courses.,,,,D,A2,mixed,088
tricolore-2-5th-edition,reading,Exercise 3,7,fill-in,"J'ai (6 choisir) une pizza au jambon, mais Émilie, qui n'aime pas les pizzas, a (7 commander) des spaghettis.",,,,commandé,A2,mixed,088
tricolore-2-5th-edition,reading,Exercise 1,8,matching,Suzanne fait une promenade avec le chien.,,,,G,A2,mixed,088
tricolore-2-5th-edition,reading,Exercise 3,8,fill-in,"À la pizzeria, nous avons (8 rencontrer) Christophe et André.",,,,rencontré,A2,mixed,088
tricolore-2-5th-edition,reading,Exercise 1,9,matching,Éric et Malik sont fatigués. Ils regardent la télé.,,,,E,A2,mixed,088
tricolore-2-5th-edition,reading,Exercise 3,9,fill-in,On a (9 passer) une très bonne soirée.,,,,passé,A2,mixed,088
tricolore-2-5th-edition,reading,Exercise 4,1,multiple-choice,"Vendredi soir, nous avons (1a descendu 1b perdu 1c aboli) notre chat, Hercule.",descendu,perdu,aboli,perdu,A2,mixed,089
tricolore-2-5th-edition,reading,Exercise 5,1,short-answer,des boissons chaudes (au moins deux),,,,"un café crème, un thé au lait/au citron, un chocolat chaud",A2,mixed,089
tricolore-2-5th-edition,writing,Exercise 6,1,writing-task,"Décris des repas récents (hier, au café, au petit déjeuner, pour ton anniversaire).",,,,(open-ended),A2,mixed,089
tricolore-2-5th-edition,writing,Exercise 7a,1,ordering,[[passé]] [[est-ce que]] [[cette année]] [[tu as]] [[tes]] [[vacances]] [[Où]] [[?]],,,,Où est-ce que tu as passé tes vacances cette année?,A2,mixed,089
tricolore-2-5th-edition,reading,Exercise 7c,1,matching,Où est-ce que tu as passé tes vacances cette année?,,,,d,A2,mixed,089
tricolore-2-5th-edition,writing,Exercise 8,1,short-answer,Est-ce que tu aimes le melon?,,,,,A2,mixed,089
tricolore-2-5th-edition,reading,Exercise 9a,1,matching,Image 1: deux pêches jaunes entières côte à côte.,,,,b,A2,mixed,089
tricolore-2-5th-edition,writing,Exercise 9b,1,writing-task,Tu as préparé la pêche Melba. Écris ce que tu as fait.,,,,(open-ended),A2,mixed,089
tricolore-2-5th-edition,reading,Exercise 4,2,multiple-choice,On (2a ont 2b as 2c a) cherché partout.,ont,as,a,ont,A2,mixed,089
tricolore-2-5th-edition,reading,Exercise 5,2,short-answer,des boissons froides et non alcoolisées (au moins deux),,,,"l'Orangina, les jus de fruit, la limonade, l'eau minérale, une menthe à l'eau, un citron pressé",A2,mixed,089
tricolore-2-5th-edition,writing,Exercise 7a,2,ordering,[[tu as]] [[des cartes postales]] [[Est-ce que]] [[écrit]] [[?]],,,,Est-ce que tu as écrit des cartes postales?,A2,mixed,089
tricolore-2-5th-edition,reading,Exercise 7c,2,matching,Est-ce que tu as écrit des cartes postales?,,,,f,A2,mixed,089
tricolore-2-5th-edition,writing,Exercise 8,2,short-answer,Est-ce que tu aimes le chocolat?,,,,,A2,mixed,089
tricolore-2-5th-edition,reading,Exercise 9a,2,matching,Image 2: un couteau coupe une pêche en tranches.,,,,d,A2,mixed,089
tricolore-2-5th-edition,reading,Exercise 4,3,multiple-choice,J'ai (3a appelé 3b choisi 3c acheté) Hercule pendant une demi-heure.,appelé,choisi,acheté,appelé,A2,mixed,089
tricolore-2-5th-edition,reading,Exercise 5,3,short-answer,des boissons alcoolisées (au moins deux),,,,"le vin, la bière, le cidre",A2,mixed,089
tricolore-2-5th-edition,writing,Exercise 7a,3,ordering,[[des sandwichs]] [[a]] [[Qui]] [[mangé]] [[?]],,,,Qui a mangé des sandwichs?,A2,mixed,089
tricolore-2-5th-edition,reading,Exercise 7c,3,matching,Qui a mangé des sandwichs?,,,,a,A2,mixed,089
tricolore-2-5th-edition,writing,Exercise 8,3,short-answer,Est-ce que tu aimes les hot-dogs?,,,,,A2,mixed,089
tricolore-2-5th-edition,reading,Exercise 9a,3,matching,Image 3: un verre à sundae avec du sirop rouge versé dedans.,,,,a,A2,mixed,089
tricolore-2-5th-edition,reading,Exercise 4,4,multiple-choice,"Ma mère a (4a attend[u] 4b entendu 4c vendu) quelque chose, mais ce n'était pas notre chat.",attendu,entendu,vendu,entendu,A2,mixed,089
tricolore-2-5th-edition,reading,Exercise 5,4,short-answer,des boissons gazeuses (au moins deux),,,,"l'eau gazeuse, l'Orangina, la limonade",A2,mixed,089
tricolore-2-5th-edition,writing,Exercise 7a,4,ordering,[[café]] [[Qu'est-ce que]] [[bu]] [[vous avez]] [[au]] [[?]],,,,Qu'est-ce que vous avez bu au café?,A2,mixed,089
tricolore-2-5th-edition,reading,Exercise 7c,4,matching,Qu'est-ce que vous avez bu au café?,,,,c,A2,mixed,089
tricolore-2-5th-edition,writing,Exercise 8,4,short-answer,Est-ce que tu aimes le déjeuner du dimanche?,,,,,A2,mixed,089
tricolore-2-5th-edition,reading,Exercise 9a,4,matching,"Image 4: une boule de glace, des tranches de pêche ajoutées.",,,,e,A2,mixed,089
tricolore-2-5th-edition,reading,Exercise 4,5,multiple-choice,Mon frère et ma sœur (5a ont 5b avons 5c avez) aidé aussi.,ont,avons,avez,ont,A2,mixed,089
tricolore-2-5th-edition,writing,Exercise 7a,5,ordering,[[vu]] [[Est-ce que]] [[hier soir]] [[le match]] [[tu as]] [[?]],,,,Est-ce que tu as vu le match hier soir?,A2,mixed,089
tricolore-2-5th-edition,reading,Exercise 7c,5,matching,Est-ce que tu as vu le match hier soir?,,,,b,A2,mixed,089
tricolore-2-5th-edition,writing,Exercise 8,5,short-answer,Est-ce que tu aimes les glaces?,,,,,A2,mixed,089
tricolore-2-5th-edition,reading,Exercise 9a,5,matching,"Image 5: de la crème, des framboises éparpillées dessus.",,,,g,A2,mixed,089
tricolore-2-5th-edition,reading,Exercise 4,6,multiple-choice,"Mon frère a (6a préparé 6b mangé 6c imaginé) le chat dans l'arbre, mais c'était un oiseau.",préparé,mangé,imaginé,imaginé,A2,mixed,089
tricolore-2-5th-edition,writing,Exercise 7a,6,ordering,[[en vacances]] [[Vous avez]] [[du beau temps]] [[eu]] [[?]],,,,Vous avez eu du beau temps en vacances?,A2,mixed,089
tricolore-2-5th-edition,reading,Exercise 7c,6,matching,Vous avez eu du beau temps en vacances?,,,,e,A2,mixed,089
tricolore-2-5th-edition,writing,Exercise 8,6,short-answer,Est-ce que tu aimes le gâteau au chocolat?,,,,,A2,mixed,089
tricolore-2-5th-edition,reading,Exercise 9a,6,matching,Image 6: une fourchette saupoudre des amandes effilées sur le dessus.,,,,f,A2,mixed,089
tricolore-2-5th-edition,reading,Exercise 4,7,multiple-choice,Ma sœur a (7a oublié 7b trouvé 7c lavé) une souris dans le jardin.,oublié,trouvé,lavé,trouvé,A2,mixed,089
tricolore-2-5th-edition,writing,Exercise 8,7,short-answer,Est-ce que tu aimes l'omelette aux champignons?,,,,,A2,mixed,089
tricolore-2-5th-edition,reading,Exercise 9a,7,matching,Image 7: deux enfants mangent la pêche Melba terminée ensemble.,,,,c,A2,mixed,089
tricolore-2-5th-edition,reading,Exercise 4,8,multiple-choice,"Enfin, mes parents (8a ai 8b a 8c ont) pensé à ouvrir la porte du garage.",ai,a,ont,ont,A2,mixed,089
tricolore-2-5th-edition,writing,Exercise 8,8,short-answer,Est-ce que tu aimes les repas au collège?,,,,,A2,mixed,089
tricolore-2-5th-edition,reading,Exercise 4,9,multiple-choice,Et voilà: nous avons (9a commandé 9b dessiné 9c trouvé) notre chat.,commandé,dessiné,trouvé,trouvé,A2,mixed,089
tricolore-2-5th-edition,writing,Exercise 7b,a,ordering,[[mangé]] [[Nous]] [[sandwichs]] [[des]] [[avons]] [[.]],,,,Nous avons mangé des sandwichs.,A2,mixed,089
tricolore-2-5th-edition,writing,Exercise 7b,b,ordering,"[[n'ai pas]] [[Non,]] [[je]] [[le match]] [[vu]] [[.]]",,,,"Non, je n'ai pas vu le match.",A2,mixed,089
tricolore-2-5th-edition,writing,Exercise 7b,c,ordering,"[[du coca]] [[bu]] [[on a]] [[Au café,]] [[.]]",,,,"Au café, on a bu du coca.",A2,mixed,089
tricolore-2-5th-edition,writing,Exercise 7b,d,ordering,[[J'ai]] [[en Bretagne]] [[une belle île]] [[découvert]] [[.]],,,,J'ai découvert une belle île en Bretagne.,A2,mixed,089
tricolore-2-5th-edition,writing,Exercise 7b,e,ordering,"[[toute la semaine]] [[mauvais]] [[fait]] [[Non,]] [[il a]] [[.]]",,,,"Non, il a fait mauvais toute la semaine.",A2,mixed,089
tricolore-2-5th-edition,writing,Exercise 7b,f,ordering,"[[beaucoup]] [[Oui,]] [[envoyé]] [[de]] [[j'ai]] [[cartes]] [[.]]",,,,"Oui, j'ai envoyé beaucoup de cartes.",A2,mixed,089
tricolore-2-5th-edition,reading,Exercise 1b,1,short-answer,Pierre et Sophie vont …,,,,à Paris (pour le weekend),A2,travel,090
tricolore-2-5th-edition,grammar,Exercise 2a,1,fill-in,Il est quatorze heures vingt.,,,,14h20,A2,travel,090
tricolore-2-5th-edition,writing,Exercise 2b,1,short-answer,Le train part à vingt heures dix.,,,,The train leaves at eight ten pm.,A2,travel,090
tricolore-2-5th-edition,reading,Exercise 1b,2,short-answer,Ils partent …,,,,samedi matin,A2,travel,090
tricolore-2-5th-edition,grammar,Exercise 2a,2,fill-in,Il est vingt-et-une heures quinze.,,,,21h15,A2,travel,090
tricolore-2-5th-edition,writing,Exercise 2b,2,short-answer,Je prends l'avion à vingt-deux heures.,,,,I'm taking the plane at ten pm (22:00).,A2,travel,090
tricolore-2-5th-edition,reading,Exercise 1b,3,short-answer,Ils prennent …,,,,le train,A2,travel,090
tricolore-2-5th-edition,grammar,Exercise 2a,3,fill-in,Il est dix-huit heures cinquante.,,,,18h50,A2,travel,090
tricolore-2-5th-edition,writing,Exercise 2b,3,short-answer,Il y a un bus à seize heures trente.,,,,There's a bus at four thirty pm (16:30).,A2,travel,090
tricolore-2-5th-edition,reading,Exercise 1b,4,short-answer,Lucie va …,,,,au Canada (avec le club de sports),A2,travel,090
tricolore-2-5th-edition,grammar,Exercise 2a,4,fill-in,Il est quinze heures trente-cinq.,,,,15h35,A2,travel,090
tricolore-2-5th-edition,writing,Exercise 2b,4,short-answer,Nous prenons le bateau de treize heures quarante.,,,,We're taking the one forty pm boat (13:40).,A2,travel,090
tricolore-2-5th-edition,reading,Exercise 1b,5,short-answer,Elle part …,,,,dimanche après-midi,A2,travel,090
tricolore-2-5th-edition,grammar,Exercise 2a,5,fill-in,Il est dix-neuf heures douze.,,,,19h12,A2,travel,090
tricolore-2-5th-edition,reading,Exercise 1b,6,short-answer,Elle prend …,,,,l'avion (de Paris à Montréal),A2,travel,090
tricolore-2-5th-edition,reading,Exercise 1b,7,short-answer,André et Claire vont …,,,,"en Angleterre (à Canterbury, dans le Kent)",A2,travel,090
tricolore-2-5th-edition,reading,Exercise 1b,8,short-answer,Ils partent …,,,,lundi prochain (vers sept heures du matin),A2,travel,090
tricolore-2-5th-edition,reading,Exercise 1b,9,short-answer,Ils prennent …,,,,le car et le bateau,A2,travel,090
tricolore-2-5th-edition,reading,Exercise 3b,1,short-answer,Il n'est pas encore neuf heures.,,,,,A2,travel,091
tricolore-2-5th-edition,listening,Exercise 3c,1,fill-in,"(1) ___ allers-retours pour (2) ___, s'il vous plaît.",,,,,A2,travel,091
tricolore-2-5th-edition,grammar,Dossier-langue (être),1,fill-in,"Copy and complete the verb être: je ___, tu ___, il/elle/on ___, nous ___, vous ___, ils/elles ___.",,,,,A2,travel,091
tricolore-2-5th-edition,reading,Exercise 3e,1,short-answer,I don't know,,,,Je ne sais pas,A2,travel,091
tricolore-2-5th-edition,reading,Exercise 3b,2,short-answer,Pierre et Sophie attendent devant le car.,,,,,A2,travel,091
tricolore-2-5th-edition,listening,Exercise 3c,2,fill-in,"(1) ___ allers-retours pour (2) ___, s'il vous plaît.",,,,,A2,travel,091
tricolore-2-5th-edition,reading,Exercise 3e,2,short-answer,before taking,,,,avant de prendre (le train),A2,travel,091
tricolore-2-5th-edition,reading,Exercise 3b,3,short-answer,Pierre arrive le dernier.,,,,,A2,travel,091
tricolore-2-5th-edition,listening,Exercise 3c,3,fill-in,"Voilà, (3) ___ euros.",,,,,A2,travel,091
tricolore-2-5th-edition,reading,Exercise 3e,3,short-answer,over there,,,,là-bas,A2,travel,091
tricolore-2-5th-edition,reading,Exercise 3b,4,short-answer,Martin a acheté les billets.,,,,,A2,travel,091
tricolore-2-5th-edition,listening,Exercise 3c,4,fill-in,Le prochain train pour (4) ___ part à quelle heure?,,,,,A2,travel,091
tricolore-2-5th-edition,reading,Exercise 3e,4,short-answer,now,,,,maintenant,A2,travel,091
tricolore-2-5th-edition,reading,Exercise 3b,5,short-answer,Ils cherchent le café.,,,,,A2,travel,091
tricolore-2-5th-edition,listening,Exercise 3c,5,fill-in,À (5) ___ .,,,,,A2,travel,091
tricolore-2-5th-edition,speaking,Exercise 4,a,speaking-task,"À deux, lisez la conversation.",,,,(open-ended),A2,travel,091
tricolore-2-5th-edition,speaking,Exercise 4,b,speaking-task,Inventez d'autres conversations en changeant les détails surlignés.,,,,(open-ended),A2,travel,091
tricolore-2-5th-edition,writing,Exercise 4,c,writing-task,Ajoutez deux questions et réponses à la conversation.,,,,(open-ended),A2,travel,091
tricolore-2-5th-edition,reading,Exercise 1,1,matching,On peut acheter des billets,,,,g,A2,travel,092
tricolore-2-5th-edition,listening,Exercise 2a,1,matching,Écris 1–6. Écoute et écris la bonne lettre.,,,,C,A2,travel,092
tricolore-2-5th-edition,speaking,Exercise 2b,1,speaking-task,Regarde les symboles. Qu'est-ce qu'on dit?,,,,(open-ended),A2,travel,092
tricolore-2-5th-edition,speaking,Phonétique,1,speaking-task,"Use what you know about pronunciation to say these words correctly: heure, horloge, huître, horaire, haut / chocolat, théâtre, championnat, thé, sympathique.",,,,(open-ended),A2,travel,092
tricolore-2-5th-edition,reading,Exercise 1,2,matching,On peut acheter des magazines,,,,,A2,travel,092
tricolore-2-5th-edition,listening,Exercise 2a,2,matching,Écoute et écris la bonne lettre.,,,,,A2,travel,092
tricolore-2-5th-edition,reading,Exercise 1,3,matching,"Pour acheter une boisson, il faut aller",,,,,A2,travel,092
tricolore-2-5th-edition,listening,Exercise 2a,3,matching,Écoute et écris la bonne lettre.,,,,,A2,travel,092
tricolore-2-5th-edition,reading,Exercise 1,4,matching,"Pour déjeuner ou dîner, on va",,,,,A2,travel,092
tricolore-2-5th-edition,listening,Exercise 2a,4,matching,Écoute et écris la bonne lettre.,,,,,A2,travel,092
tricolore-2-5th-edition,reading,Exercise 1,5,matching,"Pour laisser sa valise, il faut aller",,,,,A2,travel,092
tricolore-2-5th-edition,listening,Exercise 2a,5,matching,Écoute et écris la bonne lettre.,,,,,A2,travel,092
tricolore-2-5th-edition,reading,Exercise 1,6,matching,On peut s'asseoir,,,,,A2,travel,092
tricolore-2-5th-edition,listening,Exercise 2a,6,matching,Écoute et écris la bonne lettre.,,,,,A2,travel,092
tricolore-2-5th-edition,reading,Exercise 1,7,matching,"Pour prendre le train, on va",,,,,A2,travel,092
tricolore-2-5th-edition,reading,Exercise 1,8,matching,"Pour connaître les tarifs et les horaires, on va",,,,,A2,travel,092
tricolore-2-5th-edition,reading,Exercise 3,1,matching,Il veut acheter un billet.,,,,B,A2,travel,093
tricolore-2-5th-edition,listening,Exercise 4a,1,short-answer,Écoute et note l'heure de départ et le quai.,,,,"14h50, quai 3",A2,travel,093
tricolore-2-5th-edition,listening,Exercise 4b,1,matching,Écoute les voyageurs. Quel est le bon billet pour chaque voyageur?,,,,D,A2,travel,093
tricolore-2-5th-edition,reading,Exercise 5,1,matching,bonjour,,,,c,A2,travel,093
tricolore-2-5th-edition,listening,Exercise 6,1,multiple-choice,"Excusez-moi, (1) cette place est occupée?",madame,monsieur,,,A2,travel,093
tricolore-2-5th-edition,reading,Exercise 3,2,matching,Elle veut vérifier l'heure de départ de son train.,,,,,A2,travel,093
tricolore-2-5th-edition,listening,Exercise 4a,2,short-answer,Écoute et note l'heure de départ et le quai.,,,,,A2,travel,093
tricolore-2-5th-edition,listening,Exercise 4b,2,matching,Écoute les voyageurs. Quel est le bon billet pour chaque voyageur?,,,,,A2,travel,093
tricolore-2-5th-edition,reading,Exercise 5,2,matching,occupé,,,,,A2,travel,093
tricolore-2-5th-edition,listening,Exercise 6,2,multiple-choice,(2) ...,"Oui, elle est occupée","Non, c'est libre",,,A2,travel,093
tricolore-2-5th-edition,reading,Exercise 3,3,matching,Il veut attendre quelque part. Son train a du retard.,,,,,A2,travel,093
tricolore-2-5th-edition,listening,Exercise 4a,3,short-answer,Écoute et note l'heure de départ et le quai.,,,,,A2,travel,093
tricolore-2-5th-edition,listening,Exercise 4b,3,matching,Écoute les voyageurs. Quel est le bon billet pour chaque voyageur?,,,,,A2,travel,093
tricolore-2-5th-edition,reading,Exercise 5,3,matching,la sortie,,,,,A2,travel,093
tricolore-2-5th-edition,listening,Exercise 6,3,multiple-choice,Tu préfères la fenêtre ou le couloir? (3),La fenêtre,Le couloir,,,A2,travel,093
tricolore-2-5th-edition,reading,Exercise 3,4,matching,"Avant d'aller sur le quai, il faut composter son billet.",,,,,A2,travel,093
tricolore-2-5th-edition,listening,Exercise 4a,4,short-answer,Écoute et note l'heure de départ et le quai.,,,,,A2,travel,093
tricolore-2-5th-edition,listening,Exercise 4b,4,matching,Écoute les voyageurs. Quel est le bon billet pour chaque voyageur?,,,,,A2,travel,093
tricolore-2-5th-edition,reading,Exercise 5,4,matching,l'arrivée,,,,,A2,travel,093
tricolore-2-5th-edition,listening,Exercise 6,4,multiple-choice,Il y a de la place pour (4) là-bas.,nos bagages,nos valises,,,A2,travel,093
tricolore-2-5th-edition,reading,Exercise 3,5,matching,Elles veulent aller sur le quai et monter dans le train.,,,,,A2,travel,093
tricolore-2-5th-edition,listening,Exercise 4a,5,short-answer,Écoute et note l'heure de départ et le quai.,,,,,A2,travel,093
tricolore-2-5th-edition,listening,Exercise 4b,5,matching,Écoute les voyageurs. Quel est le bon billet pour chaque voyageur?,,,,,A2,travel,093
tricolore-2-5th-edition,reading,Exercise 5,5,matching,à l'heure,,,,,A2,travel,093
tricolore-2-5th-edition,listening,Exercise 6,5,multiple-choice,"Moi, je vais lire (5).",mon livre,mon magazine,,,A2,travel,093
tricolore-2-5th-edition,reading,Exercise 3,6,matching,"On va quitter la gare, alors il faut chercher la sortie.",,,,,A2,travel,093
tricolore-2-5th-edition,reading,Exercise 5,6,matching,un aller simple,,,,,A2,travel,093
tricolore-2-5th-edition,listening,Exercise 6,6,multiple-choice,"Et moi, je vais (6).",écouter mon iPod,écrire un texto,,,A2,travel,093
tricolore-2-5th-edition,speaking,Exercise 7,a,speaking-task,Lisez la conversation à deux.,,,,(open-ended),A2,travel,093
tricolore-2-5th-edition,speaking,Exercise 7,b,speaking-task,Inventez d'autres conversations.,,,,(open-ended),A2,travel,093
tricolore-2-5th-edition,writing,Exercise 7,c,writing-task,Inventez une conversation plus longue.,,,,(open-ended),A2,travel,093
tricolore-2-5th-edition,reading,Exercise 1a,1,short-answer,Where did Max go?,,,,To the Eiffel Tower,A2,travel,094
tricolore-2-5th-edition,writing,Exercise 1b,1,writing-task,Traduis quatre phrases au choix en anglais.,,,,(open-ended),A2,travel,094
tricolore-2-5th-edition,reading,Exercise 2,1,matching,Guillaume le Conquérant est né en Normandie.,,,,b,A2,travel,094
tricolore-2-5th-edition,grammar,Dossier-langue (être),1,fill-in,"Copy and complete the present tense of être: je …, tu es, il …, elle est, nous sommes, vous êtes, ils sont, elles sont.",,,,,A2,travel,094
tricolore-2-5th-edition,reading,Exercise 1a,2,short-answer,How did he travel there?,,,,By bus,A2,travel,094
tricolore-2-5th-edition,reading,Exercise 2,2,matching,Un oiseau est resté dans l'arbre.,,,,,A2,travel,094
tricolore-2-5th-edition,reading,Exercise 1a,3,short-answer,What did he do when he arrived?,,,,He went up to the second floor by the stairs,A2,travel,094
tricolore-2-5th-edition,reading,Exercise 2,3,matching,Le train est arrivé à l'heure.,,,,,A2,travel,094
tricolore-2-5th-edition,reading,Exercise 1a,4,short-answer,What happened later?,,,,His book fell from the top of the tower,A2,travel,094
tricolore-2-5th-edition,reading,Exercise 2,4,matching,Le chat est entré dans la cuisine.,,,,,A2,travel,094
tricolore-2-5th-edition,reading,Exercise 1a,5,short-answer,Is there a happy ending?,,,,Yes - he got his book back,A2,travel,094
tricolore-2-5th-edition,reading,Exercise 2,5,matching,L'ascenseur est monté au dixième étage.,,,,,A2,travel,094
tricolore-2-5th-edition,reading,Exercise 2,6,matching,Mon frère est allé en ville à deux heures.,,,,,A2,travel,094
tricolore-2-5th-edition,reading,Exercise 3,1,fill-in,"Quand Dani ___ à la maison vendredi dernier, il a trouvé ses parents très fatigués.",,,,,A2,home,095
tricolore-2-5th-edition,grammar,Exercise 4a,1,fill-in,Il est ___ (sortir) de la maison à dix heures.,,,,sorti,A2,travel,095
tricolore-2-5th-edition,reading,Exercise 4b,1,short-answer,À quelle heure est-ce que Kévin est arrivé au stade?,,,,,A2,travel,095
tricolore-2-5th-edition,writing,Exercise 4c,1,writing-task,"Tu es Kévin. Change les phrases 1, 2, 4, 7, 9, 10.",,,,(open-ended),A2,travel,095
tricolore-2-5th-edition,grammar,Exercise 4a,10,fill-in,Il ___ (arriver) au stade trente minutes après.,,,,,A2,travel,095
tricolore-2-5th-edition,grammar,Exercise 4a,2,fill-in,Il est ___ (aller) à la gare à vélo.,,,,,A2,travel,095
tricolore-2-5th-edition,reading,Exercise 4b,2,short-answer,Le match a commencé à quatorze heures. Est-ce que Kévin est arrivé avant le match?,,,,,A2,travel,095
tricolore-2-5th-edition,reading,Exercise 3,2a,fill-in,"Samedi matin, Dani ___ très tôt.",,,,,A2,home,095
tricolore-2-5th-edition,reading,Exercise 3,2b,fill-in,"Après une heure, il ___ avec un gros paquet.",,,,,A2,home,095
tricolore-2-5th-edition,reading,Exercise 3,3,fill-in,Puis il ___ chez un ami.,,,,,A2,home,095
tricolore-2-5th-edition,grammar,Exercise 4a,3,fill-in,Le train est ___ (entrer) en gare.,,,,,A2,travel,095
tricolore-2-5th-edition,reading,Exercise 4b,3,short-answer,Le voyage a duré combien de temps?,,,,,A2,travel,095
tricolore-2-5th-edition,reading,Exercise 3,4,fill-in,"D'abord, le robot ___ dans les chambres pour faire les lits.",,,,,A2,home,095
tricolore-2-5th-edition,grammar,Exercise 4a,4,fill-in,Kévin est ___ (monter) dans le train.,,,,,A2,travel,095
tricolore-2-5th-edition,reading,Exercise 3,5,fill-in,Puis il ___ à la cuisine pour chercher l'aspirateur.,,,,,A2,home,095
tricolore-2-5th-edition,grammar,Exercise 4a,5,fill-in,Le train ___ (partir) à dix heures quarante.,,,,,A2,travel,095
tricolore-2-5th-edition,reading,Exercise 3,6,fill-in,Un livre ___ par terre.,,,,,A2,home,095
tricolore-2-5th-edition,grammar,Exercise 4a,6,fill-in,"Vingt minutes après, le train ___ (tomber) en panne.",,,,,A2,travel,095
tricolore-2-5th-edition,grammar,Exercise 4a,7,fill-in,Kévin ___ (rester) dans le train pendant trente minutes.,,,,,A2,travel,095
tricolore-2-5th-edition,reading,Exercise 3,7a,fill-in,Dani ___ à six heures,,,,,A2,home,095
tricolore-2-5th-edition,reading,Exercise 3,7b,fill-in,il ___ dans le salon. Quelle horreur!,,,,,A2,home,095
tricolore-2-5th-edition,reading,Exercise 3,8,fill-in,"Lundi matin, Dani ___ très tôt, mais cette fois avec le robot.",,,,,A2,home,095
tricolore-2-5th-edition,grammar,Exercise 4a,8,fill-in,"Une heure plus tard, le train ___ (arriver) à la gare de Saint-Julien.",,,,,A2,travel,095
tricolore-2-5th-edition,grammar,Exercise 4a,9,fill-in,Kévin ___ (descendre) du train.,,,,,A2,travel,095
tricolore-2-5th-edition,listening,Exercise 1a,1,multiple-choice,"Le matin, Martin est resté …",au lit,au collège,à la maison,,A2,travel,096
tricolore-2-5th-edition,listening,Exercise 1b,1,fill-in,"Le matin, Émilie est restée …",,,,,A2,travel,096
tricolore-2-5th-edition,writing,Exercise 2,1,writing-task,"Si tu es une fille, copie le message de Zac, mais change les participes passés si nécessaire. Si tu es un garçon, copie le message de Marine, mais change les participes passés si nécessaire. Puis signe le message de ton nom.",,,,(open-ended),A2,travel,096
tricolore-2-5th-edition,listening,Exercise 1a,2,multiple-choice,Il est sorti …,à une heure,à deux heures,à trois heures et demie,,A2,travel,096
tricolore-2-5th-edition,listening,Exercise 1b,2,fill-in,Elle est sortie …,,,,,A2,travel,096
tricolore-2-5th-edition,listening,Exercise 1a,3,multiple-choice,Il est allé …,au centre sportif,à la patinoire,chez un ami,,A2,travel,096
tricolore-2-5th-edition,listening,Exercise 1b,3,fill-in,Elle est allée …,,,,,A2,travel,096
tricolore-2-5th-edition,listening,Exercise 1a,4,multiple-choice,Il est resté là-bas …,une heure,deux heures,trois heures,,A2,travel,096
tricolore-2-5th-edition,listening,Exercise 1b,4,fill-in,Elle est restée là-bas … heures.,,,,,A2,travel,096
tricolore-2-5th-edition,listening,Exercise 1a,5,multiple-choice,Il est rentré …,à vélo,en bus,en voiture,,A2,travel,096
tricolore-2-5th-edition,listening,Exercise 1b,5,fill-in,Elle est rentrée …,,,,,A2,travel,096
tricolore-2-5th-edition,speaking,Exercise 3a,a,speaking-task,"La personne A pose des questions (a–d), la personne B répond. Puis changez de rôle.",,,,(open-ended),A2,travel,096
tricolore-2-5th-edition,speaking,Exercise 3 (panels),a,speaking-task,Quand es-tu sorti(e)?,,,,(open-ended),A2,travel,096
tricolore-2-5th-edition,writing,Exercise 3b,b,writing-task,Copie les questions et écris tes réponses (vraies ou imaginaires).,,,,(open-ended),A2,travel,096
tricolore-2-5th-edition,speaking,Exercise 3 (panels),b,speaking-task,Où es-tu allé(e)?,,,,(open-ended),A2,travel,096
tricolore-2-5th-edition,writing,Exercise 3c,c,writing-task,Écris une conversation plus longue avec deux questions en plus.,,,,(open-ended),A2,travel,096
tricolore-2-5th-edition,speaking,Exercise 3 (panels),c,speaking-task,Tu es resté(e) longtemps là-bas?,,,,(open-ended),A2,travel,096
tricolore-2-5th-edition,speaking,Exercise 3 (panels),d,speaking-task,Comment es-tu rentré(e)?,,,,(open-ended),A2,travel,096
tricolore-2-5th-edition,grammar,Dossier-langue,1,short-answer,Find some examples of the past participle in the feminine and the plural on this page.,,,,(open-ended),A2,travel,097
tricolore-2-5th-edition,grammar,Exercise 5,1,matching,"Moi, je",,,,h,A2,travel,097
tricolore-2-5th-edition,grammar,Exercise 6,1,fill-in,"Tu (1) ___ au match hier soir, Jean-Pierre?",,,,es allé,A2,travel,097
tricolore-2-5th-edition,grammar,Exercise 5,2,matching,Tu,,,,,A2,travel,097
tricolore-2-5th-edition,grammar,Exercise 6,2,fill-in,"Oui, monsieur, bien sûr, je (2) ___ au match.",,,,,A2,travel,097
tricolore-2-5th-edition,grammar,Exercise 5,3,matching,Il,,,,,A2,travel,097
tricolore-2-5th-edition,grammar,Exercise 6,3,fill-in,"Nous aussi, monsieur, nous (3) ___ au match. C'était notre équipe favorite!",,,,,A2,travel,097
tricolore-2-5th-edition,grammar,Exercise 5,4,matching,Elle,,,,,A2,travel,097
tricolore-2-5th-edition,grammar,Exercise 6,4,fill-in,"Moi aussi, monsieur, je (4) ___ au match. C'était fantastique!",,,,,A2,travel,097
tricolore-2-5th-edition,grammar,Exercise 5,5,matching,Nous,,,,,A2,travel,097
tricolore-2-5th-edition,grammar,Exercise 6,5,fill-in,"Vous (5) ___ tous ___ au match? C'est curieux, ça.",,,,,A2,travel,097
tricolore-2-5th-edition,grammar,Exercise 5,6,matching,Vous,,,,,A2,travel,097
tricolore-2-5th-edition,grammar,Exercise 6,6,fill-in,"Moi aussi, je (6) ___ au match.",,,,,A2,travel,097
tricolore-2-5th-edition,grammar,Exercise 5,7,matching,Ils,,,,,A2,travel,097
tricolore-2-5th-edition,grammar,Exercise 5,8,matching,Elles,,,,,A2,travel,097
tricolore-2-5th-edition,reading,Exercise 4,a,matching,"Pendant le vol, Lucie a regardé un film, elle a lu son livre et elle a mangé un repas.",,,,,A2,travel,097
tricolore-2-5th-edition,reading,Exercise 4,b,matching,"Un peu plus tard, ils sont allés à la porte numéro huit pour le vol pour Montréal.",,,,,A2,travel,097
tricolore-2-5th-edition,reading,Exercise 4,c,matching,"Après six heures de vol, ils sont arrivés à Montréal. Il faisait nuit quand ils sont descendus de l'avion.",,,,,A2,travel,097
tricolore-2-5th-edition,reading,Exercise 4,d,matching,Lucie est allée à l'aéroport en car avec les autres membres du club.,,,,1,A2,travel,097
tricolore-2-5th-edition,reading,Exercise 4,e,matching,Ils sont montés dans l'avion et l'avion est parti à l'heure.,,,,,A2,travel,097
tricolore-2-5th-edition,reading,Exercise 4,f,matching,Ils sont allés au guichet d'Air France pour les formalités et pour laisser les bagages.,,,,,A2,travel,097
tricolore-2-5th-edition,writing,Exercise 1a,1,fill-in,Je suis ___ (1 arriver) au collège avec Claire à 6h30.,,,,,A2,travel,098
tricolore-2-5th-edition,writing,Exercise 1b,1,fill-in,Nous (1) ___ partis à l'heure,,,,,A2,travel,098
tricolore-2-5th-edition,listening,Exercise 2a,1,matching,Écris 1–8. Écoute et note la bonne lettre.,,,,F,A2,travel,098
tricolore-2-5th-edition,writing,Exercise 1a,10,fill-in,"nous sommes ___ (10 aller) à Canterbury, où nous avons rencontré les familles anglaises.",,,,,A2,travel,098
tricolore-2-5th-edition,writing,Exercise 1a,2,fill-in,je suis ___ (2 monter) dans le car avec les autres élèves.,,,,,A2,travel,098
tricolore-2-5th-edition,writing,Exercise 1b,2,fill-in,nous (2) ___ arrivés à Canterbury à cinq heures du soir.,,,,,A2,travel,098
tricolore-2-5th-edition,listening,Exercise 2a,2,matching,Écoute et note la bonne lettre.,,,,,A2,travel,098
tricolore-2-5th-edition,writing,Exercise 1a,3,fill-in,Le car est ___ (3 partir) à 7h00.,,,,,A2,travel,098
tricolore-2-5th-edition,writing,Exercise 1b,3,fill-in,"André (3) ___ parti chez Daniel,",,,,,A2,travel,098
tricolore-2-5th-edition,listening,Exercise 2a,3,matching,Écoute et note la bonne lettre.,,,,,A2,travel,098
tricolore-2-5th-edition,writing,Exercise 1a,4,fill-in,nous sommes ___ (4 arriver) à Calais avec une heure de retard.,,,,,A2,travel,098
tricolore-2-5th-edition,writing,Exercise 1b,4,fill-in,"moi, je (4) ___ rentrée ici avec Katy.",,,,,A2,travel,098
tricolore-2-5th-edition,listening,Exercise 2a,4,matching,Écoute et note la bonne lettre.,,,,,A2,travel,098
tricolore-2-5th-edition,writing,Exercise 1a,5,fill-in,nous sommes ___ (5 descendre) du car,,,,,A2,travel,098
tricolore-2-5th-edition,writing,Exercise 1b,5,fill-in,nous (5) ___ sortis ensemble,,,,,A2,travel,098
tricolore-2-5th-edition,listening,Exercise 2a,5,matching,Écoute et note la bonne lettre.,,,,,A2,travel,098
tricolore-2-5th-edition,writing,Exercise 1a,6,fill-in,nous sommes ___ (6 monter) sur le bateau.,,,,,A2,travel,098
tricolore-2-5th-edition,writing,Exercise 1b,6,fill-in,"hier soir, les garçons (6) ___ venus ici pour une petite soirée.",,,,,A2,travel,098
tricolore-2-5th-edition,listening,Exercise 2a,6,matching,Écoute et note la bonne lettre.,,,,,A2,travel,098
tricolore-2-5th-edition,writing,Exercise 1a,7,fill-in,nous sommes ___ (7 arriver) à Douvres.,,,,,A2,travel,098
tricolore-2-5th-edition,listening,Exercise 2a,7,matching,Écoute et note la bonne lettre.,,,,,A2,travel,098
tricolore-2-5th-edition,writing,Exercise 1a,8,fill-in,nous sommes ___ (8 aller) au château.,,,,,A2,travel,098
tricolore-2-5th-edition,listening,Exercise 2a,8,matching,Écoute et note la bonne lettre.,,,,,A2,travel,098
tricolore-2-5th-edition,writing,Exercise 1a,9,fill-in,Nous sommes ___ (9 rester) une heure au château.,,,,,A2,travel,098
tricolore-2-5th-edition,speaking,Exercise 2b,b,speaking-task,"À deux: la personne A décrit un dessin de son choix, la personne B devine le dessin décrit.",,,,(open-ended),A2,travel,098
tricolore-2-5th-edition,writing,Exercise 2c,c,writing-task,Écris une phrase pour décrire quatre dessins au choix.,,,,(open-ended),A2,travel,098
tricolore-2-5th-edition,writing,Exercise 2d,d,writing-task,Écris une phrase pour chaque dessin.,,,,(open-ended),A2,travel,098
tricolore-2-5th-edition,writing,Exercise 3,1,fill-in,"Un jour, nous sommes ___ très tôt. (sortir)",,,,,A2,travel,099
tricolore-2-5th-edition,listening,Exercise 4,1,multiple-choice,Où est-ce que Claire est allée?,au château,dans un parc d'attractions,à la cathédrale,dans un parc d'attractions,A2,travel,099
tricolore-2-5th-edition,writing,Exercise 3,10,fill-in,Et nous sommes ___ à Canterbury. (rentrer),,,,,A2,travel,099
tricolore-2-5th-edition,writing,Exercise 3,2,fill-in,Nous sommes ___ à Londres en car. (aller),,,,,A2,travel,099
tricolore-2-5th-edition,listening,Exercise 4,2,multiple-choice,Quand est-elle partie?,à huit heures et demie,à neuf heures et demie,à dix heures,,A2,travel,099
tricolore-2-5th-edition,writing,Exercise 3,3,fill-in,Nous sommes ___ près de Buckingham Palace. (descendre),,,,,A2,travel,099
tricolore-2-5th-edition,listening,Exercise 4,3,multiple-choice,Qui est venu aussi?,le prof de Claire,le cousin de Claire,le frère de Claire,,A2,travel,099
tricolore-2-5th-edition,writing,Exercise 3,4,fill-in,"Ensuite, nous sommes ___ à Westminster à pied. (aller)",,,,,A2,travel,099
tricolore-2-5th-edition,listening,Exercise 4,4,multiple-choice,Ils sont restés là-bas longtemps?,deux heures,toute la journée,tout l'après-midi,,A2,travel,099
tricolore-2-5th-edition,writing,Exercise 3,5,fill-in,Nous avons ___ le Parlement et Big Ben. (voir),,,,,A2,travel,099
tricolore-2-5th-edition,listening,Exercise 4,5,multiple-choice,Ils sont rentrés à quelle heure?,à cinq heures,à six heures et demie,à sept heures et demie,,A2,travel,099
tricolore-2-5th-edition,writing,Exercise 3,6,fill-in,"À midi, nous avons ___ un piquenique dans un parc. (faire)",,,,,A2,travel,099
tricolore-2-5th-edition,writing,Exercise 3,7,fill-in,Puis nous sommes ___ à la Tour de Londres en bateau. (aller),,,,,A2,travel,099
tricolore-2-5th-edition,writing,Exercise 3,8,fill-in,Nous sommes ___ là-bas tout l'après-midi. (rester),,,,,A2,travel,099
tricolore-2-5th-edition,writing,Exercise 3,9,fill-in,"Enfin, nous sommes ___ dans le car. (remonter)",,,,,A2,travel,099
tricolore-2-5th-edition,speaking,Exercise 5a,a,speaking-task,"À deux, lisez la conversation, puis changez les mots en couleur.",,,,(open-ended),A2,travel,099
tricolore-2-5th-edition,writing,Exercise 5b,b,writing-task,Tu as passé une journée dans une ville différente. Écris cinq phrases.,,,,(open-ended),A2,travel,099
tricolore-2-5th-edition,writing,Exercise 5c,c,writing-task,Écris une description plus longue avec beaucoup de détails.,,,,(open-ended),A2,travel,099
tricolore-2-5th-edition,reading,Exercise 1a,1,multiple-choice,Ils ont voyagé en (1) ___ .,train,car,voiture,car,A2,vacation,100
tricolore-2-5th-edition,reading,Exercise 1b,1,short-answer,Traduis en anglais le paragraphe qui commence par 'Le matin…',,,,(open-ended),A2,vacation,100
tricolore-2-5th-edition,reading,Exercise 2,1,short-answer,Qui est allé à Bayeux?,,,,Sébastien,A2,vacation,100
tricolore-2-5th-edition,reading,Exercise 1a,2,multiple-choice,ils sont partis vers (2) ___ heures.,huit,neuf,dix,,A2,vacation,100
tricolore-2-5th-edition,reading,Exercise 2,2,short-answer,Qui est beaucoup tombé en faisant du ski?,,,,Lucie,A2,vacation,100
tricolore-2-5th-edition,reading,Exercise 1a,3,multiple-choice,Ils ont vu (3) ___ .,l'aquarium,l'église,le château,,A2,vacation,100
tricolore-2-5th-edition,reading,Exercise 2,3,short-answer,Qui a fait demi-tour pour aller chercher les billets de train?,,,,Mélanie,A2,vacation,100
tricolore-2-5th-edition,reading,Exercise 1a,4,multiple-choice,ils y sont restés environ (4) ___ heures.,deux,trois,quatre,,A2,vacation,100
tricolore-2-5th-edition,reading,Exercise 2,4,short-answer,Qui a visité un musée?,,,,Sébastien,A2,vacation,100
tricolore-2-5th-edition,reading,Exercise 1a,5,multiple-choice,ils ont fait un piquenique (5) ___ .,sur la plage,dans le parc,près du château,,A2,vacation,100
tricolore-2-5th-edition,reading,Exercise 2,5,short-answer,Qui a participé à un concours de natation?,,,,Lucie,A2,vacation,100
tricolore-2-5th-edition,reading,Exercise 1a,6,multiple-choice,Les élèves sont rentrés à Canterbury vers (6) ___ heures.,cinq,six,sept,,A2,vacation,100
tricolore-2-5th-edition,reading,Exercise 2,6,short-answer,Qui a manqué le train?,,,,Mélanie,A2,vacation,100
tricolore-2-5th-edition,reading,Exercise 2,7,short-answer,Qui a pris beaucoup de photos?,,,,Lucie,A2,vacation,100
tricolore-2-5th-edition,reading,Exercise 2,8,short-answer,Qui est rentré tôt à Paris?,,,,Mélanie,A2,vacation,100
tricolore-2-5th-edition,writing,Exercise 3,1,writing-task,Écris une carte postale.,,,,(open-ended),A2,vacation,101
tricolore-2-5th-edition,reading,Exercise 4,1,short-answer,Where was he from?,,,,"Falaise, in Normandy",A2,none,101
tricolore-2-5th-edition,speaking,Phonétique,1,speaking-task,"Practise the letter 'g': gentil, girafe, gymnastique / gare, goûter, Guillaume.",,,,(open-ended),A2,none,101
tricolore-2-5th-edition,reading,Exercise 4,2,short-answer,How old was he when he became a duke?,,,,Seven years old,A2,none,101
tricolore-2-5th-edition,reading,Exercise 4,3,short-answer,What was the name of his wife?,,,,Mathilde de Flandre,A2,none,101
tricolore-2-5th-edition,reading,Exercise 4,4,short-answer,When did he invade England?,,,,1066,A2,none,101
tricolore-2-5th-edition,reading,Exercise 4,5,short-answer,How big was his army?,,,,600 ships and 7000 men,A2,none,101
tricolore-2-5th-edition,reading,Exercise 4,6,short-answer,On what day was he crowned king of England?,,,,25 December 1066,A2,none,101
tricolore-2-5th-edition,reading,Exercise 4,7,short-answer,How many children did he have?,,,,Ten (four sons and six daughters),A2,none,101
tricolore-2-5th-edition,reading,Exercise 4,8,short-answer,How many of his sons became king of England after William's death?,,,,Two,A2,none,101
tricolore-2-5th-edition,speaking,Exercise 1,1,speaking-task,Qui a fait le voyage?,,,,(open-ended),A2,travel,102
tricolore-2-5th-edition,writing,Exercise 2,1,writing-task,Écris un article sur un voyage que tu as fait. Si possible ajoute des photos.,,,,(open-ended),A2,travel,102
tricolore-2-5th-edition,speaking,Exercise 1,2,speaking-task,Quand êtes-vous partis?,,,,(open-ended),A2,travel,102
tricolore-2-5th-edition,speaking,Exercise 1,3,speaking-task,Comment avez-vous voyagé?,,,,(open-ended),A2,travel,102
tricolore-2-5th-edition,speaking,Exercise 1,4,speaking-task,Où êtes-vous allés?,,,,(open-ended),A2,travel,102
tricolore-2-5th-edition,speaking,Exercise 1,5,speaking-task,C'était comment?,,,,(open-ended),A2,travel,102
tricolore-2-5th-edition,speaking,Exercise 1,6,speaking-task,Qu'est-ce que vous avez fait?,,,,(open-ended),A2,travel,102
tricolore-2-5th-edition,reading,Exercise a,1,short-answer,Why did M. Dugrand telephone Louis Laloupe?,,,,Because he had been burgled - thieves stole his new stock of watches,A2,none,104
tricolore-2-5th-edition,reading,Exercise b,1,short-answer,tard,,,,de bonne heure,A2,none,104
tricolore-2-5th-edition,reading,Exercise a,2,short-answer,What clue did Louis Laloupe find in the shop?,,,,A key lying on the floor,A2,none,104
tricolore-2-5th-edition,reading,Exercise b,2,short-answer,derrière,,,,,A2,none,104
tricolore-2-5th-edition,reading,Exercise a,3,short-answer,Did Louis Laloupe and his dog stay in the town?,,,,"No, they went out into the countryside",A2,none,104
tricolore-2-5th-edition,reading,Exercise b,3,short-answer,à gauche,,,,à droite,A2,none,104
tricolore-2-5th-edition,reading,Exercise a,4,short-answer,Where did the dog stop?,,,,In front of a small house,A2,none,104
tricolore-2-5th-edition,reading,Exercise b,4,short-answer,lentement,,,,vite,A2,none,104
tricolore-2-5th-edition,reading,Exercise a,5,short-answer,What did Louis Laloupe do next?,,,,He quietly opened the door with the key,A2,none,104
tricolore-2-5th-edition,reading,Exercise b,5,short-answer,il est entré,,,,il est sorti,A2,none,104
tricolore-2-5th-edition,reading,Exercise a,6,short-answer,What did the burglar do when he saw Louis Laloupe?,,,,He looked for his revolver,A2,none,104
tricolore-2-5th-edition,reading,Exercise b,6,short-answer,il s'est levé,,,,il s'est couché,A2,none,104
tricolore-2-5th-edition,reading,Exercise a,7,short-answer,How did the dog help?,,,,It jumped on the burglar so the revolver fell to the ground,A2,none,104
tricolore-2-5th-edition,reading,Exercise a,8,short-answer,What happened in the end?,,,,Louis Laloupe woke up - it was all a dream,A2,none,104
tricolore-2-5th-edition,reading,Exercise a,1,matching,la frontière,,,,b,A2,travel,105
tricolore-2-5th-edition,reading,Exercise b,1,short-answer,Which three capitals does Eurostar serve?,,,,"London, Paris, Brussels",A2,travel,105
tricolore-2-5th-edition,reading,Les sigles,1,matching,la SNCF,,,,a,A2,travel,105
tricolore-2-5th-edition,reading,Les sigles (wordplay),1,short-answer,The groups of letters below make words when pronounced in French. Can you work them out? NRJ / ID,,,,NRJ = énergie; ID = idée,A2,travel,105
tricolore-2-5th-edition,reading,Chanson Paris-Genève,1,fill-in,"J'ai mon billet, faut le ___.",,,,composter,A2,travel,105
tricolore-2-5th-edition,reading,Exercise a,2,matching,rouler,,,,f,A2,travel,105
tricolore-2-5th-edition,reading,Exercise b,2,short-answer,What is the top speed?,,,,300 km/h (186 mph),A2,travel,105
tricolore-2-5th-edition,reading,Les sigles,2,matching,l'EPS,,,,d,A2,travel,105
tricolore-2-5th-edition,reading,Chanson Paris-Genève,2,fill-in,Encore cinq minutes dans la salle ___.,,,,d'attente,A2,travel,105
tricolore-2-5th-edition,reading,Exercise a,3,matching,une correspondance,,,,d,A2,travel,105
tricolore-2-5th-edition,reading,Exercise b,3,short-answer,Do the trains travel faster or slower when they go through the tunnels?,,,,Slower,A2,travel,105
tricolore-2-5th-edition,reading,Les sigles,3,matching,GB,,,,b,A2,travel,105
tricolore-2-5th-edition,reading,Chanson Paris-Genève,3,fill-in,"Pardon monsieur, de quel quai part le ___?",,,,train,A2,travel,105
tricolore-2-5th-edition,reading,Exercise a,4,matching,moins vite,,,,c,A2,travel,105
tricolore-2-5th-edition,reading,Exercise b,4,short-answer,About how long does it take to travel from London to Paris?,,,,About 2h15 (2 hours 15 minutes),A2,travel,105
tricolore-2-5th-edition,reading,Les sigles,4,matching,un TGV,,,,e,A2,travel,105
tricolore-2-5th-edition,reading,Chanson Paris-Genève,4,fill-in,"Je prends du pain, bois une ___,",,,,limonade,A2,travel,105
tricolore-2-5th-edition,reading,Exercise a,5,matching,en moyenne,,,,a,A2,travel,105
tricolore-2-5th-edition,reading,Les sigles,5,matching,une BD,,,,c,A2,travel,105
tricolore-2-5th-edition,reading,Chanson Paris-Genève,5,fill-in,"Oh ben, dis donc! Où est ma ___?",,,,valise,A2,travel,105
tricolore-2-5th-edition,reading,Exercise a,6,matching,la vitesse,,,,e,A2,travel,105
tricolore-2-5th-edition,reading,Chanson Paris-Genève,6,fill-in,La fille en face – c'est une ___!,,,,copine,A2,travel,105
tricolore-2-5th-edition,reading,Chanson Paris-Genève,7,fill-in,"Nous y allons en ___,",,,,TGV,A2,travel,105
tricolore-2-5th-edition,reading,Chanson Paris-Genève,8,fill-in,Nous arrivons à Genève en ___.,,,,Suisse,A2,travel,105
tricolore-2-5th-edition,reading,Exercise 1a,1,fill-in,Ma (1)___ verte avec mon (2)___ bleu? Non.,,,,,A2,shopping,106
tricolore-2-5th-edition,speaking,Exercise 2,1,speaking-task,"Qu'est-ce que tu vas mettre pour la fête? (À deux, choisissez quatre nombres et inventez des conversations.)",,,,(open-ended),A2,shopping,106
tricolore-2-5th-edition,reading,Exercise 1a,10,fill-in,Voici ma (10)___ grise.,,,,,A2,shopping,106
tricolore-2-5th-edition,reading,Exercise 1a,2,fill-in,Ma (1)___ verte avec mon (2)___ bleu? Non.,,,,,A2,shopping,106
tricolore-2-5th-edition,reading,Exercise 1a,3,fill-in,"Ma (3)___ noire avec mon (4)___ jaune? Oh non, pas ça!",,,,,A2,shopping,106
tricolore-2-5th-edition,reading,Exercise 1a,4,fill-in,"Ma (3)___ noire avec mon (4)___ jaune? Oh non, pas ça!",,,,,A2,shopping,106
tricolore-2-5th-edition,reading,Exercise 1a,5,fill-in,Mes (5)___ blanches? Non.,,,,,A2,shopping,106
tricolore-2-5th-edition,reading,Exercise 1a,6,fill-in,Tu aimes mon (6)___ rouge avec la (7)___ noire?,,,,,A2,shopping,106
tricolore-2-5th-edition,reading,Exercise 1a,7,fill-in,Tu aimes mon (6)___ rouge avec la (7)___ noire?,,,,,A2,shopping,106
tricolore-2-5th-edition,reading,Exercise 1a,8,fill-in,Voici mon nouveau (8)___.,,,,,A2,shopping,106
tricolore-2-5th-edition,reading,Exercise 1a,9,fill-in,J'ai des (9)___ noires.,,,,,A2,shopping,106
tricolore-2-5th-edition,listening,Exercise 1b,b,open-ended,Écoute et vérifie.,,,,(open-ended),A2,shopping,106
tricolore-2-5th-edition,listening,Exercise 3b,1,matching,Regarde ta liste (exercice 3a) et écoute. Décide qui parle.,,,,Noé,A2,shopping,107
tricolore-2-5th-edition,grammar,Dossier-langue (mettre),1,fill-in,je met___ nous mettons,,,,,A2,shopping,107
tricolore-2-5th-edition,listening,Exercise 3b,2,matching,Décide qui parle.,,,,,A2,shopping,107
tricolore-2-5th-edition,grammar,Dossier-langue (mettre),2,fill-in,tu met___ vous mett___,,,,,A2,shopping,107
tricolore-2-5th-edition,listening,Exercise 3b,3,matching,Décide qui parle.,,,,,A2,shopping,107
tricolore-2-5th-edition,grammar,Dossier-langue (mettre),3,fill-in,il/elle/on met ils/elles mett___,,,,,A2,shopping,107
tricolore-2-5th-edition,listening,Exercise 3b,4,matching,Décide qui parle.,,,,,A2,shopping,107
tricolore-2-5th-edition,listening,Exercise 3b,5,matching,Décide qui parle.,,,,,A2,shopping,107
tricolore-2-5th-edition,listening,Exercise 3b,6,matching,Décide qui parle.,,,,,A2,shopping,107
tricolore-2-5th-edition,listening,Exercise 3b,7,matching,Décide qui parle.,,,,,A2,shopping,107
tricolore-2-5th-edition,listening,Exercise 3b,8,matching,Décide qui parle.,,,,,A2,shopping,107
tricolore-2-5th-edition,reading,Exercise 3a,Hassan,short-answer,Trouve les bonnes images pour Hassan et écris une liste de vêtements.,,,,,A2,shopping,107
tricolore-2-5th-edition,reading,Exercise 3a,Laura,short-answer,Trouve les bonnes images pour Laura et écris une liste de vêtements.,,,,"7 (une chemise noire), 8 (une veste rouge), …",A2,shopping,107
tricolore-2-5th-edition,reading,Exercise 3a,Leila,short-answer,Trouve les bonnes images pour Leila et écris une liste de vêtements.,,,,,A2,shopping,107
tricolore-2-5th-edition,reading,Exercise 3a,Noé,short-answer,Trouve les bonnes images pour Noé et écris une liste de vêtements.,,,,,A2,shopping,107
tricolore-2-5th-edition,speaking,Exercise 4a,a,speaking-task,Qu'est-ce que tu mets pour aller à la piscine? quand il fait chaud/froid? quand il pleut? Qu'est-ce que tu as mis pour aller au collège? hier matin/soir? samedi dernier? pour aller à la fête?,,,,(open-ended),A2,shopping,107
tricolore-2-5th-edition,writing,Exercise 4b,b,writing-task,Écris tes réponses.,,,,(open-ended),A2,shopping,107
tricolore-2-5th-edition,writing,Exercise 3c,c,writing-task,Écris les vêtements de l'exercice 3a.,,,,une casquette,A2,shopping,107
tricolore-2-5th-edition,writing,Exercise 1b,1,fill-in,Je suis ___. J'ai les cheveux ___ et ___ en ___. Je ne porte pas de ___. J'ai mis ___.,,,,,A2,personal-info,108
tricolore-2-5th-edition,reading,Exercise 2a,1,short-answer,carré,,,,square-shaped,A2,personal-info,108
tricolore-2-5th-edition,writing,Exercise 2b,1,writing-task,"Invente des dessins comme ça pour illustrer ces mots: grand/grande, jeune, fort/forte, long/longue, vieux/vieille.",,,,(open-ended),A2,personal-info,108
tricolore-2-5th-edition,grammar,Dossier-langue,1,short-answer,"From pages 104–106 find two adjectives which are masculine singular, masculine plural, feminine singular, feminine plural.",,,,(open-ended),A2,personal-info,108
tricolore-2-5th-edition,reading,Exercise 2a,2,short-answer,mince,,,,slim,A2,personal-info,108
tricolore-2-5th-edition,reading,Exercise 2a,3,short-answer,petit,,,,small,A2,personal-info,108
tricolore-2-5th-edition,reading,Exercise 2a,4,short-answer,rond,,,,,A2,personal-info,108
tricolore-2-5th-edition,reading,Exercise 2a,5,short-answer,gros,,,,"big, fat",A2,personal-info,108
tricolore-2-5th-edition,reading,Exercise 1a,Arthur,short-answer,"J'ai les cheveux noirs, courts et raides. J'ai les yeux marron et je porte des lunettes. Je suis assez grand. Je porte un pull vert.",,,,"J'ai les cheveux bruns, …",A2,personal-info,108
tricolore-2-5th-edition,reading,Exercise 1a,Gabriel,short-answer,"Je suis de taille moyenne. J'ai les cheveux courts et frisés, en queue de cheval, et j'ai les yeux verts. Je porte un sweat blanc avec le logo de mon club de VTT. Je ne porte pas de lunettes.",,,,,A2,personal-info,108
tricolore-2-5th-edition,reading,Exercise 1a,Rabiah,short-answer,Je suis très petite. J'ai les cheveux blonds et frisés en queue de cheval. J'ai les yeux bleus. Je porte des lunettes et j'ai mis un tee-shirt jaune.,,,,,A2,personal-info,108
tricolore-2-5th-edition,reading,Exercise 3a,1,multiple-choice,Il est ___ .,grand,petit,de taille moyenne,grand,A2,personal-info,109
tricolore-2-5th-edition,reading,Exercise 3a,10,multiple-choice,Elle porte des chaussures ___ .,brunes,blanches,rouges,rouges,A2,personal-info,109
tricolore-2-5th-edition,listening,Exercise 4,1a,fill-in,Anne-Marie a les cheveux (a) ___,,,,blonds,A2,personal-info,109
tricolore-2-5th-edition,listening,Exercise 4,1b,fill-in,et (b) ___,,,,,A2,personal-info,109
tricolore-2-5th-edition,listening,Exercise 4,1c,fill-in,et les yeux (c) ___.,,,,,A2,personal-info,109
tricolore-2-5th-edition,listening,Exercise 4,1d,fill-in,"Elle va mettre un pantalon (d) ___,",,,,,A2,personal-info,109
tricolore-2-5th-edition,listening,Exercise 4,1e,fill-in,un pull (e) ___,,,,,A2,personal-info,109
tricolore-2-5th-edition,listening,Exercise 4,1f,fill-in,et un imper (f) ___.,,,,,A2,personal-info,109
tricolore-2-5th-edition,reading,Exercise 3a,2,multiple-choice,Il a les yeux ___ .,verts,gris,bleus,bleus,A2,personal-info,109
tricolore-2-5th-edition,listening,Exercise 4,2g,fill-in,Charlotte porte une robe (g) ___,,,,,A2,personal-info,109
tricolore-2-5th-edition,listening,Exercise 4,2h,fill-in,et un chapeau (h) ___.,,,,,A2,personal-info,109
tricolore-2-5th-edition,reading,Exercise 3a,3,multiple-choice,Il a les cheveux ___ .,courts,frisés,longs,courts,A2,personal-info,109
tricolore-2-5th-edition,listening,Exercise 4,3i,fill-in,"David porte un jean, un (i) ___ bleu",,,,,A2,personal-info,109
tricolore-2-5th-edition,listening,Exercise 4,3j,fill-in,et un anorak (j) ___.,,,,,A2,personal-info,109
tricolore-2-5th-edition,reading,Exercise 3a,4,multiple-choice,Il a un visage ___ .,rond,long,carré,carré,A2,personal-info,109
tricolore-2-5th-edition,reading,Exercise 3a,5,multiple-choice,Il porte un imper ___ .,brun,blanc,noir,blanc,A2,personal-info,109
tricolore-2-5th-edition,reading,Exercise 3a,6,multiple-choice,Elle est ___ .,grosse,mince,de taille moyenne,de taille moyenne,A2,personal-info,109
tricolore-2-5th-edition,reading,Exercise 3a,7,multiple-choice,Elle a les yeux ___ .,marron,gris,verts,gris,A2,personal-info,109
tricolore-2-5th-edition,reading,Exercise 3a,8,multiple-choice,Elle porte une tenue ___ .,blanche,noire,rouge,noire,A2,personal-info,109
tricolore-2-5th-edition,reading,Exercise 3a,9,multiple-choice,Elle a les cheveux ___ .,blonds,noirs,bruns,noirs,A2,personal-info,109
tricolore-2-5th-edition,speaking,Exercise 5a,a,speaking-task,À deux: la personne A décrit quelqu'un des pages 104–106. La personne B devine qui c'est.,,,,(open-ended),A2,personal-info,109
tricolore-2-5th-edition,writing,Exercise 3b,b,writing-task,Dessine une affiche pour rechercher un voleur ou une voleuse.,,,,(open-ended),A2,personal-info,109
tricolore-2-5th-edition,writing,Exercise 5b,b,writing-task,Écris la description d'un(e) ami(e) ou d'un membre de ta famille.,,,,(open-ended),A2,personal-info,109
tricolore-2-5th-edition,reading,Exercise 1,1,short-answer,On le met quand on va à la piscine.,,,,un maillot de bain,A2,shopping,110
tricolore-2-5th-edition,grammar,Exercise 2,1,matching,C'est ma casquette.,,,,d,A2,shopping,110
tricolore-2-5th-edition,grammar,Dossier-langue,1,short-answer,"Can you work out the meaning of le, la, l' and les as used in these definitions?",,,,"Le, la and l' mean 'it'; les means 'them'.",A2,shopping,110
tricolore-2-5th-edition,reading,Exercise 1,2,short-answer,Beaucoup de personnes le mettent quand il pleut.,,,,un imperméable,A2,shopping,110
tricolore-2-5th-edition,grammar,Exercise 2,2,matching,Voici mon maillot de bain.,,,,f,A2,shopping,110
tricolore-2-5th-edition,reading,Exercise 1,3,short-answer,"On les achète en paires, mais ce ne sont pas des chaussures.",,,,des chaussettes,A2,shopping,110
tricolore-2-5th-edition,grammar,Exercise 2,3,matching,J'adore les bandes dessinées.,,,,b,A2,shopping,110
tricolore-2-5th-edition,reading,Exercise 1,4,short-answer,On l'achète souvent comme cadeau d'anniversaire pour son père ou son oncle. Ça existe dans toutes les couleurs.,,,,une cravate,A2,shopping,110
tricolore-2-5th-edition,grammar,Exercise 2,4,matching,Tu aimes le coca?,,,,c,A2,shopping,110
tricolore-2-5th-edition,reading,Exercise 1,5,short-answer,C'est une sorte de chapeau. Mon frère la met souvent.,,,,une casquette,A2,shopping,110
tricolore-2-5th-edition,grammar,Exercise 2,5,matching,Je cherche mes baskets.,,,,a,A2,shopping,110
tricolore-2-5th-edition,reading,Exercise 1,6,short-answer,"On les met aux pieds, surtout quand il fait froid, mais ce ne sont pas des chaussettes.",,,,des bottes,A2,shopping,110
tricolore-2-5th-edition,grammar,Exercise 2,6,matching,Je n'aime pas le poisson.,,,,e,A2,shopping,110
tricolore-2-5th-edition,reading,Exercise 1,7,short-answer,On la met avec un jean et quelquefois avec une jupe ou un pantalon.,,,,une ceinture,A2,shopping,110
tricolore-2-5th-edition,reading,Exercise 1,8,short-answer,"On les met quand il y a du soleil, même si on ne porte pas de lunettes normalement.",,,,des lunettes de soleil,A2,shopping,110
tricolore-2-5th-edition,listening,Exercise 3,1,matching,"Patrick part demain à Nice, au bord de la mer.",,,,D,A2,travel,111
tricolore-2-5th-edition,speaking,Exercise 4,1,speaking-task,Où est mon jean?,,,,"Le voilà, sous le lit.",A2,personal-info,111
tricolore-2-5th-edition,speaking,Exercise 4,10,speaking-task,Et où sont mes lunettes de soleil?,,,,,A2,personal-info,111
tricolore-2-5th-edition,listening,Exercise 3,2,matching,Claire part à la montagne.,,,,,A2,travel,111
tricolore-2-5th-edition,speaking,Exercise 4,2,speaking-task,Où est mon tee-shirt?,,,,,A2,personal-info,111
tricolore-2-5th-edition,listening,Exercise 3,3,matching,Roxane va chez sa tante et son oncle aux États-Unis.,,,,,A2,travel,111
tricolore-2-5th-edition,speaking,Exercise 4,3,speaking-task,Où est ma montre?,,,,,A2,personal-info,111
tricolore-2-5th-edition,listening,Exercise 3,4,matching,Thomas part chez son correspondant anglais à Manchester.,,,,,A2,travel,111
tricolore-2-5th-edition,speaking,Exercise 4,4,speaking-task,Où est ma ceinture?,,,,,A2,personal-info,111
tricolore-2-5th-edition,listening,Exercise 3,5,matching,Mathieu va à un stage d'informatique.,,,,,A2,travel,111
tricolore-2-5th-edition,speaking,Exercise 4,5,speaking-task,Où sont mes chaussettes?,,,,,A2,personal-info,111
tricolore-2-5th-edition,speaking,Exercise 4,6,speaking-task,Où est mon sweat?,,,,,A2,personal-info,111
tricolore-2-5th-edition,speaking,Exercise 4,7,speaking-task,Où sont mes baskets?,,,,,A2,personal-info,111
tricolore-2-5th-edition,speaking,Exercise 4,8,speaking-task,Où est ma casquette?,,,,,A2,personal-info,111
tricolore-2-5th-edition,speaking,Exercise 4,9,speaking-task,Où est mon portable?,,,,,A2,personal-info,111
tricolore-2-5th-edition,listening,Exercise 1b,1,matching,Écoute et écris le numéro des parties du corps.,,,,(open-ended),A2,health,112
tricolore-2-5th-edition,grammar,Exercise 2,1,fill-in,On marche avec les ___ et les pieds.,,,,jambes,A2,health,112
tricolore-2-5th-edition,writing,Exercise 4,1,writing-task,"Invente un animal très étrange. Écris la description de ton animal, puis échange la description avec un(e) partenaire.",,,,(open-ended),A2,none,112
tricolore-2-5th-edition,grammar,Exercise 2,2,fill-in,On mange avec les ___ .,,,,dents,A2,health,112
tricolore-2-5th-edition,reading,Exercise 3 (lap-chien),2a,fill-in,"Il a la ___ d'un lapin,",,,,tête,A2,none,112
tricolore-2-5th-edition,reading,Exercise 3 (lap-chien),2b,fill-in,"et les ___ d'un lapin,",,,,oreilles,A2,none,112
tricolore-2-5th-edition,reading,Exercise 3 (lap-chien),2c,fill-in,"et le corps, la queue et les ___ d'un chien.",,,,pattes,A2,none,112
tricolore-2-5th-edition,grammar,Exercise 2,3,fill-in,On parle avec la ___ .,,,,bouche,A2,health,112
tricolore-2-5th-edition,writing,Exercise 3 (pois-souris),3,writing-task,Peux-tu décrire une pois-souris?,,,,(open-ended),A2,none,112
tricolore-2-5th-edition,grammar,Exercise 2,4,fill-in,On regarde la télé avec ___ .,,,,les yeux,A2,health,112
tricolore-2-5th-edition,writing,Exercise 3 (monstre Tricolore),4,writing-task,Et voici la description d'un animal plus étrange que tous les autres. C'est le «monstre Tricolore». Peux-tu le dessiner?,,,,(open-ended),A2,none,112
tricolore-2-5th-edition,grammar,Exercise 2,5,fill-in,On écoute de la musique avec ___ .,,,,les oreilles,A2,health,112
tricolore-2-5th-edition,grammar,Exercise 2,6,fill-in,On joue du piano avec ___ .,,,,les mains,A2,health,112
tricolore-2-5th-edition,grammar,Exercise 2,7,fill-in,La tête est sur ___ .,,,,le cou,A2,health,112
tricolore-2-5th-edition,grammar,Exercise 2,8,fill-in,Le cou est sur ___ .,,,,les épaules,A2,health,112
tricolore-2-5th-edition,reading,Exercise a,1,fill-in,Le cou de la girafe est très ___ .,,,,long,A2,none,113
tricolore-2-5th-edition,reading,Exercise b,1,short-answer,Are scientists certain why zebras have stripes?,,,,No - they have several theories but don't know exactly,A2,none,113
tricolore-2-5th-edition,speaking,Exercise c,1,speaking-task,"À tour de rôle, lisez les articles à haute voix. Faites attention à la prononciation.",,,,(open-ended),A2,none,113
tricolore-2-5th-edition,writing,Exercise d,1,writing-task,Écris quelques phrases sur un autre animal un peu différent.,,,,(open-ended),A2,none,113
tricolore-2-5th-edition,speaking,Phonétique,1,short-answer,oiseau,,,,,A2,none,113
tricolore-2-5th-edition,reading,Exercise a,2,fill-in,Les girafes mangent des ___ .,,,,feuilles,A2,none,113
tricolore-2-5th-edition,reading,Exercise b,2,short-answer,What effect do the stripes have on lions' vision?,,,,"The black and white stripes blur lions' vision, an optical effect that helps protect zebras",A2,none,113
tricolore-2-5th-edition,speaking,Phonétique,2,short-answer,éléphant,,,,,A2,none,113
tricolore-2-5th-edition,reading,Exercise a,3,fill-in,Une girafe est plus ___ que les autres animaux.,,,,grande,A2,none,113
tricolore-2-5th-edition,reading,Exercise b,3,short-answer,What do you know about zebras' eyesight?,,,,"Zebras (like horses) don't see well, but they distinguish contrasts well",A2,none,113
tricolore-2-5th-edition,speaking,Phonétique,3,short-answer,cou,,,,,A2,none,113
tricolore-2-5th-edition,reading,Exercise a,4,fill-in,"Quand la girafe marche, son ___ l'aide à rester en équilibre.",,,,cou,A2,none,113
tricolore-2-5th-edition,reading,Exercise b,4,short-answer,What makes it possible for a baby zebra to recognise its mother?,,,,The stripes on the neck and shoulders let zebras recognise each other,A2,none,113
tricolore-2-5th-edition,speaking,Phonétique,4,short-answer,nez,,,,,A2,none,113
tricolore-2-5th-edition,reading,Exercise a,5,fill-in,"Avec son long cou, il est ___ de voir ses ennemis.",,,,facile,A2,none,113
tricolore-2-5th-edition,speaking,Phonétique,5,short-answer,pied,,,,,A2,none,113
tricolore-2-5th-edition,speaking,Phonétique,6,short-answer,bras,,,,,A2,none,113
tricolore-2-5th-edition,grammar,Exercise 2a,1,fill-in,Sébastien ___ au genou.,,,,a mal,A2,health,114
tricolore-2-5th-edition,speaking,Exercise 2b,1,short-answer,Didier a dit: «J'ai mal ___ .»,,,,J'ai mal au pied.,A2,health,114
tricolore-2-5th-edition,grammar,Exercise 2a,2,fill-in,Léon ___ aux dents.,,,,,A2,health,114
tricolore-2-5th-edition,speaking,Exercise 2b,2,short-answer,Arthur a dit: «J'ai mal ___ .»,,,,,A2,health,114
tricolore-2-5th-edition,grammar,Exercise 2a,3,fill-in,Clément et l'arbitre ___ au bras.,,,,,A2,health,114
tricolore-2-5th-edition,speaking,Exercise 2b,3,short-answer,Fabien a dit: «___ .»,,,,,A2,health,114
tricolore-2-5th-edition,grammar,Exercise 2a,4,fill-in,Malik et l'arbitre ___ à la main.,,,,,A2,health,114
tricolore-2-5th-edition,speaking,Exercise 2b,4,short-answer,Et Mathieu (4)?,,,,,A2,health,114
tricolore-2-5th-edition,grammar,Exercise 2a,5,fill-in,"Maxime dit: «Aïe, j'___ à la jambe.»",,,,,A2,health,114
tricolore-2-5th-edition,speaking,Exercise 2b,5,short-answer,et Marius (5)?,,,,,A2,health,114
tricolore-2-5th-edition,grammar,Exercise 2a,6,fill-in,"Mêlée, la chienne, ___ à la queue.",,,,,A2,health,114
tricolore-2-5th-edition,speaking,Exercise 2b,6,short-answer,et l'arbitre (6)?,,,,,A2,health,114
tricolore-2-5th-edition,reading,Exercise 1,a,fill-in,Didier (4) a mal au (a)___.,,,,pied,A2,health,114
tricolore-2-5th-edition,reading,Exercise 1,b,fill-in,Sébastien (5) a mal au (b)___.,,,,genou,A2,health,114
tricolore-2-5th-edition,reading,Exercise 1,c,fill-in,Mathieu (6) a mal à l'(c)___ droit.,,,,,A2,health,114
tricolore-2-5th-edition,reading,Exercise 1,d,fill-in,Malik (7) a mal à la (d)___ droite.,,,,main,A2,health,114
tricolore-2-5th-edition,reading,Exercise 1,e,fill-in,Arthur (8) a mal à l'(e)___ gauche.,,,,,A2,health,114
tricolore-2-5th-edition,reading,Exercise 1,f,fill-in,Clément (9) a mal au (f)___.,,,,bras,A2,health,114
tricolore-2-5th-edition,reading,Exercise 1,g,fill-in,Fabien (10) a mal au (g)___ – il a un nez aussi gros que le ballon de rugby!,,,,nez,A2,health,114
tricolore-2-5th-edition,reading,Exercise 1,h,fill-in,"Même la mascotte, Mêlée (11), a mal à la (h)___!",,,,queue,A2,health,114
tricolore-2-5th-edition,reading,Exercise 1,i,fill-in,"Et l'arbitre (12)? Il a mal à la tête, à la (i)___, aux bras, à la main et au (j)___.",,,,,A2,health,114
tricolore-2-5th-edition,reading,Exercise 1,j,fill-in,"Et l'arbitre (12)? Il a mal à la tête, à la (i)___, aux bras, à la main et au (j)___.",,,,,A2,health,114
tricolore-2-5th-edition,reading,Exercise 3,1,matching,Image 1: a dog gazing hungrily at hams and sausages in a shop window.,,,,d,A2,health,115
tricolore-2-5th-edition,writing,Exercise 4,1,short-answer,"An older, balding man with rosy cheeks, tongue hanging out - what does he say?",,,,J'ai faim!,A2,health,115
tricolore-2-5th-edition,listening,Exercise 5,1,short-answer,"Écoute et note la bonne image, puis écris une phrase pour décrire le problème.",,,,A - Il a faim.,A2,health,115
tricolore-2-5th-edition,speaking,Exercise 6,1,speaking-task,"Quel est le problème? (À deux, choisissez deux nombres (1–6) et inventez des conversations.)",,,,(open-ended),A2,health,115
tricolore-2-5th-edition,reading,Exercise 3,2,matching,"Image 2: a sheep with a compress on its head, sweating heavily.",,,,f,A2,health,115
tricolore-2-5th-edition,writing,Exercise 4,2,short-answer,"A person with spiky red hair, sweating, looking anxious - what does he say?",,,,,A2,health,115
tricolore-2-5th-edition,listening,Exercise 5,2,short-answer,"Écoute et note la bonne image, puis écris une phrase pour décrire le problème.",,,,,A2,health,115
tricolore-2-5th-edition,reading,Exercise 3,3,matching,Image 3: two flame-red figures dancing energetically.,,,,a,A2,health,115
tricolore-2-5th-edition,writing,Exercise 4,3,short-answer,"A woman with long red hair, tongue hanging out - what does she say?",,,,,A2,health,115
tricolore-2-5th-edition,listening,Exercise 5,3,short-answer,"Écoute et note la bonne image, puis écris une phrase pour décrire le problème.",,,,,A2,health,115
tricolore-2-5th-edition,reading,Exercise 3,4,matching,Image 4: a blue bird shivering on ice.,,,,c,A2,health,115
tricolore-2-5th-edition,writing,Exercise 4,4,short-answer,"A girl with blonde pigtails, tongue out, smiling - what does she say?",,,,,A2,health,115
tricolore-2-5th-edition,listening,Exercise 5,4,short-answer,"Écoute et note la bonne image, puis écris une phrase pour décrire le problème.",,,,,A2,health,115
tricolore-2-5th-edition,reading,Exercise 3,5,matching,Image 5: a camel drinking from a trough under a hot sun.,,,,b,A2,health,115
tricolore-2-5th-edition,writing,Exercise 4,5,short-answer,"A person in a striped hat, shivering, chattering teeth - what does he say?",,,,,A2,health,115
tricolore-2-5th-edition,listening,Exercise 5,5,short-answer,"Écoute et note la bonne image, puis écris une phrase pour décrire le problème.",,,,,A2,health,115
tricolore-2-5th-edition,reading,Exercise 3,6,matching,"Image 6: two bird-creatures outside a closed café, thought bubble of a drink.",,,,e,A2,health,115
tricolore-2-5th-edition,listening,Exercise 5,6,short-answer,"Écoute et note la bonne image, puis écris une phrase pour décrire le problème.",,,,,A2,health,115
tricolore-2-5th-edition,listening,Exercise 5,7,short-answer,"Écoute et note la bonne image, puis écris une phrase pour décrire le problème.",,,,,A2,health,115
tricolore-2-5th-edition,listening,Exercise 5,8,short-answer,"Écoute et note la bonne image, puis écris une phrase pour décrire le problème.",,,,,A2,health,115
tricolore-2-5th-edition,reading,Exercise 1b,1,fill-in,"Ce matin, Charles (1) ___ très bien.",,,,f,A2,health,116
tricolore-2-5th-edition,listening,Exercise 2,1,ordering,"Écoute les dialogues et note l'ordre des expressions (1–12): 1 ça ne va pas très bien, 2 je ne vais pas très bien, 3 ça ne va pas mieux, 4 je suis asthmatique, 5 j'ai mal au cœur, 6 je suis allergique au poisson, 7 bois ce verre d'eau, 8 ne mange rien, 9 prends ton inhalateur, 10 prends ce médicament, 11 repose-toi, 12 reste au lit.",,,,,A2,health,116
tricolore-2-5th-edition,grammar,Exercise 3,1,fill-in,Alors (manger) ces sandwichs.,,,,mange,A2,health,116
tricolore-2-5th-edition,reading,Exercise 1b,2,fill-in,Il a mal (2) ___ .,,,,g,A2,health,116
tricolore-2-5th-edition,grammar,Exercise 3,2,fill-in,Alors (boire) cette limonade.,,,,,A2,health,116
tricolore-2-5th-edition,reading,Exercise 1b,3,fill-in,et il a mal (3) ___ .,,,,b,A2,health,116
tricolore-2-5th-edition,grammar,Exercise 3,3,fill-in,Alors (ouvrir) la fenêtre.,,,,,A2,health,116
tricolore-2-5th-edition,reading,Exercise 1b,4,fill-in,"Alors, il boit (4) ___",,,,a,A2,health,116
tricolore-2-5th-edition,grammar,Exercise 3,4,fill-in,"Si tu as froid, (mettre) ton sweat.",,,,,A2,health,116
tricolore-2-5th-edition,reading,Exercise 1b,5,fill-in,et il prend (5) ___ .,,,,c,A2,health,116
tricolore-2-5th-edition,grammar,Exercise 3,5,fill-in,"Alors ne (aller) pas à l'école,",,,,,A2,health,116
tricolore-2-5th-edition,reading,Exercise 1b,6,fill-in,"Plus tard, il a mal (6) ___ aussi",,,,e,A2,health,116
tricolore-2-5th-edition,grammar,Exercise 3,6,fill-in,(rester) à la maison.,,,,,A2,health,116
tricolore-2-5th-edition,reading,Exercise 1b,7,fill-in,et il croit qu'il a (7) ___ .,,,,d,A2,health,116
tricolore-2-5th-edition,grammar,Exercise 3,7,fill-in,"Alors, (aller) au collège ce matin!",,,,,A2,health,116
tricolore-2-5th-edition,reading,Exercise 5,1,true-false,Il est onze heures du matin.,,,,Faux,A2,health,117
tricolore-2-5th-edition,grammar,Exercise 6a,1,fill-in,(Manger) bien … mais ne (manger) pas trop!,,,,Mangez,A2,health,117
tricolore-2-5th-edition,reading,Exercise 5,2,true-false,Le docteur dort.,,,,,A2,health,117
tricolore-2-5th-edition,grammar,Exercise 6a,2,fill-in,(Boire) beaucoup d'eau … mais pas trop de boissons sucrées!,,,,,A2,health,117
tricolore-2-5th-edition,reading,Exercise 5,3,true-false,Il fait chaud.,,,,Vrai,A2,health,117
tricolore-2-5th-edition,grammar,Exercise 6a,3,fill-in,(Dormir) bien … pour être en forme!,,,,,A2,health,117
tricolore-2-5th-edition,reading,Exercise 5,4,true-false,"Dans la salle d'attente, presque tout le monde parle.",,,,Faux,A2,health,117
tricolore-2-5th-edition,grammar,Exercise 6a,4,fill-in,N'(oublier) pas de bien vous brosser les dents! Voici une bonne idée: (écouter) votre chanson favorite et (brosser)-vous les dents le temps qu'elle dure.,,,,,A2,health,117
tricolore-2-5th-edition,reading,Exercise 5,5,true-false,La fille et sa mère dorment.,,,,Faux,A2,health,117
tricolore-2-5th-edition,grammar,Exercise 6a,5,fill-in,"Tous les jours, (marcher) un peu en plein air … assez vite, mais pas trop!",,,,,A2,health,117
tricolore-2-5th-edition,grammar,Exercise 6a,6,fill-in,"Chaque weekend, (faire) un peu de «vrai» exercice!",,,,,A2,health,117
tricolore-2-5th-edition,grammar,Exercise 6a,7,fill-in,Ne (fumer) pas! ... alors ne (commencer) pas!,,,,,A2,health,117
tricolore-2-5th-edition,grammar,Exercise 6a,8,fill-in,"Ne (rester) pas trop longtemps à la maison! S'il fait beau, ne (regarder) pas la télé, ne (jouer) pas sur l'ordinateur, (faire) une randonnée à la campagne.",,,,,A2,health,117
tricolore-2-5th-edition,speaking,Exercise 4b,b,speaking-task,"À deux, inventez d'autres conversations.",,,,(open-ended),A2,health,117
tricolore-2-5th-edition,writing,Exercise 6b,b,writing-task,Invente une affiche avec des conseils différents. Ça peut être amusant … mais pas dangereux!,,,,(open-ended),A2,health,117
tricolore-2-5th-edition,reading,Exercise 2,1,short-answer,In which country is Alouette popular?,,,,Canada,A2,none,118
tricolore-2-5th-edition,reading,Exercise 2,2,short-answer,Which country did it come from originally?,,,,France,A2,none,118
tricolore-2-5th-edition,reading,Exercise 2,3,short-answer,Which people might not enjoy the lark's singing?,,,,People who like to stay in bed in the morning,A2,none,118
tricolore-2-5th-edition,reading,Exercise 2,4,short-answer,Why did the fur traders sing the song? (2 reasons),,,,To keep the rhythm of the paddles and to pass the time,A2,none,118
tricolore-2-5th-edition,reading,Exercise 2,5,short-answer,What is the purpose of the song now? (2 reasons),,,,"To teach children parts of the body, and to amuse them",A2,none,118
tricolore-2-5th-edition,reading,Exercise 1,1,fill-in,l_ g_r_,,,,la gare – station,A2,mixed,120
tricolore-2-5th-edition,reading,Exercise 2,1,matching,bonjour,,,,c,A2,mixed,120
tricolore-2-5th-edition,reading,Exercise 3a,1,fill-in,– On peut vous aider? – (1) ___,,,,e,A2,travel,120
tricolore-2-5th-edition,writing,Exercise 4,1,multiple-choice,"Hier, nous avons (1) ___ la journée à Londres.",passé,passez,passer,passé,A2,vacation,120
tricolore-2-5th-edition,grammar,Exercise 5,1,fill-in,Julie ___ à la plage à vélo.,,,,est allée,A2,travel,120
tricolore-2-5th-edition,reading,Exercise 1,2,fill-in,l_ q___,,,,le quai – platform,A2,mixed,120
tricolore-2-5th-edition,reading,Exercise 2,2,matching,occupé,,,,g,A2,mixed,120
tricolore-2-5th-edition,reading,Exercise 3a,2,fill-in,– Voilà. – (2) ___,,,,d,A2,travel,120
tricolore-2-5th-edition,writing,Exercise 4,2,multiple-choice,"Le matin, nous avons (2) ___ les principaux monuments.",vois,voir,vu,vu,A2,vacation,120
tricolore-2-5th-edition,grammar,Exercise 5,2,fill-in,David ___ au cinéma (bus).,,,,est allé,A2,travel,120
tricolore-2-5th-edition,reading,Exercise 1,3,fill-in,l_ g__ch_t,,,,le guichet – ticket office,A2,mixed,120
tricolore-2-5th-edition,reading,Exercise 2,3,matching,la sortie,,,,f,A2,mixed,120
tricolore-2-5th-edition,reading,Exercise 3a,3,fill-in,– À onze heures trente-cinq. – (3) ___,,,,b,A2,travel,120
tricolore-2-5th-edition,writing,Exercise 4,3,multiple-choice,"À midi, nous avons (3) ___ un piquenique dans un parc.",fais,fait,faire,fait,A2,vacation,120
tricolore-2-5th-edition,grammar,Exercise 5,3,fill-in,"Martine, tu ___ au marché (métro)?",,,,es allée,A2,travel,120
tricolore-2-5th-edition,reading,Exercise 1,4,fill-in,l_ b_ll_t,,,,le billet – ticket,A2,mixed,120
tricolore-2-5th-edition,reading,Exercise 2,4,matching,l'arrivée,,,,b,A2,mixed,120
tricolore-2-5th-edition,reading,Exercise 3a,4,fill-in,"– Tu es sortie à quelle heure, Alice? – (4) ___",,,,g,A2,daily-routine,120
tricolore-2-5th-edition,writing,Exercise 4,4,multiple-choice,"L'après-midi, nous sommes (4) ___ à la Tour de Londres en (5) ___.",aller,allés,allez,allés,A2,vacation,120
tricolore-2-5th-edition,grammar,Exercise 5,4,fill-in,Nous ___ au stade (train).,,,,sommes allés,A2,travel,120
tricolore-2-5th-edition,reading,Exercise 1,5,fill-in,l'h_r__r_,,,,l'horaire – timetable,A2,mixed,120
tricolore-2-5th-edition,reading,Exercise 2,5,matching,à l'heure,,,,a,A2,mixed,120
tricolore-2-5th-edition,reading,Exercise 3a,5,fill-in,– Où es-tu allée? – (5) ___,,,,h,A2,daily-routine,120
tricolore-2-5th-edition,writing,Exercise 4,5,multiple-choice,en (5) ___.,baguette,bateau,beurre,bateau,A2,vacation,120
tricolore-2-5th-edition,grammar,Exercise 5,5,fill-in,Ma copine ___ au match de tennis (à pied).,,,,est allée,A2,travel,120
tricolore-2-5th-edition,reading,Exercise 1,6,fill-in,l_ c_ns_gn_,,,,la consigne – left luggage,A2,mixed,120
tricolore-2-5th-edition,reading,Exercise 2,6,matching,un aller simple,,,,h,A2,mixed,120
tricolore-2-5th-edition,reading,Exercise 3a,6,fill-in,– Tu es rentrée comment? – (6) ___,,,,a,A2,daily-routine,120
tricolore-2-5th-edition,writing,Exercise 4,6,multiple-choice,Puis nous sommes (6) ___ à Canterbury en (7) ___.,rentrés,rentrez,rentrer,rentrés,A2,vacation,120
tricolore-2-5th-edition,grammar,Exercise 5,6,fill-in,"Max et Léa, vous ___ aux magasins (voiture)?",,,,êtes allés,A2,travel,120
tricolore-2-5th-edition,reading,Exercise 1,7,fill-in,l_ d_p_rt,,,,le départ – departure,A2,mixed,120
tricolore-2-5th-edition,reading,Exercise 2,7,matching,ensemble,,,,e,A2,mixed,120
tricolore-2-5th-edition,reading,Exercise 3a,7,fill-in,"– Et toi, Léo, où es-tu allé? – (7) ___",,,,f,A2,daily-routine,120
tricolore-2-5th-edition,writing,Exercise 4,7,multiple-choice,en (7) ___.,café,carte,car,car,A2,vacation,120
tricolore-2-5th-edition,grammar,Exercise 5,7,fill-in,Mes parents ___ à la gare (car).,,,,sont allés,A2,travel,120
tricolore-2-5th-edition,reading,Exercise 1,8,fill-in,l_ k__sq__,,,,le kiosque – kiosk,A2,mixed,120
tricolore-2-5th-edition,reading,Exercise 2,8,matching,devant,,,,d,A2,mixed,120
tricolore-2-5th-edition,reading,Exercise 3a,8,fill-in,– Tu es rentré comment? – (8) ___,,,,c,A2,daily-routine,120
tricolore-2-5th-edition,writing,Exercise 4,8,multiple-choice,"Le soir, j'ai (8) ___ sur l'ordinateur.",jouent,jouons,joué,joué,A2,vacation,120
tricolore-2-5th-edition,grammar,Exercise 5,8,fill-in,Les filles ___ au théâtre (taxi).,,,,sont allées,A2,travel,120
tricolore-2-5th-edition,speaking,Exercise 3b,b,speaking-task,"À deux, lisez les conversations.",,,,(open-ended),A2,mixed,120
tricolore-2-5th-edition,grammar,6 Le weekend,1,matching,Luc et Yannick jouent au football. Ils …,,,,b,A2,hobby,121
tricolore-2-5th-edition,grammar,7 Chasse à l'intrus,1,short-answer,"Quel mot ne va pas avec les autres? mince, moderne, moyenne, matière",,,,matière,A2,none,121
tricolore-2-5th-edition,grammar,8 Laura va en vacances,1,fill-in,"Est-ce que Laura prend son jean? – Oui, elle ___ prend.",,,,le,A2,vacation,121
tricolore-2-5th-edition,grammar,9 Trouve la réponse!,1,matching,"Brrr! J'ai froid, Maman!",,,,d,A2,mixed,121
tricolore-2-5th-edition,grammar,6 Le weekend,2,matching,Mireille et Sika jouent au tennis. Elles …,,,,,A2,hobby,121
tricolore-2-5th-edition,grammar,7 Chasse à l'intrus,2,short-answer,"Quel mot ne va pas avec les autres? français, gris, choisis, anglais",,,,,A2,none,121
tricolore-2-5th-edition,grammar,8 Laura va en vacances,2,fill-in,"Est-ce qu'elle prend ses lunettes de soleil? – Oui, elle ___ prend.",,,,,A2,vacation,121
tricolore-2-5th-edition,grammar,9 Trouve la réponse!,2,matching,J'ai soif!,,,,,A2,mixed,121
tricolore-2-5th-edition,grammar,6 Le weekend,3,matching,Roseline va à la montagne. Elle …,,,,,A2,hobby,121
tricolore-2-5th-edition,grammar,7 Chasse à l'intrus,3,short-answer,"Quel mot ne va pas avec les autres? thé, fatigué, frisé, carré",,,,,A2,none,121
tricolore-2-5th-edition,grammar,8 Laura va en vacances,3,fill-in,"Elle prend sa robe noire? – Non, elle ne ___ prend pas.",,,,,A2,vacation,121
tricolore-2-5th-edition,grammar,9 Trouve la réponse!,3,matching,J'ai vraiment trop chaud ici. Qu'est-ce que je peux faire?,,,,,A2,mixed,121
tricolore-2-5th-edition,grammar,6 Le weekend,4,matching,Hasan va à la piscine. Il …,,,,,A2,hobby,121
tricolore-2-5th-edition,grammar,7 Chasse à l'intrus,4,short-answer,"Quel mot ne va pas avec les autres? rond, vend, grand, blond",,,,,A2,none,121
tricolore-2-5th-edition,grammar,8 Laura va en vacances,4,fill-in,"Laura, tu prends ton maillot de bain? – Bien sûr, je ___ prends!",,,,,A2,vacation,121
tricolore-2-5th-edition,grammar,9 Trouve la réponse!,4,matching,"J'ai faim, Jeannette.",,,,,A2,mixed,121
tricolore-2-5th-edition,grammar,6 Le weekend,5,matching,"Samedi, c'est le mariage de ma nièce. Alors, je …",,,,,A2,family,121
tricolore-2-5th-edition,grammar,7 Chasse à l'intrus,5,short-answer,"Quel mot ne va pas avec les autres? bleus, yeux, bruns, roux",,,,,A2,none,121
tricolore-2-5th-edition,grammar,8 Laura va en vacances,5,fill-in,"Est-ce que tu prends ton tee-shirt bleu? – Oui, je ___ aime bien, mon tee-shirt bleu.",,,,,A2,vacation,121
tricolore-2-5th-edition,grammar,9 Trouve la réponse!,5,matching,J'ai mal à la tête et je crois que j'ai de la fièvre!,,,,,A2,health,121
tricolore-2-5th-edition,grammar,6 Le weekend,6,matching,"Et toi, Albert, tu …",,,,,A2,family,121
tricolore-2-5th-edition,grammar,7 Chasse à l'intrus,6,short-answer,"Quel mot ne va pas avec les autres? billet, baskets, casquettes, chaussettes",,,,,A2,none,121
tricolore-2-5th-edition,grammar,8 Laura va en vacances,6,fill-in,"Tu prends ta casquette rouge? – Oui/Non, je ___.",,,,,A2,vacation,121
tricolore-2-5th-edition,grammar,9 Trouve la réponse!,6,matching,"Est-ce qu'il y a des fruits, Maman? J'ai faim.",,,,,A2,mixed,121
tricolore-2-5th-edition,grammar,8 Laura va en vacances,7,fill-in,Est-ce que tu prends tes baskets blanches? – ___.,,,,,A2,vacation,121
tricolore-2-5th-edition,grammar,8 Laura va en vacances,8,fill-in,"Et s'il fait mauvais, tu prends ton imperméable? – ___.",,,,,A2,vacation,121
tricolore-2-5th-edition,reading,1 Nîmes – la ville avec un accent (a),1,matching,"Bonjour et bienvenue à Nîmes. C'est une ville historique, avec des ruines romaines très importantes. Nous voyons ici les arènes de Nîmes. À l'époque romaine, il y avait des combats d'animaux et de gladiateurs dans ce grand amphithéâtre. De nos jours, on organise des spectacles et des concerts de musique ici.",,,,C,A2,travel,122
tricolore-2-5th-edition,reading,1 Que sais-tu de Nîmes? (b),1,short-answer,Où est la ville?,,,,,A2,travel,122
tricolore-2-5th-edition,writing,1 Écris une annonce (c),1,writing-task,Écris une annonce pour encourager les touristes à visiter Nîmes.,,,,(open-ended),A2,travel,122
tricolore-2-5th-edition,reading,1 Nîmes – la ville avec un accent (a),2,matching,"Vous voyez là-bas les jardins de la Fontaine. Dans les jardins il y a une grande tour, la tour Magne. De son sommet, on voit tout Nîmes.",,,,,A2,travel,122
tricolore-2-5th-edition,reading,1 Que sais-tu de Nîmes? (b),2,short-answer,Quels bâtiments datent de l'époque romaine?,,,,,A2,travel,122
tricolore-2-5th-edition,reading,1 Nîmes – la ville avec un accent (a),3,matching,"Maintenant vous voyez la Maison Carrée. Autrefois, c'était un temple romain et maintenant c'est un musée. On peut y voir un film qui raconte l'histoire de la ville.",,,,,A2,travel,122
tricolore-2-5th-edition,reading,1 Que sais-tu de Nîmes? (b),3,short-answer,"Le Carré d'Art, qu'est-ce que c'est?",,,,,A2,travel,122
tricolore-2-5th-edition,reading,1 Nîmes – la ville avec un accent (a),4,matching,"– Bruno, tu vois ce bâtiment en verre? – Ah oui, c'est très moderne. Ça, c'est le Carré d'Art, construit par l'architecte britannique, Norman Foster. C'est un complexe d'art avec un musée d'art contemporain et une librairie.",,,,,A2,travel,122
tricolore-2-5th-edition,reading,1 Que sais-tu de Nîmes? (b),4,short-answer,Quel animal est le symbole de la ville?,,,,,A2,travel,122
tricolore-2-5th-edition,reading,1 Nîmes – la ville avec un accent (a),5,matching,"– Sophie, tu vois le crocodile? – Aïe, un crocodile! Où ça? Je ne le vois pas. – Calme-toi. C'est une statue, pas un vrai crocodile. Le crocodile est le symbole de la ville qui commémore la conquête de l'Égypte par les Romains.",,,,,A2,travel,122
tricolore-2-5th-edition,reading,1 Que sais-tu de Nîmes? (b),5,short-answer,Est-ce qu'il y a un club de football?,,,,,A2,travel,122
tricolore-2-5th-edition,reading,1 Nîmes – la ville avec un accent (a),6,matching,"À 25 km de la ville, vous pouvez voir le célèbre pont du Gard. C'est un énorme aqueduc à trois niveaux construit par les Romains. Les touristes viennent de loin pour le voir. C'est vraiment spectaculaire.",,,,,A2,travel,122
tricolore-2-5th-edition,reading,1 Que sais-tu de Nîmes? (b),6,short-answer,Comment s'appelle l'aqueduc qui se trouve près de Nîmes?,,,,,A2,travel,122
tricolore-2-5th-edition,grammar,2 Des phrases,1,multiple-choice,Tu (vois/voit/voient) le bâtiment blanc là-bas?,vois,voit,voient,vois,A2,none,123
tricolore-2-5th-edition,grammar,Dossier-langue: voir,1,fill-in,"Copy and complete the present tense table of voir: tu …, nous …, vous …, il/elle/on … (je vois and ils/elles voient are given).",,,,,A2,none,123
tricolore-2-5th-edition,reading,3 Sortir à Nîmes (a),1,true-false,"L'entrée à la piscine, c'est dix euros.",,,,Pas mentionné,A2,city-places,123
tricolore-2-5th-edition,reading,4 Des phrases utiles,1,matching,Qu'est-ce qu'on va faire?,,,,b,A2,communication,123
tricolore-2-5th-edition,listening,5 Des conversations (a),1,multiple-choice,"Qu'est-ce qu'on va faire aujourd'hui? On va visiter ___ (a un musée / b un château)? – Ah non, il fait trop ___ (a froid / b chaud). Qu'est-ce qu'il y a d'autre à faire? – Alors, il y a la piscine Aquatropic. On y va? – Bonne idée! J'aime bien (a la natation / b le sport).",,,,,A2,hobby,123
tricolore-2-5th-edition,speaking,"5 À deux, inventez d'autres conversations (b)",1,speaking-task,"À deux, inventez d'autres conversations.",,,,(open-ended),A2,hobby,123
tricolore-2-5th-edition,grammar,2 Des phrases,2,multiple-choice,"Non, je ne le (voyons/voyez/vois) pas.",voyons,voyez,vois,,A2,none,123
tricolore-2-5th-edition,reading,3 Sortir à Nîmes (a),2,true-false,La piscine est ouverte tous les jours à midi.,,,,,A2,city-places,123
tricolore-2-5th-edition,reading,4 Des phrases utiles,2,matching,On y va?,,,,,A2,communication,123
tricolore-2-5th-edition,listening,5 Des conversations (a),2,multiple-choice,"Ça commence à quelle heure, ___ (a le feu d'artifice / b le film)? – Ça commence à ___ (a 10h30 / b 8h30). – C'est bien. On y va? – Oui, d'accord. Et avant, on peut manger ___ (a une pizza / b une glace).",,,,,A2,hobby,123
tricolore-2-5th-edition,grammar,2 Des phrases,3,multiple-choice,Vous (voyons/voyez/voient) les autres?,voyons,voyez,voient,,A2,none,123
tricolore-2-5th-edition,reading,3 Sortir à Nîmes (a),3,true-false,Le match de football est le seize mai.,,,,,A2,city-places,123
tricolore-2-5th-edition,reading,4 Des phrases utiles,3,matching,Ça commence quand?,,,,,A2,communication,123
tricolore-2-5th-edition,listening,5 Des conversations (a),3,multiple-choice,"Tu veux aller (a au musée du Vieux Nîmes / b au pont du Gard) demain? – Oui, je veux bien. Ça ouvre à quelle heure? – Ça ouvre à ___ (a 9h00 / b 10h00) et ça ferme à ___ (a 18h00 / b 20h00). – Et c'est ouvert tous les jours? – Tous les jours sauf (a le lundi / b le mardi).",,,,,A2,hobby,123
tricolore-2-5th-edition,grammar,2 Des phrases,4,multiple-choice,"Oui, je (voit/voient/vois) Luc et Zac là-bas.",voit,voient,vois,,A2,none,123
tricolore-2-5th-edition,reading,3 Sortir à Nîmes (a),4,true-false,Ça commence à huit heures du soir.,,,,,A2,city-places,123
tricolore-2-5th-edition,reading,4 Des phrases utiles,4,matching,Ça ouvre quand?,,,,,A2,communication,123
tricolore-2-5th-edition,grammar,2 Des phrases,5,multiple-choice,De la tour Magne ils (voyons/voyez/voient) toute la ville de Nîmes.,voyons,voyez,voient,,A2,none,123
tricolore-2-5th-edition,reading,3 Sortir à Nîmes (a),5,true-false,"Pendant la nuit des musées, tous les musées sont ouverts toute la nuit.",,,,,A2,city-places,123
tricolore-2-5th-edition,reading,4 Des phrases utiles,5,matching,Ça ferme à quelle heure?,,,,,A2,communication,123
tricolore-2-5th-edition,grammar,2 Des phrases,6,multiple-choice,On (vois/voit/voyez) bien d'ici.,vois,voit,voyez,,A2,none,123
tricolore-2-5th-edition,reading,3 Sortir à Nîmes (a),6,true-false,L'entrée est gratuite cette nuit-là.,,,,,A2,city-places,123
tricolore-2-5th-edition,reading,4 Des phrases utiles,6,matching,Qu'est-ce qu'il y a d'autre à faire?,,,,,A2,communication,123
tricolore-2-5th-edition,reading,3 Sortir à Nîmes (a),7,true-false,Il y a un feu d'artifice le quatorze juillet.,,,,,A2,city-places,123
tricolore-2-5th-edition,reading,3 Sortir à Nîmes (a),8,true-false,Ça finit à minuit.,,,,,A2,city-places,123
tricolore-2-5th-edition,reading,"1 Cette semaine, Isabelle sort beaucoup (b)",1,fill-in,"Mardi soir, elle sort avec ___.",,,,Sophie,A2,hobby,124
tricolore-2-5th-edition,listening,1 Qui parle? (c),1,short-answer,"Qui parle? (1) (mots: Alexandre, Guy, Isabelle, Jean-Claude, la mère d'Isabelle, le professeur)",,,,C'est la mère d'Isabelle.,A2,hobby,124
tricolore-2-5th-edition,grammar,Dossier-langue: sortir,1,fill-in,"Copy and complete the present tense of sortir: tu …, vous …, ils/elles … (je sors, nous sortons, il/elle/on sort are given).",,,,,A2,none,124
tricolore-2-5th-edition,reading,"1 Cette semaine, Isabelle sort beaucoup (b)",2,fill-in,"Mercredi après-midi, elle sort avec ___.",,,,,A2,hobby,124
tricolore-2-5th-edition,listening,1 Qui parle? (c),2,short-answer,"Qui parle? (2) (mots: Alexandre, Guy, Isabelle, Jean-Claude, la mère d'Isabelle, le professeur)",,,,,A2,hobby,124
tricolore-2-5th-edition,reading,"1 Cette semaine, Isabelle sort beaucoup (b)",3,fill-in,"Jeudi soir, elle sort avec ___.",,,,,A2,hobby,124
tricolore-2-5th-edition,listening,1 Qui parle? (c),3,short-answer,"Qui parle? (3) (mots: Alexandre, Guy, Isabelle, Jean-Claude, la mère d'Isabelle, le professeur)",,,,,A2,hobby,124
tricolore-2-5th-edition,reading,"1 Cette semaine, Isabelle sort beaucoup (b)",4,fill-in,"Vendredi soir, elle sort avec ___.",,,,,A2,hobby,124
tricolore-2-5th-edition,listening,1 Qui parle? (c),4,short-answer,"Qui parle? (4) (mots: Alexandre, Guy, Isabelle, Jean-Claude, la mère d'Isabelle, le professeur)",,,,,A2,hobby,124
tricolore-2-5th-edition,reading,"1 Cette semaine, Isabelle sort beaucoup (b)",5,fill-in,"Samedi soir, elle sort avec ___.",,,,,A2,hobby,124
tricolore-2-5th-edition,listening,1 Qui parle? (c),5,short-answer,"Qui parle? (5) (mots: Alexandre, Guy, Isabelle, Jean-Claude, la mère d'Isabelle, le professeur)",,,,,A2,hobby,124
tricolore-2-5th-edition,reading,"1 Cette semaine, Isabelle sort beaucoup (b)",6,fill-in,"Mais le ___, elle ne sort pas. Elle reste à la maison!",,,,,A2,hobby,124
tricolore-2-5th-edition,listening,1 Qui parle? (c),6,short-answer,"Qui parle? (6) (mots: Alexandre, Guy, Isabelle, Jean-Claude, la mère d'Isabelle, le professeur)",,,,,A2,hobby,124
tricolore-2-5th-edition,listening,2 Vous sortez souvent?,1,multiple-choice,Sophie …,sort souvent.,sort une ou deux fois par semaine.,ne sort jamais.,,A2,hobby,125
tricolore-2-5th-edition,speaking,3 À discuter,1,speaking-task,Est-ce que tu sors souvent en famille ou avec des amis?,,,,(open-ended),A2,hobby,125
tricolore-2-5th-edition,reading,4 Isabelle écrit à sa cousine,1,short-answer,all is well,,,,,A2,communication,125
tricolore-2-5th-edition,grammar,Dossier-langue: the perfect tense of sortir,1,short-answer,"Look at the verb sortir in Isabelle's message: which auxiliary verb is used, what is the past participle, what is the rule about the past participle, and find examples in the message.",,,,,A2,none,125
tricolore-2-5th-edition,listening,2 Vous sortez souvent?,2,multiple-choice,Elle va au cinéma ou …,au théâtre.,au centre sportif.,à la piscine.,,A2,hobby,125
tricolore-2-5th-edition,speaking,3 À discuter,2,speaking-task,"Où vas-tu normalement? (Normalement/Quelquefois, nous allons …)",,,,(open-ended),A2,hobby,125
tricolore-2-5th-edition,reading,4 Isabelle écrit à sa cousine,2,short-answer,I went out every night.,,,,,A2,communication,125
tricolore-2-5th-edition,listening,2 Vous sortez souvent?,3,multiple-choice,Jean-Claude fait …,peu de sport.,beaucoup de sport.,de la musique.,,A2,hobby,125
tricolore-2-5th-edition,speaking,3 À discuter,3,speaking-task,"Pour sortir le soir avec tes amis, qu'est-ce que tu mets?",,,,(open-ended),A2,hobby,125
tricolore-2-5th-edition,reading,4 Isabelle écrit à sa cousine,3,short-answer,all my friends went out together,,,,,A2,communication,125
tricolore-2-5th-edition,listening,2 Vous sortez souvent?,4,multiple-choice,Il sort …,peu.,de temps en temps.,très souvent.,,A2,hobby,125
tricolore-2-5th-edition,speaking,3 À discuter,4,speaking-task,"Pendant la récréation, est-ce que vous sortez dans la cour? (toujours/quand il fait beau/pas souvent)",,,,(open-ended),A2,hobby,125
tricolore-2-5th-edition,reading,4 Isabelle écrit à sa cousine,4,short-answer,I slept all day.,,,,,A2,communication,125
tricolore-2-5th-edition,listening,2 Vous sortez souvent?,5,multiple-choice,"Pendant les vacances, Magali et Chantal sortent …",une fois par semaine.,assez souvent.,très peu.,,A2,hobby,125
tricolore-2-5th-edition,speaking,3 À discuter,5,speaking-task,Qu'est-ce que tu fais quand il fait mauvais/chaud/très froid?,,,,(open-ended),A2,hobby,125
tricolore-2-5th-edition,listening,2 Vous sortez souvent?,6,multiple-choice,Elles aiment …,le sport.,la musique.,l'informatique.,,A2,hobby,125
tricolore-2-5th-edition,listening,2 Vous sortez souvent?,7,multiple-choice,Guy et Stéphanie …,ne sortent pas souvent.,sortent assez souvent.,sortent très souvent.,,A2,hobby,125
tricolore-2-5th-edition,listening,2 Vous sortez souvent?,8,multiple-choice,Ils aiment …,le sport.,la musique.,l'informatique.,,A2,hobby,125
tricolore-2-5th-edition,listening,1 Quel est ton numéro de téléphone?,1,fill-in,"Sophie, je peux prendre ton numéro de téléphone? – Oui, bien sûr. C'est le ___ . – Tu as un portable? – Oui, mon numéro de portable, c'est le ___ . – Et ton adresse e-mail? – C'est soph12@franadoo.fr.",,,,,A2,communication,126
tricolore-2-5th-edition,listening,2 Es-tu libre ce soir?,1,multiple-choice,Écoute la conversation 1 et note la lettre (A tu veux accepter / B tu n'es pas sûr(e) / C tu ne veux pas ou tu ne peux pas accepter).,Tu veux accepter.,Tu n'es pas sûr(e).,Tu ne veux pas ou tu ne peux pas accepter.,Tu veux accepter.,A2,communication,126
tricolore-2-5th-edition,speaking,3 D'accord ou pas d'accord?,1,speaking-task,"A: Tu es libre demain? Tu veux aller au cinéma avec moi? B: C'est très gentil, mais demain, ce n'est pas possible. A: Alors, samedi soir, il y a un feu d'artifice. Ça t'intéresse? B: Oui, je veux bien. Je suis libre samedi soir. C'est une bonne idée.",,,,(open-ended),A2,hobby,126
tricolore-2-5th-edition,listening,4 Chantez! Est-ce que tu veux sortir avec moi?,1,short-answer,Écoute la chanson. On donne des excuses pour ne pas sortir. Note les excuses en anglais.,,,,,A2,hobby,126
tricolore-2-5th-edition,listening,1 Quel est ton numéro de téléphone?,2,fill-in,"Bruno, quelle est ton adresse ici à Nîmes? – J'habite chez mon oncle, alors c'est ___ rue ___ . – Et ton numéro de portable? – Mon numéro de portable, c'est le ___ . – Et ton adresse e-mail? – C'est brunod14@chaudoo.fr",,,,,A2,communication,126
tricolore-2-5th-edition,listening,2 Es-tu libre ce soir?,2,multiple-choice,"Écoute la conversation 2 et note la lettre (A, B ou C).",Tu veux accepter.,Tu n'es pas sûr(e).,Tu ne veux pas ou tu ne peux pas accepter.,,A2,communication,126
tricolore-2-5th-edition,speaking,3 D'accord ou pas d'accord?,2,speaking-task,"B: On peut se revoir ce weekend? A: Peut-être, je vais voir. B: Il y a un match de foot dimanche prochain, on y va? A: Merci, mais je regrette, je ne suis pas libre.",,,,(open-ended),A2,hobby,126
tricolore-2-5th-edition,listening,2 Es-tu libre ce soir?,3,multiple-choice,"Écoute la conversation 3 et note la lettre (A, B ou C).",Tu veux accepter.,Tu n'es pas sûr(e).,Tu ne veux pas ou tu ne peux pas accepter.,,A2,communication,126
tricolore-2-5th-edition,listening,2 Es-tu libre ce soir?,4,multiple-choice,"Écoute la conversation 4 et note la lettre (A, B ou C).",Tu veux accepter.,Tu n'es pas sûr(e).,Tu ne veux pas ou tu ne peux pas accepter.,,A2,communication,126
tricolore-2-5th-edition,listening,2 Es-tu libre ce soir?,5,multiple-choice,"Écoute la conversation 5 et note la lettre (A, B ou C).",Tu veux accepter.,Tu n'es pas sûr(e).,Tu ne veux pas ou tu ne peux pas accepter.,,A2,communication,126
tricolore-2-5th-edition,listening,2 Es-tu libre ce soir?,6,multiple-choice,"Écoute la conversation 6 et note la lettre (A, B ou C).",Tu veux accepter.,Tu n'es pas sûr(e).,Tu ne veux pas ou tu ne peux pas accepter.,,A2,communication,126
tricolore-2-5th-edition,listening,2 Es-tu libre ce soir?,7,multiple-choice,"Écoute la conversation 7 et note la lettre (A, B ou C).",Tu veux accepter.,Tu n'es pas sûr(e).,Tu ne veux pas ou tu ne peux pas accepter.,,A2,communication,126
tricolore-2-5th-edition,listening,2 Es-tu libre ce soir?,8,multiple-choice,"Écoute la conversation 8 et note la lettre (A, B ou C).",Tu veux accepter.,Tu n'es pas sûr(e).,Tu ne veux pas ou tu ne peux pas accepter.,,A2,communication,126
tricolore-2-5th-edition,reading,5 Sophie et Bruno sont sortis (a),1,true-false,"Hier, je suis sortie avec un garçon qui s'appelle Charles.",,,,,A2,hobby,127
tricolore-2-5th-edition,grammar,5 Complète le message de Bruno (b),1,fill-in,"Hier, je (sortir) avec une fille qui s'appelle Amélie.",,,,,A2,hobby,127
tricolore-2-5th-edition,writing,6 Hier (a),1,writing-task,Tu as accepté une invitation d'une fille ou d'un garçon et tu es sorti(e) hier. Écris un message à un(e) ami(e).,,,,(open-ended),A2,hobby,127
tricolore-2-5th-edition,writing,6 Hier (b),1,writing-task,"Si tu es une fille, écris un message de la part de Charles. Si tu es un garçon, écris un message de la part d'Amélie.",,,,(open-ended),A2,hobby,127
tricolore-2-5th-edition,speaking,7 Rendez-vous (b),1,speaking-task,"À deux, inventez d'autres conversations en utilisant les expressions données (quand, où, pourquoi pas, qu'est-ce qu'il y a d'autre à faire, à quelle heure, rendez-vous où, combien de places, ça coûte combien).",,,,(open-ended),A2,hobby,127
tricolore-2-5th-edition,reading,5 Sophie et Bruno sont sortis (a),10,true-false,"Après le film, on a mangé une pizza.",,,,,A2,hobby,127
tricolore-2-5th-edition,grammar,5 Complète le message de Bruno (b),10,fill-in,elle (répondre) à ses copines sur son portable.,,,,,A2,communication,127
tricolore-2-5th-edition,reading,5 Sophie et Bruno sont sortis (a),2,true-false,Je vais sortir avec Charles.,,,,,A2,hobby,127
tricolore-2-5th-edition,grammar,5 Complète le message de Bruno (b),2,fill-in,"Elle est gentille, mais nous (passer) un après-midi ennuyeux, à mon avis!",,,,,A2,hobby,127
tricolore-2-5th-edition,reading,5 Sophie et Bruno sont sortis (a),3,true-false,On a décidé d'aller au cinéma.,,,,,A2,hobby,127
tricolore-2-5th-edition,grammar,5 Complète le message de Bruno (b),3,fill-in,"D'abord, nous (aller) dans un petit café.",,,,,A2,hobby,127
tricolore-2-5th-edition,reading,5 Sophie et Bruno sont sortis (a),4,true-false,"Hier, je suis restée à la maison.",,,,,A2,hobby,127
tricolore-2-5th-edition,grammar,5 Complète le message de Bruno (b),4,fill-in,"Moi, j'(prendre) un chocolat chaud",,,,,A2,hobby,127
tricolore-2-5th-edition,reading,5 Sophie et Bruno sont sortis (a),5,true-false,Nous allons voir un film de science-fiction.,,,,,A2,hobby,127
tricolore-2-5th-edition,grammar,5 Complète le message de Bruno (b),5,fill-in,"et j'(manger) un croissant,",,,,,A2,hobby,127
tricolore-2-5th-edition,reading,5 Sophie et Bruno sont sortis (a),6,true-false,Nous avons vu un film de science-fiction.,,,,,A2,hobby,127
tricolore-2-5th-edition,grammar,5 Complète le message de Bruno (b),6,fill-in,mais elle (lire) son magazine de mode.,,,,,A2,hobby,127
tricolore-2-5th-edition,reading,5 Sophie et Bruno sont sortis (a),7,true-false,"J'ai aimé le film, mais Charles l'a trouvé un peu stupide.",,,,,A2,hobby,127
tricolore-2-5th-edition,grammar,5 Complète le message de Bruno (b),7,fill-in,"Après ça, nous (entrer) dans un grand magasin à trois heures",,,,,A2,hobby,127
tricolore-2-5th-edition,reading,5 Sophie et Bruno sont sortis (a),8,true-false,Nous n'avons pas aimé le match.,,,,,A2,hobby,127
tricolore-2-5th-edition,grammar,5 Complète le message de Bruno (b),8,fill-in,et nous (sortir) du magasin à quatre heures et demie!,,,,,A2,hobby,127
tricolore-2-5th-edition,reading,5 Sophie et Bruno sont sortis (a),9,true-false,"Après le film, on va manger une pizza.",,,,,A2,hobby,127
tricolore-2-5th-edition,grammar,5 Complète le message de Bruno (b),9,fill-in,elle (acheter) seulement une paire de chaussettes,,,,,A2,shopping,127
tricolore-2-5th-edition,listening,1 Le match de foot (a),1,fill-in,"D'abord, l'équipe de Laval a marqué un but. Mais cinq minutes plus tard, Nîmes a marqué un but, puis un deuxième. Alors à la mi-temps, le score était ___ .",,,,,A2,hobby,128
tricolore-2-5th-edition,reading,1 Lis le texte et trouve l'équivalent (b),1,short-answer,a goal,,,,un but,A2,hobby,128
tricolore-2-5th-edition,reading,1 Réponds aux questions en français (c),1,short-answer,Nîmes a joué contre quelle équipe?,,,,,A2,hobby,128
tricolore-2-5th-edition,reading,2 C'est quoi en anglais?,1,short-answer,le gardien de but,,,,,A2,hobby,128
tricolore-2-5th-edition,listening,Phonétique: clubs de football,1,fill-in,N_ _tes,,,,,A2,hobby,128
tricolore-2-5th-edition,reading,3 Des footballeurs célèbres (a),1,short-answer,Qui est la personne la plus jeune?,,,,,A2,hobby,128
tricolore-2-5th-edition,writing,3 Fais des recherches (b),1,writing-task,Choisis un footballeur ou une footballeuse et trouve d'autres renseignements: il/elle joue pour quel club professionnel? Il/Elle joue pour l'équipe de France? Depuis quand?,,,,(open-ended),A2,hobby,128
tricolore-2-5th-edition,writing,4 Une fiche d'identité (a),1,writing-task,Prépare une fiche d'identité pour une personnalité que tu admires.,,,,(open-ended),A2,personal-info,128
tricolore-2-5th-edition,speaking,4 Une fiche d'identité (b),1,speaking-task,"À deux, posez des questions pour identifier la personnalité.",,,,(open-ended),A2,personal-info,128
tricolore-2-5th-edition,reading,2 C'est quoi en anglais?,10,short-answer,un carton rouge,,,,,A2,hobby,128
tricolore-2-5th-edition,listening,1 Le match de foot (a),2,fill-in,"Non, mais à la dernière minute, Nîmes a marqué un troisième but, alors Nîmes a gagné le match, ___ .",,,,,A2,hobby,128
tricolore-2-5th-edition,reading,1 Lis le texte et trouve l'équivalent (b),2,short-answer,against,,,,,A2,hobby,128
tricolore-2-5th-edition,reading,1 Réponds aux questions en français (c),2,short-answer,Quelle équipe a marqué le premier but?,,,,,A2,hobby,128
tricolore-2-5th-edition,reading,2 C'est quoi en anglais?,2,short-answer,match nul,,,,,A2,hobby,128
tricolore-2-5th-edition,listening,Phonétique: clubs de football,2,fill-in,Toul_ _se,,,,,A2,hobby,128
tricolore-2-5th-edition,reading,3 Des footballeurs célèbres (a),2,short-answer,"Qui est le plus grand, Ribéry ou Renard?",,,,,A2,hobby,128
tricolore-2-5th-edition,reading,1 Lis le texte et trouve l'équivalent (b),3,short-answer,the team,,,,,A2,hobby,128
tricolore-2-5th-edition,reading,1 Réponds aux questions en français (c),3,short-answer,Nîmes a marqué combien de buts dans la première partie?,,,,,A2,hobby,128
tricolore-2-5th-edition,reading,2 C'est quoi en anglais?,3,short-answer,passer le ballon,,,,,A2,hobby,128
tricolore-2-5th-edition,listening,Phonétique: clubs de football,3,fill-in,LOSC L_lle,,,,,A2,hobby,128
tricolore-2-5th-edition,reading,3 Des footballeurs célèbres (a),3,short-answer,Qui est né(e) au printemps au bord de la mer?,,,,,A2,hobby,128
tricolore-2-5th-edition,reading,1 Lis le texte et trouve l'équivalent (b),4,short-answer,at half-time,,,,,A2,hobby,128
tricolore-2-5th-edition,reading,1 Réponds aux questions en français (c),4,short-answer,Qui a marqué un but dans la deuxième partie?,,,,,A2,hobby,128
tricolore-2-5th-edition,reading,2 C'est quoi en anglais?,4,short-answer,arrêter un but,,,,,A2,hobby,128
tricolore-2-5th-edition,reading,3 Des footballeurs célèbres (a),4,short-answer,Qui n'est pas né(e) en Europe?,,,,,A2,hobby,128
tricolore-2-5th-edition,reading,1 Lis le texte et trouve l'équivalent (b),5,short-answer,second half,,,,,A2,hobby,128
tricolore-2-5th-edition,reading,1 Réponds aux questions en français (c),5,short-answer,Qui a gagné le match?,,,,,A2,hobby,128
tricolore-2-5th-edition,reading,2 C'est quoi en anglais?,5,short-answer,un championnat,,,,,A2,hobby,128
tricolore-2-5th-edition,reading,1 Lis le texte et trouve l'équivalent (b),6,short-answer,they played very well,,,,,A2,hobby,128
tricolore-2-5th-edition,reading,1 Réponds aux questions en français (c),6,short-answer,C'était un bon match?,,,,,A2,hobby,128
tricolore-2-5th-edition,reading,2 C'est quoi en anglais?,6,short-answer,la Coupe du monde,,,,,A2,hobby,128
tricolore-2-5th-edition,reading,2 C'est quoi en anglais?,7,short-answer,un joueur,,,,,A2,hobby,128
tricolore-2-5th-edition,reading,2 C'est quoi en anglais?,8,short-answer,un tournoi,,,,,A2,hobby,128
tricolore-2-5th-edition,reading,2 C'est quoi en anglais?,9,short-answer,un carton jaune,,,,,A2,hobby,128
tricolore-2-5th-edition,reading,5 Forum des jeunes,1,matching,Il faut essayer de différents sports …,,,,c (Fou-de-fraises),A2,school,129
tricolore-2-5th-edition,reading,5 Quel est le sport le plus pratiqué en France?,1,short-answer,"À ton avis, quel est le sport le plus pratiqué en France? (Réponse à la page 149.)",,,,,A2,hobby,129
tricolore-2-5th-edition,grammar,6 Faites la comparaison (a),1,fill-in,Le sport est ___ important que les autres activités.,,,,,A2,hobby,129
tricolore-2-5th-edition,writing,6 Invente cinq autres phrases (b),1,writing-task,"Invente cinq autres phrases avec plus, moins ou aussi.",,,,(open-ended),A2,mixed,129
tricolore-2-5th-edition,reading,5 Forum des jeunes,2,matching,"Quand il fait mauvais, moi, …",,,,,A2,school,129
tricolore-2-5th-edition,grammar,6 Faites la comparaison (a),2,fill-in,Le football est ___ fatigant que la gymnastique.,,,,,A2,hobby,129
tricolore-2-5th-edition,reading,5 Forum des jeunes,3,matching,"Si on travaille tout le temps dans une salle de classe, …",,,,,A2,school,129
tricolore-2-5th-edition,grammar,6 Faites la comparaison (a),3,fill-in,Les randonnées sont ___ agréables que les sports d'équipe.,,,,,A2,hobby,129
tricolore-2-5th-edition,reading,5 Forum des jeunes,4,matching,"Si vous faites de l'exercice en plein air, …",,,,,A2,school,129
tricolore-2-5th-edition,grammar,6 Faites la comparaison (a),4,fill-in,Les films de science-fiction sont ___ passionnants que les films historiques.,,,,,A2,hobby,129
tricolore-2-5th-edition,grammar,6 Faites la comparaison (a),5,fill-in,L'informatique est ___ difficile que la technologie.,,,,,A2,school,129
tricolore-2-5th-edition,grammar,6 Faites la comparaison (a),6,fill-in,L'histoire est ___ intéressante que la géographie.,,,,,A2,school,129
tricolore-2-5th-edition,grammar,6 Faites la comparaison (a),7,fill-in,L'allemand est ___ utile que le français.,,,,,A2,school,129
tricolore-2-5th-edition,grammar,6 Faites la comparaison (a),8,fill-in,Les langues sont ___ faciles que les sciences.,,,,,A2,school,129
tricolore-2-5th-edition,grammar,2 Des questions et des réponses (a),1,short-answer,"Tu viens d'où? (Cette question parle du passé, du présent ou du futur?)",,,,,A2,personal-info,130
tricolore-2-5th-edition,reading,2 Des questions et des réponses (b),1,matching,Tu viens d'où?,,,,C,A2,personal-info,130
tricolore-2-5th-edition,speaking,2 Et toi? Réponds aux questions (d),1,speaking-task,Et toi? Réponds aux questions 1-4 (Tu viens d'où? Tu aimes le sport? Est-ce que tu es sorti(e) hier? Tu vas sortir demain?).,,,,(open-ended),A2,mixed,130
tricolore-2-5th-edition,grammar,Dossier-langue: understanding and using the correct tense,1,short-answer,"Can you work out what avant-hier and après-demain mean? Have a guess, then check in the Glossaire.",,,,,A2,none,130
tricolore-2-5th-edition,grammar,2 Des questions et des réponses (a),2,short-answer,"Tu aimes le sport? (Cette question parle du passé, du présent ou du futur?)",,,,,A2,hobby,130
tricolore-2-5th-edition,reading,2 Des questions et des réponses (b),2,matching,Tu aimes le sport?,,,,,A2,hobby,130
tricolore-2-5th-edition,grammar,Dossier-langue: understanding and using the correct tense,2,short-answer,Find three examples of verbs in the passé composé on this page and translate them into English.,,,,,A2,none,130
tricolore-2-5th-edition,grammar,2 Des questions et des réponses (a),3,short-answer,"Est-ce que tu es sorti(e) hier? (Cette question parle du passé, du présent ou du futur?)",,,,,A2,hobby,130
tricolore-2-5th-edition,reading,2 Des questions et des réponses (b),3,matching,Est-ce que tu es sorti(e) hier?,,,,,A2,hobby,130
tricolore-2-5th-edition,grammar,Dossier-langue: understanding and using the correct tense,3,short-answer,Find two examples of verbs in the present tense and translate them.,,,,,A2,none,130
tricolore-2-5th-edition,grammar,2 Des questions et des réponses (a),4,short-answer,"Tu vas sortir demain? (Cette question parle du passé, du présent ou du futur?)",,,,,A2,hobby,130
tricolore-2-5th-edition,reading,2 Des questions et des réponses (b),4,matching,Tu vas sortir demain?,,,,,A2,hobby,130
tricolore-2-5th-edition,grammar,Dossier-langue: understanding and using the correct tense,4,short-answer,Find one example of aller + infinitive and translate it.,,,,,A2,none,130
tricolore-2-5th-edition,reading,1 Salut de Nîmes,a,short-answer,Quelles phrases (1-10) du message de Sophie sont au passé composé?,,,,,A2,vacation,130
tricolore-2-5th-edition,reading,1 Salut de Nîmes,b,short-answer,Quelles phrases (1-10) du message de Sophie parlent du futur?,,,,,A2,vacation,130
tricolore-2-5th-edition,speaking,3 Le weekend dernier,1,speaking-task,"À deux, posez des questions et répondez: Qu'est-ce que tu as fait? Tu y es allé(e) avec qui? C'était bien?",,,,(open-ended),A2,hobby,131
tricolore-2-5th-edition,grammar,4 Des cartes postales (a),1,fill-in,Nous (arriver) ici samedi dernier.,,,,sommes arrivés,A2,vacation,131
tricolore-2-5th-edition,writing,4 Écris une carte postale (b),1,writing-task,Écris une carte postale. Écris deux phrases au passé composé et deux phrases avec aller + infinitif.,,,,(open-ended),A2,vacation,131
tricolore-2-5th-edition,grammar,4 Des cartes postales (a),2,fill-in,"Un jour, nous (faire) une visite guidée de la ville.",,,,,A2,vacation,131
tricolore-2-5th-edition,grammar,4 Des cartes postales (a),3,fill-in,Nous (voir) beaucoup de monuments romains.,,,,,A2,vacation,131
tricolore-2-5th-edition,grammar,4 Des cartes postales (a),4,fill-in,"Hier soir, nous (aller) au match de football.",,,,,A2,vacation,131
tricolore-2-5th-edition,grammar,4 Des cartes postales (a),5,fill-in,Nîmes (gagner) 3 à 1.,,,,,A2,vacation,131
tricolore-2-5th-edition,grammar,4 Des cartes postales (a),6,fill-in,"Demain matin, nous (visiter) les arènes,",,,,,A2,vacation,131
tricolore-2-5th-edition,grammar,4 Des cartes postales (a),7,fill-in,et l'après-midi on (aller) au pont du Gard.,,,,,A2,vacation,131
tricolore-2-5th-edition,reading,1 Forum des jeunes (a),1,short-answer,Qui aime les histoires de magicien?,,,,,A2,hobby,132
tricolore-2-5th-edition,reading,1 Comment ça se dit en français? (b),1,short-answer,an e-reader,,,,,A2,hobby,132
tricolore-2-5th-edition,writing,1 Trouve le site d'un magazine (c),1,writing-task,Trouve le site d'un magazine en français pour les jeunes. Qu'est-ce qu'il y a comme articles dans le numéro actuel?,,,,(open-ended),A2,hobby,132
tricolore-2-5th-edition,reading,2 Les livres bien connus,1,short-answer,James et la grosse pêche,,,,,A2,hobby,132
tricolore-2-5th-edition,reading,1 Forum des jeunes (a),2,short-answer,Qui lit un livre qui raconte une histoire vraie qui se passe pendant la guerre?,,,,,A2,hobby,132
tricolore-2-5th-edition,reading,1 Comment ça se dit en français? (b),2,short-answer,straightaway,,,,,A2,hobby,132
tricolore-2-5th-edition,reading,2 Les livres bien connus,2,short-answer,Alice au pays des merveilles,,,,,A2,hobby,132
tricolore-2-5th-edition,reading,1 Forum des jeunes (a),3,short-answer,"FanadeBD, quand est-ce qu'il lit normalement?",,,,,A2,hobby,132
tricolore-2-5th-edition,reading,1 Comment ça se dit en français? (b),3,short-answer,very moving,,,,,A2,hobby,132
tricolore-2-5th-edition,reading,2 Les livres bien connus,3,short-answer,Le Seigneur des Anneaux,,,,,A2,hobby,132
tricolore-2-5th-edition,reading,1 Forum des jeunes (a),4,short-answer,Qu'est-ce qu'il préfère comme livres?,,,,,A2,hobby,132
tricolore-2-5th-edition,reading,1 Comment ça se dit en français? (b),4,short-answer,it takes place,,,,,A2,hobby,132
tricolore-2-5th-edition,reading,2 Les livres bien connus,4,short-answer,Charlie et la Chocolaterie,,,,,A2,hobby,132
tricolore-2-5th-edition,reading,1 Forum des jeunes (a),5,short-answer,"Techno5, qu'est-ce qu'il aime comme magazines?",,,,,A2,hobby,132
tricolore-2-5th-edition,reading,1 Comment ça se dit en français? (b),5,short-answer,when I have more time,,,,,A2,hobby,132
tricolore-2-5th-edition,reading,2 Les livres bien connus,5,short-answer,Les Royaumes du Nord,,,,,A2,hobby,132
tricolore-2-5th-edition,reading,1 Forum des jeunes (a),6,short-answer,Qu'est-ce qu'on trouve dans le magazine Okapi?,,,,,A2,hobby,132
tricolore-2-5th-edition,reading,1 Comment ça se dit en français? (b),6,short-answer,from time to time,,,,,A2,hobby,132
tricolore-2-5th-edition,reading,1 Forum des jeunes (a),7,short-answer,"Sportif3, qu'est-ce qu'il lit principalement?",,,,,A2,hobby,132
tricolore-2-5th-edition,reading,1 Comment ça se dit en français? (b),7,short-answer,it comes out twice a month,,,,,A2,hobby,132
tricolore-2-5th-edition,reading,1 Comment ça se dit en français? (b),8,short-answer,above all,,,,,A2,hobby,132
tricolore-2-5th-edition,grammar,1 C'est quel magasin?,1,short-answer,un croissant,,,,à la boulangerie,A2,shopping,134
tricolore-2-5th-edition,grammar,2 Tu fais des courses,1,fill-in,"mardi — d___ beurre, d___ baguettes",,,,"du beurre, des baguettes (à l'épicerie et à la boulangerie)",A2,shopping,134
tricolore-2-5th-edition,grammar,3 J'aime ça!,1,matching,"Comme fruit, je …",,,,b,A2,food,134
tricolore-2-5th-edition,grammar,4 Des listes à faire (1),1,fill-in,250 grammes ___ fromage,,,,de,A2,shopping,134
tricolore-2-5th-edition,grammar,4 Des listes à faire (2),1,fill-in,200 g___ de pâté,,,,,A2,shopping,134
tricolore-2-5th-edition,grammar,4 Des listes à faire (1),10,short-answer,Le magasin = ___ (liste 1),,,,,A2,shopping,134
tricolore-2-5th-edition,grammar,1 C'est quel magasin?,2,short-answer,une quiche aux champignons,,,,,A2,shopping,134
tricolore-2-5th-edition,grammar,2 Tu fais des courses,2,fill-in,"mercredi — ___ jambon, ___ limonade, ___ carottes",,,,,A2,shopping,134
tricolore-2-5th-edition,grammar,3 J'aime ça!,2,matching,"Quand nous sommes en vacances, nous …",,,,,A2,food,134
tricolore-2-5th-edition,grammar,4 Des listes à faire (1),2,fill-in,une b___ de thon,,,,,A2,shopping,134
tricolore-2-5th-edition,grammar,4 Des listes à faire (2),2,fill-in,6 tranches ___ jambon,,,,,A2,shopping,134
tricolore-2-5th-edition,grammar,1 C'est quel magasin?,3,short-answer,du poulet,,,,,A2,shopping,134
tricolore-2-5th-edition,grammar,2 Tu fais des courses,3,fill-in,"jeudi — ___ viande, ___ timbres",,,,,A2,shopping,134
tricolore-2-5th-edition,grammar,3 J'aime ça!,3,matching,Qu'est-ce que tu …,,,,,A2,food,134
tricolore-2-5th-edition,grammar,4 Des listes à faire (1),3,fill-in,un k___ de pêches,,,,,A2,shopping,134
tricolore-2-5th-edition,grammar,4 Des listes à faire (2),3,fill-in,une p___ de salade de tomates,,,,,A2,shopping,134
tricolore-2-5th-edition,grammar,1 C'est quel magasin?,4,short-answer,des livres et des magazines,,,,,A2,shopping,134
tricolore-2-5th-edition,grammar,2 Tu fais des courses,4,fill-in,"vendredi — ___ salade de tomates, ___ livres",,,,,A2,shopping,134
tricolore-2-5th-edition,grammar,3 J'aime ça!,4,matching,Qu'est-ce que vous …,,,,,A2,food,134
tricolore-2-5th-edition,grammar,4 Des listes à faire (1),4,fill-in,un d___-k___ de haricots verts,,,,,A2,shopping,134
tricolore-2-5th-edition,grammar,4 Des listes à faire (2),4,fill-in,deux portions ___ quiche,,,,,A2,shopping,134
tricolore-2-5th-edition,grammar,1 C'est quel magasin?,5,short-answer,une baguette,,,,,A2,shopping,134
tricolore-2-5th-edition,grammar,2 Tu fais des courses,5,fill-in,"samedi — ___ poulet, ___ fraises, ___ eau minérale gazeuse",,,,,A2,shopping,134
tricolore-2-5th-edition,grammar,3 J'aime ça!,5,matching,Mes amis …,,,,,A2,food,134
tricolore-2-5th-edition,grammar,4 Des listes à faire (1),5,fill-in,100 g___ de bonbons,,,,,A2,shopping,134
tricolore-2-5th-edition,grammar,4 Des listes à faire (2),5,short-answer,Le magasin = ___ (liste 2),,,,,A2,shopping,134
tricolore-2-5th-edition,grammar,1 C'est quel magasin?,6,short-answer,de l'eau minérale,,,,,A2,shopping,134
tricolore-2-5th-edition,grammar,2 Tu fais des courses,6,fill-in,"dimanche — ___ croissants, ___ glace à la vanille",,,,,A2,shopping,134
tricolore-2-5th-edition,grammar,3 J'aime ça!,6,matching,"Pour la récré, j'…",,,,,A2,food,134
tricolore-2-5th-edition,grammar,4 Des listes à faire (1),6,fill-in,un pot ___ confiture,,,,,A2,shopping,134
tricolore-2-5th-edition,grammar,1 C'est quel magasin?,7,short-answer,une glace à la vanille et au chocolat,,,,,A2,shopping,134
tricolore-2-5th-edition,grammar,3 J'aime ça!,7,matching,Ma sœur n'aime pas les fruits ni les gâteaux. Elle …,,,,,A2,food,134
tricolore-2-5th-edition,grammar,4 Des listes à faire (1),7,fill-in,un paquet ___ chips,,,,,A2,shopping,134
tricolore-2-5th-edition,grammar,1 C'est quel magasin?,8,short-answer,des chocolats et des pâtisseries,,,,,A2,shopping,134
tricolore-2-5th-edition,grammar,4 Des listes à faire (1),8,fill-in,un l___ de lait,,,,,A2,shopping,134
tricolore-2-5th-edition,grammar,4 Des listes à faire (1),9,fill-in,une bouteille ___ vin rouge,,,,,A2,shopping,134
tricolore-2-5th-edition,writing,5 Invente des listes (a),1,writing-task,"Tu vas acheter: une chose à la boulangerie; une portion de quelque chose à la charcuterie; une chose à la librairie-papeterie; une boîte, un paquet ou une bouteille de quelque chose à l'épicerie.",,,,(open-ended),A2,shopping,135
tricolore-2-5th-edition,writing,5 Invente des listes (b),1,writing-task,Tu prépares un repas pour deux amis. Le garçon ne mange pas de viande et la fille n'aime pas les haricots verts et les petits pois. Écris une liste des magasins où tu vas aller et tout ce que tu vas acheter.,,,,(open-ended),A2,shopping,135
tricolore-2-5th-edition,grammar,6 Je n'ai pas de lait (a),1,matching,"Panel 1: il regarde dans un frigo presque vide, un chat à ses pieds.",,,,c,A2,shopping,135
tricolore-2-5th-edition,grammar,6 Complète le résumé (b),1,fill-in,"Dani regarde dans le frigo, mais il n'y a (1) ___.",,,,pas de lait,A2,shopping,135
tricolore-2-5th-edition,speaking,Au marché,1,speaking-task,"Chez le marchand de légumes: tu vas chez le/la marchand(e) de légumes à 16h00 et tu trouves seulement deux des choses sur ta liste. Demande ces choses, puis écris ce que tu as acheté.",,,,(open-ended),A2,shopping,135
tricolore-2-5th-edition,grammar,6 Je n'ai pas de lait (a),2,matching,Panel 2: il se tient devant les portes vitrées d'un supermarché.,,,,,A2,shopping,135
tricolore-2-5th-edition,grammar,6 Complète le résumé (b),2,fill-in,"Alors, il va au (2) ___.",,,,,A2,shopping,135
tricolore-2-5th-edition,speaking,Au marché,2,speaking-task,Chez la marchande de fruits: changez de rôle. Tu es le/la marchand(e) de fruits à 16h00; il ne reste pas beaucoup de fruits. Réponds au client/à la cliente.,,,,(open-ended),A2,shopping,135
tricolore-2-5th-edition,grammar,6 Je n'ai pas de lait (a),3,matching,"Panel 3: dans un magasin, il montre des rayons de conserves et de bouteilles.",,,,,A2,shopping,135
tricolore-2-5th-edition,grammar,6 Complète le résumé (b),3,fill-in,"Dani aime les fruits, mais il n'y a (3) ___ p___.",,,,,A2,shopping,135
tricolore-2-5th-edition,grammar,6 Je n'ai pas de lait (a),4,matching,"Panel 4: avec un panier rose, il tend la main vers un étalage de fruits rouges.",,,,,A2,shopping,135
tricolore-2-5th-edition,grammar,6 Complète le résumé (b),4,fill-in,"Il achète un magazine, mais il n'y a (4) ___ m___ sur l'informatique.",,,,,A2,shopping,135
tricolore-2-5th-edition,grammar,6 Je n'ai pas de lait (a),5,matching,"Panel 5: devant un rayon de magazines, il regarde dans son panier.",,,,,A2,shopping,135
tricolore-2-5th-edition,grammar,6 Complète le résumé (b),5,fill-in,"Il ne trouve (5) ___ p___, mais il achète une baguette.",,,,,A2,shopping,135
tricolore-2-5th-edition,grammar,6 Je n'ai pas de lait (a),6,matching,"Panel 6: devant un rayon de pain, il prend une baguette.",,,,,A2,shopping,135
tricolore-2-5th-edition,grammar,6 Complète le résumé (b),6,fill-in,"Quand il rentre à la maison, il n'a toujours (6) ___ l___.",,,,,A2,shopping,135
tricolore-2-5th-edition,grammar,6 Je n'ai pas de lait (a),7,matching,"Panel 7: à la caisse, il tend son panier à la caissière.",,,,,A2,shopping,135
tricolore-2-5th-edition,grammar,6 Je n'ai pas de lait (a),8,matching,"Panel 8: de retour à la maison, il se tient la tête, un sac de courses sur la table.",,,,,A2,shopping,135
tricolore-2-5th-edition,grammar,1 Où vont-ils en vacances?,1,matching,M. et Mme Citron,,,,"Montréal, Canada",A2,vacation,136
tricolore-2-5th-edition,grammar,2 C'est dans quel pays?,1,fill-in,"J'habite à Cardiff, au ___ . (Wales)",,,,pays de Galles,A2,travel,136
tricolore-2-5th-edition,grammar,3 On y va comment?,1,fill-in,Lucie,,,,va au cinéma en bus.,A2,travel,136
tricolore-2-5th-edition,grammar,4 Des phrases complètes,1,matching,Comment viens-…,,,,,A2,none,136
tricolore-2-5th-edition,grammar,5 Les vacances idéales (a),1,fill-in,Il y a des monuments qu'on ___ visiter.,,,,on peut,A2,vacation,136
tricolore-2-5th-edition,writing,5 Choisis les trois phrases (b),1,short-answer,Choisis les trois phrases qui sont les plus importantes pour tes vacances idéales.,,,,(open-ended),A2,vacation,136
tricolore-2-5th-edition,grammar,1 Où vont-ils en vacances?,2,matching,Julie et Lucie Lambert,,,,,A2,vacation,136
tricolore-2-5th-edition,grammar,2 C'est dans quel pays?,2,fill-in,"Mes grands-parents vont à Glasgow, en ___ . (Scotland)",,,,,A2,travel,136
tricolore-2-5th-edition,grammar,3 On y va comment?,2,fill-in,Marc,,,,,A2,travel,136
tricolore-2-5th-edition,grammar,4 Des phrases complètes,2,matching,"Normalement, je …",,,,,A2,none,136
tricolore-2-5th-edition,grammar,5 Les vacances idéales (a),2,fill-in,Il y a un snack ou un restaurant fast-food où nous ___ manger.,,,,,A2,vacation,136
tricolore-2-5th-edition,grammar,1 Où vont-ils en vacances?,3,matching,Hugo Denise,,,,,A2,vacation,136
tricolore-2-5th-edition,grammar,2 C'est dans quel pays?,3,fill-in,"Mon frère travaille à Dublin, en ___ . (Ireland)",,,,,A2,travel,136
tricolore-2-5th-edition,grammar,3 On y va comment?,3,fill-in,Ils,,,,,A2,travel,136
tricolore-2-5th-edition,grammar,4 Des phrases complètes,3,matching,"Ta sœur, comment vient-…",,,,,A2,none,136
tricolore-2-5th-edition,grammar,5 Les vacances idéales (a),3,fill-in,Il y a beaucoup de boîtes où les jeunes ___ aller le soir.,,,,,A2,vacation,136
tricolore-2-5th-edition,grammar,1 Où vont-ils en vacances?,4,matching,Sophie Martin,,,,,A2,vacation,136
tricolore-2-5th-edition,grammar,2 C'est dans quel pays?,4,fill-in,"Le collège organise un voyage à Paris, en ___ . (France)",,,,,A2,travel,136
tricolore-2-5th-edition,grammar,3 On y va comment?,4,fill-in,Tu,,,,,A2,travel,136
tricolore-2-5th-edition,grammar,4 Des phrases complètes,4,matching,Elle …,,,,,A2,none,136
tricolore-2-5th-edition,grammar,5 Les vacances idéales (a),4,fill-in,Il y a des activités où on ___ retrouver d'autres jeunes.,,,,,A2,vacation,136
tricolore-2-5th-edition,grammar,1 Où vont-ils en vacances?,5,matching,Sébastien et Lucien Bonnard,,,,,A2,vacation,136
tricolore-2-5th-edition,grammar,2 C'est dans quel pays?,5,fill-in,"Mon père va à Genève, en ___ . (Switzerland)",,,,,A2,travel,136
tricolore-2-5th-edition,grammar,3 On y va comment?,5,fill-in,Nous,,,,,A2,travel,136
tricolore-2-5th-edition,grammar,4 Des phrases complètes,5,matching,Est-ce que vous …,,,,,A2,none,136
tricolore-2-5th-edition,grammar,5 Les vacances idéales (a),5,fill-in,Il y a un grand choix d'excursions que les visiteurs ___ faire.,,,,,A2,vacation,136
tricolore-2-5th-edition,grammar,1 Où vont-ils en vacances?,6,matching,La famille Renard,,,,,A2,vacation,136
tricolore-2-5th-edition,grammar,2 C'est dans quel pays?,6,fill-in,"Notre prof d'espagnol vient de Barcelone, en ___ . (Spain)",,,,,A2,travel,136
tricolore-2-5th-edition,grammar,3 On y va comment?,6,fill-in,On,,,,,A2,travel,136
tricolore-2-5th-edition,grammar,4 Des phrases complètes,6,matching,Nous …,,,,,A2,none,136
tricolore-2-5th-edition,grammar,5 Les vacances idéales (a),6,fill-in,"Vous ___ faire beaucoup de sports différents, par exemple de l'équitation et de la planche à voile.",,,,,A2,vacation,136
tricolore-2-5th-edition,grammar,3 On y va comment?,7,fill-in,Les garçons,,,,,A2,travel,136
tricolore-2-5th-edition,grammar,4 Des phrases complètes,7,matching,"Les garçons là-bas, d'où viennent-…",,,,,A2,none,136
tricolore-2-5th-edition,grammar,5 Les vacances idéales (a),7,fill-in,La mer est tout près et nous ___ aller directement sur la plage.,,,,,A2,vacation,136
tricolore-2-5th-edition,grammar,3 On y va comment?,8,fill-in,Mon père,,,,,A2,travel,136
tricolore-2-5th-edition,grammar,4 Des phrases complètes,8,matching,Ils …,,,,,A2,none,136
tricolore-2-5th-edition,grammar,5 Les vacances idéales (a),8,fill-in,On mange bien et on ___ choisir des plats au restaurant.,,,,,A2,vacation,136
tricolore-2-5th-edition,grammar,6 Ça dépend du temps,1,short-answer,il fait mauvais,,,,on peut jouer sur l'ordinateur,A2,weather,137
tricolore-2-5th-edition,writing,7 Désolé,1,writing-task,Je ne peux pas aller au cinéma avec toi parce que je …,,,,je vais jouer au tennis,A2,mixed,137
tricolore-2-5th-edition,grammar,8 Trouve l'infinitif (a: -er),1,short-answer,je joue,,,,jouer,A2,none,137
tricolore-2-5th-edition,grammar,8 Trouve l'infinitif (b: -ir),1,short-answer,je choisis,,,,choisir,A2,none,137
tricolore-2-5th-edition,grammar,8 Trouve l'infinitif (c: -re),1,short-answer,je vends,,,,vendre,A2,none,137
tricolore-2-5th-edition,grammar,8 Trouve l'infinitif (d: irregular),1,short-answer,je vais,,,,aller,A2,none,137
tricolore-2-5th-edition,speaking,Qu'est-ce qu'on peut faire? (Sancerre/Amboise),1,speaking-task,"À deux: la personne A pose des questions sur Sancerre (est-ce qu'on peut faire de la voile, du camping, de l'équitation, visiter un château/musée, aller à la piscine/au parc, jouer au tennis/golf/football), la personne B répond en consultant le guide. Puis changez de rôle pour parler d'Amboise.",,,,(open-ended),A2,vacation,137
tricolore-2-5th-edition,grammar,6 Ça dépend du temps,2,short-answer,il pleut,,,,,A2,weather,137
tricolore-2-5th-edition,writing,7 Désolé,2,writing-task,Je ne peux pas aller au concert parce que je …,,,,,A2,mixed,137
tricolore-2-5th-edition,grammar,8 Trouve l'infinitif (a: -er),2,short-answer,tu écoutes,,,,,A2,none,137
tricolore-2-5th-edition,grammar,8 Trouve l'infinitif (b: -ir),2,short-answer,tu finis,,,,,A2,none,137
tricolore-2-5th-edition,grammar,8 Trouve l'infinitif (c: -re),2,short-answer,tu réponds,,,,,A2,none,137
tricolore-2-5th-edition,grammar,8 Trouve l'infinitif (d: irregular),2,short-answer,tu es,,,,,A2,none,137
tricolore-2-5th-edition,grammar,6 Ça dépend du temps,3,short-answer,il neige,,,,,A2,weather,137
tricolore-2-5th-edition,writing,7 Désolé,3,writing-task,Mon frère ne peut pas sortir parce qu'il …,,,,,A2,mixed,137
tricolore-2-5th-edition,grammar,8 Trouve l'infinitif (a: -er),3,short-answer,il chante,,,,,A2,none,137
tricolore-2-5th-edition,grammar,8 Trouve l'infinitif (b: -ir),3,short-answer,elle réussit,,,,,A2,none,137
tricolore-2-5th-edition,grammar,8 Trouve l'infinitif (c: -re),3,short-answer,elle rend,,,,,A2,none,137
tricolore-2-5th-edition,grammar,8 Trouve l'infinitif (d: irregular),3,short-answer,on va,,,,,A2,none,137
tricolore-2-5th-edition,grammar,6 Ça dépend du temps,4,short-answer,il fait beau,,,,,A2,weather,137
tricolore-2-5th-edition,writing,7 Désolé,4,writing-task,Ma mère ne peut pas aller en ville parce qu'elle …,,,,,A2,mixed,137
tricolore-2-5th-edition,grammar,8 Trouve l'infinitif (a: -er),4,short-answer,nous regardons,,,,,A2,none,137
tricolore-2-5th-edition,grammar,8 Trouve l'infinitif (b: -ir),4,short-answer,nous remplissons,,,,,A2,none,137
tricolore-2-5th-edition,grammar,8 Trouve l'infinitif (c: -re),4,short-answer,nous attendons,,,,,A2,none,137
tricolore-2-5th-edition,grammar,8 Trouve l'infinitif (d: irregular),4,short-answer,nous avons,,,,,A2,none,137
tricolore-2-5th-edition,grammar,6 Ça dépend du temps,5,short-answer,il fait chaud,,,,,A2,weather,137
tricolore-2-5th-edition,writing,7 Désolé,5,writing-task,Nous ne pouvons pas venir au collège parce que nous …,,,,,A2,mixed,137
tricolore-2-5th-edition,grammar,8 Trouve l'infinitif (a: -er),5,short-answer,vous demandez,,,,,A2,none,137
tricolore-2-5th-edition,grammar,8 Trouve l'infinitif (b: -ir),5,short-answer,vous choisissez,,,,,A2,none,137
tricolore-2-5th-edition,grammar,8 Trouve l'infinitif (c: -re),5,short-answer,vous entendez,,,,,A2,none,137
tricolore-2-5th-edition,grammar,8 Trouve l'infinitif (d: irregular),5,short-answer,vous venez,,,,,A2,none,137
tricolore-2-5th-edition,grammar,6 Ça dépend du temps,6,short-answer,il y a du soleil,,,,,A2,weather,137
tricolore-2-5th-edition,writing,7 Désolé,6,writing-task,Mes amis ne peuvent pas jouer le match parce qu'ils …,,,,,A2,mixed,137
tricolore-2-5th-edition,grammar,8 Trouve l'infinitif (a: -er),6,short-answer,elles visitent,,,,,A2,none,137
tricolore-2-5th-edition,grammar,8 Trouve l'infinitif (b: -ir),6,short-answer,ils obéissent,,,,,A2,none,137
tricolore-2-5th-edition,grammar,8 Trouve l'infinitif (c: -re),6,short-answer,ils vendent,,,,,A2,none,137
tricolore-2-5th-edition,grammar,8 Trouve l'infinitif (d: irregular),6,short-answer,ils font,,,,,A2,none,137
tricolore-2-5th-edition,grammar,6 Ça dépend du temps,7,short-answer,il fait très froid,,,,,A2,weather,137
tricolore-2-5th-edition,grammar,6 Ça dépend du temps,8,short-answer,il y a du brouillard,,,,,A2,weather,137
tricolore-2-5th-edition,grammar,1 Trouve les paires,1,matching,Il y a environ …,,,,d,A2,school,138
tricolore-2-5th-edition,grammar,2 Des questions (a: apprendre/comprendre),1,fill-in,Est-ce que tous les élèves c___ le français?,,,,comprennent,A2,school,138
tricolore-2-5th-edition,grammar,3 Ça commence mal,1,fill-in,Claude ___ souvent tard et il arrive au bureau en retard. Son chef n'est pas content. (se lever),,,,se lève,A2,daily-routine,138
tricolore-2-5th-edition,grammar,1 Trouve les paires,2,matching,On ne porte pas …,,,,,A2,school,138
tricolore-2-5th-edition,grammar,2 Des questions (a: apprendre/comprendre),2,fill-in,Est-ce que ta sœur a___ à jouer du piano?,,,,,A2,school,138
tricolore-2-5th-edition,grammar,3 Ça commence mal,2,fill-in,"Alors, aujourd'hui, Claude ___ à six heures. (se réveiller)",,,,,A2,daily-routine,138
tricolore-2-5th-edition,grammar,1 Trouve les paires,3,matching,Les cours commencent …,,,,,A2,school,138
tricolore-2-5th-edition,grammar,2 Des questions (a: apprendre/comprendre),3,fill-in,Est-ce que ton grand-père c___ l'italien?,,,,,A2,school,138
tricolore-2-5th-edition,grammar,3 Ça commence mal,3,fill-in,Il ___ tout de suite. (se lever),,,,,A2,daily-routine,138
tricolore-2-5th-edition,grammar,1 Trouve les paires,4,matching,"Pour les sciences, …",,,,,A2,school,138
tricolore-2-5th-edition,grammar,2 Des questions (a: apprendre/comprendre),4,fill-in,Tu a___ à jouer de quel instrument de musique?,,,,,A2,school,138
tricolore-2-5th-edition,grammar,3 Ça commence mal,4,fill-in,Il ___ très vite. (s'habiller),,,,,A2,daily-routine,138
tricolore-2-5th-edition,grammar,1 Trouve les paires,5,matching,"Dans la salle de technologie, …",,,,,A2,school,138
tricolore-2-5th-edition,grammar,2 Des questions (a: apprendre/comprendre),5,fill-in,Qu'est-ce que vous a___ comme langues au collège?,,,,,A2,school,138
tricolore-2-5th-edition,grammar,3 Ça commence mal,5,fill-in,"Il prend sa moto, mais le moteur ___ . (s'arrêter)",,,,,A2,daily-routine,138
tricolore-2-5th-edition,grammar,1 Trouve les paires,6,matching,Les demi-pensionnaires …,,,,,A2,school,138
tricolore-2-5th-edition,grammar,3 Ça commence mal,6,fill-in,Il voit un autobus qui arrive. Il ___ . (se dépêcher),,,,,A2,daily-routine,138
tricolore-2-5th-edition,grammar,1 Trouve les paires,7,matching,"Pour l'EPS, on va …",,,,,A2,school,138
tricolore-2-5th-edition,grammar,3 Ça commence mal,7,fill-in,"Hélas, le bus ne ___ pas. (s'arrêter)",,,,,A2,daily-routine,138
tricolore-2-5th-edition,grammar,1 Trouve les paires,8,matching,Les cours finissent …,,,,,A2,school,138
tricolore-2-5th-edition,grammar,2 Complète les réponses (b),a,fill-in,"Moi, j'a___ à jouer du violon.",,,,apprends,A2,school,138
tricolore-2-5th-edition,grammar,2 Complète les réponses (b),b,fill-in,"Non, mon grand-père ne c___ pas l'italien.",,,,,A2,school,138
tricolore-2-5th-edition,grammar,2 Complète les réponses (b),c,fill-in,"Nous a___ le français, l'allemand et l'espagnol.",,,,,A2,school,138
tricolore-2-5th-edition,grammar,2 Complète les réponses (b),d,fill-in,"Oui, tous les élèves de notre classe c___ le français.",,,,,A2,school,138
tricolore-2-5th-edition,grammar,2 Complète les réponses (b),e,fill-in,"Non, elle a___ à jouer du violon.",,,,,A2,school,138
tricolore-2-5th-edition,grammar,"4 Aujourd'hui, c'est différent",1,fill-in,Je me réveille avant sept heures.,,,,Je ne me réveille pas avant sept heures.,A2,daily-routine,139
tricolore-2-5th-edition,grammar,5 Qu'est-ce qu'ils veulent? (a),1,fill-in,Qu'est-ce que vous ___ faire aujourd'hui?,,,,vous voulez,A2,mixed,139
tricolore-2-5th-edition,speaking,6 Inventez des conversations,1,speaking-task,"Est-ce que tu veux visiter le château cet après-midi? – Merci, mais je ne peux pas parce que je vais aller à la piscine.",,,,château / aller à la piscine,A2,mixed,139
tricolore-2-5th-edition,grammar,"4 Aujourd'hui, c'est différent",2,fill-in,Je me lève tout de suite.,,,,,A2,daily-routine,139
tricolore-2-5th-edition,grammar,5 Qu'est-ce qu'ils veulent? (a),2,fill-in,Est-ce que tu ___ du fromage?,,,,,A2,food,139
tricolore-2-5th-edition,speaking,6 Inventez des conversations,2,speaking-task,"Vous voulez regarder une vidéo ce soir? – Merci, mais nous ne pouvons pas parce que nous allons manger au restaurant.",,,,,A2,mixed,139
tricolore-2-5th-edition,grammar,"4 Aujourd'hui, c'est différent",3,fill-in,Je m'habille très vite.,,,,,A2,daily-routine,139
tricolore-2-5th-edition,grammar,5 Qu'est-ce qu'ils veulent? (a),3,fill-in,Tu ___ venir ici ce matin?,,,,,A2,mixed,139
tricolore-2-5th-edition,speaking,6 Inventez des conversations,3,speaking-task,"Est-ce que vos amis veulent jouer au tennis? – Non, ils ne peuvent pas parce qu'ils vont jouer au football.",,,,,A2,hobby,139
tricolore-2-5th-edition,grammar,"4 Aujourd'hui, c'est différent",4,fill-in,Mon frère se lave.,,,,,A2,daily-routine,139
tricolore-2-5th-edition,grammar,5 Qu'est-ce qu'ils veulent? (a),4,fill-in,Qu'est-ce que les autres ___ faire cet après-midi?,,,,,A2,mixed,139
tricolore-2-5th-edition,speaking,6 Inventez des conversations,4,speaking-task,"Tu veux prendre l'avion après les cours? – Non, je ne peux pas parce que je vais faire des courses.",,,,,A2,shopping,139
tricolore-2-5th-edition,grammar,"4 Aujourd'hui, c'est différent",5,fill-in,Nous nous dépêchons.,,,,,A2,daily-routine,139
tricolore-2-5th-edition,grammar,5 Qu'est-ce qu'ils veulent? (a),5,fill-in,Qu'est-ce que ta sœur ___ surtout faire à Paris?,,,,,A2,vacation,139
tricolore-2-5th-edition,grammar,"4 Aujourd'hui, c'est différent",6,fill-in,Le bus s'arrête au coin de la rue.,,,,,A2,daily-routine,139
tricolore-2-5th-edition,grammar,5 Qu'est-ce qu'ils veulent? (a),6,fill-in,Où est-ce que ton frère ___ aller?,,,,,A2,mixed,139
tricolore-2-5th-edition,grammar,"4 Aujourd'hui, c'est différent",7,fill-in,Mes parents s'occupent de leur travail.,,,,,A2,daily-routine,139
tricolore-2-5th-edition,grammar,"4 Aujourd'hui, c'est différent",8,fill-in,On se couche tôt.,,,,,A2,daily-routine,139
tricolore-2-5th-edition,grammar,5 Complète les réponses (b),a,fill-in,"Oui, je ___ bien aller chez toi.",,,,je veux,A2,mixed,139
tricolore-2-5th-edition,grammar,7 Des conversations (1: lire),a,fill-in,Qu'est-ce que tu (a) ___?,,,,,A2,hobby,139
tricolore-2-5th-edition,grammar,7 Des conversations (2: écrire),a,fill-in,Est-ce que tu (a) ___ souvent des messages à tes amis?,,,,,A2,communication,139
tricolore-2-5th-edition,grammar,7 Des conversations (3: dire),a,fill-in,Il y a un nouveau prof de biologie. Qu'est-ce que tu (a) ___?,,,,,A2,school,139
tricolore-2-5th-edition,grammar,5 Complète les réponses (b),b,fill-in,Elle ___ surtout monter à la tour Eiffel.,,,,,A2,vacation,139
tricolore-2-5th-edition,grammar,7 Des conversations (1: lire),b,fill-in,Je (b) ___ une bande dessinée. C'est très amusant.,,,,,A2,hobby,139
tricolore-2-5th-edition,grammar,7 Des conversations (2: écrire),b,fill-in,Bof! J'(b) ___ des messages ou des textos quand j'ai le temps.,,,,,A2,communication,139
tricolore-2-5th-edition,grammar,7 Des conversations (3: dire),b,fill-in,On (b) ___ qu'il est assez sévère.,,,,,A2,school,139
tricolore-2-5th-edition,grammar,5 Complète les réponses (b),c,fill-in,Nous ___ aller à la piscine ce matin et visiter la ville cet après-midi.,,,,,A2,vacation,139
tricolore-2-5th-edition,grammar,7 Des conversations (1: lire),c,fill-in,"Et tes amis, qu'est-ce qu'ils (c) ___?",,,,,A2,hobby,139
tricolore-2-5th-edition,grammar,7 Des conversations (2: écrire),c,fill-in,"Et ton ami français, il (c) ___ en anglais?",,,,,A2,communication,139
tricolore-2-5th-edition,grammar,7 Des conversations (3: dire),c,fill-in,Les élèves de cinquième (c) ___ qu'il donne beaucoup de devoirs.,,,,,A2,school,139
tricolore-2-5th-edition,grammar,5 Complète les réponses (b),d,fill-in,Il ___ aller en Allemagne.,,,,,A2,vacation,139
tricolore-2-5th-edition,grammar,7 Des conversations (1: lire),d,fill-in,Hasan (d) ___ un livre de Tintin,,,,,A2,hobby,139
tricolore-2-5th-edition,grammar,7 Des conversations (2: écrire),d,fill-in,"Oui, et moi, j'(d) ___ en français.",,,,,A2,communication,139
tricolore-2-5th-edition,grammar,5 Complète les réponses (b),e,fill-in,Les adultes ___ visiter le jardin botanique et les enfants ___ aller à l'aquarium.,,,,,A2,vacation,139
tricolore-2-5th-edition,grammar,7 Des conversations (1: lire),e,fill-in,et Magali (e) ___ une lettre de sa correspondante.,,,,,A2,communication,139
tricolore-2-5th-edition,grammar,5 Complète les réponses (b),f,fill-in,"Oui, je ___ bien. J'aime beaucoup le camembert.",,,,,A2,food,139
tricolore-2-5th-edition,writing,1 Une description,1,writing-task,Choisis une fille et un garçon et écris une petite description.,,,,(open-ended),A2,personal-info,140
tricolore-2-5th-edition,writing,2 J'adore ranger ma chambre! (a),1,fill-in,J'adore [ranger ma chambre]. C'est intéressant.,,,,ranger ma chambre,A2,home,140
tricolore-2-5th-edition,writing,2 Qu'est-ce que tu aimes faire pour aider à la maison? (b),1,writing-task,Qu'est-ce que tu aimes (ou n'aimes pas) faire pour aider à la maison? Pourquoi? Écris des phrases.,,,,(open-ended),A2,home,140
tricolore-2-5th-edition,grammar,3 Hier,1,fill-in,"Le matin, moi, j'___ à la cuisine. (aider)",,,,j'ai aidé,A2,home,140
tricolore-2-5th-edition,grammar,3 Hier,10,fill-in,"Et toi, tu ___ une bonne journée! (passer)",,,,,A2,home,140
tricolore-2-5th-edition,writing,2 J'adore ranger ma chambre! (a),2,fill-in,Je n'aime pas [faire la vaisselle]. C'est ennuyeux.,,,,,A2,home,140
tricolore-2-5th-edition,grammar,3 Hier,2,fill-in,"Et toi, tu ___ de la musique. (écouter)",,,,,A2,home,140
tricolore-2-5th-edition,writing,2 J'adore ranger ma chambre! (a),3,fill-in,J'aime [promener le chien]. C'est amusant.,,,,,A2,home,140
tricolore-2-5th-edition,grammar,3 Hier,3,fill-in,"Puis moi, j'___ ma chambre. (ranger)",,,,,A2,home,140
tricolore-2-5th-edition,writing,2 J'adore ranger ma chambre! (a),4,fill-in,Je déteste [passer l'aspirateur]. C'est fatigant.,,,,,A2,home,140
tricolore-2-5th-edition,grammar,3 Hier,4,fill-in,"Et toi, tu ___ sur l'ordinateur. (jouer)",,,,,A2,home,140
tricolore-2-5th-edition,writing,2 J'adore ranger ma chambre! (a),5,fill-in,"Je n'aime pas beaucoup [faire les courses], mais ça va.",,,,,A2,home,140
tricolore-2-5th-edition,grammar,3 Hier,5,fill-in,"L'après-midi, moi, j'___ l'aspirateur. (passer)",,,,,A2,home,140
tricolore-2-5th-edition,writing,2 J'adore ranger ma chambre! (a),6,fill-in,"J'aime beaucoup [tondre la pelouse], mais ce n'est pas facile.",,,,,A2,home,140
tricolore-2-5th-edition,grammar,3 Hier,6,fill-in,"Et toi, tu ___ la télé. (regarder)",,,,,A2,home,140
tricolore-2-5th-edition,grammar,3 Hier,7,fill-in,"Puis moi, j'___ la voiture. (laver)",,,,,A2,home,140
tricolore-2-5th-edition,grammar,3 Hier,8,fill-in,"Et toi, tu ___ à des amis. (téléphoner)",,,,,A2,home,140
tricolore-2-5th-edition,grammar,3 Hier,9,fill-in,"Enfin, moi, j'___ dans ma chambre. (travailler)",,,,,A2,home,140
tricolore-2-5th-edition,grammar,4 Des questions et des réponses (a),1,fill-in,Tu as ___ tes devoirs de français?,,,,fini,A2,school,141
tricolore-2-5th-edition,writing,5 Un e-mail,1,writing-task,"Voici le début d'un message. Écris au moins trois autres phrases: Samedi dernier, j'ai décidé d'aller en ville. Au grand magasin, j'ai acheté …",,,,(open-ended),A2,shopping,141
tricolore-2-5th-edition,grammar,6 Une journée récente: le matin (a),1,fill-in,"Lundi dernier, j'ai (quitter) la maison à sept heures et demie.",,,,j'ai quitté,A2,daily-routine,141
tricolore-2-5th-edition,grammar,6 Une journée récente: l'après-midi et le soir (b),1,fill-in,"À midi, j'(manger) à la cantine.",,,,j'ai mangé,A2,daily-routine,141
tricolore-2-5th-edition,reading,7 Un message,1,fill-in,"(1) ___ Luc,",,,,,A2,vacation,141
tricolore-2-5th-edition,reading,7 Un message,10,fill-in,"Pendant le voyage, j'ai (10) ___ dans le train.",,,,,A2,vacation,141
tricolore-2-5th-edition,reading,7 Un message,11,fill-in,"(11) ___ encore, Alex",,,,,A2,communication,141
tricolore-2-5th-edition,grammar,4 Des questions et des réponses (a),2,fill-in,Elles ont ___ de manger?,,,,,A2,mixed,141
tricolore-2-5th-edition,grammar,6 Une journée récente: le matin (a),2,fill-in,J'ai (attendre) l'autobus pendant dix minutes.,,,,,A2,daily-routine,141
tricolore-2-5th-edition,grammar,6 Une journée récente: l'après-midi et le soir (b),2,fill-in,J'(choisir) du poulet et des frites.,,,,,A2,daily-routine,141
tricolore-2-5th-edition,reading,7 Un message,2,fill-in,J'ai (2) ___ une semaine … en France.,,,,,A2,vacation,141
tricolore-2-5th-edition,grammar,4 Des questions et des réponses (a),3,fill-in,Il a ___ une carte pour Thomas?,,,,,A2,mixed,141
tricolore-2-5th-edition,grammar,6 Une journée récente: le matin (a),3,fill-in,"Au collège, les cours ont (commencer) à huit heures dix.",,,,,A2,school,141
tricolore-2-5th-edition,grammar,6 Une journée récente: l'après-midi et le soir (b),3,fill-in,"L'après-midi, les cours (finir) à cinq heures.",,,,,A2,school,141
tricolore-2-5th-edition,reading,7 Un message,3,fill-in,J'ai passé une semaine (3) ___ en France.,,,,,A2,vacation,141
tricolore-2-5th-edition,grammar,4 Des questions et des réponses (a),4,fill-in,Vous avez ___ le jeu?,,,,,A2,mixed,141
tricolore-2-5th-edition,grammar,6 Une journée récente: le matin (a),4,fill-in,Nous avons bien (travailler).,,,,,A2,school,141
tricolore-2-5th-edition,grammar,6 Une journée récente: l'après-midi et le soir (b),4,fill-in,"Le soir, j'(travailler) pendant une heure.",,,,,A2,daily-routine,141
tricolore-2-5th-edition,reading,7 Un message,4,fill-in,J'ai (4) ___ aimé l'excursion à …,,,,,A2,vacation,141
tricolore-2-5th-edition,grammar,4 Des questions et des réponses (a),5,fill-in,Qu'est-ce que tu as ___ comme film?,,,,,A2,hobby,141
tricolore-2-5th-edition,grammar,6 Une journée récente: le matin (a),5,fill-in,"Pendant la récréation, on a (vendre) des pains au chocolat.",,,,,A2,school,141
tricolore-2-5th-edition,grammar,6 Une journée récente: l'après-midi et le soir (b),5,fill-in,"Puis, j'(regarder) la télé.",,,,,A2,daily-routine,141
tricolore-2-5th-edition,reading,7 Un message,5,fill-in,l'excursion à (5) ___ .,,,,,A2,vacation,141
tricolore-2-5th-edition,grammar,4 Des questions et des réponses (a),6,fill-in,Le match a ___ à quelle heure?,,,,,A2,hobby,141
tricolore-2-5th-edition,grammar,6 Une journée récente: le matin (a),6,fill-in,J'ai (retrouver) mes copains dans la cour.,,,,,A2,school,141
tricolore-2-5th-edition,grammar,6 Une journée récente: l'après-midi et le soir (b),6,fill-in,"Et à sept heures et demie, nous (dîner).",,,,,A2,daily-routine,141
tricolore-2-5th-edition,reading,7 Un message,6,fill-in,Ma (6) ___ a bien aimé le livre sur les rois de France.,,,,,A2,family,141
tricolore-2-5th-edition,reading,7 Un message,7,fill-in,Elle adore (7) ___ .,,,,,A2,hobby,141
tricolore-2-5th-edition,reading,7 Un message,8,fill-in,J'ai fait très bon (8) ___ .,,,,,A2,vacation,141
tricolore-2-5th-edition,reading,7 Un message,9,fill-in,Je n'ai pas (9) ___ longtemps à la gare.,,,,,A2,vacation,141
tricolore-2-5th-edition,grammar,4 Complète les réponses avec avoir (b),a,fill-in,Il ___ fini à quatre heures.,,,,a,A2,mixed,141
tricolore-2-5th-edition,grammar,4 Complète les réponses avec avoir (b),b,fill-in,"Oui, il ___ choisi une carte amusante.",,,,,A2,mixed,141
tricolore-2-5th-edition,grammar,4 Complète les réponses avec avoir (b),c,fill-in,"Non, je n'___ pas encore fini.",,,,,A2,mixed,141
tricolore-2-5th-edition,grammar,4 Complète les réponses avec avoir (b),d,fill-in,"Oui, elles ___ fini de manger.",,,,,A2,mixed,141
tricolore-2-5th-edition,grammar,4 Complète les réponses avec avoir (b),e,fill-in,"Oui, nous ___ fini.",,,,,A2,mixed,141
tricolore-2-5th-edition,grammar,4 Complète les réponses avec avoir (b),f,fill-in,J'___ choisi un film d'Astérix.,,,,,A2,hobby,141
tricolore-2-5th-edition,grammar,1 Qu'est-ce qu'on boit?,1,matching,"Au goûter, Jean …",,,,b,A2,food,142
tricolore-2-5th-edition,speaking,2 Conversations au choix,1,speaking-task,Jetez un dé (ou choisissez des nombres entre 1 et 6) pour faire des conversations sur ce que vous buvez (quand? quelle boisson?).,,,,(open-ended),A2,food,142
tricolore-2-5th-edition,writing,3 On a mangé ça,1,short-answer,"Marc est végétarien, mais il adore les œufs.",,,,Marc a commandé une omelette aux champignons.,A2,restaurant,142
tricolore-2-5th-edition,writing,4 Fais des phrases,1,writing-task,Combien de phrases peux-tu faire? (Hier/il a/elle a/on a/ils ont/elles ont + écrit/découvert/vu/reçu/lu/fait + un livre de cuisine/une nouvelle page web/un nouveau jeu vidéo/une nouvelle recette/un magazine intéressant/une BD fantastique.),,,,(open-ended),A2,mixed,142
tricolore-2-5th-edition,reading,5 M. Corot – un résumé,1,ordering,"Mets les phrases dans l'ordre pour faire un résumé de l'histoire à la page 78: a) Elle a téléphoné à M. Corot. b) Lundi soir, les Corot ont préparé des sandwichs. c) Le chat a mangé des sardines. d) Comme il a mangé ses sandwichs aux sardines, M. Corot a décidé de téléphoner à son médecin. e) Plus tard, Mme Corot a découvert que le chat était malade. f) Le médecin a envoyé M. Corot à l'hôpital. g) Finalement, l'épicier a tout expliqué.",,,,"starts with b, …",A2,mixed,142
tricolore-2-5th-edition,grammar,1 Qu'est-ce qu'on boit?,2,matching,Les enfants …,,,,,A2,food,142
tricolore-2-5th-edition,writing,3 On a mangé ça,2,short-answer,Claire adore les saucisses et elle aime aussi le pain.,,,,,A2,restaurant,142
tricolore-2-5th-edition,grammar,1 Qu'est-ce qu'on boit?,3,matching,Est-ce que vous …,,,,,A2,food,142
tricolore-2-5th-edition,writing,3 On a mangé ça,3,short-answer,Élise adore le fromage et le jambon.,,,,,A2,restaurant,142
tricolore-2-5th-edition,grammar,1 Qu'est-ce qu'on boit?,4,matching,"Le dimanche, nous …",,,,,A2,food,142
tricolore-2-5th-edition,writing,3 On a mangé ça,4,short-answer,Jean-Pierre préfère les choses sucrées.,,,,,A2,restaurant,142
tricolore-2-5th-edition,grammar,1 Qu'est-ce qu'on boit?,5,matching,Qu'est-ce que tu …,,,,,A2,food,142
tricolore-2-5th-edition,writing,3 On a mangé ça,5,short-answer,"Paul a choisi un sandwich, mais pas au jambon.",,,,,A2,restaurant,142
tricolore-2-5th-edition,grammar,1 Qu'est-ce qu'on boit?,6,matching,"Au petit déjeuner, je …",,,,,A2,food,142
tricolore-2-5th-edition,writing,3 On a mangé ça,6,open-ended,"Toi. (Moi, j'ai …)",,,,(open-ended),A2,restaurant,142
tricolore-2-5th-edition,grammar,1 Qu'est-ce qu'on boit?,7,matching,"Ma sœur adore la menthe. Au café, elle …",,,,,A2,food,142
tricolore-2-5th-edition,speaking,6 Réponds sans dire 'oui' ou 'non',1,speaking-task,Est-ce que tu as passé tes vacances en France?,,,,(open-ended),A2,vacation,143
tricolore-2-5th-edition,grammar,7 Voici le menu,1,fill-in,Comme hors-d'œuvre: d_ p_t_,,,,du pâté,A2,restaurant,143
tricolore-2-5th-edition,listening,8 M. Lemaître a choisi …,1,short-answer,"M. Lemaître a dîné au restaurant Le Perroquet Vert. Écoute sa conversation avec sa femme, regarde le menu (page 83) et écris une liste (pour commencer / comme plat principal).",,,,,A2,restaurant,143
tricolore-2-5th-edition,reading,9 On a mangé à la cantine,1,short-answer,"Marc n'aime pas beaucoup la viande et il préfère un repas froid, mais avec une boisson chaude. Que choisit-il?",,,,"de la salade, du café",A2,restaurant,143
tricolore-2-5th-edition,grammar,7 Voici le menu,10,fill-in,Comme boissons: d_ l'___ m_n_r_l_,,,,,A2,restaurant,143
tricolore-2-5th-edition,speaking,6 Réponds sans dire 'oui' ou 'non',2,speaking-task,Est-ce que tu as passé des vacances à Paris?,,,,(open-ended),A2,vacation,143
tricolore-2-5th-edition,grammar,7 Voici le menu,2,fill-in,Comme hors-d'œuvre: d_ m_l_n,,,,,A2,restaurant,143
tricolore-2-5th-edition,reading,9 On a mangé à la cantine,2,short-answer,"Laura et Safiya aiment le steak haché, mais Safiya préfère le poulet. Que choisit Laura?",,,,,A2,restaurant,143
tricolore-2-5th-edition,speaking,6 Réponds sans dire 'oui' ou 'non',3,speaking-task,Est-ce que tu as visité l'Espagne ou l'Italie?,,,,(open-ended),A2,vacation,143
tricolore-2-5th-edition,grammar,7 Voici le menu,3,fill-in,Comme plats principaux: d_ p__l_t,,,,,A2,restaurant,143
tricolore-2-5th-edition,reading,9 On a mangé à la cantine,3,short-answer,Malik est végétarien. Il ne mange pas de poisson et de viande mais il adore le lait. Que choisit-il?,,,,,A2,restaurant,143
tricolore-2-5th-edition,speaking,6 Réponds sans dire 'oui' ou 'non',4,speaking-task,Est-ce que tu as regardé la télévision hier?,,,,(open-ended),A2,mixed,143
tricolore-2-5th-edition,grammar,7 Voici le menu,4,fill-in,Comme plats principaux: d_ p__ss_n,,,,,A2,restaurant,143
tricolore-2-5th-edition,reading,9 On a mangé à la cantine,4,short-answer,"Élise adore le poulet, comme Sika, mais aujourd'hui, elle a décidé de manger du poisson. Elle n'aime pas l'Orangina. Que choisit-elle?",,,,,A2,restaurant,143
tricolore-2-5th-edition,speaking,6 Réponds sans dire 'oui' ou 'non',5,speaking-task,Qu'est-ce que tu as mangé à midi? Tu as aimé ça?,,,,(open-ended),A2,food,143
tricolore-2-5th-edition,grammar,7 Voici le menu,5,fill-in,Comme légumes: d_s p_t_ts p__s,,,,,A2,restaurant,143
tricolore-2-5th-edition,reading,9 On a mangé à la cantine,5,short-answer,Safiya et Laura aiment les boissons sucrées. Safiya adore surtout la limonade. Que choisit Safiya?,,,,,A2,restaurant,143
tricolore-2-5th-edition,speaking,6 Réponds sans dire 'oui' ou 'non',6,speaking-task,Est-ce que tu as joué au tennis samedi?,,,,(open-ended),A2,hobby,143
tricolore-2-5th-edition,grammar,7 Voici le menu,6,fill-in,Comme légumes: d_s fr_t_s,,,,,A2,restaurant,143
tricolore-2-5th-edition,speaking,6 Réponds sans dire 'oui' ou 'non',7,speaking-task,Tu as acheté quelque chose aux magasins?,,,,(open-ended),A2,shopping,143
tricolore-2-5th-edition,grammar,7 Voici le menu,7,fill-in,Comme desserts: d_s gl_c_s,,,,,A2,restaurant,143
tricolore-2-5th-edition,speaking,6 Réponds sans dire 'oui' ou 'non',8,speaking-task,Est-ce que tu as joué sur l'ordinateur?,,,,(open-ended),A2,hobby,143
tricolore-2-5th-edition,grammar,7 Voici le menu,8,fill-in,Comme desserts: d_s y___rts,,,,,A2,restaurant,143
tricolore-2-5th-edition,grammar,7 Voici le menu,9,fill-in,Comme boissons: d_ l'_r_ng_n_,,,,,A2,restaurant,143
tricolore-2-5th-edition,grammar,1 Des questions et des réponses,1,matching,Quand est-ce que tu ___ pour le Canada?,,,,pars / b,A2,travel,144
tricolore-2-5th-edition,grammar,2 Voyager sans problème,1,multiple-choice,"Pour aller de la France au Canada, il faut traverser …",la rue.,l'Atlantique.,la Seine.,,A2,travel,144
tricolore-2-5th-edition,grammar,3 Qu'est-ce qu'il faut faire?,1,fill-in,"Pour prendre le train, ___ aller à la gare.",,,,il faut,A2,travel,144
tricolore-2-5th-edition,reading,4 Au grand magasin,1,ordering,"Mets les phrases dans le bon ordre (1–10): a) Au sixième étage, il est allé au café. b) Il est sorti du magasin à neuf heures et demie. c) Luc est parti à neuf heures. d) À neuf heures dix, il est entré dans le magasin. e) Il est resté dix minutes au café. f) À dix heures moins vingt, Luc est rentré à la maison. g) Il est arrivé au magasin à neuf heures cinq. h) Il est tombé dans la rue à dix heures moins vingt-cinq. i) À neuf heures et quart, Luc est monté au sixième étage. j) À neuf heures vingt-cinq, il est descendu du café.",,,,"1c, …, 10f",A2,shopping,144
tricolore-2-5th-edition,grammar,1 Des questions et des réponses,2,matching,Est-ce que vous ___ en vacances cet été?,,,,,A2,travel,144
tricolore-2-5th-edition,grammar,2 Voyager sans problème,2,multiple-choice,"Pour aller de Paris à Montréal, il faut prendre …",l'avion.,le vélo.,la voiture.,,A2,travel,144
tricolore-2-5th-edition,grammar,3 Qu'est-ce qu'il faut faire?,2,fill-in,"Pour laisser sa valise à la gare, ___ chercher la consigne.",,,,,A2,travel,144
tricolore-2-5th-edition,grammar,1 Des questions et des réponses,3,matching,Quand est-ce que les garçons ___ au match de football?,,,,,A2,travel,144
tricolore-2-5th-edition,grammar,2 Voyager sans problème,3,multiple-choice,"Pour prendre l'avion, il faut aller …",à la gare.,à la piscine.,à l'aéroport.,,A2,travel,144
tricolore-2-5th-edition,grammar,3 Qu'est-ce qu'il faut faire?,3,fill-in,"Pour connaître l'heure du départ d'un train, ___ consulter l'horaire.",,,,,A2,travel,144
tricolore-2-5th-edition,grammar,1 Des questions et des réponses,4,matching,Le bus pour la gare ___ à quelle heure?,,,,,A2,travel,144
tricolore-2-5th-edition,grammar,2 Voyager sans problème,4,multiple-choice,"Pour connaître l'heure de départ, il faut consulter …",un médecin.,l'horaire.,l'hôpital.,,A2,travel,144
tricolore-2-5th-edition,grammar,3 Qu'est-ce qu'il faut faire?,4,fill-in,___ mettre les pieds sur le siège.,,,,,A2,travel,144
tricolore-2-5th-edition,grammar,1 Des questions et des réponses,5,matching,Quand est-ce que Nicole et Sophie ___ à Paris?,,,,,A2,travel,144
tricolore-2-5th-edition,grammar,2 Voyager sans problème,5,multiple-choice,"Pour aller de la France en Angleterre, il faut traverser …",les Alpes.,le pont.,la Manche.,,A2,travel,144
tricolore-2-5th-edition,grammar,3 Qu'est-ce qu'il faut faire?,5,fill-in,"Avant de monter dans le train, ___ composter son billet.",,,,,A2,travel,144
tricolore-2-5th-edition,grammar,2 Voyager sans problème,6,multiple-choice,"Pour aller dans un autre pays, il ne faut pas oublier …",son livre.,son passeport.,son chapeau.,,A2,travel,144
tricolore-2-5th-edition,grammar,3 Qu'est-ce qu'il faut faire?,6,fill-in,"Pour être sûr d'avoir une place, ___ faire une réservation.",,,,,A2,travel,144
tricolore-2-5th-edition,grammar,3 Qu'est-ce qu'il faut faire?,7a,fill-in,"Pour acheter un billet, ___ aller au restaurant.",,,,,A2,travel,144
tricolore-2-5th-edition,grammar,3 Qu'est-ce qu'il faut faire?,7b,fill-in,"Pour acheter un billet, ___ aller au guichet.",,,,,A2,travel,144
tricolore-2-5th-edition,grammar,3 Qu'est-ce qu'il faut faire?,8a,fill-in,"Pour prendre le train qu'on veut, ___ arriver à l'heure.",,,,,A2,travel,144
tricolore-2-5th-edition,grammar,3 Qu'est-ce qu'il faut faire?,8b,fill-in,"Pour prendre le train qu'on veut, ___ arriver en retard.",,,,,A2,travel,144
tricolore-2-5th-edition,grammar,5 Je suis enfin arrivé(e) (a),1,fill-in,Je suis (sortir) de la maison à midi.,,,,sorti / sortie,A2,travel,145
tricolore-2-5th-edition,grammar,6 Ils sont allés en ville,1,fill-in,"Moi, je ___ ___",,,,suis allée au marché,A2,city-places,145
tricolore-2-5th-edition,listening,7 Un coup de téléphone,1,multiple-choice,"L'autre soir, André et Daniel sont …",tombés dans la rue,restés à la maison,sortis avec Claire et Katy,,A2,hobby,145
tricolore-2-5th-edition,writing,8 Un message,1,writing-task,"Tu as visité une ville récemment, par exemple Paris, Londres ou Cardiff. Écris un message à un(e) ami(e) français(e).",,,,(open-ended),A2,travel,145
tricolore-2-5th-edition,grammar,5 Je suis enfin arrivé(e) (b),10,fill-in,Je ___ ___ (entrer) dans la patinoire où j'ai retrouvé mes amis.,,,,,A2,hobby,145
tricolore-2-5th-edition,grammar,5 Je suis enfin arrivé(e) (a),2,fill-in,Je suis (aller) à l'arrêt d'autobus.,,,,,A2,travel,145
tricolore-2-5th-edition,grammar,6 Ils sont allés en ville,2,fill-in,"Toi, Pierre, tu ___ ___",,,,,A2,city-places,145
tricolore-2-5th-edition,listening,7 Un coup de téléphone,2,multiple-choice,Ils sont allés au …,musée,cinéma,bowling,,A2,hobby,145
tricolore-2-5th-edition,grammar,5 Je suis enfin arrivé(e) (a),3,fill-in,"Après trente minutes, le bus est (arriver).",,,,,A2,travel,145
tricolore-2-5th-edition,grammar,6 Ils sont allés en ville,3,fill-in,Thomas ___ ___,,,,,A2,city-places,145
tricolore-2-5th-edition,listening,7 Un coup de téléphone,3,multiple-choice,"Emma, une fille qui est venue à la soirée, est …",la cousine,la nièce,la sœur,,A2,family,145
tricolore-2-5th-edition,grammar,5 Je suis enfin arrivé(e) (a),4,fill-in,Je suis (monter) dans le bus.,,,,,A2,travel,145
tricolore-2-5th-edition,grammar,6 Ils sont allés en ville,4,fill-in,"Cécile, elle ___ ___",,,,,A2,city-places,145
tricolore-2-5th-edition,listening,7 Un coup de téléphone,4,multiple-choice,Elle est …,assez gentille,pas très gentille,très gentille,,A2,hobby,145
tricolore-2-5th-edition,grammar,5 Je suis enfin arrivé(e) (a),5,fill-in,"Vingt minutes après, le bus est (tomber) en panne.",,,,,A2,travel,145
tricolore-2-5th-edition,grammar,6 Ils sont allés en ville,5,fill-in,"Hélène et moi, nous ___ ___",,,,,A2,city-places,145
tricolore-2-5th-edition,listening,7 Un coup de téléphone,5,multiple-choice,La soirée a fini à …,dix heures,dix heures et demie,onze heures,,A2,hobby,145
tricolore-2-5th-edition,grammar,5 Je suis enfin arrivé(e) (b),6,fill-in,Je ___ ___ (rester) dans le bus pendant dix minutes.,,,,suis resté(e),A2,travel,145
tricolore-2-5th-edition,grammar,6 Ils sont allés en ville,6,fill-in,"Paul et Luc, vous ___ ___",,,,,A2,city-places,145
tricolore-2-5th-edition,listening,7 Un coup de téléphone,6,multiple-choice,"Après la soirée, ils sont rentrés en …",bus,voiture,train,,A2,hobby,145
tricolore-2-5th-edition,grammar,5 Je suis enfin arrivé(e) (b),7,fill-in,Puis le bus ___ ___ (repartir).,,,,,A2,travel,145
tricolore-2-5th-edition,grammar,6 Ils sont allés en ville,7,fill-in,Les garçons ___ ___,,,,,A2,city-places,145
tricolore-2-5th-edition,grammar,5 Je suis enfin arrivé(e) (b),8,fill-in,"Après vingt minutes, il ___ ___ (arriver) au terminus.",,,,,A2,travel,145
tricolore-2-5th-edition,grammar,6 Ils sont allés en ville,8,fill-in,Anne et Sophie ___ ___,,,,,A2,city-places,145
tricolore-2-5th-edition,grammar,5 Je suis enfin arrivé(e) (b),9,fill-in,Je ___ ___ (descendre) du bus.,,,,,A2,travel,145
tricolore-2-5th-edition,grammar,1 Choisis tes vêtements!,1,fill-in,"Pour jouer au tennis, on m___ un ___ et un short.",,,,met / tee-shirt,A2,mixed,146
tricolore-2-5th-edition,reading,2 Qui est le voleur?,1,short-answer,"Samedi, Mme Maigreton a vu un voleur quitter une boutique. Description: environ quarante ans, assez grand mais pas très grand, cheveux noirs et frisés, yeux gris, petite barbe mais pas de moustache, porte des lunettes. Voilà cinq hommes (Michel Malheur, Pierre Poison, Claude Cruel, Daniel Désastre, Victor Voleur), mais qui est le voleur?",,,,,A2,mixed,146
tricolore-2-5th-edition,reading,3 Mots et images,1,short-answer,(photo: bent elbow/arm),,,,le bras,A2,health,146
tricolore-2-5th-edition,grammar,1 Choisis tes vêtements!,2,fill-in,"Pour faire du skate, mon frère m___ ___ .",,,,,A2,mixed,146
tricolore-2-5th-edition,reading,3 Mots et images,2,short-answer,(photo: ear),,,,,A2,health,146
tricolore-2-5th-edition,grammar,1 Choisis tes vêtements!,3,fill-in,"Pour aller au mariage de ma sœur, mes parents et moi, nous m___ nos vêtements de fête.",,,,,A2,family,146
tricolore-2-5th-edition,reading,3 Mots et images,3,short-answer,(photo: bare foot),,,,,A2,health,146
tricolore-2-5th-edition,grammar,1 Choisis tes vêtements!,4,fill-in,"Il fait froid, les enfants. Est-ce que vous ___ ___ ?",,,,,A2,weather,146
tricolore-2-5th-edition,reading,3 Mots et images,4,short-answer,(photo: back of neck/shoulders),,,,,A2,health,146
tricolore-2-5th-edition,grammar,1 Choisis tes vêtements!,5,fill-in,"Pour aller à la plage, les enfants ___ ___ .",,,,,A2,vacation,146
tricolore-2-5th-edition,reading,3 Mots et images,5,short-answer,(photo: chin/neck),,,,,A2,health,146
tricolore-2-5th-edition,grammar,1 Choisis tes vêtements!,6,fill-in,"Quand il pleut, on ___ ___ .",,,,,A2,weather,146
tricolore-2-5th-edition,reading,3 Mots et images,6,short-answer,(photo: hand with fingers raised),,,,,A2,health,146
tricolore-2-5th-edition,reading,3 Mots et images,7,short-answer,(photo: mouth/lips),,,,,A2,health,146
tricolore-2-5th-edition,reading,3 Mots et images,8,short-answer,"(photo: teeth, smiling)",,,,,A2,health,146
tricolore-2-5th-edition,reading,4 Ils sont malades!,1,matching,Personne/animal 1 sur l'illustration: quelle phrase correspond?,,,,h,A2,health,147
tricolore-2-5th-edition,reading,5 La girafe,1,fill-in,La girafe a une ___ extensible.,,,,,A2,none,147
tricolore-2-5th-edition,reading,6 Mamie va voir le médecin,1,fill-in,"(1) ___ la bouche. Ah, oui, ce n'est pas grave.",,,,,A2,health,147
tricolore-2-5th-edition,reading,4 Ils sont malades!,10,matching,Personne/animal 10 sur l'illustration: quelle phrase correspond?,,,,,A2,health,147
tricolore-2-5th-edition,reading,4 Ils sont malades!,2,matching,Personne/animal 2 sur l'illustration: quelle phrase correspond?,,,,,A2,health,147
tricolore-2-5th-edition,reading,5 La girafe,2,fill-in,La girafe peut ___ 50 litres d'eau.,,,,,A2,none,147
tricolore-2-5th-edition,reading,6 Mamie va voir le médecin,2,fill-in,(2) ___ à la pharmacie.,,,,,A2,health,147
tricolore-2-5th-edition,reading,4 Ils sont malades!,3,matching,Personne/animal 3 sur l'illustration: quelle phrase correspond?,,,,,A2,health,147
tricolore-2-5th-edition,reading,5 La girafe,3,fill-in,La girafe ne ___ pas très souvent.,,,,,A2,none,147
tricolore-2-5th-edition,reading,6 Mamie va voir le médecin,3,fill-in,(3) ___ de l'aspirine.,,,,,A2,health,147
tricolore-2-5th-edition,reading,4 Ils sont malades!,4,matching,Personne/animal 4 sur l'illustration: quelle phrase correspond?,,,,,A2,health,147
tricolore-2-5th-edition,reading,5 La girafe,4,fill-in,La girafe ___ pendant la moitié de la journée.,,,,,A2,none,147
tricolore-2-5th-edition,reading,6 Mamie va voir le médecin,4,fill-in,(4) ___ au lit demain,,,,,A2,health,147
tricolore-2-5th-edition,reading,4 Ils sont malades!,5,matching,Personne/animal 5 sur l'illustration: quelle phrase correspond?,,,,,A2,health,147
tricolore-2-5th-edition,reading,5 La girafe,5,fill-in,La girafe peut ___ très vite.,,,,,A2,none,147
tricolore-2-5th-edition,reading,6 Mamie va voir le médecin,5,fill-in,(5) ___ me voir vendredi.,,,,,A2,health,147
tricolore-2-5th-edition,reading,4 Ils sont malades!,6,matching,Personne/animal 6 sur l'illustration: quelle phrase correspond?,,,,,A2,health,147
tricolore-2-5th-edition,reading,6 Mamie va voir le médecin,6,fill-in,(6) ___ un rendez-vous à la réception.,,,,,A2,health,147
tricolore-2-5th-edition,reading,4 Ils sont malades!,7,matching,Personne/animal 7 sur l'illustration: quelle phrase correspond?,,,,,A2,health,147
tricolore-2-5th-edition,reading,4 Ils sont malades!,8,matching,Personne/animal 8 sur l'illustration: quelle phrase correspond?,,,,,A2,health,147
tricolore-2-5th-edition,reading,4 Ils sont malades!,9,matching,Personne/animal 9 sur l'illustration: quelle phrase correspond?,,,,,A2,health,147
tricolore-2-5th-edition,reading,1 Un article sur les chiens,1,true-false,"Quand il y a du soleil, les chiens voient bien les couleurs.",,,,,A2,none,148
tricolore-2-5th-edition,grammar,2 On sort,1,matching,"Le weekend, je …",,,,d,A2,hobby,148
tricolore-2-5th-edition,grammar,3 Isabelle et sa mère,1,fill-in,"Maman, ce soir je (1) ___ .",,,,je sors,A2,hobby,148
tricolore-2-5th-edition,reading,4 La semaine d'Isabelle,1,fill-in,"Mardi soir, elle est ___ avec ___ .",,,,,A2,hobby,148
tricolore-2-5th-edition,reading,4 La semaine d'Isabelle,10,fill-in,"Mais le dimanche, elle n' ___ pas ___ .",,,,,A2,hobby,148
tricolore-2-5th-edition,reading,1 Un article sur les chiens,2,true-false,Les chiens voient facilement le mouvement.,,,,,A2,none,148
tricolore-2-5th-edition,grammar,2 On sort,2,matching,Est-ce que vous …,,,,,A2,hobby,148
tricolore-2-5th-edition,grammar,3 Isabelle et sa mère,2,fill-in,Tu (2) ___ encore ce soir?,,,,,A2,hobby,148
tricolore-2-5th-edition,reading,4 La semaine d'Isabelle,2,fill-in,Elles ___ ___ à la ___ . (aller),,,,,A2,hobby,148
tricolore-2-5th-edition,reading,1 Un article sur les chiens,3,true-false,Un chien peut voir les choses devant et derrière lui.,,,,,A2,none,148
tricolore-2-5th-edition,grammar,2 On sort,3,matching,"Quelquefois, nous …",,,,,A2,hobby,148
tricolore-2-5th-edition,grammar,3 Isabelle et sa mère,3,fill-in,"Mais non, Isabelle. Tu (3) ___ trop.",,,,,A2,hobby,148
tricolore-2-5th-edition,reading,4 La semaine d'Isabelle,3,fill-in,"Mercredi après-midi, elle ___ ___ avec ___ et ses amis.",,,,,A2,hobby,148
tricolore-2-5th-edition,reading,1 Un article sur les chiens,4,true-false,"La nuit, les chiens voient moins bien que les humains.",,,,,A2,none,148
tricolore-2-5th-edition,grammar,2 On sort,4,matching,Mon frère adore le sport; il …,,,,,A2,hobby,148
tricolore-2-5th-edition,grammar,3 Isabelle et sa mère,4,fill-in,Ça fait quatre fois que tu (4) ___ cette semaine.,,,,,A2,hobby,148
tricolore-2-5th-edition,reading,4 La semaine d'Isabelle,4,fill-in,Ils ___ ___ à la ___ . (aller),,,,,A2,hobby,148
tricolore-2-5th-edition,reading,1 Un article sur les chiens,5,true-false,"Pour un berger, avoir un bon chien, c'est très important.",,,,,A2,none,148
tricolore-2-5th-edition,grammar,2 On sort,5,matching,"Ma grand-mère déteste le temps froid. En hiver, elle …",,,,,A2,weather,148
tricolore-2-5th-edition,grammar,3 Isabelle et sa mère,5,fill-in,"Mais maman, ce soir je (5) ___ avec Jean-Claude.",,,,,A2,hobby,148
tricolore-2-5th-edition,reading,4 La semaine d'Isabelle,5,fill-in,"Jeudi soir, elle ___ ___ avec ___ .",,,,,A2,hobby,148
tricolore-2-5th-edition,grammar,2 On sort,6,matching,Mes amis …,,,,,A2,hobby,148
tricolore-2-5th-edition,grammar,3 Isabelle et sa mère,6,fill-in,"Isabelle, ce soir, papa et moi, nous (6) ___ .",,,,,A2,hobby,148
tricolore-2-5th-edition,reading,4 La semaine d'Isabelle,6,fill-in,Elles ___ ___ au tennis. (jouer),,,,,A2,hobby,148
tricolore-2-5th-edition,grammar,3 Isabelle et sa mère,7,fill-in,Vous (7) ___ ? Où allez-vous?,,,,,A2,hobby,148
tricolore-2-5th-edition,reading,4 La semaine d'Isabelle,7,fill-in,"Vendredi soir, elle ___ ___ chez Alexandre. (aller)",,,,,A2,hobby,148
tricolore-2-5th-edition,grammar,3 Isabelle et sa mère,8,fill-in,"Alors, comme vous (8) ___ , est-ce que je peux inviter Magali ou Sophie à la maison?",,,,,A2,hobby,148
tricolore-2-5th-edition,reading,4 La semaine d'Isabelle,8,fill-in,"Samedi soir, elle ___ ___ avec ___ .",,,,,A2,hobby,148
tricolore-2-5th-edition,grammar,3 Isabelle et sa mère,9,fill-in,"Écoute, Magali, papa et maman (9) ___ ce soir.",,,,,A2,hobby,148
tricolore-2-5th-edition,reading,4 La semaine d'Isabelle,9,fill-in,"Dimanche, David ___ ___ à Isabelle. (téléphoner)",,,,,A2,communication,148
tricolore-2-5th-edition,reading,5 Trois élèves,1,true-false,Charles est plus âgé que Mohammed.,,,,Faux,A2,mixed,149
tricolore-2-5th-edition,reading,6 L'hippo et le croco,1,multiple-choice,L'hippopotame est …,carnivore.,herbivore.,un reptile.,herbivore.,A2,none,149
tricolore-2-5th-edition,reading,6 Quel animal est le plus dangereux?,1,short-answer,"Quel animal est le plus dangereux, l'hippopotame ou le crocodile?",,,,,A2,none,149
tricolore-2-5th-edition,grammar,7 Sport pour tous,1,fill-in,"Samedi dernier, j'ai (1 passer) une excellente journée.",,,,passé,A2,hobby,149
tricolore-2-5th-edition,grammar,8 La semaine dernière,1,fill-in,Est-ce que tu ___ ___ pendant la semaine? (sortir),,,,es sorti(e),A2,hobby,149
tricolore-2-5th-edition,grammar,7 Sport pour tous,10,fill-in,Puis nous sommes (10 retourner) au parc pour un tournoi de tennis.,,,,,A2,hobby,149
tricolore-2-5th-edition,grammar,7 Sport pour tous,11,fill-in,"Moi, j'ai (11 finir) en troisième place",,,,,A2,hobby,149
tricolore-2-5th-edition,grammar,7 Sport pour tous,12,fill-in,et j'ai (12 gagner) un tube de balles de tennis.,,,,,A2,hobby,149
tricolore-2-5th-edition,reading,5 Trois élèves,2,true-false,Roxanne est plus âgée que Charles et Mohammed.,,,,,A2,mixed,149
tricolore-2-5th-edition,reading,6 L'hippo et le croco,2,multiple-choice,Il a des dents …,très longues.,très petites.,,,A2,none,149
tricolore-2-5th-edition,grammar,7 Sport pour tous,2,fill-in,J'ai (2 faire) un stage au centre sportif près d'ici.,,,,,A2,hobby,149
tricolore-2-5th-edition,grammar,8 La semaine dernière,2,fill-in,Où es-tu ___ ? (aller),,,,,A2,hobby,149
tricolore-2-5th-edition,reading,5 Trois élèves,3,true-false,Charles est moins sportif que Roxanne et Mohammed.,,,,,A2,mixed,149
tricolore-2-5th-edition,reading,6 L'hippo et le croco,3,multiple-choice,Il mange …,du poisson.,des plantes.,des antilopes.,,A2,none,149
tricolore-2-5th-edition,grammar,7 Sport pour tous,3,fill-in,"Pour commencer, nous sommes (3 sortir) dans le parc pour faire du jogging.",,,,,A2,hobby,149
tricolore-2-5th-edition,grammar,8 La semaine dernière,3,fill-in,Tu ___ ___ avec ta famille samedi dernier? (sortir),,,,,A2,family,149
tricolore-2-5th-edition,reading,5 Trois élèves,4,true-false,Charles est aussi grand que Mohammed.,,,,,A2,mixed,149
tricolore-2-5th-edition,reading,6 L'hippo et le croco,4,multiple-choice,Le crocodile est …,un mammifère.,carnivore.,herbivore.,,A2,none,149
tricolore-2-5th-edition,grammar,7 Sport pour tous,4,fill-in,"Moi, j'ai (4 choisir) le basket.",,,,,A2,hobby,149
tricolore-2-5th-edition,grammar,8 La semaine dernière,4,fill-in,Est-ce que tu ___ ___ à la maison dimanche soir? (rester),,,,,A2,home,149
tricolore-2-5th-edition,reading,5 Trois élèves,5,true-false,Charles est plus jeune que Mohammed.,,,,,A2,mixed,149
tricolore-2-5th-edition,reading,6 L'hippo et le croco,5,multiple-choice,Il peut mesurer …,1 mètre.,5 mètres.,"1,5 mètres.",,A2,none,149
tricolore-2-5th-edition,grammar,7 Sport pour tous,5,fill-in,"Après la pause, on a (5 jouer) au badminton.",,,,,A2,hobby,149
tricolore-2-5th-edition,grammar,8 La semaine dernière,5,fill-in,Qu'est-ce que tu ___ ___ à la télé? (regarder),,,,,A2,mixed,149
tricolore-2-5th-edition,reading,5 Trois élèves,6,true-false,Roxanne est moins grande que Charles.,,,,,A2,mixed,149
tricolore-2-5th-edition,reading,6 L'hippo et le croco,6,multiple-choice,Ses yeux sont …,grands.,bleus.,petits.,,A2,none,149
tricolore-2-5th-edition,grammar,7 Sport pour tous,6,fill-in,"Pour le déjeuner, nous sommes (6 aller) à la cantine",,,,,A2,restaurant,149
tricolore-2-5th-edition,grammar,8 La semaine dernière,6,fill-in,Est-ce que tu ___ ___ à la maison? (aider),,,,,A2,home,149
tricolore-2-5th-edition,reading,5 Trois élèves,7,true-false,Mohammed est aussi grand que Roxanne.,,,,,A2,mixed,149
tricolore-2-5th-edition,grammar,7 Sport pour tous,7,fill-in,et j'ai (7 manger) des raviolis,,,,,A2,restaurant,149
tricolore-2-5th-edition,grammar,8 La semaine dernière,7,fill-in,Est-ce que tu ___ ___ du sport? (faire),,,,,A2,hobby,149
tricolore-2-5th-edition,reading,5 Trois élèves,8,true-false,Roxanne n'est pas si sportive que Charles.,,,,,A2,mixed,149
tricolore-2-5th-edition,grammar,7 Sport pour tous,8,fill-in,et j'ai (8 boire) un jus d'orange.,,,,,A2,restaurant,149
tricolore-2-5th-edition,grammar,8 La semaine dernière,8,fill-in,Est-ce que tu ___ ___ des textos? (envoyer),,,,,A2,communication,149
tricolore-2-5th-edition,grammar,7 Sport pour tous,9,fill-in,"L'après-midi, on a (9 avoir) un cours de gymnastique.",,,,,A2,hobby,149
tricolore-2-5th-edition,writing,1 Quelque chose à manger,1,short-answer,Marc a commandé —,,,,une glace au chocolat,A2,food,150
tricolore-2-5th-edition,grammar,2 Hier au café,1,matching,Marc,,,,a mangé un sandwich.,A2,food,150
tricolore-2-5th-edition,grammar,3 Huit phrases sur M. Corot,1,fill-in,M. Corot ___ (faire) des sandwichs aux sardines et il ___ (donner) des sardines au chat.,,,,,A2,mixed,150
tricolore-2-5th-edition,grammar,4 En classe,1,matching,Ça,,,,f,A2,school,150
tricolore-2-5th-edition,grammar,5 Présent ou passé? (a),1,short-answer,Tu fais des courses le samedi normalement?,,,,PR,A2,shopping,150
tricolore-2-5th-edition,writing,5 Écris tes réponses (b),1,writing-task,"Écris tes réponses. Si la question est au présent, réponds au présent. Si la question est au passé composé, réponds au passé composé.",,,,(open-ended),A2,mixed,150
tricolore-2-5th-edition,grammar,5 Présent ou passé? (a),10,short-answer,As-tu lu un magazine sur l'informatique cette semaine?,,,,,A2,hobby,150
tricolore-2-5th-edition,writing,1 Quelque chose à manger,2,short-answer,Claire a commandé —,,,,,A2,food,150
tricolore-2-5th-edition,grammar,2 Hier au café,2,matching,Claire,,,,,A2,food,150
tricolore-2-5th-edition,grammar,3 Huit phrases sur M. Corot,2,fill-in,"Mardi matin, M. et Mme Corot ___ (quitter) la maison à huit heures et quart.",,,,,A2,mixed,150
tricolore-2-5th-edition,grammar,4 En classe,2,matching,Tu,,,,,A2,school,150
tricolore-2-5th-edition,grammar,5 Présent ou passé? (a),2,short-answer,Est-ce que tu as fait des courses samedi dernier?,,,,,A2,shopping,150
tricolore-2-5th-edition,writing,1 Quelque chose à manger,3,short-answer,Jean-Pierre a mangé —,,,,,A2,food,150
tricolore-2-5th-edition,grammar,2 Hier au café,3,matching,"Moi,",,,,,A2,food,150
tricolore-2-5th-edition,grammar,3 Huit phrases sur M. Corot,3,fill-in,"Lundi soir, les Corot ___ (préparer) des sandwichs.",,,,ont préparé,A2,mixed,150
tricolore-2-5th-edition,grammar,4 En classe,3,matching,Il,,,,,A2,school,150
tricolore-2-5th-edition,grammar,5 Présent ou passé? (a),3,short-answer,Est-ce que tu joues au football?,,,,,A2,hobby,150
tricolore-2-5th-edition,writing,1 Quelque chose à manger,4,short-answer,Tiffaine a choisi —,,,,,A2,food,150
tricolore-2-5th-edition,grammar,2 Hier au café,4,matching,Jean-Pierre et Paul,,,,,A2,food,150
tricolore-2-5th-edition,grammar,3 Huit phrases sur M. Corot,4,fill-in,"À son retour, Mme Corot ___ (trouver) le chat dans le garage. Il était malade et Mme Corot ___ (penser) qu'il avait été empoisonné par les sardines.",,,,,A2,mixed,150
tricolore-2-5th-edition,grammar,4 En classe,4,matching,Nous,,,,,A2,school,150
tricolore-2-5th-edition,grammar,5 Présent ou passé? (a),4,short-answer,Est-ce que tu as joué au football le weekend dernier?,,,,,A2,hobby,150
tricolore-2-5th-edition,writing,1 Quelque chose à manger,5,short-answer,Paul a mangé —,,,,,A2,food,150
tricolore-2-5th-edition,grammar,2 Hier au café,5,matching,Tous les enfants,,,,,A2,food,150
tricolore-2-5th-edition,grammar,3 Huit phrases sur M. Corot,5,fill-in,"Mais mercredi matin, l'épicier ___ tout ___ . (expliquer)",,,,,A2,mixed,150
tricolore-2-5th-edition,grammar,4 En classe,5,matching,Vous,,,,,A2,school,150
tricolore-2-5th-edition,grammar,5 Présent ou passé? (a),5,short-answer,Tu manges des sandwichs à midi?,,,,,A2,food,150
tricolore-2-5th-edition,writing,1 Quelque chose à manger,6,short-answer,Élise a choisi —,,,,,A2,food,150
tricolore-2-5th-edition,grammar,3 Huit phrases sur M. Corot,6,fill-in,"Pendant leur absence, l'épicier ___ (apporter) des provisions à la maison.",,,,,A2,mixed,150
tricolore-2-5th-edition,grammar,4 En classe,6,matching,Ils,,,,,A2,school,150
tricolore-2-5th-edition,grammar,5 Présent ou passé? (a),6,short-answer,Tu as mangé des sandwichs hier?,,,,,A2,food,150
tricolore-2-5th-edition,grammar,3 Huit phrases sur M. Corot,7,fill-in,"M. Corot ___ (manger) ses sandwichs aux sardines, alors le médecin, par précaution, ___ (envoyer) M. Corot à l'hôpital.",,,,,A2,health,150
tricolore-2-5th-edition,grammar,4 En classe,7,matching,Je,,,,,A2,school,150
tricolore-2-5th-edition,grammar,5 Présent ou passé? (a),7,short-answer,As-tu fait tes devoirs sur l'ordinateur récemment?,,,,,A2,school,150
tricolore-2-5th-edition,grammar,3 Huit phrases sur M. Corot,8,fill-in,M. Corot ___ très bien ___ (dormir) à l'hôpital.,,,,,A2,health,150
tricolore-2-5th-edition,grammar,5 Présent ou passé? (a),8,short-answer,Fais-tu quelquefois tes devoirs sur l'ordinateur?,,,,,A2,school,150
tricolore-2-5th-edition,grammar,5 Présent ou passé? (a),9,short-answer,Est-ce que tu lis des magazines sur l'informatique?,,,,,A2,hobby,150
tricolore-2-5th-edition,grammar,Exercise 6,1,matching,Je,,,,h (suis allé à la piscine),A2,city-places,151
tricolore-2-5th-edition,grammar,Exercise 7,1,fill-in,Ils sont ___ de la maison à huit heures. (sortir),,,,sortis,A2,vacation,151
tricolore-2-5th-edition,grammar,Exercise 8,1,matching,Image 1: trois cyclistes partent à vélo sous les nuages.,,,,d (Nous sommes partis à la campagne à vélo.),A2,vacation,151
tricolore-2-5th-edition,grammar,Exercise 9a,1,fill-in,"Oui, je (1) ___ au bord de la mer avec ma famille. (aller)",,,,je suis allé,A2,vacation,151
tricolore-2-5th-edition,grammar,Exercise 9b,1,fill-in,"Et toi, qu'est-ce que tu (1) ___? (faire)",,,,tu as fait,A2,vacation,151
tricolore-2-5th-edition,grammar,Exercise 9a,10,fill-in,"Oui, nous (10) ___ au restaurant. (aller)",,,,nous sommes allés,A2,vacation,151
tricolore-2-5th-edition,grammar,Exercise 9a,11,fill-in,Et vous (11) ___ à quelle heure? (rentrer),,,,vous êtes rentrés,A2,vacation,151
tricolore-2-5th-edition,grammar,Exercise 9a,12,fill-in,"Nous (12) ___ tard, vers dix heures du soir. (rentrer)",,,,nous sommes rentrés,A2,vacation,151
tricolore-2-5th-edition,grammar,Exercise 6,2,matching,"Toi, Léa, tu",,,,b (es allée au cinéma),A2,city-places,151
tricolore-2-5th-edition,grammar,Exercise 7,2,fill-in,Ils sont ___ à la gare routière en taxi. (aller),,,,allés,A2,vacation,151
tricolore-2-5th-edition,grammar,Exercise 8,2,matching,Image 2: un groupe marche à travers une forêt d'arbres.,,,,"a (Après une heure, nous sommes arrivés dans une forêt.)",A2,vacation,151
tricolore-2-5th-edition,grammar,Exercise 9a,2,fill-in,Vous (2) ___ très tôt? (partir),,,,vous êtes partis,A2,vacation,151
tricolore-2-5th-edition,grammar,Exercise 9b,2,fill-in,Je (2) ___ chez mes grands-parents en Normandie. (aller),,,,je suis allé(e),A2,vacation,151
tricolore-2-5th-edition,grammar,Exercise 6,3,matching,Mon père,,,,d (est allé au supermarché),A2,city-places,151
tricolore-2-5th-edition,grammar,Exercise 7,3,fill-in,Ils sont ___ en car à huit heures et demie. (partir),,,,partis,A2,vacation,151
tricolore-2-5th-edition,grammar,Exercise 8,3,matching,Image 3: une personne grimpe et une autre tombe d'un arbre.,,,,c (Nous sommes montés dans les arbres.),A2,vacation,151
tricolore-2-5th-edition,grammar,Exercise 9a,3,fill-in,"Oui, nous (3) ___ à sept heures. (partir)",,,,nous sommes partis,A2,vacation,151
tricolore-2-5th-edition,grammar,Exercise 9b,3,fill-in,Nous (3) ___ aussi à la plage. (aller),,,,nous sommes allés,A2,vacation,151
tricolore-2-5th-edition,grammar,Exercise 6,4,matching,Ma mère,,,,c (est allée au match de football),A2,city-places,151
tricolore-2-5th-edition,grammar,Exercise 7,4,fill-in,Ils sont ___ à l'aéroport à dix heures. (arriver),,,,arrivés,A2,vacation,151
tricolore-2-5th-edition,grammar,Exercise 8,4,matching,Image 4: une famille pique-nique sous les arbres.,,,,f (Nous sommes restés à la campagne tout l'après-midi.),A2,vacation,151
tricolore-2-5th-edition,grammar,Exercise 9a,4,fill-in,Et vous (4) ___ où exactement? (aller),,,,vous êtes allés,A2,vacation,151
tricolore-2-5th-edition,grammar,Exercise 9b,4,fill-in,Nous (4) ___ au volley. (jouer),,,,nous avons joué,A2,vacation,151
tricolore-2-5th-edition,grammar,Exercise 6,5,matching,Nous,,,,a (sommes allés à la plage),A2,city-places,151
tricolore-2-5th-edition,grammar,Exercise 7,5,fill-in,Ils sont ___ dans l'avion à midi. (monter),,,,montés,A2,vacation,151
tricolore-2-5th-edition,grammar,Exercise 8,5,matching,Image 5: des cyclistes roulent la nuit sous un croissant de lune.,,,,e (Nous sommes rentrés à la maison assez tard.),A2,vacation,151
tricolore-2-5th-edition,grammar,Exercise 9a,5,fill-in,Nous (5) ___ à Saint-Pierre. (aller),,,,nous sommes allés,A2,vacation,151
tricolore-2-5th-edition,grammar,Exercise 9b,5,fill-in,"Après, nous (5) ___ une glace. (acheter)",,,,nous avons acheté,A2,vacation,151
tricolore-2-5th-edition,grammar,Exercise 6,6,matching,Est-ce que vous,,,,e (êtes allés au parc?),A2,city-places,151
tricolore-2-5th-edition,grammar,Exercise 7,6,fill-in,Ils sont ___ de l'avion six heures plus tard. (descendre),,,,descendus,A2,vacation,151
tricolore-2-5th-edition,grammar,Exercise 8,6,matching,Image 6: une scène de cuisine avec des adultes et des casseroles.,,,,"b (Le lendemain matin, nous sommes descendus tard pour le petit déjeuner.)",A2,vacation,151
tricolore-2-5th-edition,grammar,Exercise 9a,6,fill-in,"Mon frère et moi, nous (6) ___ à la plage. (aller)",,,,nous sommes allés,A2,vacation,151
tricolore-2-5th-edition,grammar,Exercise 9b,6,fill-in,Et vous (6) ___ le soir? (sortir),,,,vous êtes sortis,A2,vacation,151
tricolore-2-5th-edition,grammar,Exercise 6,7,matching,Mes amis,,,,g (sont allés au musée),A2,city-places,151
tricolore-2-5th-edition,grammar,Exercise 7,7,fill-in,Ils sont ___ au centre-ville en bus. (aller),,,,allés,A2,vacation,151
tricolore-2-5th-edition,grammar,Exercise 9a,7,fill-in,Mes parents (7) ___ en ville. (aller),,,,ils sont allés,A2,vacation,151
tricolore-2-5th-edition,grammar,Exercise 9b,7,fill-in,"Non, le soir, nous (7) ___ à la maison. (rester)",,,,nous sommes restés,A2,vacation,151
tricolore-2-5th-edition,grammar,Exercise 6,8,matching,Les filles,,,,f (sont allées aux magasins),A2,city-places,151
tricolore-2-5th-edition,grammar,Exercise 7,8,fill-in,"Ils sont ___ à leur hôtel à Montréal à quatorze heures, heure locale. (arriver)",,,,arrivés,A2,vacation,151
tricolore-2-5th-edition,grammar,Exercise 9a,8,fill-in,Et ta sœur? Elle (8) ___ à la maison. (rester),,,,elle est restée,A2,vacation,151
tricolore-2-5th-edition,grammar,Exercise 9b,8,fill-in,Et nous (8) ___ aux cartes. (jouer),,,,nous avons joué,A2,vacation,151
tricolore-2-5th-edition,grammar,Exercise 9a,9,fill-in,Vous (9) ___ le soir? (sortir),,,,vous êtes sortis,A2,vacation,151
tricolore-2-5th-edition,listening,Exercise 1a,1,matching,Où va la personne (1)? Écoute et note la bonne lettre (A–G).,,,,B,A2,shopping,152
tricolore-2-5th-edition,listening,Exercise 1b,1,short-answer,Qu'est-ce qu'ils vont acheter? (item 1),,,,"du pain, une glace",A2,shopping,152
tricolore-2-5th-edition,listening,Exercise 2a,1,matching,André et Lucie,,,,d (jeudi prochain),A2,vacation,152
tricolore-2-5th-edition,listening,Exercise 2b,1,short-answer,Où est la personne? (item 1),,,,Ils sont en Espagne.,A2,vacation,152
tricolore-2-5th-edition,listening,Exercise 3a,1,matching,"Item (1): écoute, regarde les images et écris la bonne lettre (A–H).",,,,C,A2,vacation,152
tricolore-2-5th-edition,listening,Exercise 3b,1,short-answer,Item (1): écoute et écris le texte que tu entends.,,,,"C'est les vacances, …",A2,vacation,152
tricolore-2-5th-edition,listening,Exercise 4,1,matching,Item (1): écoute et trouve la paire (lettre A–H).,,,,D,A2,daily-routine,152
tricolore-2-5th-edition,listening,Exercise 1a,2,matching,Où va la personne (2)? Écoute et note la bonne lettre (A–G).,,,,,A2,shopping,152
tricolore-2-5th-edition,listening,Exercise 1b,2,short-answer,Qu'est-ce qu'ils vont acheter? (item 2),,,,,A2,shopping,152
tricolore-2-5th-edition,listening,Exercise 2a,2,matching,Jean-Pierre,,,,,A2,vacation,152
tricolore-2-5th-edition,listening,Exercise 2b,2,short-answer,Où est la personne? (item 2),,,,,A2,vacation,152
tricolore-2-5th-edition,listening,Exercise 3a,2,matching,"Item (2): écoute, regarde les images et écris la bonne lettre (A–H).",,,,,A2,vacation,152
tricolore-2-5th-edition,listening,Exercise 3b,2,short-answer,Item (2): écoute et écris le texte que tu entends.,,,,,A2,vacation,152
tricolore-2-5th-edition,listening,Exercise 4,2,matching,Item (2): écoute et trouve la paire (lettre A–H).,,,,,A2,daily-routine,152
tricolore-2-5th-edition,listening,Exercise 1a,3,matching,Où va la personne (3)? Écoute et note la bonne lettre (A–G).,,,,,A2,shopping,152
tricolore-2-5th-edition,listening,Exercise 1b,3,short-answer,Qu'est-ce qu'ils vont acheter? (item 3),,,,,A2,shopping,152
tricolore-2-5th-edition,listening,Exercise 2a,3,matching,Alice,,,,,A2,vacation,152
tricolore-2-5th-edition,listening,Exercise 2b,3,short-answer,Où est la personne? (item 3),,,,,A2,vacation,152
tricolore-2-5th-edition,listening,Exercise 3a,3,matching,"Item (3): écoute, regarde les images et écris la bonne lettre (A–H).",,,,,A2,vacation,152
tricolore-2-5th-edition,listening,Exercise 4,3,matching,Item (3): écoute et trouve la paire (lettre A–H).,,,,,A2,daily-routine,152
tricolore-2-5th-edition,listening,Exercise 1a,4,matching,Où va la personne (4)? Écoute et note la bonne lettre (A–G).,,,,,A2,shopping,152
tricolore-2-5th-edition,listening,Exercise 1b,4,short-answer,Qu'est-ce qu'ils vont acheter? (item 4),,,,,A2,shopping,152
tricolore-2-5th-edition,listening,Exercise 2a,4,matching,les Simon,,,,,A2,vacation,152
tricolore-2-5th-edition,listening,Exercise 2b,4,short-answer,Où est la personne? (item 4),,,,,A2,vacation,152
tricolore-2-5th-edition,listening,Exercise 3a,4,matching,"Item (4): écoute, regarde les images et écris la bonne lettre (A–H).",,,,,A2,vacation,152
tricolore-2-5th-edition,listening,Exercise 4,4,matching,Item (4): écoute et trouve la paire (lettre A–H).,,,,,A2,daily-routine,152
tricolore-2-5th-edition,listening,Exercise 1a,5,matching,Où va la personne (5)? Écoute et note la bonne lettre (A–G).,,,,,A2,shopping,152
tricolore-2-5th-edition,listening,Exercise 1b,5,short-answer,Qu'est-ce qu'ils vont acheter? (item 5),,,,,A2,shopping,152
tricolore-2-5th-edition,listening,Exercise 2a,5,matching,Luc,,,,,A2,vacation,152
tricolore-2-5th-edition,listening,Exercise 2b,5,short-answer,Où est la personne? (item 5),,,,,A2,vacation,152
tricolore-2-5th-edition,listening,Exercise 3a,5,matching,"Item (5): écoute, regarde les images et écris la bonne lettre (A–H).",,,,,A2,vacation,152
tricolore-2-5th-edition,listening,Exercise 4,5,matching,Item (5): écoute et trouve la paire (lettre A–H).,,,,,A2,daily-routine,152
tricolore-2-5th-edition,listening,Exercise 1a,6,matching,Où va la personne (6)? Écoute et note la bonne lettre (A–G).,,,,,A2,shopping,152
tricolore-2-5th-edition,listening,Exercise 1b,6,short-answer,Qu'est-ce qu'ils vont acheter? (item 6),,,,,A2,shopping,152
tricolore-2-5th-edition,listening,Exercise 2a,6,matching,Magali,,,,,A2,vacation,152
tricolore-2-5th-edition,listening,Exercise 2b,6,short-answer,Où est la personne? (item 6),,,,,A2,vacation,152
tricolore-2-5th-edition,listening,Exercise 3a,6,matching,"Item (6): écoute, regarde les images et écris la bonne lettre (A–H).",,,,,A2,vacation,152
tricolore-2-5th-edition,listening,Exercise 4,6,matching,Item (6): écoute et trouve la paire (lettre A–H).,,,,,A2,daily-routine,152
tricolore-2-5th-edition,listening,Exercise 1a,7,matching,Où va la personne (7)? Écoute et note la bonne lettre (A–G).,,,,,A2,shopping,152
tricolore-2-5th-edition,listening,Exercise 1b,7,short-answer,Qu'est-ce qu'ils vont acheter? (item 7),,,,,A2,shopping,152
tricolore-2-5th-edition,listening,Exercise 2a,7,matching,Daniel,,,,,A2,vacation,152
tricolore-2-5th-edition,listening,Exercise 2b,7,short-answer,Où est la personne? (item 7),,,,,A2,vacation,152
tricolore-2-5th-edition,listening,Exercise 3a,7,matching,"Item (7): écoute, regarde les images et écris la bonne lettre (A–H).",,,,,A2,vacation,152
tricolore-2-5th-edition,listening,Exercise 4,7,matching,Item (7): écoute et trouve la paire (lettre A–H).,,,,,A2,daily-routine,152
tricolore-2-5th-edition,listening,Exercise 2a,8,matching,Sophie et Claire,,,,,A2,vacation,152
tricolore-2-5th-edition,listening,Exercise 3a,8,matching,"Item (8): écoute, regarde les images et écris la bonne lettre (A–H).",,,,,A2,vacation,152
tricolore-2-5th-edition,listening,Exercise 4,8,matching,Item (8): écoute et trouve la paire (lettre A–H).,,,,,A2,daily-routine,152
tricolore-2-5th-edition,listening,Exercise 5a,1,short-answer,Écoute et note ce qu'on a commandé. (item 1),,,,"b, …",A2,restaurant,153
tricolore-2-5th-edition,listening,Exercise 5b,1,short-answer,Écoute encore une fois et écris le français. (item 1),,,,"du potage, …",A2,restaurant,153
tricolore-2-5th-edition,listening,Exercise 6a,1,fill-in,"Pendant les vacances de (1) ___, je suis parti avec un groupe de jeunes en Normandie.",,,,Pâques,A2,vacation,153
tricolore-2-5th-edition,writing,Exercise 6b,1,short-answer,Traduis le dernier paragraphe en anglais.,,,,,A2,vacation,153
tricolore-2-5th-edition,listening,Exercise 7a,1,matching,"Item (1): écoute et identifie la personne (Patrick, Kémi, Charles, Lucie, Hélène, Élise).",,,,Kémi,A2,personal-info,153
tricolore-2-5th-edition,writing,Exercise 7b,1,writing-task,Écris la description de deux personnes sur l'image.,,,,(open-ended),A2,personal-info,153
tricolore-2-5th-edition,listening,Exercise 8a,1,multiple-choice,"Conversation (1): la personne accepte-t-elle, refuse-t-elle, ou ne sait-on pas?",A (accepte),R (refuse),? (ne sait pas),R,A2,hobby,153
tricolore-2-5th-edition,listening,Exercise 8b,1,short-answer,La personne propose d'aller où? (item 1),,,,au parc d'attractions,A2,hobby,153
tricolore-2-5th-edition,listening,Exercise 5a,2,short-answer,Écoute et note ce qu'on a commandé. (item 2),,,,,A2,restaurant,153
tricolore-2-5th-edition,listening,Exercise 5b,2,short-answer,Écoute encore une fois et écris le français. (item 2),,,,,A2,restaurant,153
tricolore-2-5th-edition,listening,Exercise 6a,2,fill-in,J'ai partagé une tente avec (2) ___ autres garçons.,,,,trois,A2,vacation,153
tricolore-2-5th-edition,listening,Exercise 7a,2,matching,"Item (2): écoute et identifie la personne (Patrick, Kémi, Charles, Lucie, Hélène, Élise).",,,,,A2,personal-info,153
tricolore-2-5th-edition,listening,Exercise 8a,2,multiple-choice,"Conversation (2): la personne accepte-t-elle, refuse-t-elle, ou ne sait-on pas?",A (accepte),R (refuse),? (ne sait pas),,A2,hobby,153
tricolore-2-5th-edition,listening,Exercise 8b,2,short-answer,La personne propose d'aller où? (item 2),,,,,A2,hobby,153
tricolore-2-5th-edition,listening,Exercise 5a,3,short-answer,Écoute et note ce qu'on a commandé. (item 3),,,,,A2,restaurant,153
tricolore-2-5th-edition,listening,Exercise 5b,3,short-answer,Écoute encore une fois et écris le français. (item 3),,,,,A2,restaurant,153
tricolore-2-5th-edition,listening,Exercise 6a,3,fill-in,Une équipe est allée à la (3) ___ pour acheter du pain.,,,,boulangerie,A2,vacation,153
tricolore-2-5th-edition,listening,Exercise 7a,3,matching,"Item (3): écoute et identifie la personne (Patrick, Kémi, Charles, Lucie, Hélène, Élise).",,,,,A2,personal-info,153
tricolore-2-5th-edition,listening,Exercise 8a,3,multiple-choice,"Conversation (3): la personne accepte-t-elle, refuse-t-elle, ou ne sait-on pas?",A (accepte),R (refuse),? (ne sait pas),,A2,hobby,153
tricolore-2-5th-edition,listening,Exercise 8b,3,short-answer,La personne propose d'aller où? (item 3),,,,,A2,hobby,153
tricolore-2-5th-edition,listening,Exercise 6a,4,fill-in,Une équipe a cherché de l' (4) ___.,,,,eau,A2,vacation,153
tricolore-2-5th-edition,listening,Exercise 7a,4,matching,"Item (4): écoute et identifie la personne (Patrick, Kémi, Charles, Lucie, Hélène, Élise).",,,,,A2,personal-info,153
tricolore-2-5th-edition,listening,Exercise 8a,4,multiple-choice,"Conversation (4): la personne accepte-t-elle, refuse-t-elle, ou ne sait-on pas?",A (accepte),R (refuse),? (ne sait pas),,A2,hobby,153
tricolore-2-5th-edition,listening,Exercise 8b,4,short-answer,La personne propose d'aller où? (item 4),,,,,A2,hobby,153
tricolore-2-5th-edition,listening,Exercise 6a,5,fill-in,Une équipe a fait la (5) ___.,,,,vaisselle,A2,vacation,153
tricolore-2-5th-edition,listening,Exercise 7a,5,matching,"Item (5): écoute et identifie la personne (Patrick, Kémi, Charles, Lucie, Hélène, Élise).",,,,,A2,personal-info,153
tricolore-2-5th-edition,listening,Exercise 8a,5,multiple-choice,"Conversation (5): la personne accepte-t-elle, refuse-t-elle, ou ne sait-on pas?",A (accepte),R (refuse),? (ne sait pas),,A2,hobby,153
tricolore-2-5th-edition,listening,Exercise 6a,6,fill-in,"Un jour, nous sommes allés à la (6) ___ à vélo.",,,,plage,A2,vacation,153
tricolore-2-5th-edition,listening,Exercise 7a,6,matching,"Item (6): écoute et identifie la personne (Patrick, Kémi, Charles, Lucie, Hélène, Élise).",,,,,A2,personal-info,153
tricolore-2-5th-edition,listening,Exercise 8a,6,multiple-choice,"Conversation (6): la personne accepte-t-elle, refuse-t-elle, ou ne sait-on pas?",A (accepte),R (refuse),? (ne sait pas),,A2,hobby,153
tricolore-2-5th-edition,listening,Exercise 6a,7,fill-in,Nous sommes arrivés à la plage à (7) ___ heures.,,,,onze,A2,vacation,153
tricolore-2-5th-edition,listening,Exercise 6a,8,fill-in,"Mais quand nous sommes (8) ___, nous avons pris la mauvaise direction.",,,,rentrés,A2,vacation,153
tricolore-2-5th-edition,listening,Exercise 6a,9,fill-in,"Finalement, nous sommes arrivés au camping, très fatigués, à (9) ___ heures du soir.",,,,sept,A2,vacation,153
