collection,word,translation,article,plural,word_class,example,topic,source_page
tricolore-2-5th-edition,'envoi','return',,,noun,,none,154
tricolore-2-5th-edition,(à) mon avis,(in) my opinion,,,phrase,,none,154
tricolore-2-5th-edition,aider à la maison,helping at home,,,phrase,,none,154
tricolore-2-5th-edition,allumer,to switch on,,,verb,,none,154
tricolore-2-5th-edition,apprendre (par cœur),to learn (by heart),,,verb,,none,154
tricolore-2-5th-edition,argent,money,l',,noun,,shopping,154
tricolore-2-5th-edition,bic (m),biro,,,noun,,none,154
tricolore-2-5th-edition,boissons,drinks,les,,noun,,food,154
tricolore-2-5th-edition,brancher,to plug in,,,verb,,none,154
tricolore-2-5th-edition,cahier (m),exercise book,,,noun,,school,154
tricolore-2-5th-edition,calculatrice (f),calculator,,,noun,,school,154
tricolore-2-5th-edition,cartable (m),school bag,,,noun,,school,154
tricolore-2-5th-edition,carte (f),card,,,noun,,none,154
tricolore-2-5th-edition,casse-croûtes,snacks,les,,noun,,food,154
tricolore-2-5th-edition,chaise (f),chair,,,noun,,none,154
tricolore-2-5th-edition,charger,to load,,,verb,,none,154
tricolore-2-5th-edition,chercher dans le dictionnaire,to look up in a dictionary,,,verb,,school,154
tricolore-2-5th-edition,chez une famille,staying with a family,,,phrase,,family,154
tricolore-2-5th-edition,choisir,to choose,,,verb,,none,154
tricolore-2-5th-edition,classeur (m),file,,,noun,,communication,154
tricolore-2-5th-edition,clavier (m),keyboard,,,noun,,communication,154
tricolore-2-5th-edition,cliquer sur la souris,to click on the mouse,,,verb,,communication,154
tricolore-2-5th-edition,clé USB (f),memory stick,,,noun,,none,154
tricolore-2-5th-edition,commencer,to begin,,,verb,,none,154
tricolore-2-5th-edition,corriger,to correct,,,verb,,none,154
tricolore-2-5th-edition,couper-coller,to cut and paste,,,verb,,none,154
tricolore-2-5th-edition,curseur (m),cursor,,,noun,,communication,154
tricolore-2-5th-edition,descriptions,descriptions,les,,noun,,none,154
tricolore-2-5th-edition,dessiner,"to draw, design",,,verb,,none,154
tricolore-2-5th-edition,deviner,to guess,,,verb,,none,154
tricolore-2-5th-edition,distractions,leisure events,les,,noun,,hobby,154
tricolore-2-5th-edition,distribuer,to give out,,,verb,,none,154
tricolore-2-5th-edition,effacer,to rub out,,,verb,,none,154
tricolore-2-5th-edition,en classe,in school,,,phrase,,school,154
tricolore-2-5th-edition,en ligne,on line,,,phrase,,none,154
tricolore-2-5th-edition,en voyage,travel in general,,,phrase,,none,154
tricolore-2-5th-edition,encore une fois,once more,,,phrase,,none,154
tricolore-2-5th-edition,essayer,to try,,,verb,,none,154
tricolore-2-5th-edition,excursion,a day out,une,,noun,,vacation,154
tricolore-2-5th-edition,expliquer,to explain,,,verb,,none,154
tricolore-2-5th-edition,famille,the family,la,,noun,,family,154
tricolore-2-5th-edition,fermer,to shut down,,,verb,,none,154
tricolore-2-5th-edition,feutre (m),felt-tip pen,,,noun,,none,154
tricolore-2-5th-edition,fichier (m),file,,,noun,,communication,154
tricolore-2-5th-edition,finir,to finish,,,verb,,none,154
tricolore-2-5th-edition,gagner,to win,,,verb,,none,154
tricolore-2-5th-edition,glaces,ice cream,les,,noun,,none,154
tricolore-2-5th-edition,gomme (f),rubber,,,noun,,school,154
tricolore-2-5th-edition,imprimante (f),printer,,,noun,,communication,154
tricolore-2-5th-edition,informatique (f),ICT,l',,noun,,none,154
tricolore-2-5th-edition,iPod (m),iPod,,,noun,,none,154
tricolore-2-5th-edition,lecteur CD (m),CD player,,,noun,,none,154
tricolore-2-5th-edition,lecteur MP3 (m),MP3 player,,,noun,,none,154
tricolore-2-5th-edition,lecture,reading,la,,noun,,hobby,154
tricolore-2-5th-edition,lien (m),link,,,noun,,communication,154
tricolore-2-5th-edition,magasins,shops,les,,noun,,shopping,154
tricolore-2-5th-edition,marquer,to highlight,,,verb,,none,154
tricolore-2-5th-edition,match,a sports match,un,,noun,,hobby,154
tricolore-2-5th-edition,matières scolaires,school subjects,les,,noun,,school,154
tricolore-2-5th-edition,matériel scolaire,school materials,le,,noun,,school,154
tricolore-2-5th-edition,menu (m),menu,,,noun,,restaurant,154
tricolore-2-5th-edition,message (m),message,,,noun,,communication,154
tricolore-2-5th-edition,mettre dans le bon ordre,to put in the right order,,,verb,,none,154
tricolore-2-5th-edition,moniteur (m),monitor,,,noun,,none,154
tricolore-2-5th-edition,mot de passe (m),password,,,noun,,communication,154
tricolore-2-5th-edition,noter,to make a note of,,,verb,,none,154
tricolore-2-5th-edition,on sort,going out,,,phrase,,none,154
tricolore-2-5th-edition,ordinateur (m),computer,,,noun,,communication,154
tricolore-2-5th-edition,oublier,to forget,,,verb,,none,154
tricolore-2-5th-edition,ouvrir,to open,,,verb,,none,154
tricolore-2-5th-edition,parler,to speak,,,verb,,none,154
tricolore-2-5th-edition,parties du corps,parts of the body,les,,noun,,hobby,154
tricolore-2-5th-edition,pays et les continents,countries and continents,les,,noun,,travel,154
tricolore-2-5th-edition,penser,to think,,,verb,,none,154
tricolore-2-5th-edition,plats d'un repas,courses of a meal,les,,noun,,food,154
tricolore-2-5th-edition,poser une question,to ask a question,,,verb,,none,154
tricolore-2-5th-edition,quantités,quantities,les,,noun,,none,154
tricolore-2-5th-edition,ranger,"to tidy up, clear up, put away",,,verb,,none,154
tricolore-2-5th-edition,repas au restaurant,a meal in a restaurant,un,,noun,,restaurant,154
tricolore-2-5th-edition,routine journalière,daily routine,la,,noun,,daily-routine,154
tricolore-2-5th-edition,règle (f),ruler,,,noun,,school,154
tricolore-2-5th-edition,répondre,to reply,,,verb,,none,154
tricolore-2-5th-edition,répéter,to repeat,,,verb,,none,154
tricolore-2-5th-edition,sac de sports (m),sports bag,,,noun,,hobby,154
tricolore-2-5th-edition,sac à dos (m),backpack,,,noun,,none,154
tricolore-2-5th-edition,santé,health,la,,noun,,health,154
tricolore-2-5th-edition,savoir,to know,,,verb,,none,154
tricolore-2-5th-edition,souligner,to underline,,,verb,,none,154
tricolore-2-5th-edition,stylo à bille (m),ball-point pen,,,noun,,none,154
tricolore-2-5th-edition,surligneur (m),highlighter,,,noun,,none,154
tricolore-2-5th-edition,table (f),table,,,noun,,none,154
tricolore-2-5th-edition,tableau (m),board,,,noun,,none,154
tricolore-2-5th-edition,tableau interactif (m),interactive white board,,,noun,,none,154
tricolore-2-5th-edition,taille-crayon (m),pencil sharpener,,,noun,,school,154
tricolore-2-5th-edition,temps passé,expressions of past time,le,,noun,,time-dates,154
tricolore-2-5th-edition,tourner,to turn,,,verb,,none,154
tricolore-2-5th-edition,transports,means of transport,les,,noun,,travel,154
tricolore-2-5th-edition,travailler (en équipes),to work (in teams),,,verb,,none,154
tricolore-2-5th-edition,trousse (f),pencil case,,,noun,,school,154
tricolore-2-5th-edition,trouver,to find,,,verb,,none,154
tricolore-2-5th-edition,télévision (f),television,,,noun,,none,154
tricolore-2-5th-edition,vie au collège,school life,la,,noun,,school,154
tricolore-2-5th-edition,vérifier,to check,,,verb,,none,154
tricolore-2-5th-edition,vêtements,clothes,les,,noun,,shopping,154
tricolore-2-5th-edition,à la gare,at the station,,,phrase,,travel,154
tricolore-2-5th-edition,écouter,to listen,,,verb,,none,154
tricolore-2-5th-edition,écran (m),screen,,,noun,,communication,154
tricolore-2-5th-edition,écrire,to write,,,verb,,none,154
tricolore-2-5th-edition,aller en discothèque/boîte (f),to go to a disco/club,,,verb,,hobby,155
tricolore-2-5th-edition,animaux (m pl),"animals, pets",les,,noun,,none,155
tricolore-2-5th-edition,assez,quite,,,adverb,,none,155
tricolore-2-5th-edition,athlétisme (m),athletics,,,noun,,hobby,155
tricolore-2-5th-edition,auberge de jeunesse (f),youth hostel,,,noun,,vacation,155
tricolore-2-5th-edition,badminton (m),badminton,,,noun,,none,155
tricolore-2-5th-edition,banque (f),bank,,,noun,,city-places,155
tricolore-2-5th-edition,batterie (f),drums,,,noun,,hobby,155
tricolore-2-5th-edition,beau-frère (m),brother-in-law,,,noun,,family,155
tricolore-2-5th-edition,belle-sœur (f),sister-in-law,,,noun,,family,155
tricolore-2-5th-edition,bâtiments religieux (m pl),religious buildings,des,,noun,,none,155
tricolore-2-5th-edition,C'est amusant,It's fun,,,phrase,,none,155
tricolore-2-5th-edition,C'est difficile,It's difficult,,,phrase,,none,155
tricolore-2-5th-edition,C'est ennuyeux,It's boring,,,phrase,,none,155
tricolore-2-5th-edition,C'est facile,It's easy,,,phrase,,none,155
tricolore-2-5th-edition,C'est intéressant,It's interesting,,,phrase,,none,155
tricolore-2-5th-edition,C'est nul,"It's useless, rubbish",,,phrase,,none,155
tricolore-2-5th-edition,C'est super,It's great,,,phrase,,none,155
tricolore-2-5th-edition,C'est sympa,"It's nice, good",,,phrase,,none,155
tricolore-2-5th-edition,C'est utile,It's useful,,,phrase,,none,155
tricolore-2-5th-edition,camping (m),campsite,,,noun,,vacation,155
tricolore-2-5th-edition,cathédrale (f),cathedral,,,noun,,city-places,155
tricolore-2-5th-edition,centre-ville (m),town centre,,,noun,,city-places,155
tricolore-2-5th-edition,chambre (f),bedroom,,,noun,,home,155
tricolore-2-5th-edition,chat (m),cat,,,noun,,none,155
tricolore-2-5th-edition,chatte (f),female cat,,,noun,,none,155
tricolore-2-5th-edition,cheval (m),horse,,,noun,,none,155
tricolore-2-5th-edition,chien (m),dog,,,noun,,none,155
tricolore-2-5th-edition,cochon d'Inde (m),guinea pig,,,noun,,none,155
tricolore-2-5th-edition,collège (m),comprehensive school,,,noun,,school,155
tricolore-2-5th-edition,concert (m),concert,,,noun,,hobby,155
tricolore-2-5th-edition,cousin(e) (m/f),cousin,,,noun,,family,155
tricolore-2-5th-edition,cricket (m),cricket,,,noun,,hobby,155
tricolore-2-5th-edition,cuisine (f),kitchen,,,noun,,home,155
tricolore-2-5th-edition,cyclisme (m),cycling,,,noun,,hobby,155
tricolore-2-5th-edition,d'autres loisirs,other leisure activities,,,phrase,,hobby,155
tricolore-2-5th-edition,demi-frère (m),half-/stepbrother,,,noun,,none,155
tricolore-2-5th-edition,demi-sœur (f),half-/stepsister,,,noun,,none,155
tricolore-2-5th-edition,en automne (m),in autumn,,,phrase,,time-dates,155
tricolore-2-5th-edition,en hiver (m),in winter,,,phrase,,time-dates,155
tricolore-2-5th-edition,en ville,in town,,,phrase,,city-places,155
tricolore-2-5th-edition,en été (m),in summer,,,phrase,,time-dates,155
tricolore-2-5th-edition,est,east,l',,noun,,travel,155
tricolore-2-5th-edition,exposition (f),exhibition,,,noun,,hobby,155
tricolore-2-5th-edition,faire de la peinture,to do painting,,,verb,,hobby,155
tricolore-2-5th-edition,faire des photos,to take photos,,,verb,,hobby,155
tricolore-2-5th-edition,faire du dessin,to do drawing,,,verb,,hobby,155
tricolore-2-5th-edition,faire du théâtre,to do drama,,,verb,,hobby,155
tricolore-2-5th-edition,famille,the family,la,,noun,,family,155
tricolore-2-5th-edition,fenêtre (f),window,,,noun,,home,155
tricolore-2-5th-edition,feu d'artifice (m),firework display,,,noun,,hobby,155
tricolore-2-5th-edition,fille (unique) (f),(only) daughter,,,noun,,family,155
tricolore-2-5th-edition,fils (unique) (m),(only) son,,,noun,,family,155
tricolore-2-5th-edition,flûte (f),flute,,,noun,,hobby,155
tricolore-2-5th-edition,flûte à bec (f),recorder,,,noun,,none,155
tricolore-2-5th-edition,football (m),football,,,noun,,hobby,155
tricolore-2-5th-edition,fromage (m),cheese,,,noun,,food,155
tricolore-2-5th-edition,frère (m),brother,,,noun,,family,155
tricolore-2-5th-edition,fête (f),"party, festival",,,noun,,hobby,155
tricolore-2-5th-edition,fête foraine (f),funfair,,,noun,,none,155
tricolore-2-5th-edition,garage (m),garage,,,noun,,home,155
tricolore-2-5th-edition,gare (f),station,,,noun,,travel,155
tricolore-2-5th-edition,golf (m),golf,,,noun,,hobby,155
tricolore-2-5th-edition,grand-mère (f),grandmother,,,noun,,family,155
tricolore-2-5th-edition,grand-père (m),grandfather,,,noun,,family,155
tricolore-2-5th-edition,guitare (f),guitar,,,noun,,hobby,155
tricolore-2-5th-edition,gymnastique (f),gymnastics,,,noun,,hobby,155
tricolore-2-5th-edition,hamster (m),hamster,,,noun,,none,155
tricolore-2-5th-edition,hôpital (m),hospital,,,noun,,health,155
tricolore-2-5th-edition,hôtel (m),hotel,,,noun,,none,155
tricolore-2-5th-edition,hôtel de ville (m),town hall,,,noun,,city-places,155
tricolore-2-5th-edition,il fait beau,it's fine,,,phrase,,weather,155
tricolore-2-5th-edition,il fait chaud,it's hot,,,phrase,,weather,155
tricolore-2-5th-edition,il fait froid,it's cold,,,phrase,,weather,155
tricolore-2-5th-edition,il fait mauvais,it's bad weather,,,phrase,,weather,155
tricolore-2-5th-edition,il neige,it's snowing,,,phrase,,weather,155
tricolore-2-5th-edition,il pleut,it's raining,,,phrase,,weather,155
tricolore-2-5th-edition,il y a du brouillard,it's foggy,,,phrase,,weather,155
tricolore-2-5th-edition,il y a du soleil,it's sunny,,,phrase,,weather,155
tricolore-2-5th-edition,il y a du vent,it's windy,,,phrase,,weather,155
tricolore-2-5th-edition,jambon (m),ham,,,noun,,food,155
tricolore-2-5th-edition,jardin (m),garden,,,noun,,home,155
tricolore-2-5th-edition,je ne suis pas d'accord,I disagree,,,phrase,,none,155
tricolore-2-5th-edition,je suis d'accord,I agree,,,phrase,,none,155
tricolore-2-5th-edition,je suis pour/contre,I'm for/against,,,phrase,,none,155
tricolore-2-5th-edition,jouer aux cartes,to play cards,,,verb,,hobby,155
tricolore-2-5th-edition,jouer aux jeux vidéo,to play computer games,,,verb,,hobby,155
tricolore-2-5th-edition,jouer aux échecs,to play chess,,,verb,,hobby,155
tricolore-2-5th-edition,jouer à l'ordinateur,to play on the computer,,,verb,,communication,155
tricolore-2-5th-edition,lapin (m),rabbit,,,noun,,none,155
tricolore-2-5th-edition,lit (m),bed,,,noun,,home,155
tricolore-2-5th-edition,loin de,far from,,,phrase,,none,155
tricolore-2-5th-edition,marché (m),market,,,noun,,shopping,155
tricolore-2-5th-edition,mosquée (f),mosque,,,noun,,city-places,155
tricolore-2-5th-edition,musique,music,la,,noun,,none,155
tricolore-2-5th-edition,musée (m),museum,,,noun,,city-places,155
tricolore-2-5th-edition,mère (f),mother,,,noun,,family,155
tricolore-2-5th-edition,nord,north,le,,noun,,travel,155
tricolore-2-5th-edition,nourriture,food,la,,noun,,food,155
tricolore-2-5th-edition,office de tourisme (m),tourist office,,,noun,,travel,155
tricolore-2-5th-edition,oiseau (m),bird,,,noun,,none,155
tricolore-2-5th-edition,omelette (f),omelette,,,noun,,food,155
tricolore-2-5th-edition,oncle (m),uncle,,,noun,,family,155
tricolore-2-5th-edition,ouest,west,l',,noun,,travel,155
tricolore-2-5th-edition,parc (m),park,,,noun,,city-places,155
tricolore-2-5th-edition,parking (m),car park,,,noun,,city-places,155
tricolore-2-5th-edition,patinoire (f),skating rink,,,noun,,city-places,155
tricolore-2-5th-edition,perroquet (m),parrot,,,noun,,none,155
tricolore-2-5th-edition,perruche (f),budgerigar,,,noun,,none,155
tricolore-2-5th-edition,peu,a bit,un,,noun,,none,155
tricolore-2-5th-edition,piano (m),piano,,,noun,,hobby,155
tricolore-2-5th-edition,piscine (f),swimming pool,,,noun,,city-places,155
tricolore-2-5th-edition,pizza (f),pizza,,,noun,,food,155
tricolore-2-5th-edition,place (f),square,,,noun,,city-places,155
tricolore-2-5th-edition,planche à voile (f),windsurfing,,,noun,,hobby,155
tricolore-2-5th-edition,points cardinaux,points of the compass,les,,noun,,none,155
tricolore-2-5th-edition,poisson (m),fish,,,noun,,food,155
tricolore-2-5th-edition,poisson rouge (m),goldfish,,,noun,,none,155
tricolore-2-5th-edition,portable (m),laptop,,,noun,,none,155
tricolore-2-5th-edition,porte (f),door,,,noun,,home,155
tricolore-2-5th-edition,poste (f),post office,,,noun,,city-places,155
tricolore-2-5th-edition,potage (m),soup,,,noun,,food,155
tricolore-2-5th-edition,poulet (m),chicken,,,noun,,food,155
tricolore-2-5th-edition,printemps (m),in spring,au,,phrase,,time-dates,155
tricolore-2-5th-edition,près d'ici,near here,,,phrase,,none,155
tricolore-2-5th-edition,près de,near,,,phrase,,none,155
tricolore-2-5th-edition,pâté (m),pâté,,,noun,,food,155
tricolore-2-5th-edition,père (m),father,,,noun,,family,155
tricolore-2-5th-edition,Quelle direction?,Which direction?,,,phrase,,travel,155
tricolore-2-5th-edition,restaurant (m),restaurant,,,noun,,restaurant,155
tricolore-2-5th-edition,roller (m),rollerblading / skating,,,noun,,hobby,155
tricolore-2-5th-edition,rue (principale) (f),"(high, main) street",,,noun,,city-places,155
tricolore-2-5th-edition,rugby (m),rugby,,,noun,,hobby,155
tricolore-2-5th-edition,réfrigérateur (m),fridge,,,noun,,home,155
tricolore-2-5th-edition,saisons (f pl),seasons,les,,noun,,time-dates,155
tricolore-2-5th-edition,salle de bains (f),bathroom,,,noun,,home,155
tricolore-2-5th-edition,salle à manger (f),dining room,,,noun,,home,155
tricolore-2-5th-edition,salon (m),lounge,,,noun,,home,155
tricolore-2-5th-edition,sauvegarder,to save,,,verb,,none,155
tricolore-2-5th-edition,serpent (m),snake,,,noun,,none,155
tricolore-2-5th-edition,site web (m),website,,,noun,,communication,155
tricolore-2-5th-edition,skate (m),skateboarding,,,noun,,none,155
tricolore-2-5th-edition,ski (m),skiing,,,noun,,hobby,155
tricolore-2-5th-edition,soirée (f),"party, celebration",,,noun,,hobby,155
tricolore-2-5th-edition,souris (f),mouse,,,noun,,communication,155
tricolore-2-5th-edition,sports (m pl),sport,les,,noun,,hobby,155
tricolore-2-5th-edition,stade (m),stadium,,,noun,,city-places,155
tricolore-2-5th-edition,sud,south,le,,noun,,travel,155
tricolore-2-5th-edition,surfer sur Internet,to surf the net,,,verb,,communication,155
tricolore-2-5th-edition,surligner,to highlight,,,verb,,none,155
tricolore-2-5th-edition,synagogue (f),synagogue,,,noun,,city-places,155
tricolore-2-5th-edition,sœur (f),sister,,,noun,,family,155
tricolore-2-5th-edition,tablette (f),tablet,,,noun,,none,155
tricolore-2-5th-edition,tante (f),aunt,,,noun,,family,155
tricolore-2-5th-edition,taper,to type,,,verb,,none,155
tricolore-2-5th-edition,tarentule (f),tarantula,,,noun,,none,155
tricolore-2-5th-edition,temple (m),temple,,,noun,,city-places,155
tricolore-2-5th-edition,temps,weather,le,,noun,,weather,155
tricolore-2-5th-edition,tennis (m),tennis,,,noun,,hobby,155
tricolore-2-5th-edition,touche (f),key,,,noun,,none,155
tricolore-2-5th-edition,tout droit,straight ahead,,,phrase,,none,155
tricolore-2-5th-edition,tout près,very close,,,phrase,,none,155
tricolore-2-5th-edition,très,very,,,adverb,,none,155
tricolore-2-5th-edition,viande (f),meat,,,noun,,food,155
tricolore-2-5th-edition,violon (m),violin,,,noun,,hobby,155
tricolore-2-5th-edition,visualiser,to display,,,verb,,none,155
tricolore-2-5th-edition,voile (f),sailing,,,noun,,hobby,155
tricolore-2-5th-edition,VTT (vélo tout terrain) (m),mountain biking,,,noun,,vacation,155
tricolore-2-5th-edition,à droite,(on the) right,,,phrase,,none,155
tricolore-2-5th-edition,à gauche,(on the) left,,,phrase,,none,155
tricolore-2-5th-edition,à la maison,at home,,,phrase,,none,155
tricolore-2-5th-edition,à mon avis,in my opinion,,,phrase,,none,155
tricolore-2-5th-edition,À quelle distance?,How far?,,,phrase,,none,155
tricolore-2-5th-edition,à … kilomètres de,… kilometres from,,,phrase,,travel,155
tricolore-2-5th-edition,à … milles de,… miles from,,,phrase,,travel,155
tricolore-2-5th-edition,école (f),school (in general),,,noun,,school,155
tricolore-2-5th-edition,église (f),church,,,noun,,city-places,155
tricolore-2-5th-edition,équitation (f),horse riding,,,noun,,none,155
tricolore-2-5th-edition,(bleu) clair (inv),light (blue),,,adjective,,none,156
tricolore-2-5th-edition,(vert) foncé (inv),dark (green),,,adjective,,none,156
tricolore-2-5th-edition,août,August,,,noun,,time-dates,156
tricolore-2-5th-edition,aujourd'hui,today,,,adverb,,time-dates,156
tricolore-2-5th-edition,aussi,also,,,adverb,,none,156
tricolore-2-5th-edition,avenir,future,l',,noun,,time-dates,156
tricolore-2-5th-edition,avril,April,,,noun,,time-dates,156
tricolore-2-5th-edition,banane (f),banana,,,noun,,food,156
tricolore-2-5th-edition,beurre (m),butter,,,noun,,food,156
tricolore-2-5th-edition,bientôt,soon,,,adverb,,time-dates,156
tricolore-2-5th-edition,blanc (blanche),white,,,adjective,,none,156
tricolore-2-5th-edition,bleu,blue,,,adjective,,none,156
tricolore-2-5th-edition,blond,blond,,,adjective,,none,156
tricolore-2-5th-edition,boissons chaudes (f pl),hot drinks,des,,noun,,food,156
tricolore-2-5th-edition,boissons froides (f pl),cold drinks,des,,noun,,food,156
tricolore-2-5th-edition,Bon anniversaire,Happy birthday,,,phrase,,none,156
tricolore-2-5th-edition,Bonne année,Happy New Year,,,phrase,,time-dates,156
tricolore-2-5th-edition,Bonne fête,Best wishes on your Saint's Day,,,phrase,,time-dates,156
tricolore-2-5th-edition,brun,brown,,,adjective,,none,156
tricolore-2-5th-edition,café (m),coffee,,,noun,,restaurant,156
tricolore-2-5th-edition,carottes (f pl),carrots,,,noun,,food,156
tricolore-2-5th-edition,ce matin,this morning,,,phrase,,time-dates,156
tricolore-2-5th-edition,ce soir,this evening,,,phrase,,time-dates,156
tricolore-2-5th-edition,cent,100,,,other,,none,156
tricolore-2-5th-edition,cet après-midi,this afternoon,,,phrase,,time-dates,156
tricolore-2-5th-edition,champignon (m),mushroom,,,noun,,food,156
tricolore-2-5th-edition,chocolat chaud (m),hot chocolate,,,noun,,food,156
tricolore-2-5th-edition,chou (m),cabbage,,,noun,,food,156
tricolore-2-5th-edition,chou-fleur (m),cauliflower,,,noun,,food,156
tricolore-2-5th-edition,châtain,(chestnut) brown,,,adjective,,none,156
tricolore-2-5th-edition,cinq,5,,,other,,none,156
tricolore-2-5th-edition,cinquante,50,,,other,,none,156
tricolore-2-5th-edition,cinquante-et-un,51,,,other,,none,156
tricolore-2-5th-edition,cinquième,fifth,,,other,,none,156
tricolore-2-5th-edition,citron (m),lemon,,,noun,,food,156
tricolore-2-5th-edition,coca (m),coke,,,noun,,food,156
tricolore-2-5th-edition,confiture (f),jam,,,noun,,food,156
tricolore-2-5th-edition,confiture d'oranges (f),marmalade,,,noun,,food,156
tricolore-2-5th-edition,conjonctions,connectives,des,,noun,,none,156
tricolore-2-5th-edition,couleurs (f pl),colours,les,,noun,,none,156
tricolore-2-5th-edition,croissants (m pl),croissants,,,noun,,food,156
tricolore-2-5th-edition,céréales (f pl),cereal,,,noun,,food,156
tricolore-2-5th-edition,d'abord,first of all,,,adverb,,none,156
tricolore-2-5th-edition,dans l'ordre,in order,,,phrase,,none,156
tricolore-2-5th-edition,demain,tomorrow,,,adverb,,time-dates,156
tricolore-2-5th-edition,desserts (m pl),desserts,des,,noun,,food,156
tricolore-2-5th-edition,deux,2,,,other,,none,156
tricolore-2-5th-edition,deux-cent-cinquante,250,,,other,,none,156
tricolore-2-5th-edition,deux-cents,200,,,other,,none,156
tricolore-2-5th-edition,deuxième,second,,,other,,none,156
tricolore-2-5th-edition,dimanche,Sunday,,,noun,,time-dates,156
tricolore-2-5th-edition,dimanche dernier,last Sunday,,,phrase,,time-dates,156
tricolore-2-5th-edition,dix,10,,,other,,none,156
tricolore-2-5th-edition,dix-huit,18,,,other,,none,156
tricolore-2-5th-edition,dix-neuf,19,,,other,,none,156
tricolore-2-5th-edition,dix-sept,17,,,other,,none,156
tricolore-2-5th-edition,donc,"then, so",,,other,,none,156
tricolore-2-5th-edition,douze,12,,,other,,none,156
tricolore-2-5th-edition,décembre,December,,,noun,,time-dates,156
tricolore-2-5th-edition,eau (f),water,,,noun,,food,156
tricolore-2-5th-edition,eau minérale (f),mineral water,,,noun,,food,156
tricolore-2-5th-edition,en ce moment,at the moment,,,phrase,,none,156
tricolore-2-5th-edition,ensuite,next,,,adverb,,time-dates,156
tricolore-2-5th-edition,et,and,,,other,,none,156
tricolore-2-5th-edition,et demie,,,,phrase,,time-dates,156
tricolore-2-5th-edition,et quart,,,,phrase,,time-dates,156
tricolore-2-5th-edition,fraise (f),strawberry,,,noun,,food,156
tricolore-2-5th-edition,frites (f pl),chips,,,noun,,food,156
tricolore-2-5th-edition,fruits (m pl),fruit,des,,noun,,food,156
tricolore-2-5th-edition,février,February,,,noun,,time-dates,156
tricolore-2-5th-edition,fête du 14 juillet / la fête nationale,Bastille Day (14th July),la,,noun,,time-dates,156
tricolore-2-5th-edition,fêtes et les vœux,festivals and greetings,les,,noun,,none,156
tricolore-2-5th-edition,gris,grey,,,adjective,,none,156
tricolore-2-5th-edition,gâteau (m),cake,,,noun,,food,156
tricolore-2-5th-edition,haricots verts (m pl),French beans,,,noun,,none,156
tricolore-2-5th-edition,heure (f),time,l',,noun,Il est une heure/deux heures/trois heures …,time-dates,156
tricolore-2-5th-edition,hier,yesterday,,,adverb,,time-dates,156
tricolore-2-5th-edition,hier matin/après-midi,yesterday morning/afternoon,,,phrase,,time-dates,156
tricolore-2-5th-edition,hier soir,last night,,,phrase,,none,156
tricolore-2-5th-edition,huit,8,,,other,,none,156
tricolore-2-5th-edition,Il est midi et demi.,,,,phrase,,time-dates,156
tricolore-2-5th-edition,Il est minuit et demi.,,,,phrase,,time-dates,156
tricolore-2-5th-edition,janvier,January,,,noun,,time-dates,156
tricolore-2-5th-edition,jaune,yellow,,,adjective,,none,156
tricolore-2-5th-edition,jeudi,Thursday,,,noun,,time-dates,156
tricolore-2-5th-edition,jour de l'An,New Year's Day,le,,noun,,time-dates,156
tricolore-2-5th-edition,jours de la semaine,days of the week,les,,noun,,time-dates,156
tricolore-2-5th-edition,Joyeuses Pâques,Happy Easter,,,phrase,,none,156
tricolore-2-5th-edition,Joyeux Noël,Happy Christmas,,,phrase,,none,156
tricolore-2-5th-edition,juillet,July,,,noun,,time-dates,156
tricolore-2-5th-edition,juin,June,,,noun,,time-dates,156
tricolore-2-5th-edition,jus de fruit (m),fruit juice,,,noun,,food,156
tricolore-2-5th-edition,kiwi (m),kiwi fruit,,,noun,,food,156
tricolore-2-5th-edition,lait (m),milk,,,noun,,food,156
tricolore-2-5th-edition,limonade (f),lemonade,,,noun,,food,156
tricolore-2-5th-edition,lundi,Monday,,,noun,,time-dates,156
tricolore-2-5th-edition,lundi prochain,next Monday,,,phrase,,time-dates,156
tricolore-2-5th-edition,légumes (m pl),vegetables,des,,noun,,food,156
tricolore-2-5th-edition,mai,May,,,noun,,time-dates,156
tricolore-2-5th-edition,maintenant,now,,,adverb,,time-dates,156
tricolore-2-5th-edition,mais,but,,,other,,none,156
tricolore-2-5th-edition,mardi,Tuesday,,,noun,,time-dates,156
tricolore-2-5th-edition,Mardi gras,Shrove Tuesday,,,phrase,,time-dates,156
tricolore-2-5th-edition,marron (inv),brown,,,adjective,,none,156
tricolore-2-5th-edition,mars,March,,,noun,,time-dates,156
tricolore-2-5th-edition,melon (m),melon,,,noun,,food,156
tricolore-2-5th-edition,mercredi,Wednesday,,,noun,,time-dates,156
tricolore-2-5th-edition,mille,1000,,,other,,none,156
tricolore-2-5th-edition,moins cinq,,,,phrase,,time-dates,156
tricolore-2-5th-edition,moins dix,,,,phrase,,time-dates,156
tricolore-2-5th-edition,moins le quart,,,,phrase,,time-dates,156
tricolore-2-5th-edition,moins vingt,,,,phrase,,time-dates,156
tricolore-2-5th-edition,moins vingt-cinq,,,,phrase,,time-dates,156
tricolore-2-5th-edition,mois de l'année,months of the year,les,,noun,,time-dates,156
tricolore-2-5th-edition,neuf,9,,,other,,none,156
tricolore-2-5th-edition,noir,black,,,adjective,,none,156
tricolore-2-5th-edition,nombres (m pl),numbers,les,,noun,,none,156
tricolore-2-5th-edition,novembre,November,,,noun,,time-dates,156
tricolore-2-5th-edition,Noël,Christmas,,,noun,,none,156
tricolore-2-5th-edition,octobre,October,,,noun,,time-dates,156
tricolore-2-5th-edition,onze,11,,,other,,none,156
tricolore-2-5th-edition,orange (f),orange,,,noun,,food,156
tricolore-2-5th-edition,orange (inv),orange,,,adjective,,food,156
tricolore-2-5th-edition,ou,or,,,other,,none,156
tricolore-2-5th-edition,pain (m),bread,,,noun,,health,156
tricolore-2-5th-edition,passé,past,le,,noun,,time-dates,156
tricolore-2-5th-edition,petit déjeuner,breakfast,le,,noun,,food,156
tricolore-2-5th-edition,petits pois (m pl),peas,,,noun,,food,156
tricolore-2-5th-edition,plus tard,later,,,phrase,,time-dates,156
tricolore-2-5th-edition,poire (f),pear,,,noun,,food,156
tricolore-2-5th-edition,pomme (f),apple,,,noun,,food,156
tricolore-2-5th-edition,pommes de terre (f pl),potatoes,,,noun,,food,156
tricolore-2-5th-edition,premier (première),first,,,other,,none,156
tricolore-2-5th-edition,présent,present,le,,noun,,shopping,156
tricolore-2-5th-edition,puis,then,,,other,,none,156
tricolore-2-5th-edition,Pâques,Easter,,,noun,,none,156
tricolore-2-5th-edition,pêche (f),peach,,,noun,,food,156
tricolore-2-5th-edition,quarante,40,,,other,,none,156
tricolore-2-5th-edition,quarante-et-un,41,,,other,,none,156
tricolore-2-5th-edition,quatorze,14,,,other,,none,156
tricolore-2-5th-edition,quatre,4,,,other,,none,156
tricolore-2-5th-edition,quatre-vingt-deux,82,,,other,,none,156
tricolore-2-5th-edition,quatre-vingt-dix,90,,,other,,none,156
tricolore-2-5th-edition,quatre-vingt-onze,91,,,other,,none,156
tricolore-2-5th-edition,quatre-vingt-un,81,,,other,,none,156
tricolore-2-5th-edition,quatre-vingts,80,,,other,,none,156
tricolore-2-5th-edition,quatrième,fourth,,,other,,none,156
tricolore-2-5th-edition,Quelle heure est-il?,,,,phrase,,time-dates,156
tricolore-2-5th-edition,quinze,15,,,other,,none,156
tricolore-2-5th-edition,raisin (m),grapes,,,noun,,food,156
tricolore-2-5th-edition,rose,pink,,,adjective,,none,156
tricolore-2-5th-edition,rouge,red,,,adjective,,none,156
tricolore-2-5th-edition,roux,red (hair),,,adjective,,none,156
tricolore-2-5th-edition,salade (f),lettuce salad,,,noun,,food,156
tricolore-2-5th-edition,samedi,Saturday,,,noun,,time-dates,156
tricolore-2-5th-edition,samedi matin,(on) Saturday morning,,,phrase,,time-dates,156
tricolore-2-5th-edition,seize,16,,,other,,none,156
tricolore-2-5th-edition,semaine dernière,last week,la,,noun,,time-dates,156
tricolore-2-5th-edition,semaine prochaine,next week,la,,noun,,time-dates,156
tricolore-2-5th-edition,sept,7,,,other,,none,156
tricolore-2-5th-edition,septembre,September,,,noun,,time-dates,156
tricolore-2-5th-edition,si,if,,,other,,none,156
tricolore-2-5th-edition,six,6,,,other,,none,156
tricolore-2-5th-edition,soixante,60,,,other,,none,156
tricolore-2-5th-edition,soixante-dix,70,,,other,,none,156
tricolore-2-5th-edition,soixante-douze,72,,,other,,none,156
tricolore-2-5th-edition,soixante-et-onze,71,,,other,,none,156
tricolore-2-5th-edition,soixante-et-un,61,,,other,,none,156
tricolore-2-5th-edition,sucre (m),sugar,,,noun,,food,156
tricolore-2-5th-edition,tarte aux pommes (f),apple tart,,,noun,,food,156
tricolore-2-5th-edition,thé (m),tea,,,noun,,food,156
tricolore-2-5th-edition,toasts (m pl),toast,,,noun,,food,156
tricolore-2-5th-edition,tomate (f),tomato,,,noun,,food,156
tricolore-2-5th-edition,treize,13,,,other,,none,156
tricolore-2-5th-edition,trente,30,,,other,,none,156
tricolore-2-5th-edition,trente-et-un,31,,,other,,none,156
tricolore-2-5th-edition,trois,3,,,other,,none,156
tricolore-2-5th-edition,troisième,third,,,other,,none,156
tricolore-2-5th-edition,turquoise,turquoise,,,adjective,,none,156
tricolore-2-5th-edition,un,1,,,other,,none,156
tricolore-2-5th-edition,vendredi,Friday,,,noun,,time-dates,156
tricolore-2-5th-edition,vert,green,,,adjective,,none,156
tricolore-2-5th-edition,vin (m),wine,,,noun,,food,156
tricolore-2-5th-edition,vingt,20,,,other,,none,156
tricolore-2-5th-edition,vingt-deux,22,,,other,,none,156
tricolore-2-5th-edition,vingt-et-un,21,,,other,,none,156
tricolore-2-5th-edition,vingt-et-unième,twenty-first,,,other,,none,156
tricolore-2-5th-edition,vingt-trois,23,,,other,,none,156
tricolore-2-5th-edition,vingtième,twentieth,,,other,,none,156
tricolore-2-5th-edition,weekend dernier,last weekend,le,,noun,,none,156
tricolore-2-5th-edition,yaourt (m),yoghurt,,,noun,,food,156
tricolore-2-5th-edition,zéro,0,,,other,,none,156
tricolore-2-5th-edition,œuf (m),egg,,,noun,,food,156
tricolore-2-5th-edition,œufs au bacon (m pl),bacon and egg,,,noun,,food,156
tricolore-2-5th-edition,@ + (À plus tard),CU (used in email),,,phrase,,communication,166
tricolore-2-5th-edition,abbaye (f),abbey,l',,noun,,none,166
tricolore-2-5th-edition,abolir,to abolish,,,verb,,none,166
tricolore-2-5th-edition,abonné(e),subscriber,un(e),,noun,,none,166
tricolore-2-5th-edition,abord,"first, at first",d',,phrase,,none,166
tricolore-2-5th-edition,abricot,apricot,un,,noun,,none,166
tricolore-2-5th-edition,abriter,to shelter,,,verb,,none,166
tricolore-2-5th-edition,absolument,absolutely,,,adverb,,none,166
tricolore-2-5th-edition,accepter,to accept,,,verb,,none,166
tricolore-2-5th-edition,accessoire,accessory,un,,noun,,none,166
tricolore-2-5th-edition,accord,"okay, all right",d',,phrase,,none,166
tricolore-2-5th-edition,accès (m),access,l',,noun,,none,166
tricolore-2-5th-edition,acheter,to buy,,,verb,,shopping,166
tricolore-2-5th-edition,activité,activity,une,,noun,,none,166
tricolore-2-5th-edition,addition (f),bill,l',,noun,,restaurant,166
tricolore-2-5th-edition,adorer,to love,,,verb,,none,166
tricolore-2-5th-edition,adresse,address,une,,noun,,personal-info,166
tricolore-2-5th-edition,adresse e-mail,email address,une,,noun,,communication,166
tricolore-2-5th-edition,adulte,adult,un(e),,noun,,family,166
tricolore-2-5th-edition,affaires (f pl),"things, belongings",les,,noun,,none,166
tricolore-2-5th-edition,affiche,"notice, poster",une,,noun,,none,166
tricolore-2-5th-edition,affronter,to face,,,verb,,none,166
tricolore-2-5th-edition,Afrique (f),Africa,l',,noun,,none,166
tricolore-2-5th-edition,agréable,pleasant,,,adjective,,none,166
tricolore-2-5th-edition,ai,I have,j',,verb,,none,166
tricolore-2-5th-edition,aider,to help,,,verb,,none,166
tricolore-2-5th-edition,aile,wing,une,,noun,,none,166
tricolore-2-5th-edition,aimer,to like,,,verb,,none,166
tricolore-2-5th-edition,aire de jeu,play area,un,,noun,,none,166
tricolore-2-5th-edition,ajouter,to add,,,verb,,none,166
tricolore-2-5th-edition,alcoolisé,alcoholic,,,adjective,,none,166
tricolore-2-5th-edition,Allemagne (f),Germany,l',,noun,,none,166
tricolore-2-5th-edition,allemand,German,,,adjective,,none,166
tricolore-2-5th-edition,aller,to go,,,verb,,none,166
tricolore-2-5th-edition,aller simple,single ticket,un,,noun,,travel,166
tricolore-2-5th-edition,aller à la pêche,to go fishing,,,verb,,none,166
tricolore-2-5th-edition,aller-retour,return ticket,un,,noun,,travel,166
tricolore-2-5th-edition,allergique,allergic,,,adjective,,health,166
tricolore-2-5th-edition,allonger,to lie down,s',,verb,,none,166
tricolore-2-5th-edition,allons-y,let's go,,,phrase,,none,166
tricolore-2-5th-edition,alors,so,,,adverb,,none,166
tricolore-2-5th-edition,alouette,lark,une,,noun,,none,166
tricolore-2-5th-edition,Alpes (f pl),the Alps,les,,noun,,none,166
tricolore-2-5th-edition,amande,almond,une,,noun,,none,166
tricolore-2-5th-edition,amener,to take,,,verb,,none,166
tricolore-2-5th-edition,ami(e),friend,un(e),,noun,,family,166
tricolore-2-5th-edition,amical,friendly,,,adjective,,none,166
tricolore-2-5th-edition,amitiés (at end of letter),best wishes,,,noun,,communication,166
tricolore-2-5th-edition,amusant,enjoyable,,,adjective,,none,166
tricolore-2-5th-edition,amuser,"to enjoy yourself, to have a good time",s',,verb,,time-dates,166
tricolore-2-5th-edition,américain,American,,,adjective,,none,166
tricolore-2-5th-edition,Amérique (f) du Nord/du Sud,North/South America,l',,noun,,travel,166
tricolore-2-5th-edition,ananas,pineapple,un,,noun,,none,166
tricolore-2-5th-edition,anglais,English,,,adjective,,none,166
tricolore-2-5th-edition,Angleterre (f),England,l',,noun,,none,166
tricolore-2-5th-edition,animal (pl animaux),animal,un,animaux,noun,,none,166
tricolore-2-5th-edition,anneau (pl anneaux),ring,un,anneaux,noun,,none,166
tricolore-2-5th-edition,anniversaire,birthday,un,,noun,,none,166
tricolore-2-5th-edition,année,year,une,,noun,,time-dates,166
tricolore-2-5th-edition,Antarctique (m),Antarctic,l',,noun,,none,166
tricolore-2-5th-edition,août,August,,,noun,,time-dates,166
tricolore-2-5th-edition,appareil,on the phone,à l',,phrase,,communication,166
tricolore-2-5th-edition,appareil photo,camera,un,,noun,,hobby,166
tricolore-2-5th-edition,appartement,"flat, apartment",un,,noun,,home,166
tricolore-2-5th-edition,appeler,to call,,,verb,,none,166
tricolore-2-5th-edition,appeler,to be called,s',,verb,,none,166
tricolore-2-5th-edition,apporter,to bring,,,verb,,none,166
tricolore-2-5th-edition,apprendre,to learn,,,verb,,none,166
tricolore-2-5th-edition,approcher de,to approach,s',,verb,,none,166
tricolore-2-5th-edition,après,after,,,preposition,,none,166
tricolore-2-5th-edition,après-demain,the day after tomorrow,,,adverb,,time-dates,166
tricolore-2-5th-edition,après-midi,afternoon,un,,noun,,time-dates,166
tricolore-2-5th-edition,aquarium,aquarium,un,,noun,,none,166
tricolore-2-5th-edition,arabe,Arab,,,adjective,,none,166
tricolore-2-5th-edition,arbitre,referee,un,,noun,,profession,166
tricolore-2-5th-edition,arbre,tree,un,,noun,,none,166
tricolore-2-5th-edition,argent (m),money,l',,noun,,shopping,166
tricolore-2-5th-edition,armoire,wardrobe,une,,noun,,home,166
tricolore-2-5th-edition,arobase,@ ('at' sign),un,,noun,,none,166
tricolore-2-5th-edition,arriver,to arrive,,,verb,,none,166
tricolore-2-5th-edition,arrivée (f),arrival,l',,noun,,travel,166
tricolore-2-5th-edition,arrêt (d'autobus),(bus) stop,un,,noun,,none,166
tricolore-2-5th-edition,arrêter,to stop,s',,verb,,none,166
tricolore-2-5th-edition,art (m),art,l',,noun,,none,166
tricolore-2-5th-edition,article,article,un,,noun,,none,166
tricolore-2-5th-edition,arène,arena,une,,noun,,none,166
tricolore-2-5th-edition,ascenseur,lift,un,,noun,,none,166
tricolore-2-5th-edition,Asie (f),Asia,l',,noun,,none,166
tricolore-2-5th-edition,asperges (f pl),asparagus,des,,noun,,none,166
tricolore-2-5th-edition,aspirateur,vacuum cleaner,un,,noun,,none,166
tricolore-2-5th-edition,aspirine (f),aspirin,l',,noun,,health,166
tricolore-2-5th-edition,asseoir,to sit down,s',,verb,,none,166
tricolore-2-5th-edition,assez,quite,,,adverb,,none,166
tricolore-2-5th-edition,assiette,plate,une,,noun,,none,166
tricolore-2-5th-edition,assiette de charcuterie,plate of cold meats,,,phrase,,weather,166
tricolore-2-5th-edition,assis,sitting (down),,,adjective,,none,166
tricolore-2-5th-edition,assuré,guaranteed,,,adjective,,none,166
tricolore-2-5th-edition,asthmatique,asthmatic,,,adjective,,health,166
tricolore-2-5th-edition,astronaute,astronaut,un(e),,noun,,profession,166
tricolore-2-5th-edition,athlétisme (m),athletics,l',,noun,,hobby,166
tricolore-2-5th-edition,atroce,"awful, atrocious",,,adjective,,none,166
tricolore-2-5th-edition,attendre,to wait (for),,,verb,,none,166
tricolore-2-5th-edition,atterrir,to land,,,verb,,none,166
tricolore-2-5th-edition,attraper,to catch,,,verb,,none,166
tricolore-2-5th-edition,au revoir,goodbye,,,phrase,,communication,166
tricolore-2-5th-edition,aujourd'hui,today,,,adverb,,time-dates,166
tricolore-2-5th-edition,aussi,"also, as well",,,adverb,,none,166
tricolore-2-5th-edition,Australie (f),Australia,l',,noun,,none,166
tricolore-2-5th-edition,auteur,author,un,,noun,,profession,166
tricolore-2-5th-edition,automne (m),autumn,l',,noun,,time-dates,166
tricolore-2-5th-edition,autoroute,motorway,une,,noun,,travel,166
tricolore-2-5th-edition,autre,other,,,adjective,,none,166
tricolore-2-5th-edition,autrement,otherwise,,,adverb,,none,166
tricolore-2-5th-edition,Autriche (f),Austria,l',,noun,,none,166
tricolore-2-5th-edition,avance,in advance,en,,phrase,,none,166
tricolore-2-5th-edition,avant,before,,,preposition,,none,166
tricolore-2-5th-edition,avant-hier,the day before yesterday,,,adverb,,time-dates,166
tricolore-2-5th-edition,avantage,advantage,un,,noun,,none,166
tricolore-2-5th-edition,avec,with,,,preposition,,none,166
tricolore-2-5th-edition,avenir (m),future,l',,noun,,time-dates,166
tricolore-2-5th-edition,aventure,adventure,une,,noun,,none,166
tricolore-2-5th-edition,avez-vous ...?,do you have ...? (from avoir),,,phrase,,none,166
tricolore-2-5th-edition,avion,plane,un,,noun,,travel,166
tricolore-2-5th-edition,avis,opinion,un,,noun,,none,166
tricolore-2-5th-edition,avoir,to have,,,verb,,none,166
tricolore-2-5th-edition,avril,April,,,noun,,time-dates,166
tricolore-2-5th-edition,aéroport,airport,un,,noun,,travel,166
tricolore-2-5th-edition,aîné,"older, oldest",,,adjective,,none,166
tricolore-2-5th-edition,bac(calauréat),school leaving certificate for university entrance,le,,noun,,school,166
tricolore-2-5th-edition,badminton,badminton,le,,noun,,none,166
tricolore-2-5th-edition,bagages (m pl),luggage,les,,noun,,travel,166
tricolore-2-5th-edition,bagages à main,hand luggage,,,phrase,,health,166
tricolore-2-5th-edition,baguette,French loaf,une,,noun,,none,166
tricolore-2-5th-edition,baigner,"to go swimming, to bathe",se,,verb,,hobby,166
tricolore-2-5th-edition,baisser,to lower,,,verb,,none,166
tricolore-2-5th-edition,bal,dance,un,,noun,,none,166
tricolore-2-5th-edition,balade,"ride, walk",une,,noun,,none,166
tricolore-2-5th-edition,baleine,whale,une,,noun,,none,166
tricolore-2-5th-edition,balle,(small) ball,une,,noun,,none,166
tricolore-2-5th-edition,ballon,ball,un,,noun,,none,166
tricolore-2-5th-edition,banane,banana,une,,noun,,food,166
tricolore-2-5th-edition,banc,"bench, seat",un,,noun,,none,166
tricolore-2-5th-edition,bande dessinée (BD),"cartoon strip, comic (book)",une,,noun,,hobby,166
tricolore-2-5th-edition,banque,bank,une,,noun,,city-places,166
tricolore-2-5th-edition,barbe à papa,candyfloss,la,,noun,,none,166
tricolore-2-5th-edition,barquette,"punnet, pack",une,,noun,,food,166
tricolore-2-5th-edition,bas (basse),low,,,adjective,,none,166
tricolore-2-5th-edition,basket,basketball,le,,noun,,none,166
tricolore-2-5th-edition,baskets (f pl),trainers,les,,noun,,shopping,166
tricolore-2-5th-edition,bassin,"pool, pond",un,,noun,,none,166
tricolore-2-5th-edition,bataille,battle,une,,noun,,none,166
tricolore-2-5th-edition,bateau,boat,un,,noun,,travel,166
tricolore-2-5th-edition,BD (bande dessinée),"cartoon strip, comic (book)",une,,noun,,hobby,166
tricolore-2-5th-edition,"beau (bel, belle, beaux, belles)",beautiful,,,adjective,,none,166
tricolore-2-5th-edition,beau-frère,brother-in-law,un,,noun,,family,166
tricolore-2-5th-edition,beau-père,father-in-law,un,,noun,,family,166
tricolore-2-5th-edition,beaucoup,"a lot, many",,,adverb,,none,166
tricolore-2-5th-edition,beaucoup de ...,a lot of ...,,,phrase,,none,166
tricolore-2-5th-edition,bec,beak,le,,noun,,none,166
tricolore-2-5th-edition,belge,Belgian,,,adjective,,none,166
tricolore-2-5th-edition,Belgique,Belgium,la,,noun,,none,166
tricolore-2-5th-edition,belle-mère,stepmother; mother-in-law,une,,noun,,family,166
tricolore-2-5th-edition,belle-sœur,sister-in-law,une,,noun,,family,166
tricolore-2-5th-edition,berger,shepherd,un,,noun,,profession,166
tricolore-2-5th-edition,beurk!,yuck!,,,phrase,,none,166
tricolore-2-5th-edition,beurre,butter,le,,noun,,food,166
tricolore-2-5th-edition,bibliothèque,library,la,,noun,,city-places,166
tricolore-2-5th-edition,bien,"fine, well",,,adverb,,none,166
tricolore-2-5th-edition,bien sûr,of course,,,phrase,,none,166
tricolore-2-5th-edition,bientôt,soon,,,adverb,,time-dates,166
tricolore-2-5th-edition,bille,marble,une,,noun,,none,166
tricolore-2-5th-edition,billet,"ticket, banknote",un,,noun,,travel,166
tricolore-2-5th-edition,biologie,biology,la,,noun,,school,166
tricolore-2-5th-edition,biscuit,plain biscuit,un,,noun,,food,166
tricolore-2-5th-edition,bière,beer,une,,noun,,none,166
tricolore-2-5th-edition,blanc (blanche),white,,,adjective,,none,166
tricolore-2-5th-edition,blessé,"hurt, injured",,,adjective,,health,166
tricolore-2-5th-edition,bleu,blue,,,adjective,,none,166
tricolore-2-5th-edition,bleu marine (inv. does not change form),navy blue,,,phrase,,none,166
tricolore-2-5th-edition,blog (m),blog,un,,noun,,communication,166
tricolore-2-5th-edition,boire,to drink,,,verb,,food,166
tricolore-2-5th-edition,boisson,drink,une,,noun,,food,166
tricolore-2-5th-edition,bol,bowl,un,,noun,,none,166
tricolore-2-5th-edition,bon (bonne),good,,,adjective,,none,166
tricolore-2-5th-edition,bon appétit,enjoy your meal,,,phrase,,food,166
tricolore-2-5th-edition,bon appétit!,enjoy your meal!,,,phrase,,food,166
tricolore-2-5th-edition,bon voyage,have a good journey,,,phrase,,travel,166
tricolore-2-5th-edition,bonbon,sweet,un,,noun,,food,166
tricolore-2-5th-edition,bondir,to leap,,,verb,,none,166
tricolore-2-5th-edition,bonhomme de neige,snowman,un,,noun,,none,166
tricolore-2-5th-edition,bonjour,"hello, good morning",,,phrase,,communication,166
tricolore-2-5th-edition,bonne heure,early,de,,phrase,,none,166
tricolore-2-5th-edition,bord,on board,à,,phrase,,none,166
tricolore-2-5th-edition,bord de la mer,at the seaside,au,,phrase,,vacation,166
tricolore-2-5th-edition,bottes (f pl),boots,des,,noun,,shopping,166
tricolore-2-5th-edition,bouche,mouth,la,,noun,,health,166
tricolore-2-5th-edition,boucherie,butcher's shop,une,,noun,,profession,166
tricolore-2-5th-edition,boue,mud,la,,noun,,none,166
tricolore-2-5th-edition,bouger,to move,,,verb,,none,166
tricolore-2-5th-edition,bouillabaisse,fish stew (from Provence),la,,noun,,food,166
tricolore-2-5th-edition,boulanger (boulangère),baker,un(e),,noun,,profession,166
tricolore-2-5th-edition,boulangerie,baker's,une,,noun,,profession,166
tricolore-2-5th-edition,boule de glace,a scoop of ice cream,une,,noun,,none,166
tricolore-2-5th-edition,boum,party,une,,noun,,hobby,166
tricolore-2-5th-edition,bouteille,bottle,une,,noun,,none,166
tricolore-2-5th-edition,bouton,button,un,,noun,,none,166
tricolore-2-5th-edition,boîte,"tin, box/disco, club",une,,noun,,hobby,166
tricolore-2-5th-edition,branche,branch,une,,noun,,none,166
tricolore-2-5th-edition,brancher,to plug (in),,,verb,,none,166
tricolore-2-5th-edition,bras,arm,le,,noun,,health,166
tricolore-2-5th-edition,"bras dessus, bras dessous",arm in arm,,,phrase,,health,166
tricolore-2-5th-edition,brique de,a carton of,une,,noun,,none,166
tricolore-2-5th-edition,brouillard,fog,le,,noun,,weather,166
tricolore-2-5th-edition,brouiller,to blur,,,verb,,none,166
tricolore-2-5th-edition,bruit,noise,un,,noun,,none,166
tricolore-2-5th-edition,brun,brown,,,adjective,,none,166
tricolore-2-5th-edition,Bruxelles,Brussels,,,noun,,none,166
tricolore-2-5th-edition,Brésil,Brazil,le,,noun,,none,166
tricolore-2-5th-edition,buffet,buffet,le,,noun,,none,166
tricolore-2-5th-edition,bulle,speech bubble,une,,noun,,none,166
tricolore-2-5th-edition,bureau,office,un,,noun,,city-places,166
tricolore-2-5th-edition,but,goal,un,,noun,,none,166
tricolore-2-5th-edition,bâtiment,building,un,,noun,,none,166
tricolore-2-5th-edition,bâtonnet,(ice) lolly,un,,noun,,none,166
tricolore-2-5th-edition,bébé,baby,un,,noun,,family,166
tricolore-2-5th-edition,cabane,cabin,une,,noun,,none,166
tricolore-2-5th-edition,cacher,to hide,,,verb,,none,166
tricolore-2-5th-edition,cadeau,"gift, present",un,,noun,,shopping,166
tricolore-2-5th-edition,café,café; coffee,un,,noun,,restaurant,166
tricolore-2-5th-edition,café crème,white coffee,un,,noun,,restaurant,166
tricolore-2-5th-edition,cahier,exercise book,un,,noun,,school,166
tricolore-2-5th-edition,caisse,cash desk,la,,noun,,shopping,166
tricolore-2-5th-edition,en automne,in autumn,,,phrase,,time-dates,166
tricolore-2-5th-edition,en bateau,by boat,,,phrase,,travel,166
tricolore-2-5th-edition,en bras de chemise,in shirt sleeves,,,phrase,,shopping,166
tricolore-2-5th-edition,j'ai ... ans,I am ... years old,,,phrase,,time-dates,166
tricolore-2-5th-edition,je m'appelle ...,my name is ...,,,phrase,,personal-info,166
tricolore-2-5th-edition,le bouton Aide,help button (on website),,,phrase,,communication,166
tricolore-2-5th-edition,marquer un but,to score a goal,,,verb,,none,166
tricolore-2-5th-edition,un bureau de tabac,tobacconist's,,,phrase,,none,166
tricolore-2-5th-edition,un bureau des renseignements,information office,,,phrase,,city-places,166
tricolore-2-5th-edition,un match amical,friendly (game),,,phrase,,hobby,166
tricolore-2-5th-edition,une boîte aux lettres,letterbox,,,phrase,,none,166
tricolore-2-5th-edition,"à (au, à la, à l', aux)","in, at, to",,,preposition,,none,166
tricolore-2-5th-edition,à bientôt,see you soon,,,phrase,,time-dates,166
tricolore-2-5th-edition,à mon avis,in my opinion,,,phrase,,none,166
tricolore-2-5th-edition,à voix basse,speaking quietly,,,phrase,,none,166
tricolore-2-5th-edition,âgé,old,,,adjective,,none,166
tricolore-2-5th-edition,ça,that,,,other,,none,166
tricolore-2-5th-edition,ça dépend,it depends,,,phrase,,none,166
tricolore-2-5th-edition,ça ne fait rien,it doesn't matter,,,phrase,,none,166
tricolore-2-5th-edition,ça va?,all right?,,,phrase,,none,166
tricolore-2-5th-edition,(bien) équipé,(well) equipped,,,adjective,,none,168
tricolore-2-5th-edition,(à) droite,(on the) right,,,phrase,,none,168
tricolore-2-5th-edition,au-dessus de,above,,,phrase,,none,168
tricolore-2-5th-edition,dessus,on top,,,adverb,,none,168
tricolore-2-5th-edition,destination,destination,une,,noun,,none,168
tricolore-2-5th-edition,deux,two,,,other,,none,168
tricolore-2-5th-edition,deuxième,second,,,other,,none,168
tricolore-2-5th-edition,devant,in front of,,,preposition,,none,168
tricolore-2-5th-edition,deviner,to guess,,,verb,,none,168
tricolore-2-5th-edition,devoir,to have to,,,verb,,none,168
tricolore-2-5th-edition,devoirs (m pl),homework,les,,noun,,school,168
tricolore-2-5th-edition,dictionnaire,dictionary,un,,noun,,school,168
tricolore-2-5th-edition,difficile,difficult,,,adjective,,none,168
tricolore-2-5th-edition,différent,different,,,adjective,,none,168
tricolore-2-5th-edition,dimanche,Sunday,,,noun,,time-dates,168
tricolore-2-5th-edition,dinde,turkey,la,,noun,,food,168
tricolore-2-5th-edition,dinosaure,dinosaur,un,,noun,,none,168
tricolore-2-5th-edition,dire,to say,,,verb,,none,168
tricolore-2-5th-edition,directement,directly,,,adverb,,none,168
tricolore-2-5th-edition,discothèque,disco(theque),une,,noun,,hobby,168
tricolore-2-5th-edition,discussion,discussion,une,,noun,,none,168
tricolore-2-5th-edition,discuter,"to talk about, to discuss",,,verb,,none,168
tricolore-2-5th-edition,disparaître,to disappear,,,verb,,none,168
tricolore-2-5th-edition,distinguer,"to distinguish, to make out",,,verb,,none,168
tricolore-2-5th-edition,dix,ten,,,other,,none,168
tricolore-2-5th-edition,doigt,finger,un,,noun,,health,168
tricolore-2-5th-edition,doigt de pied,toe,un,,noun,,health,168
tricolore-2-5th-edition,donc,"so, therefore",,,other,,none,168
tricolore-2-5th-edition,donner,to give,,,verb,,none,168
tricolore-2-5th-edition,donnez-moi ...,give me ...,,,phrase,,none,168
tricolore-2-5th-edition,dont,"of which, whose",,,other,,none,168
tricolore-2-5th-edition,dormir,to sleep,,,verb,,none,168
tricolore-2-5th-edition,dossier,file,un,,noun,,communication,168
tricolore-2-5th-edition,doucement,gently,,,adverb,,none,168
tricolore-2-5th-edition,drapeau,flag,un,,noun,,none,168
tricolore-2-5th-edition,dur,hard,,,adjective,,none,168
tricolore-2-5th-edition,durer,to last,,,verb,,none,168
tricolore-2-5th-edition,détail,detail,un,,noun,,none,168
tricolore-2-5th-edition,détective,detective,un(e),,noun,,profession,168
tricolore-2-5th-edition,détendre,to relax,,,verb,,none,168
tricolore-2-5th-edition,détester,to hate,,,verb,,none,168
tricolore-2-5th-edition,dîner,dinner,le,,noun,,food,168
tricolore-2-5th-edition,dîner,to have dinner,,,verb,,food,168
tricolore-2-5th-edition,e-mail,email,un,,noun,,communication,168
tricolore-2-5th-edition,eau (f),water,l',,noun,,food,168
tricolore-2-5th-edition,effacer,"to erase, to delete",,,verb,,none,168
tricolore-2-5th-edition,effet de serre (m),greenhouse effect,l',,noun,,none,168
tricolore-2-5th-edition,effet optique,visual effect,un,,noun,,none,168
tricolore-2-5th-edition,effrayant,frightening,,,adjective,,none,168
tricolore-2-5th-edition,emploi du temps,timetable,un,,noun,,school,168
tricolore-2-5th-edition,en,in,,,preposition,,none,168
tricolore-2-5th-edition,en Europe,in Europe,,,phrase,,none,168
tricolore-2-5th-edition,en ville,in town,,,phrase,,city-places,168
tricolore-2-5th-edition,en été,in summer,,,phrase,,time-dates,168
tricolore-2-5th-edition,encore,"more, again",,,adverb,,none,168
tricolore-2-5th-edition,endormir,"to fall asleep, to go to sleep",s',,verb,,none,168
tricolore-2-5th-edition,enfant,child,un(e),,noun,,family,168
tricolore-2-5th-edition,enlever,"to take away, to remove",,,verb,,none,168
tricolore-2-5th-edition,ennemi(e),enemy,un(e),,noun,,none,168
tricolore-2-5th-edition,ennuyer,to get bored,s',,verb,,none,168
tricolore-2-5th-edition,ennuyeux (ennuyeuse),boring,,,adjective,,none,168
tricolore-2-5th-edition,enrouler,to wind around,,,verb,,weather,168
tricolore-2-5th-edition,ensemble,together,,,adverb,,none,168
tricolore-2-5th-edition,ensuite,next,,,adverb,,time-dates,168
tricolore-2-5th-edition,entendre,to hear,,,verb,,none,168
tricolore-2-5th-edition,entier (entière),"entire, whole",,,adjective,,none,168
tricolore-2-5th-edition,entraînement (m),training,l',,noun,,none,168
tricolore-2-5th-edition,entre,between,,,preposition,,none,168
tricolore-2-5th-edition,entrer,to entre,,,verb,,none,168
tricolore-2-5th-edition,entrée (f),entrance (ticket),une,,noun,,travel,168
tricolore-2-5th-edition,environ,about,,,adverb,,none,168
tricolore-2-5th-edition,envoyer,to send,,,verb,,none,168
tricolore-2-5th-edition,EPS (éducation physique et sportive) (f),PE,l',,noun,,none,168
tricolore-2-5th-edition,erreur,mistake,une,,noun,,none,168
tricolore-2-5th-edition,escalier,staircase,un,,noun,,home,168
tricolore-2-5th-edition,escargots (m pl),snails,des,,noun,,food,168
tricolore-2-5th-edition,espace (m),space,l',,noun,,none,168
tricolore-2-5th-edition,Espagne (f),Spain,l',,noun,,none,168
tricolore-2-5th-edition,espagnol,Spanish,,,adjective,,none,168
tricolore-2-5th-edition,essai,"trial, a try",un,,noun,,none,168
tricolore-2-5th-edition,essayer,to try,,,verb,,none,168
tricolore-2-5th-edition,essentiel (essentielle),essential,,,adjective,,none,168
tricolore-2-5th-edition,est,he/she is,il/elle,,verb,,none,168
tricolore-2-5th-edition,est (m),east,l',,noun,,travel,168
tricolore-2-5th-edition,est-ce qu'il y a ...?,is/are there ...?,,,phrase,,none,168
tricolore-2-5th-edition,est-ce que ...?,question form,,,phrase,,none,168
tricolore-2-5th-edition,estragon,with tarragon,à l',,phrase,,none,168
tricolore-2-5th-edition,et,and,,,other,,none,168
tricolore-2-5th-edition,euro,euro,un,,noun,,shopping,168
tricolore-2-5th-edition,Europe (f),Europe,l',,noun,,none,168
tricolore-2-5th-edition,européen (européenne),European,,,adjective,,none,168
tricolore-2-5th-edition,examen,exam(ination),un,,noun,,school,168
tricolore-2-5th-edition,excité,excited,,,adjective,,none,168
tricolore-2-5th-edition,excursion,excursion,une,,noun,,vacation,168
tricolore-2-5th-edition,exemple,for example,par,,phrase,,none,168
tricolore-2-5th-edition,exercice,exercise,un,,noun,,none,168
tricolore-2-5th-edition,exploser,to explode,,,verb,,none,168
tricolore-2-5th-edition,exposition,exhibition,une,,noun,,hobby,168
tricolore-2-5th-edition,extrait,extract,un,,noun,,none,168
tricolore-2-5th-edition,extraordinaire,extraordinary,,,adjective,,none,168
tricolore-2-5th-edition,il dort,"he is sleeping, he sleeps",,,phrase,,none,168
tricolore-2-5th-edition,jouer aux échecs,to play chess,,,verb,,hobby,168
tricolore-2-5th-edition,l'eau minérale,mineral water,,,phrase,,food,168
tricolore-2-5th-edition,le dimanche,on Sundays,,,phrase,,none,168
tricolore-2-5th-edition,par erreur,by mistake,,,phrase,,none,168
tricolore-2-5th-edition,un escalier roulant,escalator,,,phrase,,none,168
tricolore-2-5th-edition,échapper,to escape,s',,verb,,none,168
tricolore-2-5th-edition,écharpe,scarf,une,,noun,,shopping,168
tricolore-2-5th-edition,échecs (m pl),chess,les,,noun,,hobby,168
tricolore-2-5th-edition,éclair,eclair (type of cake),un,,noun,,food,168
tricolore-2-5th-edition,école,school,une,,noun,,school,168
tricolore-2-5th-edition,Écosse (f),Scotland,l',,noun,,none,168
tricolore-2-5th-edition,écouter,to listen to,,,verb,,none,168
tricolore-2-5th-edition,écrire,to write,,,verb,,none,168
tricolore-2-5th-edition,écrivain,writer,un,,noun,,profession,168
tricolore-2-5th-edition,éducation physique (f),physical education,l',,noun,,school,168
tricolore-2-5th-edition,élève,"pupil, student",un(e),,noun,,school,168
tricolore-2-5th-edition,élégant,"elegant, smart",,,adjective,,none,168
tricolore-2-5th-edition,éléphant,elephant,un,,noun,,none,168
tricolore-2-5th-edition,émission,"emission, radio/TV programme",une,,noun,,none,168
tricolore-2-5th-edition,énergie (f),energy,l',,noun,,none,168
tricolore-2-5th-edition,épaule,shoulder,une,,noun,,health,168
tricolore-2-5th-edition,épicerie,grocer's shop,une,,noun,,profession,168
tricolore-2-5th-edition,épicier (épicière),grocer,un(e),,noun,,profession,168
tricolore-2-5th-edition,équipe,team,une,,noun,,none,168
tricolore-2-5th-edition,étage,"storey, floor",un,,noun,,none,168
tricolore-2-5th-edition,étape,stage,une,,noun,,none,168
tricolore-2-5th-edition,États-Unis (m pl),United States,les,,noun,,none,168
tricolore-2-5th-edition,étrange,strange,,,adjective,,none,168
tricolore-2-5th-edition,étranger,abroad,à l',,phrase,,travel,168
tricolore-2-5th-edition,étudiant(e),student,un(e),,noun,,school,168
tricolore-2-5th-edition,été (m),summer,l',,noun,,time-dates,168
tricolore-2-5th-edition,évidemment,obviously,,,adverb,,none,168
tricolore-2-5th-edition,événement,event,un,,noun,,none,168
tricolore-2-5th-edition,être,to be,,,verb,,none,168
tricolore-2-5th-edition,(pâté/gâteau) maison,made on the premises,,,adjective,,food,169
tricolore-2-5th-edition,avoir lieu,to take place,,,verb,,none,169
tricolore-2-5th-edition,chasse à l'intrus,find the odd one out,,,phrase,,none,169
tricolore-2-5th-edition,de bonne heure,early,,,phrase,,none,169
tricolore-2-5th-edition,faire du lèche-vitrines,to go window shopping,,,phrase,,shopping,169
tricolore-2-5th-edition,grand-mère,grandmother,une,,noun,,family,169
tricolore-2-5th-edition,grand-père,grandfather,un,,noun,,family,169
tricolore-2-5th-edition,grands-parents (m pl),grandparents,les,,noun,,family,169
tricolore-2-5th-edition,gratuit,free,,,adjective,,none,169
tricolore-2-5th-edition,grec (grecque),Greek,,,adjective,,none,169
tricolore-2-5th-edition,grille,"grid, grill",une,,noun,,none,169
tricolore-2-5th-edition,grimper,to climb,,,verb,,none,169
tricolore-2-5th-edition,gris,grey,,,adjective,,none,169
tricolore-2-5th-edition,gros(se),"big, fat",,,adjective,,none,169
tricolore-2-5th-edition,grossir,"to get fat, to put on weight",,,verb,,none,169
tricolore-2-5th-edition,groupe,group,un,,noun,,none,169
tricolore-2-5th-edition,Grèce,Greece,la,,noun,,none,169
tricolore-2-5th-edition,guichet,ticket office,un,,noun,,travel,169
tricolore-2-5th-edition,guide,guide book,un,,noun,,none,169
tricolore-2-5th-edition,guitare,guitar,une,,noun,,hobby,169
tricolore-2-5th-edition,gymnase,gym(nasium),un,,noun,,none,169
tricolore-2-5th-edition,gymnastique,gymnastics,la,,noun,,hobby,169
tricolore-2-5th-edition,habiller,to get dressed,s',,verb,,daily-routine,169
tricolore-2-5th-edition,habiter,to live in or at,,,verb,,none,169
tricolore-2-5th-edition,habitude,usually,d',,phrase,,daily-routine,169
tricolore-2-5th-edition,hand(ball),handball,le,,noun,,health,169
tricolore-2-5th-edition,handicapé,"handicapped, disabled",,,adjective,,none,169
tricolore-2-5th-edition,hanté,haunted,,,adjective,,none,169
tricolore-2-5th-edition,haricots blancs (m pl),haricot beans,les,,noun,,none,169
tricolore-2-5th-edition,haricots verts (m pl),green beans,les,,noun,,none,169
tricolore-2-5th-edition,haut,top,un,,noun,,none,169
tricolore-2-5th-edition,haut,"high, tall",,,adjective,,none,169
tricolore-2-5th-edition,haut en bas,from top to bottom,de,,phrase,,none,169
tricolore-2-5th-edition,haut les mains,hands up,,,phrase,,health,169
tricolore-2-5th-edition,hauteur,height,la,,noun,,none,169
tricolore-2-5th-edition,hectare,hectare,un,,noun,,none,169
tricolore-2-5th-edition,heure,"time, hour",une,,noun,,time-dates,169
tricolore-2-5th-edition,heure,on time,à l',,phrase,,time-dates,169
tricolore-2-5th-edition,heureusement,fortunately,,,adverb,,none,169
tricolore-2-5th-edition,hier,yesterday,,,adverb,,time-dates,169
tricolore-2-5th-edition,hippopotame,hippopotamus,un,,noun,,none,169
tricolore-2-5th-edition,histoire,story,une,,noun,,none,169
tricolore-2-5th-edition,histoire (f),history,l',,noun,,none,169
tricolore-2-5th-edition,hiver,in winter,en,,phrase,,time-dates,169
tricolore-2-5th-edition,hiver (m),winter,l',,noun,,time-dates,169
tricolore-2-5th-edition,hockey,hockey,le,,noun,,none,169
tricolore-2-5th-edition,horaire,timetable,un,,noun,,school,169
tricolore-2-5th-edition,horloge,clock,une,,noun,,none,169
tricolore-2-5th-edition,hors-d'œuvre,"first course, hors-d'œuvre",un,,noun,,restaurant,169
tricolore-2-5th-edition,hospitalité (f),hospitality,l',,noun,,none,169
tricolore-2-5th-edition,hot-dog,hot dog,un,,noun,,weather,169
tricolore-2-5th-edition,humain,human,,,adjective,,none,169
tricolore-2-5th-edition,huîtres (f pl),oysters,des,,noun,,food,169
tricolore-2-5th-edition,hâché,minced,,,adjective,,none,169
tricolore-2-5th-edition,hélicoptère,helicopter,un,,noun,,none,169
tricolore-2-5th-edition,hérisson,hedgehog,un,,noun,,none,169
tricolore-2-5th-edition,hôpital,hospital,un,,noun,,health,169
tricolore-2-5th-edition,hôtel,hotel,un,,noun,,none,169
tricolore-2-5th-edition,ici,here,,,adverb,,none,169
tricolore-2-5th-edition,identifier,to identify,,,verb,,none,169
tricolore-2-5th-edition,identique,identical,,,adjective,,none,169
tricolore-2-5th-edition,idéal,ideal,,,adjective,,none,169
tricolore-2-5th-edition,idée,idea,une,,noun,,none,169
tricolore-2-5th-edition,il a mal au dos,he has backache,,,phrase,,health,169
tricolore-2-5th-edition,il y a,"there is, there are",,,phrase,,none,169
tricolore-2-5th-edition,image,picture,une,,noun,,none,169
tricolore-2-5th-edition,immédiatement,immediately,,,adverb,,none,169
tricolore-2-5th-edition,impatience,impatiently,avec,,phrase,,none,169
tricolore-2-5th-edition,imper(méable),raincoat,un,,noun,,none,169
tricolore-2-5th-edition,important,important,,,adjective,,none,169
tricolore-2-5th-edition,impossible,impossible,,,adjective,,none,169
tricolore-2-5th-edition,imprimante,printer,une,,noun,,communication,169
tricolore-2-5th-edition,imprimer,to print,,,verb,,none,169
tricolore-2-5th-edition,inconvénient,disadvantage,un,,noun,,none,169
tricolore-2-5th-edition,indice,clue,une,,noun,,none,169
tricolore-2-5th-edition,indisponible,unavailable,,,adjective,,none,169
tricolore-2-5th-edition,infirmier (infirmière),nurse,un(e),,noun,,profession,169
tricolore-2-5th-edition,informatique (f),"computing, information technology",l',,noun,,none,169
tricolore-2-5th-edition,ingrédients (m pl),ingredients,les,,noun,,none,169
tricolore-2-5th-edition,inhalateur,inhaler,un,,noun,,health,169
tricolore-2-5th-edition,inquiéter,to be worried,s',,verb,,none,169
tricolore-2-5th-edition,inscrire (dans),"to register, to enrol (in)",s',,verb,,none,169
tricolore-2-5th-edition,installer,to settle,s',,verb,,none,169
tricolore-2-5th-edition,instruction civique (f),citizenship,l',,noun,,school,169
tricolore-2-5th-edition,instruction religieuse (f),religious education,l',,noun,,school,169
tricolore-2-5th-edition,instrument (de musique),musical instrument,un,,noun,,none,169
tricolore-2-5th-edition,internat,boarding school,un,,noun,,school,169
tricolore-2-5th-edition,Internet (m),internet,l',,noun,,communication,169
tricolore-2-5th-edition,interview,interview,une,,noun,,none,169
tricolore-2-5th-edition,intrus (m),intruder,l',,noun,,none,169
tricolore-2-5th-edition,intéressant,interesting,,,adjective,,none,169
tricolore-2-5th-edition,intéresser à,to be interested in,s',,verb,,none,169
tricolore-2-5th-edition,intérieur,inside,à l',,phrase,,none,169
tricolore-2-5th-edition,inventeur,inventor,un,,noun,,profession,169
tricolore-2-5th-edition,invention,invention,une,,noun,,none,169
tricolore-2-5th-edition,invitation,invitation,une,,noun,,none,169
tricolore-2-5th-edition,invité(e),guest,un(e),,noun,,none,169
tricolore-2-5th-edition,irlandais,Irish,,,adjective,,none,169
tricolore-2-5th-edition,Irlande (du Nord) (f),Ireland (Northern),l',,noun,,none,169
tricolore-2-5th-edition,Italie (f),Italy,l',,noun,,none,169
tricolore-2-5th-edition,italien (italienne),Italian,,,adjective,,none,169
tricolore-2-5th-edition,itinéraire,itinerary,une,,noun,,none,169
tricolore-2-5th-edition,j'ai mal au ventre,I have stomach ache,,,phrase,,health,169
tricolore-2-5th-edition,j'ai mal à la gorge,I have a sore throat,,,phrase,,health,169
tricolore-2-5th-edition,jamais,never,ne ...,,adverb,,none,169
tricolore-2-5th-edition,jambe,leg,une,,noun,,health,169
tricolore-2-5th-edition,jambon,ham,le,,noun,,food,169
tricolore-2-5th-edition,jardin,garden,un,,noun,,home,169
tricolore-2-5th-edition,jardin botanique,botanical garden,le,,noun,,home,169
tricolore-2-5th-edition,jaune,yellow,,,adjective,,none,169
tricolore-2-5th-edition,jean,pair of jeans,un,,noun,,shopping,169
tricolore-2-5th-edition,jetable,disposable,,,adjective,,none,169
tricolore-2-5th-edition,jeter,to throw,,,verb,,none,169
tricolore-2-5th-edition,jeu (pl jeux),game,un,jeux,noun,,hobby,169
tricolore-2-5th-edition,jeu vidéo,computer game,un,,noun,,hobby,169
tricolore-2-5th-edition,jeudi,Thursday,,,noun,,time-dates,169
tricolore-2-5th-edition,jeudi,on Thursdays,le,,noun,,none,169
tricolore-2-5th-edition,jeune,young,,,adjective,,none,169
tricolore-2-5th-edition,jogging,"jogging trousers, tracksuit",un,,noun,,shopping,169
tricolore-2-5th-edition,joli,pretty,,,adjective,,none,169
tricolore-2-5th-edition,jouer,to play,,,verb,,none,169
tricolore-2-5th-edition,joueur (joueuse),player,un(e),,noun,,none,169
tricolore-2-5th-edition,jour,day,un,,noun,,time-dates,169
tricolore-2-5th-edition,jour de fête,"fun day, festival",,,phrase,,hobby,169
tricolore-2-5th-edition,jour férié,public holiday,,,phrase,,vacation,169
tricolore-2-5th-edition,journal (pl journaux),newspaper,un,journaux,noun,,none,169
tricolore-2-5th-edition,journée,day,une,,noun,,time-dates,169
tricolore-2-5th-edition,judo,judo,le,,noun,,none,169
tricolore-2-5th-edition,juillet,July,,,noun,,time-dates,169
tricolore-2-5th-edition,juin,June,,,noun,,time-dates,169
tricolore-2-5th-edition,jumeaux (jumelles),twins,des,,noun,,family,169
tricolore-2-5th-edition,jumelles (f pl),binoculars,des,,noun,,none,169
tricolore-2-5th-edition,jungle,jungle,un,,noun,,none,169
tricolore-2-5th-edition,jupe,skirt,une,,noun,,shopping,169
tricolore-2-5th-edition,jus de fruit,fruit juice,un,,noun,,food,169
tricolore-2-5th-edition,jusqu'à,"until, as far as",,,preposition,,none,169
tricolore-2-5th-edition,kayak,canoe,un,,noun,,none,169
tricolore-2-5th-edition,ketchup,tomato ketchup,le,,noun,,food,169
tricolore-2-5th-edition,kilo,kilo(gram),un,,noun,,none,169
tricolore-2-5th-edition,kiosque,kiosk,un,,noun,,none,169
tricolore-2-5th-edition,kiwi,kiwi fruit,un,,noun,,food,169
tricolore-2-5th-edition,klaxonner,to sound the horn,,,verb,,none,169
tricolore-2-5th-edition,laboratoire,laboratory,un,,noun,,none,169
tricolore-2-5th-edition,lac,lake,un,,noun,,none,169
tricolore-2-5th-edition,laisser,to leave,,,verb,,none,169
tricolore-2-5th-edition,laisser tomber,to drop,,,verb,,none,169
tricolore-2-5th-edition,lait,milk,le,,noun,,food,169
tricolore-2-5th-edition,langue,"language, tongue",une,,noun,,none,169
tricolore-2-5th-edition,langues vivantes,modern languages,les,,noun,,none,169
tricolore-2-5th-edition,lapin,rabbit,un,,noun,,none,169
tricolore-2-5th-edition,latin,Latin,le,,noun,,none,169
tricolore-2-5th-edition,laver,to wash,,,verb,,daily-routine,169
tricolore-2-5th-edition,lecteur (MP3/DVD),(MP3/DVD) player,un,,noun,,none,169
tricolore-2-5th-edition,lecture,reading,la,,noun,,hobby,169
tricolore-2-5th-edition,lentement,slowly,,,adverb,,none,169
tricolore-2-5th-edition,lettre,letter,une,,noun,,communication,169
tricolore-2-5th-edition,lever,to get up,se,,verb,,daily-routine,169
tricolore-2-5th-edition,librairie,bookshop,une,,noun,,none,169
tricolore-2-5th-edition,libre,free,,,adjective,,none,169
tricolore-2-5th-edition,lien,link,un,,noun,,communication,169
tricolore-2-5th-edition,lieu,place,un,,noun,,none,169
tricolore-2-5th-edition,limonade,lemonade,la,,noun,,food,169
tricolore-2-5th-edition,lion,lion,un,,noun,,none,169
tricolore-2-5th-edition,lire,to read,,,verb,,none,169
tricolore-2-5th-edition,liseuse,an e-reader,une,,noun,,none,169
tricolore-2-5th-edition,lit,bed,un,,noun,,home,169
tricolore-2-5th-edition,litre,litre,un,,noun,,none,169
tricolore-2-5th-edition,livre,book,un,,noun,,none,169
tricolore-2-5th-edition,livre,"pound (sterling), pound (weight)",une,,noun,,none,169
tricolore-2-5th-edition,location,hiring,la,,noun,,none,169
tricolore-2-5th-edition,loger,to stay/live with,,,verb,,none,169
tricolore-2-5th-edition,logique,logic,la,,noun,,none,169
tricolore-2-5th-edition,logo,logo,un,,noun,,communication,169
tricolore-2-5th-edition,loin,"a long way, far",,,adverb,,none,169
tricolore-2-5th-edition,long (longue),long,,,adjective,,none,169
tricolore-2-5th-edition,longtemps,(for) a long time,,,adverb,,time-dates,169
tricolore-2-5th-edition,loterie,lottery,la,,noun,,none,169
tricolore-2-5th-edition,loupe,magnifying glass,la,,noun,,none,169
tricolore-2-5th-edition,lourd,heavy,,,adjective,,none,169
tricolore-2-5th-edition,lumière,light,la,,noun,,none,169
tricolore-2-5th-edition,lundi,Monday,,,noun,,time-dates,169
tricolore-2-5th-edition,lundi,on Mondays,le,,noun,,none,169
tricolore-2-5th-edition,lunettes (f pl),glasses,les,,noun,,none,169
tricolore-2-5th-edition,lunettes de soleil,sunglasses,les,,noun,,none,169
tricolore-2-5th-edition,lycée,high school (for study up to university entrance),un,,noun,,school,169
tricolore-2-5th-edition,là-bas,over there,,,adverb,,none,169
tricolore-2-5th-edition,légume,vegetable,un,,noun,,food,169
tricolore-2-5th-edition,macaronis (m pl),macaroni,les,,noun,,food,169
tricolore-2-5th-edition,machine,machine,une,,noun,,none,169
tricolore-2-5th-edition,madame,"Mrs, madam",,,noun,,none,169
tricolore-2-5th-edition,magasin,shop,un,,noun,,shopping,169
tricolore-2-5th-edition,magazine,magazine,un,,noun,,none,169
tricolore-2-5th-edition,magazine d'informatique,computer magazine,un,,noun,,communication,169
tricolore-2-5th-edition,magnifique,magnificent,,,adjective,,none,169
tricolore-2-5th-edition,maigrir,to lose weight,,,verb,,none,169
tricolore-2-5th-edition,maillot,"jersey, shirt",un,,noun,,shopping,169
tricolore-2-5th-edition,maillot de bain,swimming costume,,,phrase,,hobby,169
tricolore-2-5th-edition,maintenant,now,,,adverb,,time-dates,169
tricolore-2-5th-edition,mais,but,,,other,,none,169
tricolore-2-5th-edition,maison,house,une,,noun,,home,169
tricolore-2-5th-edition,maison,at home,à la,,phrase,,none,169
tricolore-2-5th-edition,maison des jeunes,youth centre,une,,noun,,none,169
tricolore-2-5th-edition,mal,badly,,,adverb,,none,169
tricolore-2-5th-edition,malade,ill,,,adjective,,health,169
tricolore-2-5th-edition,malheur,misfortune,le,,noun,,none,169
tricolore-2-5th-edition,malheureusement,unfortunately,,,adverb,,none,169
tricolore-2-5th-edition,malin (maligne),"clever, crafty",,,adjective,,none,169
tricolore-2-5th-edition,Malte,Malta,,,noun,,none,169
tricolore-2-5th-edition,Mamie,"Granny, Grandma",,,noun,,family,169
tricolore-2-5th-edition,mammifère,mammal,un,,noun,,none,169
tricolore-2-5th-edition,Manche,the English Channel,la,,noun,,none,169
tricolore-2-5th-edition,manger,to eat,,,verb,,none,169
tricolore-2-5th-edition,manquer,"to miss, to be missing",,,verb,,none,169
tricolore-2-5th-edition,manteau,coat,un,,noun,,shopping,169
tricolore-2-5th-edition,manège à pédales,merry-go-round,un,,noun,,none,169
tricolore-2-5th-edition,marchand(e),"shopkeeper, seller",un(e),,noun,,profession,169
tricolore-2-5th-edition,marchand(e) de glaces,ice cream seller,un(e),,noun,,profession,169
tricolore-2-5th-edition,marchand(e) de légumes,greengrocer,un(e),,noun,,none,169
tricolore-2-5th-edition,marche,step,une,,noun,,none,169
tricolore-2-5th-edition,marcher,"to walk, to work (of machine, etc.)",,,verb,,none,169
tricolore-2-5th-edition,marché,market,un,,noun,,shopping,169
tricolore-2-5th-edition,mardi,Tuesday,,,noun,,time-dates,169
tricolore-2-5th-edition,mardi,on Tuesdays,le,,noun,,none,169
tricolore-2-5th-edition,mari,husband,le,,noun,,family,169
tricolore-2-5th-edition,marié,married,,,adjective,,family,169
tricolore-2-5th-edition,Maroc,Morocco,le,,noun,,none,169
tricolore-2-5th-edition,marque,"brand, make",une,,noun,,none,169
tricolore-2-5th-edition,marron (inv. does not change form),brown,,,adjective,,none,169
tricolore-2-5th-edition,Martinique,Martinique,la,,noun,,none,169
tricolore-2-5th-edition,match,match,un,,noun,,none,169
tricolore-2-5th-edition,match nul,a draw,un,,noun,,none,169
tricolore-2-5th-edition,maths (f pl),maths,les,,noun,,none,169
tricolore-2-5th-edition,mathématiques (f pl),mathematics,les,,noun,,none,169
tricolore-2-5th-edition,matin,morning,un,,noun,,time-dates,169
tricolore-2-5th-edition,matin,in the morning(s),le,,noun,,time-dates,169
tricolore-2-5th-edition,matinée,morning,une,,noun,,time-dates,169
tricolore-2-5th-edition,matière,school subject,une,,noun,,school,169
tricolore-2-5th-edition,mauvais,bad,,,adjective,,none,169
tricolore-2-5th-edition,maître,master,un,,noun,,none,169
tricolore-2-5th-edition,meilleur,better,,,adjective,,none,169
tricolore-2-5th-edition,melon,melon,un,,noun,,food,169
tricolore-2-5th-edition,menthe,mint,la,,noun,,none,169
tricolore-2-5th-edition,médecin,doctor,un,,noun,,profession,169
tricolore-2-5th-edition,médicament,medicine,un,,noun,,health,169
tricolore-2-5th-edition,médina,"medina, market",la,,noun,,shopping,169
tricolore-2-5th-edition,mélanger,to mix,,,verb,,none,169
tricolore-2-5th-edition,mémoire,memory,la,,noun,,none,169
tricolore-2-5th-edition,même,same,,,adjective,,none,169
tricolore-2-5th-edition,quelle horreur,how awful,,,phrase,,none,169
tricolore-2-5th-edition,à voix haute,speaking loudly,,,phrase,,none,169
tricolore-2-5th-edition,île,island,une,,noun,,none,169
tricolore-2-5th-edition,avoir le temps,to have time,,,verb,,time-dates,172
tricolore-2-5th-edition,c'est tout,that's all,,,phrase,,none,172
tricolore-2-5th-edition,de la tête aux pieds,from head to foot,,,phrase,,health,172
tricolore-2-5th-edition,de taille moyenne,of medium height,,,phrase,,none,172
tricolore-2-5th-edition,de temps en temps,now and again,,,phrase,,time-dates,172
tricolore-2-5th-edition,en supplément,extra,,,phrase,,none,172
tricolore-2-5th-edition,en tout,in all,,,phrase,,none,172
tricolore-2-5th-edition,en vacances,on holiday,,,phrase,,vacation,172
tricolore-2-5th-edition,en ville,in(to) town,,,phrase,,city-places,172
tricolore-2-5th-edition,faire de la voile,to go sailing,,,verb,,hobby,172
tricolore-2-5th-edition,la télé-réalité,reality TV,,,phrase,,none,172
tricolore-2-5th-edition,la vie scolaire,school life,,,phrase,,school,172
tricolore-2-5th-edition,la ville souterraine,underground city,,,phrase,,none,172
tricolore-2-5th-edition,le steak tartare,raw steak served with herbs,,,phrase,,food,172
tricolore-2-5th-edition,le tableau des horaires,timetable/departure board,,,phrase,,school,172
tricolore-2-5th-edition,le vendredi,on Fridays,,,phrase,,none,172
tricolore-2-5th-edition,le vol libre,hang-gliding,,,phrase,,none,172
tricolore-2-5th-edition,le weekend,at the weekend(s),,,phrase,,none,172
tricolore-2-5th-edition,les transports en commun,public transport,,,phrase,,travel,172
tricolore-2-5th-edition,par terre,on the ground,,,phrase,,none,172
tricolore-2-5th-edition,plus tard,later,,,phrase,,time-dates,172
tricolore-2-5th-edition,souvenir,souvenir,un,,noun,,vacation,172
tricolore-2-5th-edition,souvent,often,,,adverb,,none,172
tricolore-2-5th-edition,spaghettis (m pl),spaghetti,les,,noun,,food,172
tricolore-2-5th-edition,spectacle,show,un,,noun,,none,172
tricolore-2-5th-edition,sport,sport,le,,noun,,hobby,172
tricolore-2-5th-edition,sportif (sportive),"fond of sports, sporty",,,adjective,,hobby,172
tricolore-2-5th-edition,spécialité,speciality,une,,noun,,none,172
tricolore-2-5th-edition,squelette,skeleton,une,,noun,,none,172
tricolore-2-5th-edition,stade,stadium,un,,noun,,city-places,172
tricolore-2-5th-edition,stage,course,un,,noun,,none,172
tricolore-2-5th-edition,statue,statue,une,,noun,,none,172
tricolore-2-5th-edition,steak,steak,le,,noun,,food,172
tricolore-2-5th-edition,stupide,stupid,,,adjective,,none,172
tricolore-2-5th-edition,stylo,pen,un,,noun,,none,172
tricolore-2-5th-edition,sucette,lollipop,une,,noun,,none,172
tricolore-2-5th-edition,sucre,sugar,le,,noun,,food,172
tricolore-2-5th-edition,sucré,sweet,,,adjective,,food,172
tricolore-2-5th-edition,sud,south,le,,noun,,travel,172
tricolore-2-5th-edition,suisse,Swiss,,,adjective,,none,172
tricolore-2-5th-edition,Suisse,Switzerland,la,,noun,,none,172
tricolore-2-5th-edition,super,great,,,adjective,,none,172
tricolore-2-5th-edition,superbe,"great, superb",,,adjective,,none,172
tricolore-2-5th-edition,supermarché,supermarket,un,,noun,,shopping,172
tricolore-2-5th-edition,supplément,extra charge,un,,noun,,none,172
tricolore-2-5th-edition,sur,on,,,preposition,,none,172
tricolore-2-5th-edition,surfer (sur le Net),to surf (the net),,,verb,,none,172
tricolore-2-5th-edition,surligner,to highlight,,,verb,,none,172
tricolore-2-5th-edition,surligneur,highlighter,un,,noun,,none,172
tricolore-2-5th-edition,surnom,nickname,un,,noun,,none,172
tricolore-2-5th-edition,surprise,surprise,une,,noun,,none,172
tricolore-2-5th-edition,surtout,"above all, especially",,,adverb,,none,172
tricolore-2-5th-edition,surveiller,to supervise,,,verb,,none,172
tricolore-2-5th-edition,Suède,Sweden,la,,noun,,none,172
tricolore-2-5th-edition,SVT (sciences de la vie et de la terre),life sciences and geology,les,,noun,,none,172
tricolore-2-5th-edition,sympa,nice,,,adjective,,none,172
tricolore-2-5th-edition,sympathique,nice,,,adjective,,none,172
tricolore-2-5th-edition,sûr,"sure, certain",,,adjective,,none,172
tricolore-2-5th-edition,tabac,tobacconist's,un,,noun,,none,172
tricolore-2-5th-edition,table,table,une,,noun,,none,172
tricolore-2-5th-edition,tableau,board; printed table,un,,noun,,none,172
tricolore-2-5th-edition,taille,size,la,,noun,,shopping,172
tricolore-2-5th-edition,tant pis,too bad,,,phrase,,none,172
tricolore-2-5th-edition,tante,aunt,une,,noun,,family,172
tricolore-2-5th-edition,taper,to type,,,verb,,none,172
tricolore-2-5th-edition,tapis,carpet; mousemat,un,,noun,,none,172
tricolore-2-5th-edition,tard,late,,,adverb,,none,172
tricolore-2-5th-edition,tarentule,tarantula (spider),une,,noun,,none,172
tricolore-2-5th-edition,tarif,charge; price list,le,,noun,,shopping,172
tricolore-2-5th-edition,tarte,tart,une,,noun,,food,172
tricolore-2-5th-edition,tartine,piece of bread and butter and/or jam,une,,noun,,food,172
tricolore-2-5th-edition,taxi,taxi,un,,noun,,travel,172
tricolore-2-5th-edition,technologie,technology,la,,noun,,none,172
tricolore-2-5th-edition,tee-shirt,T-shirt,un,,noun,,shopping,172
tricolore-2-5th-edition,tellement,so,,,adverb,,none,172
tricolore-2-5th-edition,temps,time,le,,noun,,time-dates,172
tricolore-2-5th-edition,tennis,tennis,le,,noun,,hobby,172
tricolore-2-5th-edition,tennis de table,table tennis,le,,noun,,hobby,172
tricolore-2-5th-edition,tenue,outfit,une,,noun,,none,172
tricolore-2-5th-edition,terminus,terminus,un,,noun,,none,172
tricolore-2-5th-edition,terrain,"ground, pitch",un,,noun,,none,172
tricolore-2-5th-edition,terre,earth; ground,la,,noun,,none,172
tricolore-2-5th-edition,TGV (train à grande vitesse),high-speed train,le,,noun,,travel,172
tricolore-2-5th-edition,thon,tuna,le,,noun,,food,172
tricolore-2-5th-edition,thé,tea,le,,noun,,food,172
tricolore-2-5th-edition,théorie,theory,une,,noun,,none,172
tricolore-2-5th-edition,théâtre,theatre,un,,noun,,none,172
tricolore-2-5th-edition,tigre,tiger,un,,noun,,none,172
tricolore-2-5th-edition,timbre,stamp,un,,noun,,communication,172
tricolore-2-5th-edition,titre (m),title,le,,noun,,none,172
tricolore-2-5th-edition,toast,toast,le,,noun,,food,172
tricolore-2-5th-edition,toboggan,"sled, sledge",un,,noun,,none,172
tricolore-2-5th-edition,toilettes (f pl),toilets,les,,noun,,none,172
tricolore-2-5th-edition,tomate,tomato,une,,noun,,food,172
tricolore-2-5th-edition,tomber,to fall,,,verb,,none,172
tricolore-2-5th-edition,tome,volume (of a book),un,,noun,,none,172
tricolore-2-5th-edition,tort,to be wrong,avoir,,verb,,none,172
tricolore-2-5th-edition,tortue,tortoise,une,,noun,,none,172
tricolore-2-5th-edition,toujours,"always, still",,,adverb,,none,172
tricolore-2-5th-edition,tour,tower,une,,noun,,none,172
tricolore-2-5th-edition,tour de rôle,in turn,à,,phrase,,none,172
tricolore-2-5th-edition,touriste,tourist,un(e),,noun,,none,172
tricolore-2-5th-edition,touristique,tourist,,,adjective,,none,172
tricolore-2-5th-edition,tournoi,tournament,un,,noun,,none,172
tricolore-2-5th-edition,tous les jours,every day,,,phrase,,time-dates,172
tricolore-2-5th-edition,tout,everything,,,other,,none,172
tricolore-2-5th-edition,tout de suite,"at once, immediately",,,phrase,,none,172
tricolore-2-5th-edition,tout le monde,everyone,,,phrase,,none,172
tricolore-2-5th-edition,toute l'année,all year round,,,phrase,,time-dates,172
tricolore-2-5th-edition,toutes sortes de …,all kinds of …,,,phrase,,none,172
tricolore-2-5th-edition,traduire,to translate,,,verb,,none,172
tricolore-2-5th-edition,train,train,un,,noun,,travel,172
tricolore-2-5th-edition,trains au départ,departure board,,,phrase,,travel,172
tricolore-2-5th-edition,trajet,a journey,un,,noun,,travel,172
tricolore-2-5th-edition,tram/tramway (m),by tram,en,,phrase,,travel,172
tricolore-2-5th-edition,trampoline,trampoline,une,,noun,,none,172
tricolore-2-5th-edition,tranche,slice,une,,noun,,none,172
tricolore-2-5th-edition,transférer,to transfer,,,verb,,none,172
tricolore-2-5th-edition,transports (m pl),transport,les,,noun,,travel,172
tricolore-2-5th-edition,travail,work,le,,noun,,none,172
tricolore-2-5th-edition,travailler,to work,,,verb,,none,172
tricolore-2-5th-edition,traverser,to cross,,,verb,,none,172
tricolore-2-5th-edition,trente,thirty,,,other,,none,172
tricolore-2-5th-edition,tribune,stage,une,,noun,,none,172
tricolore-2-5th-edition,trilogie,trilogy,une,,noun,,none,172
tricolore-2-5th-edition,triste,"sad, unhappy",,,adjective,,none,172
tricolore-2-5th-edition,trois,three,,,other,,none,172
tricolore-2-5th-edition,troisième,third,,,other,,none,172
tricolore-2-5th-edition,trombone,trombone; paper clip,un,,noun,,hobby,172
tricolore-2-5th-edition,trompette,trumpet,une,,noun,,hobby,172
tricolore-2-5th-edition,troupeau,herd,un,,noun,,none,172
tricolore-2-5th-edition,trouver,to find,,,verb,,none,172
tricolore-2-5th-edition,trouver,to be (located),se,,verb,,none,172
tricolore-2-5th-edition,truite,trout,la,,noun,,none,172
tricolore-2-5th-edition,très,very,,,adverb,,none,172
tricolore-2-5th-edition,tutoyer,to call someone 'tu',,,verb,,none,172
tricolore-2-5th-edition,télescope,telescope,un,,noun,,none,172
tricolore-2-5th-edition,télé,TV,la,,noun,,none,172
tricolore-2-5th-edition,téléphone (portable),(mobile) phone,un,,noun,,communication,172
tricolore-2-5th-edition,tête,head,la,,noun,,health,172
tricolore-2-5th-edition,tôt,early,,,adverb,,none,172
tricolore-2-5th-edition,un(e),"a, one",un(e),,noun,,none,172
tricolore-2-5th-edition,uniforme,uniform,un,,noun,,none,172
tricolore-2-5th-edition,uniquement,only,,,adverb,,none,172
tricolore-2-5th-edition,usine,factory,une,,noun,,city-places,172
tricolore-2-5th-edition,utile,useful,,,adjective,,none,172
tricolore-2-5th-edition,utiliser,to use,,,verb,,none,172
tricolore-2-5th-edition,va (from aller),he/she/it goes,il/elle,,verb,,none,172
tricolore-2-5th-edition,vacances (f pl),holidays,les,,noun,,vacation,172
tricolore-2-5th-edition,vais (from aller),I go,je,,verb,,none,172
tricolore-2-5th-edition,Val de Loire,Loire valley,le,,noun,,none,172
tricolore-2-5th-edition,valise,suitcase,une,,noun,,none,172
tricolore-2-5th-edition,vampire,vampire,un(e),,noun,,none,172
tricolore-2-5th-edition,vanille,vanilla flavoured,à la,,phrase,,none,172
tricolore-2-5th-edition,variété,variety,une,,noun,,none,172
tricolore-2-5th-edition,veille,evening/night before,la,,noun,,time-dates,172
tricolore-2-5th-edition,vendeur (vendeuse),sales assistant,un(e),,noun,,profession,172
tricolore-2-5th-edition,vendre,to sell,,,verb,,shopping,172
tricolore-2-5th-edition,vendredi,Friday,,,noun,,time-dates,172
tricolore-2-5th-edition,venir,to come,,,verb,,none,172
tricolore-2-5th-edition,vent,wind,le,,noun,,weather,172
tricolore-2-5th-edition,vente,sale,une,,noun,,none,172
tricolore-2-5th-edition,ventre,stomach,le,,noun,,health,172
tricolore-2-5th-edition,ver,worm,un,,noun,,none,172
tricolore-2-5th-edition,verger,orchard,un,,noun,,none,172
tricolore-2-5th-edition,verre,glass,un,,noun,,none,172
tricolore-2-5th-edition,vers,towards,,,preposition,,none,172
tricolore-2-5th-edition,vert,green,,,adjective,,none,172
tricolore-2-5th-edition,veste,jacket,une,,noun,,shopping,172
tricolore-2-5th-edition,veux (from vouloir),I want,je,,verb,,none,172
tricolore-2-5th-edition,viande,meat,la,,noun,,food,172
tricolore-2-5th-edition,vie,life,la,,noun,,none,172
tricolore-2-5th-edition,"vieux (vieil, vieille, vieux, vieilles)",old,,,adjective,,none,172
tricolore-2-5th-edition,vif (vive),bright,,,adjective,,none,172
tricolore-2-5th-edition,village,village,un,,noun,,none,172
tricolore-2-5th-edition,ville,town,une,,noun,,city-places,172
tricolore-2-5th-edition,vin,wine,le,,noun,,food,172
tricolore-2-5th-edition,vingt,twenty,,,other,,none,172
tricolore-2-5th-edition,violon,violin,un,,noun,,hobby,172
tricolore-2-5th-edition,violoncelle,cello,un,,noun,,hobby,172
tricolore-2-5th-edition,visage,face,un,,noun,,none,172
tricolore-2-5th-edition,visiter,to visit,,,verb,,none,172
tricolore-2-5th-edition,vite,quickly,,,adverb,,none,172
tricolore-2-5th-edition,vitesse,speed,la,,noun,,none,172
tricolore-2-5th-edition,vivre,to live,,,verb,,none,172
tricolore-2-5th-edition,voie,"track, platform",une,,noun,,travel,172
tricolore-2-5th-edition,voile,sailing,la,,noun,,hobby,172
tricolore-2-5th-edition,voilà,there it is,le,,noun,,none,172
tricolore-2-5th-edition,voir,to see,,,verb,,none,172
tricolore-2-5th-edition,voisin(e),neighbour,un(e),,noun,,family,172
tricolore-2-5th-edition,voiture,car,une,,noun,,none,172
tricolore-2-5th-edition,voix,"voice, vote",une,,noun,,none,172
tricolore-2-5th-edition,vol,flight,un,,noun,,none,172
tricolore-2-5th-edition,voleur (voleuse),"thief, crook",un(e),,noun,,none,172
tricolore-2-5th-edition,volley,volleyball,le,,noun,,none,172
tricolore-2-5th-edition,vont (from aller),they go,ils/elles,,verb,,none,172
tricolore-2-5th-edition,voudrais (from vouloir),I'd like,je,,verb,,none,172
tricolore-2-5th-edition,vouloir,to want,,,verb,,none,172
tricolore-2-5th-edition,voyage,journey,un,,noun,,travel,172
tricolore-2-5th-edition,voyager,to travel,,,verb,,none,172
tricolore-2-5th-edition,vrai,true,,,adjective,,none,172
tricolore-2-5th-edition,vraiment,really,,,adverb,,none,172
tricolore-2-5th-edition,vue,view,la,,noun,,none,172
tricolore-2-5th-edition,végétarien(ne),vegetarian,un(e),,noun,,none,172
tricolore-2-5th-edition,vélo,bicycle,un,,noun,,travel,172
tricolore-2-5th-edition,vélo tout terrain (VTT),mountain bike,un,,noun,,vacation,172
tricolore-2-5th-edition,vérifier,to check,,,verb,,none,172
tricolore-2-5th-edition,vêtements (m pl),clothes,les,,noun,,shopping,172
tricolore-2-5th-edition,weekend,weekend,un,,noun,,none,172
tricolore-2-5th-edition,wifi (gratuit),(free) Wi-Fi,le,,noun,,none,172
tricolore-2-5th-edition,yaourt,yoghurt,un,,noun,,food,172
tricolore-2-5th-edition,yeux (m pl),eyes,les,,noun,,none,172
tricolore-2-5th-edition,zoo,zoo,un,,noun,,none,172
tricolore-2-5th-edition,zut!,blast!,,,phrase,,none,172
tricolore-2-5th-edition,zèbre,zebra,un,,noun,,none,172
tricolore-2-5th-edition,à la télé,on TV,,,phrase,,none,172
tricolore-2-5th-edition,à tout à l'heure,see you later,,,phrase,,time-dates,172
tricolore-2-5th-edition,ça va?,how are you?,,,phrase,,none,172
tricolore-2-5th-edition,abricot,apricot,un,,noun,,food,173
tricolore-2-5th-edition,activité,activity,une,,noun,,hobby,173
tricolore-2-5th-edition,adorer,to adore,,,verb,,none,173
tricolore-2-5th-edition,adresse,address,une,,noun,,personal-info,173
tricolore-2-5th-edition,affreux (affreuse),awful,,,adjective,,none,173
tricolore-2-5th-edition,Afrique (f),Africa,l',,noun,,travel,173
tricolore-2-5th-edition,ajouter,to add,,,verb,,none,173
tricolore-2-5th-edition,allergique,allergic,,,adjective,,health,173
tricolore-2-5th-edition,amusant,"amusing, enjoyable, fun",,,adjective,,none,173
tricolore-2-5th-edition,Amérique (f),America,l',,noun,,travel,173
tricolore-2-5th-edition,Amérique du Nord,North America,l',,noun,,travel,173
tricolore-2-5th-edition,Amérique du Sud,South America,l',,noun,,travel,173
tricolore-2-5th-edition,animal,animal,un,des animaux,noun,,none,173
tricolore-2-5th-edition,anorak,anorak,un,,noun,,shopping,173
tricolore-2-5th-edition,août,August,,,noun,,time-dates,173
tricolore-2-5th-edition,après,after,,,preposition,,none,173
tricolore-2-5th-edition,après-midi (m),afternoon,l',,noun,,time-dates,173
tricolore-2-5th-edition,arobase,@ ('at' sign),un,,noun,,communication,173
tricolore-2-5th-edition,arriver,to arrive,,,verb,,travel,173
tricolore-2-5th-edition,article (m),article,un,,noun,,none,173
tricolore-2-5th-edition,Asie (f),Asia,l',,noun,,travel,173
tricolore-2-5th-edition,asthmatique,asthmatic,,,adjective,,health,173
tricolore-2-5th-edition,athlétisme (m),athletics,l',,noun,,hobby,173
tricolore-2-5th-edition,au-dessus de,above,,,phrase,,none,173
tricolore-2-5th-edition,aussi,also,,,adverb,,none,173
tricolore-2-5th-edition,aussi grand(e) que,as tall as,,,phrase,,personal-info,173
tricolore-2-5th-edition,automne (m),autumn,l',,noun,,time-dates,173
tricolore-2-5th-edition,Autriche (f),Austria,l',,noun,,travel,173
tricolore-2-5th-edition,avantage,advantage,un,,noun,,none,173
tricolore-2-5th-edition,avion,aeroplane,un,,noun,,travel,173
tricolore-2-5th-edition,avril,April,,,noun,,time-dates,173
tricolore-2-5th-edition,aéroport,airport,un,,noun,,travel,173
tricolore-2-5th-edition,c'est tout,that's all,,,phrase,,none,173
tricolore-2-5th-edition,cheville,ankle,une,,noun,,health,173
tricolore-2-5th-edition,comme,as,,,other,,none,173
tricolore-2-5th-edition,conseiller,to advise,,,verb,,none,173
tricolore-2-5th-edition,contre,against,,,preposition,,none,173
tricolore-2-5th-edition,d'accord,agreed,,,phrase,,none,173
tricolore-2-5th-edition,demander,to ask,,,verb,,none,173
tricolore-2-5th-edition,dessin,"art, drawing",le,,noun,,school,173
tricolore-2-5th-edition,déjà,already,,,adverb,,none,173
tricolore-2-5th-edition,en automne,in autumn,,,phrase,,time-dates,173
tricolore-2-5th-edition,en tout,altogether,,,phrase,,none,173
tricolore-2-5th-edition,encore,again,,,adverb,,none,173
tricolore-2-5th-edition,encore un(e) …,another …,,,phrase,,none,173
tricolore-2-5th-edition,environ,about,,,adverb,,none,173
tricolore-2-5th-edition,et,and,,,other,,none,173
tricolore-2-5th-edition,et avec ça?,anything else?,,,phrase,,shopping,173
tricolore-2-5th-edition,fauteuil,armchair,un,,noun,,home,173
tricolore-2-5th-edition,il y a,there are,,,phrase,,none,173
tricolore-2-5th-edition,inquiet (inquiète),anxious,,,adjective,,none,173
tricolore-2-5th-edition,moyen(ne),average,,,adjective,,none,173
tricolore-2-5th-edition,pomme,apple,une,,noun,,food,173
tricolore-2-5th-edition,poser une question,to ask a question,,,verb,,school,173
tricolore-2-5th-edition,pouvoir,to be able,,,verb,,none,173
tricolore-2-5th-edition,presque,almost,,,adverb,,none,173
tricolore-2-5th-edition,rendez-vous,appointment,un,,noun,,none,173
tricolore-2-5th-edition,région,area,une,,noun,,travel,173
tricolore-2-5th-edition,répondre,to answer,,,verb,,school,173
tricolore-2-5th-edition,réponse,answer,une,,noun,,none,173
tricolore-2-5th-edition,seul,alone,,,adjective,,none,173
tricolore-2-5th-edition,solution,answer,une,,noun,,none,173
tricolore-2-5th-edition,sont (from être),they are,ils/elles,,verb,,none,173
tricolore-2-5th-edition,suis (from être),I am,je,,verb,,none,173
tricolore-2-5th-edition,sur,above,,,preposition,,none,173
tricolore-2-5th-edition,surtout,above all,,,adverb,,none,173
tricolore-2-5th-edition,tante,aunt,une,,noun,,family,173
tricolore-2-5th-edition,toujours,always,,,adverb,,none,173
tricolore-2-5th-edition,"tout (toute, tous, toutes)",all,,,other,,none,173
tricolore-2-5th-edition,"un, une",a,,,other,,none,173
tricolore-2-5th-edition,vers,about,,,preposition,,none,173
tricolore-2-5th-edition,à l'étranger,abroad,,,phrase,,travel,173
tricolore-2-5th-edition,à peu près,approximately,,,phrase,,none,173
tricolore-2-5th-edition,âge (m),age,l',,noun,,personal-info,173
tricolore-2-5th-edition,ça va?,are you all right?,,,phrase,,communication,173
tricolore-2-5th-edition,éviter,to avoid,,,verb,,none,173
tricolore-2-5th-edition,(c'est) amusant,(it's) fun,,,adjective,,none,174
tricolore-2-5th-edition,(les cheveux) roux,ginger (hair),,,adjective,,none,174
tricolore-2-5th-edition,(premier) étage,on the (first) floor,au,,phrase,,none,174
tricolore-2-5th-edition,(vert) foncé,dark (green),,,adjective,,none,174
tricolore-2-5th-edition,adresse e-mail,email address,une,,noun,,communication,174
tricolore-2-5th-edition,aider,to help,,,verb,,none,174
tricolore-2-5th-edition,alimentation générale,general food shop,une,,noun,,food,174
tricolore-2-5th-edition,Allemagne (f),Germany,l',,noun,,none,174
tricolore-2-5th-edition,allemand,German,,,adjective,,none,174
tricolore-2-5th-edition,aller,to go,,,verb,,none,174
tricolore-2-5th-edition,aller à la pêche,to go fishing,,,verb,,none,174
tricolore-2-5th-edition,"ami(e), un copain/une copine",friend,un(e),,noun,,family,174
tricolore-2-5th-edition,anglais,English,,,adjective,,none,174
tricolore-2-5th-edition,Angleterre (f),England,l',,noun,,none,174
tricolore-2-5th-edition,appartement,flat,un,,noun,,home,174
tricolore-2-5th-edition,assez,enough,,,adverb,,none,174
tricolore-2-5th-edition,avoir,to have,,,verb,,none,174
tricolore-2-5th-edition,avoir mal à la tête,to have a headache,,,verb,,health,174
tricolore-2-5th-edition,batterie,drums,la,,noun,,hobby,174
tricolore-2-5th-edition,bien sûr,of course,,,phrase,,none,174
tricolore-2-5th-edition,boire,to drink,,,verb,,food,174
tricolore-2-5th-edition,boisson,drink,une,,noun,,food,174
tricolore-2-5th-edition,bon(ne),good,,,adjective,,none,174
tricolore-2-5th-edition,bonjour,hello,,,phrase,,communication,174
tricolore-2-5th-edition,bravo! félicitations!,congratulations!,,,phrase,,none,174
tricolore-2-5th-edition,cadeau,gift,un,,noun,,shopping,174
tricolore-2-5th-edition,cahier,exercise book,un,,noun,,school,174
tricolore-2-5th-edition,campagne,countryside,la,,noun,,vacation,174
tricolore-2-5th-edition,carrefour,crossroads,un,,noun,,none,174
tricolore-2-5th-edition,carte de crédit,credit card,une,,noun,,shopping,174
tricolore-2-5th-edition,casque,helmet,un,,noun,,none,174
tricolore-2-5th-edition,chapeau,hat,un,,noun,,shopping,174
tricolore-2-5th-edition,charcuterie,delicatessen,une,,noun,,none,174
tricolore-2-5th-edition,cher,expensive,,,adjective,,shopping,174
tricolore-2-5th-edition,cher (chère),dear,,,adjective,,none,174
tricolore-2-5th-edition,cheveux (m pl),hair,les,,noun,,none,174
tricolore-2-5th-edition,cheveux blonds (m pl),fair hair,les,,noun,,none,174
tricolore-2-5th-edition,cheveux frisés,curly hair,les,,noun,,none,174
tricolore-2-5th-edition,chien,dog,un,,noun,,none,174
tricolore-2-5th-edition,chips (m pl),crisps,des,,noun,,food,174
tricolore-2-5th-edition,classeur,file (computer),un,,noun,,school,174
tricolore-2-5th-edition,client(e),customer,un(e),,noun,,shopping,174
tricolore-2-5th-edition,cochon d'Inde,guinea pig,un,,noun,,none,174
tricolore-2-5th-edition,coin,corner,le,,noun,,none,174
tricolore-2-5th-edition,compartiment,compartment,un,,noun,,none,174
tricolore-2-5th-edition,compliqué,complicated,,,adjective,,none,174
tricolore-2-5th-edition,compter,to count,,,verb,,none,174
tricolore-2-5th-edition,concert,concert,un,,noun,,hobby,174
tricolore-2-5th-edition,concombre,cucumber,un,,noun,,food,174
tricolore-2-5th-edition,"content, heureux (heureuse)",happy,,,phrase,,none,174
tricolore-2-5th-edition,coude,elbow,le,,noun,,health,174
tricolore-2-5th-edition,couloir,corridor,le,,noun,,none,174
tricolore-2-5th-edition,cousin(e),cousin,un(e),,noun,,family,174
tricolore-2-5th-edition,coûter,to cost,,,verb,,none,174
tricolore-2-5th-edition,cricket,cricket,le,,noun,,hobby,174
tricolore-2-5th-edition,crème,cream,la,,noun,,none,174
tricolore-2-5th-edition,cuisinière,cooker,une,,noun,,none,174
tricolore-2-5th-edition,curseur,cursor,le,,noun,,communication,174
tricolore-2-5th-edition,cyclisme,cycling,le,,noun,,hobby,174
tricolore-2-5th-edition,célèbre,famous,,,adjective,,none,174
tricolore-2-5th-edition,cœur,heart,le,,noun,,none,174
tricolore-2-5th-edition,d'abord,at first,,,adverb,,none,174
tricolore-2-5th-edition,Danemark,Denmark,le,,noun,,none,174
tricolore-2-5th-edition,dangereux (dangereuse),dangerous,,,adjective,,none,174
tricolore-2-5th-edition,danser,to dance,,,verb,,none,174
tricolore-2-5th-edition,date,date,la,,noun,,time-dates,174
tricolore-2-5th-edition,de,from,,,preposition,,none,174
tricolore-2-5th-edition,"de bonne heure, tôt",early,,,phrase,,none,174
tricolore-2-5th-edition,demi,half,,,adjective,,none,174
tricolore-2-5th-edition,demi-frère,half-brother,un,,noun,,family,174
tricolore-2-5th-edition,demi-sœur,half-sister,une,,noun,,family,174
tricolore-2-5th-edition,dentiste,dentist,un(e),,noun,,profession,174
tricolore-2-5th-edition,descendre de,to get off (a bus/train),,,verb,,travel,174
tricolore-2-5th-edition,dessin,drawing,le,,noun,,hobby,174
tricolore-2-5th-edition,dessiner,to draw,,,verb,,none,174
tricolore-2-5th-edition,devant,in front of,,,preposition,,none,174
tricolore-2-5th-edition,deviner,to guess,,,verb,,none,174
tricolore-2-5th-edition,devoir,to have to,,,verb,,none,174
tricolore-2-5th-edition,dictionnaire,dictionary,un,,noun,,school,174
tricolore-2-5th-edition,difficile,difficult,,,adjective,,none,174
tricolore-2-5th-edition,discothèque,disco,une,,noun,,hobby,174
tricolore-2-5th-edition,distraction,entertainment,une,,noun,,none,174
tricolore-2-5th-edition,divorcé,divorced,,,adjective,,family,174
tricolore-2-5th-edition,donner,to give,,,verb,,none,174
tricolore-2-5th-edition,drapeau,flag,un,,noun,,none,174
tricolore-2-5th-edition,dur,hard,,,adjective,,none,174
tricolore-2-5th-edition,décembre,December,,,noun,,time-dates,174
tricolore-2-5th-edition,délicieux (délicieuse),delicious,,,adjective,,none,174
tricolore-2-5th-edition,désert,desert,un,,noun,,none,174
tricolore-2-5th-edition,détester,to hate,,,verb,,none,174
tricolore-2-5th-edition,dîner,dinner (evening meal),le,,noun,,food,174
tricolore-2-5th-edition,"e-mail, un message (électronique), un mail",email,un,,noun,,communication,174
tricolore-2-5th-edition,effacer,to delete,,,verb,,none,174
tricolore-2-5th-edition,elle ne comprend pas,she doesn't understand,,,phrase,,none,174
tricolore-2-5th-edition,en retard,delayed,,,phrase,,none,174
tricolore-2-5th-edition,en vacances,on holiday,,,phrase,,vacation,174
tricolore-2-5th-edition,entendre,to hear,,,verb,,none,174
tricolore-2-5th-edition,entrée,entrance (ticket),une,,noun,,travel,174
tricolore-2-5th-edition,est (m),east,l',,noun,,travel,174
tricolore-2-5th-edition,exercice,exercise,un,,noun,,none,174
tricolore-2-5th-edition,expliquer,to explain,,,verb,,none,174
tricolore-2-5th-edition,exposition,exhibition,une,,noun,,hobby,174
tricolore-2-5th-edition,facile,easy,,,adjective,,none,174
tricolore-2-5th-edition,faire,to do,,,verb,,none,174
tricolore-2-5th-edition,faire du jardinage,to do some gardening,,,verb,,none,174
tricolore-2-5th-edition,faire du théâtre,to do drama,,,verb,,hobby,174
tricolore-2-5th-edition,faire la cuisine,to cook,,,verb,,none,174
tricolore-2-5th-edition,famille,family,la,,noun,,family,174
tricolore-2-5th-edition,faux,false,,,adjective,,none,174
tricolore-2-5th-edition,ferme,farm,une,,noun,,none,174
tricolore-2-5th-edition,feu d'artifice,firework display,un,,noun,,hobby,174
tricolore-2-5th-edition,"feu, un incendie",fire,un,,noun,,none,174
tricolore-2-5th-edition,feutre,felt-tip pen,un,,noun,,none,174
tricolore-2-5th-edition,fiche,form,une,,noun,,none,174
tricolore-2-5th-edition,fichier,file (computer),un,,noun,,communication,174
tricolore-2-5th-edition,fille,daughter,une,,noun,,family,174
tricolore-2-5th-edition,film,film,un,,noun,,hobby,174
tricolore-2-5th-edition,fin,end,la,,noun,,none,174
tricolore-2-5th-edition,finir,to end,,,verb,,none,174
tricolore-2-5th-edition,fleur,flower,une,,noun,,none,174
tricolore-2-5th-edition,flûte,flute,la,,noun,,hobby,174
tricolore-2-5th-edition,"football, le foot",football,le,,noun,,health,174
tricolore-2-5th-edition,frais (fraîche),cool,,,adjective,,none,174
tricolore-2-5th-edition,France,France,la,,noun,,none,174
tricolore-2-5th-edition,français,French,,,adjective,,none,174
tricolore-2-5th-edition,frigo,fridge,un,,noun,,home,174
tricolore-2-5th-edition,fruit,fruit,un,,noun,,food,174
tricolore-2-5th-edition,février,February,,,noun,,time-dates,174
tricolore-2-5th-edition,fête,festival,une,,noun,,hobby,174
tricolore-2-5th-edition,gant,glove,un,,noun,,shopping,174
tricolore-2-5th-edition,garage,garage,un,,noun,,home,174
tricolore-2-5th-edition,gardien(ne) de but,goalkeeper,un(e),,noun,,profession,174
tricolore-2-5th-edition,gazeux (gazeuse),fizzy,,,adjective,,none,174
tricolore-2-5th-edition,grand magasin,department store,un,,noun,,shopping,174
tricolore-2-5th-edition,grand-mère,grandmother,la,,noun,,family,174
tricolore-2-5th-edition,grand-père,grandfather,le,,noun,,family,174
tricolore-2-5th-edition,grands-parents,grandparents,les,,noun,,family,174
tricolore-2-5th-edition,gratuit,free (of charge),,,adjective,,none,174
tricolore-2-5th-edition,gris,grey,,,adjective,,none,174
tricolore-2-5th-edition,gros(se),fat,,,adjective,,none,174
tricolore-2-5th-edition,Grèce,Greece,la,,noun,,none,174
tricolore-2-5th-edition,guitare,guitar,une,,noun,,hobby,174
tricolore-2-5th-edition,gymnase,gymnasium,un,,noun,,none,174
tricolore-2-5th-edition,gymnastique,gymnastics,la,,noun,,hobby,174
tricolore-2-5th-edition,géographie,geography,la,,noun,,school,174
tricolore-2-5th-edition,hamster,hamster,un,,noun,,none,174
tricolore-2-5th-edition,haut,high,,,adjective,,none,174
tricolore-2-5th-edition,heureusement,fortunately,,,adverb,,none,174
tricolore-2-5th-edition,histoire (f),history,l',,noun,,none,174
tricolore-2-5th-edition,hockey,hockey,le,,noun,,none,174
tricolore-2-5th-edition,ici,here,,,adverb,,none,174
tricolore-2-5th-edition,il aime,he does like,,,phrase,,none,174
tricolore-2-5th-edition,il est fort en français,he's good at French,,,phrase,,none,174
tricolore-2-5th-edition,il est interdit de ...,it is forbidden to ...,,,phrase,,none,174
tricolore-2-5th-edition,il fait beau,it's fine weather,,,phrase,,weather,174
tricolore-2-5th-edition,il y a du brouillard,it's foggy,,,phrase,,weather,174
tricolore-2-5th-edition,inconvénient,disadvantage,un,,noun,,none,174
tricolore-2-5th-edition,jambon,ham,le,,noun,,food,174
tricolore-2-5th-edition,jardin,garden,un,,noun,,home,174
tricolore-2-5th-edition,je n'aime pas,I don't like,,,phrase,,none,174
tricolore-2-5th-edition,jeu,game,un,,noun,,hobby,174
tricolore-2-5th-edition,jeu vidéo (des jeux vidéo),computer game(s),un,,noun,,hobby,174
tricolore-2-5th-edition,jour,day,un,,noun,,time-dates,174
tricolore-2-5th-edition,jus de fruit,fruit juice,un,,noun,,food,174
tricolore-2-5th-edition,libre,free (not occupied),,,adjective,,none,174
tricolore-2-5th-edition,loin,far (away),,,adverb,,none,174
tricolore-2-5th-edition,lourd,heavy,,,adjective,,none,174
tricolore-2-5th-edition,lunettes (f pl),glasses,des,,noun,,none,174
tricolore-2-5th-edition,main,hand,la,,noun,,health,174
tricolore-2-5th-edition,Manche,English Channel,la,,noun,,none,174
tricolore-2-5th-edition,manger,to eat,,,verb,,none,174
tricolore-2-5th-edition,match de football,football match,un,,noun,,hobby,174
tricolore-2-5th-edition,match nul,a draw,un,,noun,,none,174
tricolore-2-5th-edition,mi-temps,half-time,la,,noun,,time-dates,174
tricolore-2-5th-edition,mode,fashion,la,,noun,,none,174
tricolore-2-5th-edition,monter,to go up,,,verb,,none,174
tricolore-2-5th-edition,mort(e),dead,,,adjective,,none,174
tricolore-2-5th-edition,mourir,to die,,,verb,,none,174
tricolore-2-5th-edition,médecin,doctor,un,,noun,,profession,174
tricolore-2-5th-edition,même,even,,,adjective,,none,174
tricolore-2-5th-edition,nourriture,food,la,,noun,,food,174
tricolore-2-5th-edition,obligatoire,compulsory,,,adjective,,none,174
tricolore-2-5th-edition,ordi(nateur),computer,un,,noun,,communication,174
tricolore-2-5th-edition,oublier,to forget,,,verb,,none,174
tricolore-2-5th-edition,par exemple,for example,,,phrase,,none,174
tricolore-2-5th-edition,par terre,on the ground,,,phrase,,none,174
tricolore-2-5th-edition,passe-temps,hobby,un,,noun,,hobby,174
tricolore-2-5th-edition,passionnant,exciting,,,adjective,,none,174
tricolore-2-5th-edition,pellicule,film,une,,noun,,hobby,174
tricolore-2-5th-edition,pendant,during,,,preposition,,none,174
tricolore-2-5th-edition,placard,cupboard,un,,noun,,home,174
tricolore-2-5th-edition,plancher,floor,le,,noun,,none,174
tricolore-2-5th-edition,plat du jour,dish of the day,le,,noun,,restaurant,174
tricolore-2-5th-edition,point,dot,un,,noun,,none,174
tricolore-2-5th-edition,poisson,fish,le,,noun,,food,174
tricolore-2-5th-edition,poisson rouge,goldfish,un,,noun,,none,174
tricolore-2-5th-edition,porte,door,une,,noun,,home,174
tricolore-2-5th-edition,poupée,doll,une,,noun,,none,174
tricolore-2-5th-edition,pour,for,,,preposition,,none,174
tricolore-2-5th-edition,premier (première),first,,,other,,none,174
tricolore-2-5th-edition,"préféré, favori(te)",favourite,,,phrase,,none,174
tricolore-2-5th-edition,"pupitre, un bureau",desk,un,,noun,,none,174
tricolore-2-5th-edition,Pâques,Easter,,,noun,,none,174
tricolore-2-5th-edition,père,father,le,,noun,,family,174
tricolore-2-5th-edition,père Noël,Father Christmas,le,,noun,,family,174
tricolore-2-5th-edition,quinze jours,fortnight,,,phrase,,none,174
tricolore-2-5th-edition,raisin,grape,un,,noun,,food,174
tricolore-2-5th-edition,"rapide, vite",fast,,,phrase,,none,174
tricolore-2-5th-edition,regarder mes messages,to look at my email,,,verb,,communication,174
tricolore-2-5th-edition,remplir,to fill,,,verb,,none,174
tricolore-2-5th-edition,rendre,to give back,,,verb,,health,174
tricolore-2-5th-edition,revoir,goodbye,au,,phrase,,communication,174
tricolore-2-5th-edition,rez-de-chaussée,on the ground floor,au,,phrase,,none,174
tricolore-2-5th-edition,robe,dress,une,,noun,,shopping,174
tricolore-2-5th-edition,s'amuser,to enjoy oneself,,,verb,,none,174
tricolore-2-5th-edition,s'entendre avec,to get on with,,,verb,,none,174
tricolore-2-5th-edition,s'habiller,to get dressed,,,verb,,daily-routine,174
tricolore-2-5th-edition,sale,dirty,,,adjective,,none,174
tricolore-2-5th-edition,salle à manger,dining room,la,,noun,,home,174
tricolore-2-5th-edition,salut!,hi!,,,phrase,,none,174
tricolore-2-5th-edition,santé,health,la,,noun,,health,174
tricolore-2-5th-edition,sauf,except,,,preposition,,none,174
tricolore-2-5th-edition,se débrouiller,to cope,,,verb,,none,174
tricolore-2-5th-edition,se lever,to get up,,,verb,,daily-routine,174
tricolore-2-5th-edition,soir,evening,le,,noun,,time-dates,174
tricolore-2-5th-edition,"son, sa, ses",her,,,phrase,,family,174
tricolore-2-5th-edition,sortie,exit,la,,noun,,none,174
tricolore-2-5th-edition,sortir,to go out,,,verb,,none,174
tricolore-2-5th-edition,surligner,to highlight,,,verb,,none,174
tricolore-2-5th-edition,surligneur,highlighter,un,,noun,,none,174
tricolore-2-5th-edition,surtout,especially,,,adverb,,none,174
tricolore-2-5th-edition,TME (travail manuel éducatif),design and technology,le,,noun,,none,174
tricolore-2-5th-edition,tomber,to fall,,,verb,,none,174
tricolore-2-5th-edition,tous les jours,every day,,,phrase,,time-dates,174
tricolore-2-5th-edition,toute la journée,all day,,,phrase,,time-dates,174
tricolore-2-5th-edition,traverser,to cross,,,verb,,none,174
tricolore-2-5th-edition,tu ne comprends pas?,don't you understand?,,,phrase,,none,174
tricolore-2-5th-edition,tête,head,la,,noun,,health,174
tricolore-2-5th-edition,vacances (f pl),holidays,les,,noun,,vacation,174
tricolore-2-5th-edition,vendredi,Friday,,,noun,,time-dates,174
tricolore-2-5th-edition,verre,glass,un,,noun,,none,174
tricolore-2-5th-edition,vert,green,,,adjective,,none,174
tricolore-2-5th-edition,visage,face,le,,noun,,none,174
tricolore-2-5th-edition,voici,here are,,,phrase,,none,174
tricolore-2-5th-edition,vol,flight,un,,noun,,none,174
tricolore-2-5th-edition,à la campagne,in the countryside,,,phrase,,vacation,174
tricolore-2-5th-edition,épicerie,grocer's,une,,noun,,profession,174
tricolore-2-5th-edition,"épicier, une épicière",grocer,un,,noun,,profession,174
tricolore-2-5th-edition,œil (les yeux),eye,un,,noun,,none,174
tricolore-2-5th-edition,œuf,egg,un,,noun,,food,174
tricolore-2-5th-edition,œuf à la coque,boiled egg,un,,noun,,food,174
