collection,section,part,item,item_type,question,option_a,option_b,option_c,correct_answer,level,topic,source_page
goyal-a1-young-learners,vocabulary,Übung 1,1,multiple-choice,Was ist richtig? Kreuz an.,Gruß dich!,Grüß dich!,Grüß dick!,Grüß dich!,A1,communication,007
goyal-a1-young-learners,vocabulary,Übung 2,1,ordering,Welche Begrüßung steckt dahinter? Bringe die Buchstaben in die richtige Reihenfolge: TUENG GAT!,,,,Guten Tag,A1,communication,007
goyal-a1-young-learners,vocabulary,Übung 1,2,multiple-choice,Was ist richtig? Kreuz an.,Hello!,Hallo!,Hallow!,Hallo!,A1,communication,007
goyal-a1-young-learners,vocabulary,Übung 2,2,ordering,Welche Begrüßung steckt dahinter? Bringe die Buchstaben in die richtige Reihenfolge: OLLAH!,,,,Hallo,A1,communication,007
goyal-a1-young-learners,vocabulary,Übung 1,3,multiple-choice,Was ist richtig? Kreuz an.,Tscüs!,Tschusz!,Tschüs!,Tschüs!,A1,communication,007
goyal-a1-young-learners,vocabulary,Übung 2,3,ordering,Welche Begrüßung steckt dahinter? Bringe die Buchstaben in die richtige Reihenfolge: UAF DERWIESEHNE!,,,,Auf Wiedersehen,A1,communication,007
goyal-a1-young-learners,vocabulary,Übung 1,4,multiple-choice,Was ist richtig? Kreuz an.,Guten Tag!,Guden Tag!,Gooden Tag!,Guten Tag!,A1,communication,007
goyal-a1-young-learners,vocabulary,Übung 2,4,ordering,Welche Begrüßung steckt dahinter? Bringe die Buchstaben in die richtige Reihenfolge: CHÜSST!,,,,Tschüs,A1,communication,007
goyal-a1-young-learners,vocabulary,Übung 1,5,multiple-choice,Was ist richtig? Kreuz an.,Auf Wien!,Auf wieder Sehen!,Auf Wiedersehen!,Auf Wiedersehen!,A1,communication,007
goyal-a1-young-learners,vocabulary,Übung 2,5,ordering,Welche Begrüßung steckt dahinter? Bringe die Buchstaben in die richtige Reihenfolge: RÜßG CHID!,,,,Grüß dich,A1,communication,007
goyal-a1-young-learners,writing,Übung 3,1,short-answer,Wie begrüßt du diese Personen? Wie verabschiedest du diese Personen? — Deine Freundin Lisa,,,,,A1,communication,008
goyal-a1-young-learners,vocabulary,Übung 4,1,fill-in,Wie begrüßt man sich im Verlauf des Tages? — 06:30,,,,Guten Morgen!,A1,communication,008
goyal-a1-young-learners,reading,Übung 5,1,matching,Verbinde die Fragen mit den passenden Antworten: Wie heißt du?,,,,b. Ich heiße Timo.,A1,personal-info,008
goyal-a1-young-learners,writing,Übung 3,2,short-answer,Wie begrüßt du diese Personen? Wie verabschiedest du diese Personen? — Deinen Deutschlehrer Herrn Scholz,,,,,A1,communication,008
goyal-a1-young-learners,vocabulary,Übung 4,2,fill-in,Wie begrüßt man sich im Verlauf des Tages? — 10:00,,,,Guten Morgen!,A1,communication,008
goyal-a1-young-learners,reading,Übung 5,2,matching,Verbinde die Fragen mit den passenden Antworten: Tag! Bist du Stefanie?,,,,"a. Nein, ich bin Claudia.",A1,personal-info,008
goyal-a1-young-learners,writing,Übung 3,3,short-answer,Wie begrüßt du diese Personen? Wie verabschiedest du diese Personen? — Deine Klassenkameraden Anna und Marco,,,,,A1,communication,008
goyal-a1-young-learners,vocabulary,Übung 4,3,fill-in,Wie begrüßt man sich im Verlauf des Tages? — 19:45,,,,Guten Abend!,A1,communication,008
goyal-a1-young-learners,reading,Übung 5,3,matching,Verbinde die Fragen mit den passenden Antworten: Heißt du Lara?,,,,"e. Nein, ich heiße Melanie.",A1,personal-info,008
goyal-a1-young-learners,vocabulary,Übung 4,4,fill-in,Wie begrüßt man sich im Verlauf des Tages? — 07:15,,,,Guten Morgen!,A1,communication,008
goyal-a1-young-learners,reading,Übung 5,4,matching,Verbinde die Fragen mit den passenden Antworten: Hallo! Wer bist du?,,,,c. Ich bin Monika.,A1,personal-info,008
goyal-a1-young-learners,vocabulary,Übung 4,5,fill-in,Wie begrüßt man sich im Verlauf des Tages? — 17:30,,,,Guten Abend!,A1,communication,008
goyal-a1-young-learners,reading,Übung 5,5,matching,Verbinde die Fragen mit den passenden Antworten: Bist du Jakob?,,,,"d. Ja, ich bin Jakob.",A1,personal-info,008
goyal-a1-young-learners,vocabulary,Übung 4,6,fill-in,Wie begrüßt man sich im Verlauf des Tages? — 22:30,,,,Gute Nacht!,A1,communication,008
goyal-a1-young-learners,vocabulary,Übung 4,7,fill-in,Wie begrüßt man sich im Verlauf des Tages? — 14:30,,,,Guten Tag!,A1,communication,008
goyal-a1-young-learners,vocabulary,Übung 4,8,fill-in,Wie begrüßt man sich im Verlauf des Tages? — 24:00,,,,Gute Nacht!,A1,communication,008
goyal-a1-young-learners,writing,Übung 6,1,fill-in,Ergänze den Dialog: Hallo! Ich bin Max. ___ heißt du?,,,,Wie,A1,personal-info,009
goyal-a1-young-learners,writing,Übung 7,1,short-answer,Stell die Fragen: Hallo! Ich bin Lara. — ___ ? (Ich heiße Tobias.),,,,Und wie heißt du?,A1,personal-info,009
goyal-a1-young-learners,writing,Übung 6,2,fill-in,Ergänze den Dialog: Wie heißt ___?,,,,du,A1,personal-info,009
goyal-a1-young-learners,writing,Übung 7,2,short-answer,"Stell die Fragen: Tobias, ___ ? (Ich bin 12.)",,,,Wie alt bist du?,A1,personal-info,009
goyal-a1-young-learners,writing,Übung 6,3,fill-in,Ergänze den Dialog: Hallo! ___ Lukas.,,,,Ich heiße,A1,personal-info,009
goyal-a1-young-learners,writing,Übung 7,3,short-answer,Stell die Fragen: Und ___ ? (Ich wohne in Graz.),,,,wo wohnst du?,A1,personal-info,009
goyal-a1-young-learners,writing,Übung 6,4,fill-in,"Ergänze den Dialog: Max, wie ___ bist du?",,,,alt,A1,personal-info,009
goyal-a1-young-learners,writing,Übung 7,4,short-answer,Stell die Fragen: Graz? ___ denn? (Graz liegt in Österreich.),,,,Wo liegt das?,A1,city-places,009
goyal-a1-young-learners,writing,Übung 6,5,fill-in,Ergänze den Dialog: Ich ___ .,,,,bin 15,A1,personal-info,009
goyal-a1-young-learners,writing,Übung 7,5,short-answer,"Stell die Fragen: ___ ihr zu Hause? (Wir sind vier: mein Vater, meine Mutter, meine Schwester Marion und ich.)",,,,Mit wem wohnt ihr zu Hause?,A1,family,009
goyal-a1-young-learners,writing,Übung 6,6,fill-in,Ergänze den Dialog: Ich bin auch ___ .,,,,15,A1,personal-info,009
goyal-a1-young-learners,writing,Übung 6,7,fill-in,"Ergänze den Dialog: ___ , Max.",,,,Tschüs,A1,personal-info,009
goyal-a1-young-learners,writing,Übung 6,8,fill-in,"Ergänze den Dialog: Tschüs, ___ .",,,,Lukas,A1,personal-info,009
goyal-a1-young-learners,writing,Übung 8,1,open-ended,Ergänze den Steckbrief mit deinen persönlichen Daten. Stell dich anschließend vor.,,,,(open-ended),A1,personal-info,010
goyal-a1-young-learners,listening,Übung 9,1,ordering,Hör dir das Interview an und bringe die einzelnen Teile in die richtige Reihenfolge.,,,,,A1,personal-info,010
goyal-a1-young-learners,listening,Übung 9,2,fill-in,Ergänze den Steckbrief (Interview): Name,,,,Dirk Wulf,A1,personal-info,010
goyal-a1-young-learners,listening,Übung 9,3,fill-in,Ergänze den Steckbrief (Interview): Spitzname,,,,Willy,A1,personal-info,010
goyal-a1-young-learners,listening,Übung 9,4,fill-in,Ergänze den Steckbrief (Interview): Beruf,,,,Techno-DJ (singt auch in einer Techno-Band),A1,personal-info,010
goyal-a1-young-learners,listening,Übung 9,5,fill-in,Ergänze den Steckbrief (Interview): Wohnort,,,,Berlin,A1,personal-info,010
goyal-a1-young-learners,listening,Übung 9,6,fill-in,Ergänze den Steckbrief (Interview): Alter,,,,20,A1,personal-info,010
goyal-a1-young-learners,listening,Übung 9,7,fill-in,Ergänze den Steckbrief (Interview): Lieblingsessen,,,,Hamburger mit Pommes,A1,food,010
goyal-a1-young-learners,listening,Übung 9,8,fill-in,Ergänze den Steckbrief (Interview): Lieblingsgetränk,,,,Cola mit Zitrone,A1,food,010
goyal-a1-young-learners,listening,Übung 9,9,fill-in,Ergänze den Steckbrief (Interview): Großer Hit,,,,Stop now,A1,personal-info,010
goyal-a1-young-learners,writing,Übung 10,1,writing-task,Beim Surfen im Internet hast du folgende E-Mails gefunden. Schreib eine ähnliche E-Mail.,,,,(open-ended),A1,personal-info,011
goyal-a1-young-learners,vocabulary,Übung 11,1,fill-in,Wie ist der deutsche Artikel? — Mutter,,,,die,A1,family,011
goyal-a1-young-learners,vocabulary,Übung 11,10,fill-in,Wie ist der deutsche Artikel? — Tante,,,,die,A1,family,011
goyal-a1-young-learners,vocabulary,Übung 11,2,fill-in,Wie ist der deutsche Artikel? — Bruder,,,,der,A1,family,011
goyal-a1-young-learners,vocabulary,Übung 11,3,fill-in,Wie ist der deutsche Artikel? — Opa,,,,der,A1,family,011
goyal-a1-young-learners,vocabulary,Übung 11,4,fill-in,Wie ist der deutsche Artikel? — Eltern,,,,die,A1,family,011
goyal-a1-young-learners,vocabulary,Übung 11,5,fill-in,Wie ist der deutsche Artikel? — Onkel,,,,der,A1,family,011
goyal-a1-young-learners,vocabulary,Übung 11,6,fill-in,Wie ist der deutsche Artikel? — Vater,,,,der,A1,family,011
goyal-a1-young-learners,vocabulary,Übung 11,7,fill-in,Wie ist der deutsche Artikel? — Schwester,,,,die,A1,family,011
goyal-a1-young-learners,vocabulary,Übung 11,8,fill-in,Wie ist der deutsche Artikel? — Oma,,,,die,A1,family,011
goyal-a1-young-learners,vocabulary,Übung 11,9,fill-in,Wie ist der deutsche Artikel? — Großeltern,,,,die,A1,family,011
goyal-a1-young-learners,vocabulary,Übung 12,1,fill-in,Schreib die Verwandtschaftsbezeichnungen mit Artikel in die Tabelle: Eltern,,,,"die Mutter, der Vater",A1,family,012
goyal-a1-young-learners,speaking,Übung 13,1,speaking-task,Stell die Familie Beckmann vor.,,,,(open-ended),A1,family,012
goyal-a1-young-learners,vocabulary,Übung 12,2,fill-in,Schreib die Verwandtschaftsbezeichnungen mit Artikel in die Tabelle: Großeltern,,,,"der Opa, die Oma",A1,family,012
goyal-a1-young-learners,vocabulary,Übung 12,3,fill-in,Schreib die Verwandtschaftsbezeichnungen mit Artikel in die Tabelle: Geschwister,,,,"der Bruder, die Schwester",A1,family,012
goyal-a1-young-learners,vocabulary,Übung 12,4,fill-in,Schreib die Verwandtschaftsbezeichnungen mit Artikel in die Tabelle: Verwandte,,,,"die Tante, der Onkel, der Cousin, die Cousine",A1,family,012
goyal-a1-young-learners,reading,Übung 14,1,short-answer,"Schau dir den Stammbaum an und finde heraus, wer gemeint ist: Sie ist die Mutter von Klaus Beckmann.",,,,Elfriede Beckmann,A1,family,013
goyal-a1-young-learners,writing,Übung 15,1,matching,"Finde heraus, wer wie viele Geschwister hat: Lena",,,,Lena hat einen Bruder.,A1,family,013
goyal-a1-young-learners,reading,Übung 14,10,short-answer,"Schau dir den Stammbaum an und finde heraus, wer gemeint ist: Sie ist die Tochter von Petra Richter.",,,,Sophie Beckmann,A1,family,013
goyal-a1-young-learners,reading,Übung 14,2,short-answer,"Schau dir den Stammbaum an und finde heraus, wer gemeint ist: Er ist der Bruder von Klaus Beckmann.",,,,Markus Beckmann,A1,family,013
goyal-a1-young-learners,writing,Übung 15,2,matching,"Finde heraus, wer wie viele Geschwister hat: Steffi",,,,Steffi hat zwei Schwestern.,A1,family,013
goyal-a1-young-learners,reading,Übung 14,3,short-answer,"Schau dir den Stammbaum an und finde heraus, wer gemeint ist: Er ist der Opa von Sophie Beckmann.",,,,,A1,family,013
goyal-a1-young-learners,writing,Übung 15,3,matching,"Finde heraus, wer wie viele Geschwister hat: Sebastian",,,,Sebastian hat zwei Brüder.,A1,family,013
goyal-a1-young-learners,reading,Übung 14,4,short-answer,"Schau dir den Stammbaum an und finde heraus, wer gemeint ist: Er ist der Sohn von Elfriede Beckmann.",,,,,A1,family,013
goyal-a1-young-learners,writing,Übung 15,4,matching,"Finde heraus, wer wie viele Geschwister hat: Markus",,,,Markus ist Einzelkind.,A1,family,013
goyal-a1-young-learners,reading,Übung 14,5,short-answer,"Schau dir den Stammbaum an und finde heraus, wer gemeint ist: Sie ist die Tante von Andreas Beckmann.",,,,Renate Richter,A1,family,013
goyal-a1-young-learners,writing,Übung 15,5,matching,"Finde heraus, wer wie viele Geschwister hat: Florian",,,,Florian hat einen Bruder und eine Schwester.,A1,family,013
goyal-a1-young-learners,reading,Übung 14,6,short-answer,"Schau dir den Stammbaum an und finde heraus, wer gemeint ist: Er ist der Vater von Renate Richter.",,,,Hans Richter,A1,family,013
goyal-a1-young-learners,reading,Übung 14,7,short-answer,"Schau dir den Stammbaum an und finde heraus, wer gemeint ist: Er ist der Onkel von Martin Beckmann.",,,,Markus Beckmann,A1,family,013
goyal-a1-young-learners,reading,Übung 14,8,short-answer,"Schau dir den Stammbaum an und finde heraus, wer gemeint ist: Sie ist die Oma von Sophie Beckmann.",,,,,A1,family,013
goyal-a1-young-learners,reading,Übung 14,9,short-answer,"Schau dir den Stammbaum an und finde heraus, wer gemeint ist: Sie ist die Schwester von Petra Richter.",,,,Renate Richter,A1,family,013
goyal-a1-young-learners,writing,Übung 16,1,open-ended,Hast du Geschwister? Wie viele Geschwister hast du? Oder bist du ein Einzelkind?,,,,(open-ended),A1,family,014
goyal-a1-young-learners,reading,Übung 17,1,short-answer,Lies den Text (Familie Zidek) und beantworte: Wie viele Personen sind bei Familie Zidek zu Hause?,,,,Vier Personen.,A1,family,014
goyal-a1-young-learners,reading,Übung 17,2,short-answer,Lies den Text (Familie Zidek) und beantworte: Wie heißen die Töchter? Wie alt sind sie?,,,,Michaela ist 14 und Melanie ist 10.,A1,family,014
goyal-a1-young-learners,reading,Übung 17,3,short-answer,Lies den Text (Familie Zidek) und beantworte: Hat Familie Zidek Tiere zu Hause?,,,,"Ja, sie haben einen Hund.",A1,family,014
goyal-a1-young-learners,reading,Übung 17,4,short-answer,Lies den Text (Familie Zidek) und beantworte: Wo wohnt Familie Zidek?,,,,"In Graz, in Österreich.",A1,city-places,014
goyal-a1-young-learners,reading,Übung 17,5,short-answer,Lies den Text (Familie Zidek) und beantworte: Was ist Herr Zidek von Beruf? Und Frau Zidek?,,,,"Herr Zidek ist Fotograf, Frau Zidek ist Lehrerin.",A1,profession,014
goyal-a1-young-learners,reading,Übung 17,6,short-answer,Lies den Text (Familie Zidek) und beantworte: Was machen Michaela und Melanie?,,,,"Michaela geht aufs Gymnasium, Melanie geht in die Grundschule.",A1,school,014
goyal-a1-young-learners,speaking,Übung 18,1,speaking-task,"Stell die folgenden Personen vor (Stefan Weigel, Angelika Meier, Markus Krause, Petra Will).",,,,(open-ended),A1,personal-info,015
goyal-a1-young-learners,listening,Übung 19,1,short-answer,"Interview mit dem Schuldirektor. Hör zu und mach Notizen (Wohnort, Alter, verheiratet, Kinder, Hobbys, Musik, E-Mail).",,,,,A1,personal-info,015
goyal-a1-young-learners,writing,Übung 20,1,writing-task,Ein Artikel für die Schülerzeitung. Unser Schuldirektor heißt Peter Kuppers. Er ist ___,,,,(open-ended),A1,personal-info,016
goyal-a1-young-learners,reading,Übung 21,1,matching,Verbinde die Fragen mit den passenden Antworten: Wer sind Sie?,,,,c. Ich bin Herr Weiß.,A1,personal-info,016
goyal-a1-young-learners,writing,Übung 22,1,short-answer,Stell Fragen in der Höflichkeitsform: ___ ? — Ich heiße Peter Weigel.,,,,Wie heißen Sie?,A1,personal-info,016
goyal-a1-young-learners,reading,Übung 21,2,matching,Verbinde die Fragen mit den passenden Antworten: Sind Sie verheiratet?,,,,"d. Ja, ich bin verheiratet.",A1,personal-info,016
goyal-a1-young-learners,writing,Übung 22,2,short-answer,Stell Fragen in der Höflichkeitsform: ___ ? — Ich bin Schuldirektor von der Goethe-Schule.,,,,Was sind Sie von Beruf?,A1,profession,016
goyal-a1-young-learners,reading,Übung 21,3,matching,Verbinde die Fragen mit den passenden Antworten: Haben Sie Kinder?,,,,"f. Ja, einen Sohn.",A1,family,016
goyal-a1-young-learners,writing,Übung 22,3,short-answer,Stell Fragen in der Höflichkeitsform: ___ ? — In Hanau. Das liegt bei Frankfurt.,,,,Wo wohnen Sie?,A1,city-places,016
goyal-a1-young-learners,reading,Übung 21,4,matching,Verbinde die Fragen mit den passenden Antworten: Wie alt sind Sie?,,,,a. Ich bin 37.,A1,personal-info,016
goyal-a1-young-learners,writing,Übung 22,4,short-answer,"Stell Fragen in der Höflichkeitsform: ___ ? — Nein, ich bin aus Hamburg.",,,,,A1,city-places,016
goyal-a1-young-learners,reading,Übung 21,5,matching,Verbinde die Fragen mit den passenden Antworten: Wo wohnen Sie?,,,,b. In Berlin.,A1,personal-info,016
goyal-a1-young-learners,writing,Übung 22,5,short-answer,"Stell Fragen in der Höflichkeitsform: ___ ? — Nein, ich bin Single.",,,,Sind Sie verheiratet?,A1,personal-info,016
goyal-a1-young-learners,reading,Übung 21,6,matching,Verbinde die Fragen mit den passenden Antworten: Haben Sie eine E-Mail-Adresse?,,,,e. Natürlich habe ich eine E-Mail-Adresse.,A1,communication,016
goyal-a1-young-learners,writing,Übung 22,6,short-answer,Stell Fragen in der Höflichkeitsform: ___ ? — Ich spiele Tennis und höre klassische Musik.,,,,Was sind Ihre Hobbys?,A1,hobby,016
goyal-a1-young-learners,listening,Übung 23,1,short-answer,"Hör das Interview an und ergänze den Steckbrief (Name, Alter, Wohnort, Handy, Beruf, Familie).",,,,,A1,personal-info,017
goyal-a1-young-learners,writing,Übung 24,1,matching,"Schau auf der Karte, wo die Städte liegen, und schreib Sätze wie im Beispiel: München",,,,München liegt in Süddeutschland.,A1,city-places,017
goyal-a1-young-learners,writing,Übung 24,2,matching,"Schau auf der Karte, wo die Städte liegen, und schreib Sätze wie im Beispiel: Berlin",,,,Berlin liegt in Norddeutschland.,A1,city-places,017
goyal-a1-young-learners,writing,Übung 24,3,matching,"Schau auf der Karte, wo die Städte liegen, und schreib Sätze wie im Beispiel: Innsbruck",,,,Innsbruck liegt in Österreich.,A1,city-places,017
goyal-a1-young-learners,writing,Übung 24,4,matching,"Schau auf der Karte, wo die Städte liegen, und schreib Sätze wie im Beispiel: Frankfurt",,,,Frankfurt liegt in Mitteldeutschland.,A1,city-places,017
goyal-a1-young-learners,writing,Übung 24,5,matching,"Schau auf der Karte, wo die Städte liegen, und schreib Sätze wie im Beispiel: Lugano",,,,Lugano liegt in der Schweiz.,A1,city-places,017
goyal-a1-young-learners,writing,Übung 24,6,matching,"Schau auf der Karte, wo die Städte liegen, und schreib Sätze wie im Beispiel: Wien",,,,Wien liegt in Österreich.,A1,city-places,017
goyal-a1-young-learners,writing,Übung 24,7,matching,"Schau auf der Karte, wo die Städte liegen, und schreib Sätze wie im Beispiel: Zürich",,,,Zürich liegt in der Schweiz.,A1,city-places,017
goyal-a1-young-learners,writing,Übung 24,8,matching,"Schau auf der Karte, wo die Städte liegen, und schreib Sätze wie im Beispiel: Augsburg",,,,Augsburg liegt in Süddeutschland.,A1,city-places,017
goyal-a1-young-learners,writing,Übung 24,9,matching,"Schau auf der Karte, wo die Städte liegen, und schreib Sätze wie im Beispiel: Hamburg",,,,Hamburg liegt in Norddeutschland.,A1,city-places,017
goyal-a1-young-learners,writing,Übung 25,1,matching,Und wo liegen diese Städte? Dresden,,,,Dresden liegt in Ostdeutschland.,A1,city-places,018
goyal-a1-young-learners,writing,Übung 26,1,short-answer,Antworte wie im Beispiel: Liegt Hamburg in Norddeutschland?,,,,"Ja, Hamburg liegt in Norddeutschland.",A1,city-places,018
goyal-a1-young-learners,writing,Übung 25,2,matching,Und wo liegen diese Städte? Konstanz,,,,Konstanz liegt in Süddeutschland.,A1,city-places,018
goyal-a1-young-learners,writing,Übung 26,2,short-answer,Antworte wie im Beispiel: Liegt Konstanz in Ostdeutschland?,,,,"Nein, Konstanz liegt in Süddeutschland.",A1,city-places,018
goyal-a1-young-learners,writing,Übung 25,3,matching,Und wo liegen diese Städte? Flensburg,,,,Flensburg liegt in Norddeutschland.,A1,city-places,018
goyal-a1-young-learners,writing,Übung 26,3,short-answer,Antworte wie im Beispiel: Liegt München in Süddeutschland?,,,,"Ja, München liegt in Süddeutschland.",A1,city-places,018
goyal-a1-young-learners,writing,Übung 25,4,matching,Und wo liegen diese Städte? Aachen,,,,Aachen liegt in Westdeutschland.,A1,city-places,018
goyal-a1-young-learners,writing,Übung 26,4,short-answer,Antworte wie im Beispiel: Liegt Zürich in Österreich?,,,,"Nein, Zürich liegt in der Schweiz.",A1,city-places,018
goyal-a1-young-learners,writing,Übung 25,5,matching,Und wo liegen diese Städte? Erfurt,,,,Erfurt liegt in Mitteldeutschland.,A1,city-places,018
goyal-a1-young-learners,writing,Übung 26,5,short-answer,Antworte wie im Beispiel: Liegt Wien in Österreich?,,,,"Ja, Wien liegt in Österreich.",A1,city-places,018
goyal-a1-young-learners,writing,Übung 26,6,short-answer,Antworte wie im Beispiel: Liegt Dresden in Westdeutschland?,,,,"Nein, Dresden liegt in Ostdeutschland.",A1,city-places,018
goyal-a1-young-learners,listening,Übung 27,1,fill-in,Um welche Städte handelt es sich? Hör zu und schreib die Namen in die entsprechenden Lücken. — Bild 1: Stadt mit zwei grünen Turmkuppeln (Frauenkirche) und Rathaus,,,,München,A1,city-places,019
goyal-a1-young-learners,,Übung 28,1,matching,Ordne die Autokennzeichen den entsprechenden Städten zu. — M – FH 378,,,,München,A1,city-places,019
goyal-a1-young-learners,,Übung 28,10,matching,Ordne die Autokennzeichen den entsprechenden Städten zu. — ZH – 26778,,,,Zürich,A1,city-places,019
goyal-a1-young-learners,,Übung 28,11,matching,Ordne die Autokennzeichen den entsprechenden Städten zu. — BE – 78820,,,,Bern,A1,city-places,019
goyal-a1-young-learners,listening,Übung 27,2,fill-in,Um welche Städte handelt es sich? Hör zu und schreib die Namen in die entsprechenden Lücken. — Bild 2: klassizistisches Tor mit Säulen und Quadriga (Brandenburger Tor),,,,Berlin,A1,city-places,019
goyal-a1-young-learners,,Übung 28,2,matching,Ordne die Autokennzeichen den entsprechenden Städten zu. — F – XR 899,,,,Frankfurt,A1,city-places,019
goyal-a1-young-learners,listening,Übung 27,3,fill-in,Um welche Städte handelt es sich? Hör zu und schreib die Namen in die entsprechenden Lücken. — Bild 3: großes Riesenrad,,,,Wien,A1,city-places,019
goyal-a1-young-learners,,Übung 28,3,matching,Ordne die Autokennzeichen den entsprechenden Städten zu. — B – PA 561,,,,Berlin,A1,city-places,019
goyal-a1-young-learners,listening,Übung 27,4,fill-in,Um welche Städte handelt es sich? Hör zu und schreib die Namen in die entsprechenden Lücken. — Bild 4: Skyline mit Hochhäusern und Fluss/Brücke,,,,Frankfurt,A1,city-places,019
goyal-a1-young-learners,,Übung 28,4,matching,Ordne die Autokennzeichen den entsprechenden Städten zu. — HH – NM 190,,,,Hamburg,A1,city-places,019
goyal-a1-young-learners,listening,Übung 27,5,fill-in,Um welche Städte handelt es sich? Hör zu und schreib die Namen in die entsprechenden Lücken. — Bild 5: Backsteingebäude am Kanal (Speicherstadt),,,,Hamburg,A1,city-places,019
goyal-a1-young-learners,,Übung 28,5,matching,Ordne die Autokennzeichen den entsprechenden Städten zu. — K – JT 299,,,,Köln,A1,city-places,019
goyal-a1-young-learners,listening,Übung 27,6,fill-in,"Um welche Städte handelt es sich? Hör zu und schreib die Namen in die entsprechenden Lücken. — Bild 6: Stadt mit Kirchturm, Fluss und Brücke",,,,Zürich,A1,city-places,019
goyal-a1-young-learners,,Übung 28,6,matching,Ordne die Autokennzeichen den entsprechenden Städten zu. — D – ZU 364,,,,Düsseldorf,A1,city-places,019
goyal-a1-young-learners,,Übung 28,7,matching,Ordne die Autokennzeichen den entsprechenden Städten zu. — I – 2987 G,,,,Innsbruck,A1,city-places,019
goyal-a1-young-learners,,Übung 28,8,matching,Ordne die Autokennzeichen den entsprechenden Städten zu. — W – 244 TL,,,,Wien,A1,city-places,019
goyal-a1-young-learners,,Übung 28,9,matching,Ordne die Autokennzeichen den entsprechenden Städten zu. — S – 4890 L,,,,Salzburg,A1,city-places,019
goyal-a1-young-learners,writing,Übung 29,1,writing-task,"Schreib einen kurzen Dialog. — Jakob, Augsburg, 🙂 (Beispiel)",,,,"Jakob, wo wohnst du? – Ich wohne in Augsburg. – Und wo liegt das denn? – In Süddeutschland! – Wohnst du gern in Augsburg? – Ja, ich wohne sehr gern dort.",A1,personal-info,020
goyal-a1-young-learners,writing,Übung 29,2,writing-task,"Schreib einen kurzen Dialog. — Hanna, Hamburg, 🙁",,,,(open-ended),A1,personal-info,020
goyal-a1-young-learners,writing,Übung 29,3,writing-task,"Schreib einen kurzen Dialog. — Eva, Innsbruck, 🙂",,,,(open-ended),A1,personal-info,020
goyal-a1-young-learners,writing,Übung 29,4,writing-task,"Schreib einen kurzen Dialog. — Erik, Zürich, 🙂",,,,(open-ended),A1,personal-info,020
goyal-a1-young-learners,writing,Übung 29,5,writing-task,"Schreib einen kurzen Dialog. — Silke, Frankfurt, 🙁",,,,(open-ended),A1,personal-info,020
goyal-a1-young-learners,vocabulary,Übung 30,1,fill-in,Schreib die Zahl in Buchstaben. — 6,,,,sechs,A1,none,021
goyal-a1-young-learners,vocabulary,Übung 31,1,fill-in,Schreib die Zahl in Ziffern. — sechsunddreißig,,,,36,A1,none,021
goyal-a1-young-learners,listening,Übung 32,1,fill-in,"Hör zu und kreuz die Zahlen an. (LOTTO Kombi-Normalschein, Zahlenfeld 1–49)",,,,,A1,none,021
goyal-a1-young-learners,vocabulary,Übung 30,10,fill-in,Schreib die Zahl in Buchstaben. — 35,,,,fünfunddreißig,A1,none,021
goyal-a1-young-learners,vocabulary,Übung 30,11,fill-in,Schreib die Zahl in Buchstaben. — 83,,,,dreiundachtzig,A1,none,021
goyal-a1-young-learners,vocabulary,Übung 30,12,fill-in,Schreib die Zahl in Buchstaben. — 222,,,,zweihundertzweiundzwanzig,A1,none,021
goyal-a1-young-learners,vocabulary,Übung 30,2,fill-in,Schreib die Zahl in Buchstaben. — 15,,,,fünfzehn,A1,none,021
goyal-a1-young-learners,vocabulary,Übung 31,2,fill-in,Schreib die Zahl in Ziffern. — einhundertzwölf,,,,112,A1,none,021
goyal-a1-young-learners,vocabulary,Übung 30,3,fill-in,Schreib die Zahl in Buchstaben. — 4,,,,vier,A1,none,021
goyal-a1-young-learners,vocabulary,Übung 31,3,fill-in,Schreib die Zahl in Ziffern. — siebzig,,,,70,A1,none,021
goyal-a1-young-learners,vocabulary,Übung 30,4,fill-in,Schreib die Zahl in Buchstaben. — 40,,,,vierzig,A1,none,021
goyal-a1-young-learners,vocabulary,Übung 31,4,fill-in,Schreib die Zahl in Ziffern. — zweiundvierzig,,,,42,A1,none,021
goyal-a1-young-learners,vocabulary,Übung 30,5,fill-in,Schreib die Zahl in Buchstaben. — 64,,,,vierundsechzig,A1,none,021
goyal-a1-young-learners,vocabulary,Übung 31,5,fill-in,Schreib die Zahl in Ziffern. — fünfundachtzig,,,,85,A1,none,021
goyal-a1-young-learners,vocabulary,Übung 30,6,fill-in,Schreib die Zahl in Buchstaben. — 110,,,,einhundertzehn,A1,none,021
goyal-a1-young-learners,vocabulary,Übung 31,6,fill-in,Schreib die Zahl in Ziffern. — zweiundzwanzig,,,,22,A1,none,021
goyal-a1-young-learners,vocabulary,Übung 30,7,fill-in,Schreib die Zahl in Buchstaben. — 11,,,,elf,A1,none,021
goyal-a1-young-learners,vocabulary,Übung 31,7,fill-in,Schreib die Zahl in Ziffern. — dreiundsechzig,,,,63,A1,none,021
goyal-a1-young-learners,vocabulary,Übung 30,8,fill-in,Schreib die Zahl in Buchstaben. — 12,,,,zwölf,A1,none,021
goyal-a1-young-learners,vocabulary,Übung 31,8,fill-in,Schreib die Zahl in Ziffern. — siebenundachtzig,,,,87,A1,none,021
goyal-a1-young-learners,vocabulary,Übung 30,9,fill-in,Schreib die Zahl in Buchstaben. — 14,,,,vierzehn,A1,none,021
goyal-a1-young-learners,vocabulary,Übung 31,9,fill-in,Schreib die Zahl in Ziffern. — einhundertdreiundzwanzig,,,,123,A1,none,021
goyal-a1-young-learners,listening,Übung 33,a,multiple-choice,Hör zu und kreuz die richtige Zahl an.,12,20,22,,A1,none,021
goyal-a1-young-learners,listening,Übung 33,b,multiple-choice,Hör zu und kreuz die richtige Zahl an.,13,30,33,,A1,none,021
goyal-a1-young-learners,listening,Übung 33,c,multiple-choice,Hör zu und kreuz die richtige Zahl an.,14,40,44,,A1,none,021
goyal-a1-young-learners,listening,Übung 33,d,multiple-choice,Hör zu und kreuz die richtige Zahl an.,15,50,55,,A1,none,021
goyal-a1-young-learners,listening,Übung 33,e,multiple-choice,Hör zu und kreuz die richtige Zahl an.,16,60,66,,A1,none,021
goyal-a1-young-learners,listening,Übung 33,f,multiple-choice,Hör zu und kreuz die richtige Zahl an.,17,70,77,,A1,none,021
goyal-a1-young-learners,listening,Übung 33,g,multiple-choice,Hör zu und kreuz die richtige Zahl an.,18,80,88,,A1,none,021
goyal-a1-young-learners,listening,Übung 33,h,multiple-choice,Hör zu und kreuz die richtige Zahl an.,19,90,99,,A1,none,021
goyal-a1-young-learners,vocabulary,Übung 34,1,fill-in,-zehn oder -zig? Ergänze. — 15 fünf___,,,,fünfzehn,A1,none,022
goyal-a1-young-learners,listening,Übung 35,1,multiple-choice,Wie viel kostet das? Hör zu und kreuz an. — Situation 1,"€ 13,20","€ 20,30","€ 30,20",,A1,shopping,022
goyal-a1-young-learners,vocabulary,Übung 34,10,fill-in,-zehn oder -zig? Ergänze. — 16 sech___,,,,sechzehn,A1,none,022
goyal-a1-young-learners,vocabulary,Übung 34,11,fill-in,-zehn oder -zig? Ergänze. — 80 acht___,,,,achtzig,A1,none,022
goyal-a1-young-learners,vocabulary,Übung 34,12,fill-in,-zehn oder -zig? Ergänze. — 17 sieb___,,,,siebzehn,A1,none,022
goyal-a1-young-learners,vocabulary,Übung 34,2,fill-in,-zehn oder -zig? Ergänze. — 50 fünf___,,,,fünfzig,A1,none,022
goyal-a1-young-learners,listening,Übung 35,2,multiple-choice,Wie viel kostet das? Hör zu und kreuz an. — Situation 2,"€ 43,00","€ 34,00","€ 40,30",,A1,shopping,022
goyal-a1-young-learners,vocabulary,Übung 34,3,fill-in,-zehn oder -zig? Ergänze. — 14 vier___,,,,vierzehn,A1,none,022
goyal-a1-young-learners,listening,Übung 35,3,multiple-choice,Wie viel kostet das? Hör zu und kreuz an. — Situation 3,"€ 150,00","€ 115,00","€ 105,00",,A1,shopping,022
goyal-a1-young-learners,vocabulary,Übung 34,4,fill-in,-zehn oder -zig? Ergänze. — 90 neun___,,,,neunzig,A1,none,022
goyal-a1-young-learners,listening,Übung 35,4,multiple-choice,Wie viel kostet das? Hör zu und kreuz an. — Situation 4,"€ 72,00","€ 27,00","€ 7,20",,A1,shopping,022
goyal-a1-young-learners,vocabulary,Übung 34,5,fill-in,-zehn oder -zig? Ergänze. — 70 sieb___,,,,siebzig,A1,none,022
goyal-a1-young-learners,listening,Übung 35,5,multiple-choice,Wie viel kostet das? Hör zu und kreuz an. — Situation 5,"€ 25,00","€ 20,50","€ 52,00",,A1,shopping,022
goyal-a1-young-learners,vocabulary,Übung 34,6,fill-in,-zehn oder -zig? Ergänze. — 13 drei___,,,,dreizehn,A1,none,022
goyal-a1-young-learners,vocabulary,Übung 34,7,fill-in,-zehn oder -zig? Ergänze. — 18 acht___,,,,achtzehn,A1,none,022
goyal-a1-young-learners,vocabulary,Übung 34,8,fill-in,-zehn oder -zig? Ergänze. — 19 neun___,,,,neunzehn,A1,none,022
goyal-a1-young-learners,vocabulary,Übung 34,9,fill-in,-zehn oder -zig? Ergänze. — 60 sech___,,,,sechzig,A1,none,022
goyal-a1-young-learners,listening,Übung 36,1,fill-in,Hör zu und schreib die Handynummer zur entsprechenden Person. — Michael Wickert,,,,,A1,communication,023
goyal-a1-young-learners,,Übung 37,1,short-answer,Finde die versteckten Zahlen im Buchstabenstring und schreib drei Zahlwörter.,,,,,A1,none,023
goyal-a1-young-learners,listening,Übung 36,2,fill-in,Hör zu und schreib die Handynummer zur entsprechenden Person. — Martina Becker,,,,,A1,communication,023
goyal-a1-young-learners,listening,Übung 36,3,fill-in,Hör zu und schreib die Handynummer zur entsprechenden Person. — Gabi Heller,,,,,A1,communication,023
goyal-a1-young-learners,listening,Übung 36,4,fill-in,Hör zu und schreib die Handynummer zur entsprechenden Person. — Peter Müller,,,,,A1,communication,023
goyal-a1-young-learners,,Übung 38,1,fill-in,"Ergänze die Tabelle (Präsens: ich, du, er/sie/es, wir, ihr, sie/Sie). — Verb: wohnen",,,,"wohne, wohnst, wohnt, wohnen, wohnt, wohnen",A1,personal-info,024
goyal-a1-young-learners,,Übung 39,1,fill-in,Das Verb sein. Ergänze. — Wir ___ drei Personen zu Hause.,,,,sind,A1,personal-info,024
goyal-a1-young-learners,,Übung 40,1,fill-in,Das Verb heißen. Ergänze. — Mein Vater ___ Karl. Wie ___ dein Vater?,,,,heißt / heißt,A1,family,024
goyal-a1-young-learners,,Übung 41,1,fill-in,Das Verb wohnen. Ergänze. — Wir ___ in München. Wo ___ ihr?,,,,wohnen / wohnt,A1,personal-info,024
goyal-a1-young-learners,,Übung 38,2,fill-in,"Ergänze die Tabelle (Präsens: ich, du, er/sie/es, wir, ihr, sie/Sie). — Verb: heißen",,,,"heiße, heißt, heißt, heißen, heißt, heißen",A1,personal-info,024
goyal-a1-young-learners,,Übung 39,2,fill-in,Das Verb sein. Ergänze. — Wer ___ du? Ich ___ Martin.,,,,bist / bin,A1,personal-info,024
goyal-a1-young-learners,,Übung 40,2,fill-in,Das Verb heißen. Ergänze. — Ich ___ Georg. Mein Bruder ___ Alexander.,,,,heiße / heißt,A1,family,024
goyal-a1-young-learners,,Übung 41,2,fill-in,Das Verb wohnen. Ergänze. — Die Weigels ___ in Augsburg.,,,,wohnen,A1,personal-info,024
goyal-a1-young-learners,,Übung 38,3,fill-in,"Ergänze die Tabelle (Präsens: ich, du, er/sie/es, wir, ihr, sie/Sie). — Verb: machen",,,,"mache, machst, macht, machen, macht, machen",A1,personal-info,024
goyal-a1-young-learners,,Übung 39,3,fill-in,Das Verb sein. Ergänze. — Die Weigels ___ die Eltern von Tina und Stefan.,,,,sind,A1,family,024
goyal-a1-young-learners,,Übung 40,3,fill-in,"Das Verb heißen. Ergänze. — Entschuldigung, wie ___ Sie? Ich ___ Monika Kaiser.",,,,heißen / heiße,A1,personal-info,024
goyal-a1-young-learners,,Übung 41,3,fill-in,"Das Verb wohnen. Ergänze. — ___ du in Bonn? Nein, ich ___ in Berlin.",,,,Wohnst / wohne,A1,personal-info,024
goyal-a1-young-learners,,Übung 38,4,fill-in,"Ergänze die Tabelle (Präsens: ich, du, er/sie/es, wir, ihr, sie/Sie). — Verb: spielen",,,,"spiele, spielst, spielt, spielen, spielt, spielen",A1,personal-info,024
goyal-a1-young-learners,,Übung 39,4,fill-in,Das Verb sein. Ergänze. — Das ___ mein Bruder und das ___ meine Schwester.,,,,ist / ist,A1,family,024
goyal-a1-young-learners,,Übung 40,4,fill-in,Das Verb heißen. Ergänze. — Die Eltern von Tina und Stefan ___ Peter und Renate.,,,,heißen,A1,family,024
goyal-a1-young-learners,,Übung 41,4,fill-in,"Das Verb wohnen. Ergänze. — ___ ihr in Frankfurt? Ja, wir ___ in Frankfurt.",,,,Wohnt / wohnen,A1,personal-info,024
goyal-a1-young-learners,,Übung 38,5,fill-in,"Ergänze die Tabelle (Präsens: ich, du, er/sie/es, wir, ihr, sie/Sie). — Verb: sein",,,,"bin, bist, ist, sind, seid, sind",A1,personal-info,024
goyal-a1-young-learners,,Übung 39,5,fill-in,Das Verb sein. Ergänze. — Wie viele Personen ___ ihr zu Hause?,,,,seid,A1,personal-info,024
goyal-a1-young-learners,,Übung 40,5,fill-in,Das Verb heißen. Ergänze. — Wie ___ der Bruder von Tina? Er ___ Stefan.,,,,heißt / heißt,A1,family,024
goyal-a1-young-learners,,Übung 41,5,fill-in,Das Verb wohnen. Ergänze. — Meine Freunde ___ in Innsbruck.,,,,wohnen,A1,personal-info,024
goyal-a1-young-learners,,Übung 39,6,fill-in,"Das Verb sein. Ergänze. — Entschuldigung, ___ Sie Frau Scholz? Nein, ich ___ Frau Schulz.",,,,sind / bin,A1,personal-info,024
goyal-a1-young-learners,,Übung 40,6,fill-in,Das Verb heißen. Ergänze. — Die Freunde von Tina und Stefan ___ Markus und Brigitte.,,,,heißen,A1,family,024
goyal-a1-young-learners,,Übung 41,6,fill-in,"Das Verb wohnen. Ergänze. — Petra ___ in Wien, aber ihre Schwester ___ in Salzburg.",,,,wohnt / wohnt,A1,personal-info,024
goyal-a1-young-learners,,Übung 42,1,fill-in,Ergänze die passenden Personalpronomen. — Peter ist der Bruder von Monika. ___ ist sympathisch.,,,,Er,A1,family,025
goyal-a1-young-learners,,Übung 43,1,fill-in,"Ersetze das Subjekt mit dem passenden Pronomen (er, sie). — Mein Vater (___) heißt Giovanni.",,,,er,A1,family,025
goyal-a1-young-learners,,Übung 44,1,matching,Er oder sie? Verbinde den Namen mit dem Pronomen. — Andreas,ER,SIE,,ER,A1,personal-info,025
goyal-a1-young-learners,,Übung 45,1,short-answer,Forme den Satz in einen Fragesatz um. — Herr Meier wohnt in München.,,,,Wohnt Herr Meier in München?,A1,personal-info,025
goyal-a1-young-learners,,Übung 46,1,short-answer,"Bilde Fragen mit Wer?, Wie? und Wo? — Das ist Thomas Weiß.",,,,Wer ist das?,A1,personal-info,025
goyal-a1-young-learners,,Übung 42,2,fill-in,Ergänze die passenden Personalpronomen. — Tina und Stefan sind Geschwister. ___ wohnen in Augsburg.,,,,Sie,A1,family,025
goyal-a1-young-learners,,Übung 43,2,fill-in,"Ersetze das Subjekt mit dem passenden Pronomen (er, sie). — Meine Mutter (___) heißt Angela.",,,,sie,A1,family,025
goyal-a1-young-learners,,Übung 44,2,matching,Er oder sie? Verbinde den Namen mit dem Pronomen. — Simone,ER,SIE,,SIE,A1,personal-info,025
goyal-a1-young-learners,,Übung 45,2,short-answer,Forme den Satz in einen Fragesatz um. — Sie wohnen in Berlin.,,,,Wohnen Sie in Berlin?,A1,personal-info,025
goyal-a1-young-learners,,Übung 46,2,short-answer,"Bilde Fragen mit Wer?, Wie? und Wo? — Graz liegt in Österreich.",,,,Wo liegt Graz?,A1,city-places,025
goyal-a1-young-learners,,Übung 42,3,fill-in,"Ergänze die passenden Personalpronomen. — Herr Böhm, wohnen ___ in Bonn? Nein, ___ wohne in Berlin.",,,,Sie / ich,A1,personal-info,025
goyal-a1-young-learners,,Übung 43,3,fill-in,"Ersetze das Subjekt mit dem passenden Pronomen (er, sie). — Meine Freunde (___) wohnen in Frankfurt.",,,,sie,A1,family,025
goyal-a1-young-learners,,Übung 44,3,matching,Er oder sie? Verbinde den Namen mit dem Pronomen. — Julia,ER,SIE,,SIE,A1,personal-info,025
goyal-a1-young-learners,,Übung 45,3,short-answer,Forme den Satz in einen Fragesatz um. — Deine Schwester heißt Karin.,,,,Heißt deine Schwester Karin?,A1,family,025
goyal-a1-young-learners,,Übung 46,3,short-answer,"Bilde Fragen mit Wer?, Wie? und Wo? — Mein Bruder heißt Patrick.",,,,Wie heißt dein Bruder?,A1,family,025
goyal-a1-young-learners,,Übung 42,4,fill-in,Ergänze die passenden Personalpronomen. — Du bist mein Bruder. ___ sind also Geschwister.,,,,Wir,A1,family,025
goyal-a1-young-learners,,Übung 43,4,fill-in,"Ersetze das Subjekt mit dem passenden Pronomen (er, sie). — Herr Meier (___) ist 44 Jahre alt.",,,,er,A1,personal-info,025
goyal-a1-young-learners,,Übung 44,4,matching,Er oder sie? Verbinde den Namen mit dem Pronomen. — Jutta,ER,SIE,,SIE,A1,personal-info,025
goyal-a1-young-learners,,Übung 45,4,short-answer,Forme den Satz in einen Fragesatz um. — Dein Bruder ist verheiratet.,,,,Ist dein Bruder verheiratet?,A1,family,025
goyal-a1-young-learners,,Übung 46,4,short-answer,"Bilde Fragen mit Wer?, Wie? und Wo? — Ich bin 13 Jahre alt.",,,,Wie alt bist du?,A1,personal-info,025
goyal-a1-young-learners,,Übung 42,5,fill-in,"Ergänze die passenden Personalpronomen. — Meine Oma ist schon 80, aber ___ ist noch sehr aktiv.",,,,sie,A1,family,025
goyal-a1-young-learners,,Übung 43,5,fill-in,"Ersetze das Subjekt mit dem passenden Pronomen (er, sie). — Frau Schulz (___) ist Sekretärin.",,,,sie,A1,profession,025
goyal-a1-young-learners,,Übung 44,5,matching,Er oder sie? Verbinde den Namen mit dem Pronomen. — Marcel,ER,SIE,,ER,A1,personal-info,025
goyal-a1-young-learners,,Übung 45,5,short-answer,Forme den Satz in einen Fragesatz um. — Tina ist die Schwester von Stefan.,,,,Ist Tina die Schwester von Stefan?,A1,family,025
goyal-a1-young-learners,,Übung 46,5,short-answer,"Bilde Fragen mit Wer?, Wie? und Wo? — Die Weigels wohnen in Augsburg.",,,,Wo wohnen die Weigels?,A1,city-places,025
goyal-a1-young-learners,,Übung 42,6,fill-in,"Ergänze die passenden Personalpronomen. — Tina, wie viele seid ___ zu Hause? ___ sind vier Personen.",,,,ihr / Wir,A1,family,025
goyal-a1-young-learners,,Übung 43,6,fill-in,"Ersetze das Subjekt mit dem passenden Pronomen (er, sie). — Meine Eltern (___) sind autoritär.",,,,sie,A1,family,025
goyal-a1-young-learners,,Übung 44,6,matching,Er oder sie? Verbinde den Namen mit dem Pronomen. — Uwe,ER,SIE,,ER,A1,personal-info,025
goyal-a1-young-learners,,Übung 45,6,short-answer,Forme den Satz in einen Fragesatz um. — Du hast einen Bruder.,,,,Hast du einen Bruder?,A1,family,025
goyal-a1-young-learners,,Übung 46,6,short-answer,"Bilde Fragen mit Wer?, Wie? und Wo? — Sylvia ist die Schwester von Susi.",,,,Wer ist die Schwester von Susi?,A1,family,025
goyal-a1-young-learners,,Übung 42,7,fill-in,Ergänze die passenden Personalpronomen. — Herr und Frau Weigel sind die Eltern von Tina. ___ sind verheiratet.,,,,Sie,A1,family,025
goyal-a1-young-learners,,Übung 44,7,matching,Er oder sie? Verbinde den Namen mit dem Pronomen. — Andrea,ER,SIE,,SIE,A1,personal-info,025
goyal-a1-young-learners,,Übung 45,7,short-answer,Forme den Satz in einen Fragesatz um. — Max ist Einzelkind.,,,,Ist Max Einzelkind?,A1,family,025
goyal-a1-young-learners,,Übung 46,7,short-answer,"Bilde Fragen mit Wer?, Wie? und Wo? — Ich bin der Vater von Stefan.",,,,Wer ist der Vater von Stefan?,A1,family,025
goyal-a1-young-learners,,Übung 42,8,fill-in,Ergänze die passenden Personalpronomen. — Ich habe einen Bruder. ___ heißt Alexander.,,,,Er,A1,family,025
goyal-a1-young-learners,,Übung 44,8,matching,Er oder sie? Verbinde den Namen mit dem Pronomen. — Gabriele,ER,SIE,,SIE,A1,personal-info,025
goyal-a1-young-learners,,Übung 45,8,short-answer,Forme den Satz in einen Fragesatz um. — Unser Deutschlehrer ist sympathisch.,,,,Ist unser Deutschlehrer sympathisch?,A1,personal-info,025
goyal-a1-young-learners,,Übung 46,8,short-answer,"Bilde Fragen mit Wer?, Wie? und Wo? — Meine E-Mail-Adresse ist timo@free.de.",,,,Wie ist deine E-Mail-Adresse?,A1,communication,025
goyal-a1-young-learners,,Übung 44,9,matching,Er oder sie? Verbinde den Namen mit dem Pronomen. — Jonas,ER,SIE,,ER,A1,personal-info,025
goyal-a1-young-learners,,Übung 47,1,short-answer,Stell die passende Frage. — Antwort: Ich bin Lisa Neumann.,,,,Wer bist du?,A1,personal-info,026
goyal-a1-young-learners,,Übung 48,1,ordering,"Bilde einen sinnvollen Satz. — in, meine Freunde, München, wohnen",,,,Meine Freunde wohnen in München.,A1,personal-info,026
goyal-a1-young-learners,,Übung 49,1,short-answer,Beantworte die Frage. — Wie heißt dein Bruder?,,,,(open-ended),A1,family,026
goyal-a1-young-learners,,Übung 50,1,fill-in,"Ergänze die Präpositionen in, bei, von. — Ich wohne ___ Monza. Das liegt ___ Mailand.",,,,in / bei,A1,city-places,026
goyal-a1-young-learners,,Übung 51,1,short-answer,Beantworte die Frage. — Wo wohnst du?,,,,(open-ended),A1,personal-info,026
goyal-a1-young-learners,,Übung 47,2,short-answer,"Stell die passende Frage. — Antwort: Nein, ich heiße Jakob.",,,,,A1,personal-info,026
goyal-a1-young-learners,,Übung 48,2,ordering,"Bilde einen sinnvollen Satz. — auch, in, wohne, ich, München",,,,Ich wohne auch in München.,A1,personal-info,026
goyal-a1-young-learners,,Übung 49,2,short-answer,Beantworte die Frage. — Wer wohnt in Augsburg?,,,,,A1,city-places,026
goyal-a1-young-learners,,Übung 50,2,fill-in,"Ergänze die Präpositionen in, bei, von. — Der Bruder ___ Karin heißt Felix.",,,,von,A1,family,026
goyal-a1-young-learners,,Übung 47,3,short-answer,"Stell die passende Frage. — Antwort: Ja, ich bin der Bruder von Markus.",,,,Bist du der Bruder von Markus?,A1,family,026
goyal-a1-young-learners,,Übung 48,3,ordering,"Bilde einen sinnvollen Satz. — Thomas, mein, ist, das, Freund",,,,Das ist mein Freund Thomas.,A1,personal-info,026
goyal-a1-young-learners,,Übung 49,3,short-answer,Beantworte die Frage. — Wo wohnt Frau Weiß?,,,,,A1,personal-info,026
goyal-a1-young-learners,,Übung 50,3,fill-in,"Ergänze die Präpositionen in, bei, von. — Hamburg liegt ___ Norddeutschland.",,,,in,A1,city-places,026
goyal-a1-young-learners,,Übung 47,4,short-answer,Stell die passende Frage. — Antwort: Er ist 15 Jahre alt.,,,,Wie alt ist er?,A1,personal-info,026
goyal-a1-young-learners,,Übung 48,4,ordering,"Bilde einen sinnvollen Satz. — Brigitte, die, von, Tina, ist, Freundin",,,,Brigitte ist die Freundin von Tina.,A1,family,026
goyal-a1-young-learners,,Übung 49,4,short-answer,Beantworte die Frage. — Wie alt bist du?,,,,(open-ended),A1,personal-info,026
goyal-a1-young-learners,,Übung 50,4,fill-in,"Ergänze die Präpositionen in, bei, von. — Bist du der Freund ___ Anna?",,,,von,A1,personal-info,026
goyal-a1-young-learners,,Übung 47,5,short-answer,Stell die passende Frage. — Antwort: Das ist mein Onkel Georg.,,,,Wer ist das?,A1,family,026
goyal-a1-young-learners,,Übung 48,5,ordering,"Bilde einen sinnvollen Satz. — zu Hause, Personen, wir, vier, sind",,,,Wir sind vier Personen zu Hause.,A1,family,026
goyal-a1-young-learners,,Übung 49,5,short-answer,Beantworte die Frage. — Hast du Geschwister?,,,,(open-ended),A1,family,026
goyal-a1-young-learners,,Übung 50,5,fill-in,"Ergänze die Präpositionen in, bei, von. — Die Handynummer ___ Amelie ist 179/2965420.",,,,von,A1,communication,026
goyal-a1-young-learners,,Übung 47,6,short-answer,Stell die passende Frage. — Antwort: Wir wohnen in Frankfurt.,,,,Wo wohnt ihr?,A1,city-places,026
goyal-a1-young-learners,,Übung 48,6,ordering,"Bilde einen sinnvollen Satz. — Freund, Stefan, von, der, Markus, heißt",,,,Der Freund von Stefan heißt Markus.,A1,personal-info,026
goyal-a1-young-learners,,Übung 49,6,short-answer,Beantworte die Frage. — Wie ist deine E-Mail-Adresse?,,,,(open-ended),A1,communication,026
goyal-a1-young-learners,,Übung 50,6,fill-in,"Ergänze die Präpositionen in, bei, von. — Augsburg liegt ___ Süddeutschland, ___ München.",,,,in / bei,A1,city-places,026
goyal-a1-young-learners,,Übung 47,7,short-answer,Stell die passende Frage. — Antwort: Wir sind fünf Personen zu Hause.,,,,Wie viele Personen seid ihr zu Hause?,A1,family,026
goyal-a1-young-learners,,Übung 48,7,ordering,"Bilde einen sinnvollen Satz. — Vater, 44, alt, ist, Jahre, mein",,,,Mein Vater ist 44 Jahre alt.,A1,family,026
goyal-a1-young-learners,,Übung 49,7,short-answer,Beantworte die Frage. — Ist dein Onkel verheiratet?,,,,(open-ended),A1,family,026
goyal-a1-young-learners,,Übung 50,7,fill-in,"Ergänze die Präpositionen in, bei, von. — Wie heißen die Eltern ___ Tina?",,,,von,A1,family,026
goyal-a1-young-learners,,Übung 47,8,short-answer,"Stell die passende Frage. — Antwort: Nein, sie wohnt in Berlin.",,,,,A1,personal-info,026
goyal-a1-young-learners,,Übung 48,8,ordering,"Bilde einen sinnvollen Satz. — Hanau, Frankfurt, bei, liegt",,,,Hanau liegt bei Frankfurt.,A1,city-places,026
goyal-a1-young-learners,,Übung 49,8,short-answer,Beantworte die Frage. — Wer heißt Klaus?,,,,,A1,personal-info,026
goyal-a1-young-learners,,Übung 50,8,fill-in,"Ergänze die Präpositionen in, bei, von. — Wohnst du vielleicht ___ München?",,,,in,A1,city-places,026
goyal-a1-young-learners,vocabulary,Übung 52,1,fill-in,Der oder die? Ergänze. — Das ist ___ Vater von Monika.,,,,der,A1,family,027
goyal-a1-young-learners,vocabulary,Übung 53,1,fill-in,Der oder die? Ergänze. — Das ist ___ Opa von Martin.,,,,der,A1,family,027
goyal-a1-young-learners,,Übung 54,1,fill-in,"Mein, meine? Er, sie? Ergänze. — ___ Vater heißt Klaus. ___ ist 45.",,,,Mein / Er,A1,family,027
goyal-a1-young-learners,,Übung 55,1,fill-in,"Dein, deine? Er, sie? Ergänze. — Heißt ___ Mutter Julia? Nein, ___ heißt Jutta.",,,,deine / sie,A1,family,027
goyal-a1-young-learners,,Übung 51,2,short-answer,Beantworte die Frage. — Wo liegt Augsburg?,,,,In Süddeutschland.,A1,city-places,027
goyal-a1-young-learners,vocabulary,Übung 52,2,fill-in,Der oder die? Ergänze. — ___ Mutter von Markus heißt Klara.,,,,Die,A1,family,027
goyal-a1-young-learners,vocabulary,Übung 53,2,fill-in,Der oder die? Ergänze. — Das sind ___ Großeltern von Stefan und Tobias.,,,,die,A1,family,027
goyal-a1-young-learners,,Übung 54,2,fill-in,"Mein, meine? Er, sie? Ergänze. — ___ Schwester heißt Claudia. ___ ist 17.",,,,Meine / Sie,A1,family,027
goyal-a1-young-learners,,Übung 55,2,fill-in,"Dein, deine? Er, sie? Ergänze. — Heißt ___ Bruder Max? Nein, ___ heißt Alex.",,,,dein / er,A1,family,027
goyal-a1-young-learners,,Übung 51,3,short-answer,Beantworte die Frage. — Wo liegt Graz?,,,,In Österreich.,A1,city-places,027
goyal-a1-young-learners,vocabulary,Übung 52,3,fill-in,Der oder die? Ergänze. — Herr Weigel ist ___ Mann von Frau Weigel.,,,,der,A1,family,027
goyal-a1-young-learners,vocabulary,Übung 53,3,fill-in,Der oder die? Ergänze. — Wie heißen ___ Geschwister von Julia?,,,,die,A1,family,027
goyal-a1-young-learners,,Übung 54,3,fill-in,"Mein, meine? Er, sie? Ergänze. — ___ Freundin heißt Laura. ___ ist 13.",,,,Meine / Sie,A1,family,027
goyal-a1-young-learners,,Übung 55,3,fill-in,"Dein, deine? Er, sie? Ergänze. — Heißt ___ Schwester Anna? Nein, ___ heißt Karin.",,,,deine / sie,A1,family,027
goyal-a1-young-learners,,Übung 51,4,short-answer,Beantworte die Frage. — Liegt Hanau bei Frankfurt?,,,,"Ja, Hanau liegt bei Frankfurt.",A1,city-places,027
goyal-a1-young-learners,vocabulary,Übung 52,4,fill-in,Der oder die? Ergänze. — ___ Weigels wohnen in Augsburg.,,,,Die,A1,family,027
goyal-a1-young-learners,vocabulary,Übung 53,4,fill-in,Der oder die? Ergänze. — ___ Bruder von Thomas ist sehr nett.,,,,Der,A1,family,027
goyal-a1-young-learners,,Übung 54,4,fill-in,"Mein, meine? Er, sie? Ergänze. — ___ Bruder ist verheiratet. ___ wohnt in London.",,,,Mein / Er,A1,family,027
goyal-a1-young-learners,,Übung 55,4,fill-in,"Dein, deine? Er, sie? Ergänze. — Heißt ___ Onkel Franz? Nein, ___ heißt Fritz.",,,,dein / er,A1,family,027
goyal-a1-young-learners,,Übung 51,5,short-answer,Beantworte die Frage. — Wer ist Stefan?,,,,Stefan ist der Bruder von Tina.,A1,family,027
goyal-a1-young-learners,vocabulary,Übung 52,5,fill-in,Der oder die? Ergänze. — ___ Eltern von Stefan sind sympathisch.,,,,Die,A1,family,027
goyal-a1-young-learners,vocabulary,Übung 53,5,fill-in,Der oder die? Ergänze. — ___ Vater von Max ist sehr autoritär.,,,,Der,A1,family,027
goyal-a1-young-learners,,Übung 54,5,fill-in,"Mein, meine? Er, sie? Ergänze. — ___ Oma ist 80. ___ ist noch sehr dynamisch.",,,,Meine / Sie,A1,family,027
goyal-a1-young-learners,,Übung 55,5,fill-in,"Dein, deine? Er, sie? Ergänze. — Heißt ___ Oma Helga? Nein, ___ heißt Emma.",,,,deine / sie,A1,family,027
goyal-a1-young-learners,,Übung 51,6,short-answer,Beantworte die Frage. — Ist Brigitte die Freundin von Tina?,,,,"Ja, Brigitte ist die Freundin von Tina.",A1,family,027
goyal-a1-young-learners,vocabulary,Übung 52,6,fill-in,Der oder die? Ergänze. — Ich bin ___ Bruder von Sarah.,,,,der,A1,family,027
goyal-a1-young-learners,vocabulary,Übung 53,6,fill-in,Der oder die? Ergänze. — Ich bin ___ Freund von Timo.,,,,der,A1,family,027
goyal-a1-young-learners,,Übung 54,6,fill-in,"Mein, meine? Er, sie? Ergänze. — ___ Eltern sind geschieden. ___ wohnen nicht mehr zusammen.",,,,Meine / Sie,A1,family,027
goyal-a1-young-learners,,Übung 55,6,fill-in,"Dein, deine? Er, sie? Ergänze. — Heißt ___ Vater Peter? Nein, ___ heißt Paul.",,,,dein / er,A1,family,027
goyal-a1-young-learners,vocabulary,Übung 52,7,fill-in,Der oder die? Ergänze. — Tina ist ___ Schwester von Stefan.,,,,die,A1,family,027
goyal-a1-young-learners,vocabulary,Übung 53,7,fill-in,Der oder die? Ergänze. — Und ich bin ___ Freundin von Tina.,,,,die,A1,family,027
goyal-a1-young-learners,vocabulary,Übung 52,8,fill-in,Der oder die? Ergänze. — ___ Onkel von Patrick heißt Georg.,,,,Der,A1,family,027
goyal-a1-young-learners,vocabulary,Übung 53,8,fill-in,Der oder die? Ergänze. — Wie heißt ___ Tante von Petra?,,,,die,A1,family,027
goyal-a1-young-learners,speaking,Übung 56A,1,short-answer,"Hör zu und antworte wie im Beispiel (Ja, das ist Stefan.). — Wer ist das? Stefan?",,,,"Ja, das ist Stefan.",A1,family,028
goyal-a1-young-learners,speaking,Übung 56B,1,short-answer,"Hör zu und antworte wie im Beispiel (Ja, ich bin 12.). — Wie alt bist du? 12?",,,,"Ja, ich bin 12.",A1,personal-info,028
goyal-a1-young-learners,speaking,Übung 56C,1,short-answer,"Hör zu und antworte wie im Beispiel (Ja, ich habe einen Bruder.). — Hast du einen Bruder?",,,,"Ja, ich habe einen Bruder.",A1,family,028
goyal-a1-young-learners,speaking,Übung 56D,1,short-answer,"Hör zu und antworte wie im Beispiel (Nein, ich wohne in München.). — Wohnst du in Berlin? (München)",,,,"Nein, ich wohne in München.",A1,personal-info,028
goyal-a1-young-learners,speaking,Übung 57,1,speaking-task,Hör zu und wiederhole die Sätze mit der richtigen Intonation.,,,,(open-ended),A1,personal-info,028
goyal-a1-young-learners,speaking,Übung 56A,2,short-answer,"Hör zu und antworte wie im Beispiel (Ja, das ist Stefan.). — Wer ist das? Tina?",,,,"Ja, das ist Tina.",A1,family,028
goyal-a1-young-learners,speaking,Übung 56B,2,short-answer,"Hör zu und antworte wie im Beispiel (Ja, ich bin 12.). — Wie alt ist Patrick? 13?",,,,"Ja, er ist 13.",A1,personal-info,028
goyal-a1-young-learners,speaking,Übung 56C,2,short-answer,"Hör zu und antworte wie im Beispiel (Ja, ich habe einen Bruder.). — Hast du eine Schwester?",,,,"Ja, ich habe eine Schwester.",A1,family,028
goyal-a1-young-learners,speaking,Übung 56D,2,short-answer,"Hör zu und antworte wie im Beispiel (Nein, ich wohne in München.). — Wohnt Karl in Bonn? (Hamburg)",,,,"Nein, er wohnt in Hamburg.",A1,personal-info,028
goyal-a1-young-learners,speaking,Übung 56A,3,short-answer,"Hör zu und antworte wie im Beispiel (Ja, das ist Stefan.). — Wer ist das? Herr Meier?",,,,"Ja, das ist Herr Meier.",A1,personal-info,028
goyal-a1-young-learners,speaking,Übung 56B,3,short-answer,"Hör zu und antworte wie im Beispiel (Ja, ich bin 12.). — Wie alt ist Herr Schulz? 38?",,,,"Ja, er ist 38.",A1,personal-info,028
goyal-a1-young-learners,speaking,Übung 56C,3,short-answer,"Hör zu und antworte wie im Beispiel (Ja, ich habe einen Bruder.). — Hast du einen Onkel?",,,,"Ja, ich habe einen Onkel.",A1,family,028
goyal-a1-young-learners,speaking,Übung 56D,3,short-answer,"Hör zu und antworte wie im Beispiel (Nein, ich wohne in München.). — Wohnt Frau Weigel in München? (Augsburg)",,,,"Nein, sie wohnt in Augsburg.",A1,personal-info,028
goyal-a1-young-learners,speaking,Übung 56A,4,short-answer,"Hör zu und antworte wie im Beispiel (Ja, das ist Stefan.). — Wer ist das? Dein Vater?",,,,"Ja, das ist mein Vater.",A1,family,028
goyal-a1-young-learners,speaking,Übung 56B,4,short-answer,"Hör zu und antworte wie im Beispiel (Ja, ich bin 12.). — Wie alt ist deine Oma? 76?",,,,"Ja, sie ist 76.",A1,family,028
goyal-a1-young-learners,speaking,Übung 56C,4,short-answer,"Hör zu und antworte wie im Beispiel (Ja, ich habe einen Bruder.). — Hast du eine Tante?",,,,"Ja, ich habe eine Tante.",A1,family,028
goyal-a1-young-learners,speaking,Übung 56D,4,short-answer,"Hör zu und antworte wie im Beispiel (Nein, ich wohne in München.). — Wohnen die Meiers in Köln? (Nürnberg)",,,,"Nein, sie wohnen in Nürnberg.",A1,personal-info,028
goyal-a1-young-learners,speaking,Übung 56A,5,short-answer,"Hör zu und antworte wie im Beispiel (Ja, das ist Stefan.). — Wer ist das? Deine Schwester?",,,,"Ja, das ist meine Schwester.",A1,family,028
goyal-a1-young-learners,speaking,Übung 56B,5,short-answer,"Hör zu und antworte wie im Beispiel (Ja, ich bin 12.). — Wie alt sind Sie, Herr Böhm? 34?",,,,"Ja, ich bin 34.",A1,personal-info,028
goyal-a1-young-learners,speaking,Übung 56C,5,short-answer,"Hör zu und antworte wie im Beispiel (Ja, ich habe einen Bruder.). — Hast du einen Cousin?",,,,"Ja, ich habe einen Cousin.",A1,family,028
goyal-a1-young-learners,speaking,Übung 56D,5,short-answer,"Hör zu und antworte wie im Beispiel (Nein, ich wohne in München.). — Wohnt ihr in Mainz? (Frankfurt)",,,,"Nein, wir wohnen in Frankfurt.",A1,personal-info,028
goyal-a1-young-learners,vocabulary,Übung 1,1,matching,Ordne die Gegenstände den richtigen Zahlen zu. — Nr. 1 (Wortliste: der Stuhl – der CD-Player – der Tisch – das Bücherregal – das Sofa – die Lampe – der Fernseher – die Vase – der Teppich – das Bild),,,,der Tisch,A1,home,037
goyal-a1-young-learners,vocabulary,Übung 1,10,matching,Ordne die Gegenstände den richtigen Zahlen zu. — Nr. 10 (Wortliste: der Stuhl – der CD-Player – der Tisch – das Bücherregal – das Sofa – die Lampe – der Fernseher – die Vase – der Teppich – das Bild),,,,,A1,home,037
goyal-a1-young-learners,vocabulary,Übung 1,2,matching,Ordne die Gegenstände den richtigen Zahlen zu. — Nr. 2 (Wortliste: der Stuhl – der CD-Player – der Tisch – das Bücherregal – das Sofa – die Lampe – der Fernseher – die Vase – der Teppich – das Bild),,,,,A1,home,037
goyal-a1-young-learners,vocabulary,Übung 1,3,matching,Ordne die Gegenstände den richtigen Zahlen zu. — Nr. 3 (Wortliste: der Stuhl – der CD-Player – der Tisch – das Bücherregal – das Sofa – die Lampe – der Fernseher – die Vase – der Teppich – das Bild),,,,,A1,home,037
goyal-a1-young-learners,vocabulary,Übung 1,4,matching,Ordne die Gegenstände den richtigen Zahlen zu. — Nr. 4 (Wortliste: der Stuhl – der CD-Player – der Tisch – das Bücherregal – das Sofa – die Lampe – der Fernseher – die Vase – der Teppich – das Bild),,,,,A1,home,037
goyal-a1-young-learners,vocabulary,Übung 1,5,matching,Ordne die Gegenstände den richtigen Zahlen zu. — Nr. 5 (Wortliste: der Stuhl – der CD-Player – der Tisch – das Bücherregal – das Sofa – die Lampe – der Fernseher – die Vase – der Teppich – das Bild),,,,,A1,home,037
goyal-a1-young-learners,vocabulary,Übung 1,6,matching,Ordne die Gegenstände den richtigen Zahlen zu. — Nr. 6 (Wortliste: der Stuhl – der CD-Player – der Tisch – das Bücherregal – das Sofa – die Lampe – der Fernseher – die Vase – der Teppich – das Bild),,,,,A1,home,037
goyal-a1-young-learners,vocabulary,Übung 1,7,matching,Ordne die Gegenstände den richtigen Zahlen zu. — Nr. 7 (Wortliste: der Stuhl – der CD-Player – der Tisch – das Bücherregal – das Sofa – die Lampe – der Fernseher – die Vase – der Teppich – das Bild),,,,,A1,home,037
goyal-a1-young-learners,vocabulary,Übung 1,8,matching,Ordne die Gegenstände den richtigen Zahlen zu. — Nr. 8 (Wortliste: der Stuhl – der CD-Player – der Tisch – das Bücherregal – das Sofa – die Lampe – der Fernseher – die Vase – der Teppich – das Bild),,,,,A1,home,037
goyal-a1-young-learners,vocabulary,Übung 1,9,matching,Ordne die Gegenstände den richtigen Zahlen zu. — Nr. 9 (Wortliste: der Stuhl – der CD-Player – der Tisch – das Bücherregal – das Sofa – die Lampe – der Fernseher – die Vase – der Teppich – das Bild),,,,,A1,home,037
goyal-a1-young-learners,writing,Übung 2,1,short-answer,Antworte mit nein und kein wie im Beispiel. — Ist das ein Schrank? (Bild: rotes Würfelregal mit Büchern),,,,"Nein, das ist kein Schrank. Das ist ein Bücherregal.",A1,home,038
goyal-a1-young-learners,writing,Übung 3,1,matching,Verbinde die Gegenstände mit ihren Pronomen. — der Tisch,,,,er,A1,home,038
goyal-a1-young-learners,writing,Übung 3,10,matching,Verbinde die Gegenstände mit ihren Pronomen. — das Bild,,,,es,A1,home,038
goyal-a1-young-learners,writing,Übung 3,11,matching,Verbinde die Gegenstände mit ihren Pronomen. — das Wohnzimmer,,,,es,A1,home,038
goyal-a1-young-learners,writing,Übung 3,12,matching,Verbinde die Gegenstände mit ihren Pronomen. — das Bücherregal,,,,es,A1,home,038
goyal-a1-young-learners,writing,Übung 2,2,short-answer,Antworte mit nein und kein wie im Beispiel. — Ist das ein Sofa? (Bild: Holzbett),,,,"Nein, das ist kein Sofa. Das ist ein Bett.",A1,home,038
goyal-a1-young-learners,writing,Übung 3,2,matching,Verbinde die Gegenstände mit ihren Pronomen. — die Küche,,,,sie,A1,home,038
goyal-a1-young-learners,writing,Übung 2,3,short-answer,Antworte mit nein und kein wie im Beispiel. — Ist das ein Fernseher? (Bild: Computermonitor mit Tower und Maus),,,,"Nein, das ist kein Fernseher. Das ist ein Computer.",A1,home,038
goyal-a1-young-learners,writing,Übung 3,3,matching,Verbinde die Gegenstände mit ihren Pronomen. — das Sofa,,,,es,A1,home,038
goyal-a1-young-learners,writing,Übung 2,4,short-answer,Antworte mit nein und kein wie im Beispiel. — Ist das ein Tisch? (Bild: grüner Bürostuhl),,,,"Nein, das ist kein Tisch. Das ist ein Stuhl.",A1,home,038
goyal-a1-young-learners,writing,Übung 3,4,matching,Verbinde die Gegenstände mit ihren Pronomen. — der Fernseher,,,,er,A1,home,038
goyal-a1-young-learners,writing,Übung 2,5,short-answer,Antworte mit nein und kein wie im Beispiel. — Ist das eine Vase? (Bild: gelbe Schreibtischlampe),,,,"Nein, das ist keine Vase. Das ist eine Lampe.",A1,home,038
goyal-a1-young-learners,writing,Übung 3,5,matching,Verbinde die Gegenstände mit ihren Pronomen. — die Dusche,,,,sie,A1,home,038
goyal-a1-young-learners,writing,Übung 2,6,short-answer,Antworte mit nein und kein wie im Beispiel. — Ist das ein CD-Player? (Bild: Flachbildfernseher mit Landschaft),,,,"Nein, das ist kein CD-Player. Das ist ein Fernseher.",A1,home,038
goyal-a1-young-learners,writing,Übung 3,6,matching,Verbinde die Gegenstände mit ihren Pronomen. — der Stuhl,,,,er,A1,home,038
goyal-a1-young-learners,writing,Übung 3,7,matching,Verbinde die Gegenstände mit ihren Pronomen. — das Bett,,,,es,A1,home,038
goyal-a1-young-learners,writing,Übung 3,8,matching,Verbinde die Gegenstände mit ihren Pronomen. — der Garten,,,,er,A1,home,038
goyal-a1-young-learners,writing,Übung 3,9,matching,Verbinde die Gegenstände mit ihren Pronomen. — die Vase,,,,sie,A1,home,038
goyal-a1-young-learners,writing,Übung 4,1,writing-task,"Kreuz an und schreib einen kurzen Text: Wo wohnst du? (Wohnform, Lage, Größe, Ausstattung ankreuzen und einen kurzen Text mit Ich wohne … schreiben)",,,,(open-ended),A1,home,039
goyal-a1-young-learners,listening,Übung 5,1,matching,"Hör zu, verbinde die passenden Teile und bilde dann Sätze wie im Beispiel. — das Bad (Adjektive: gemütlich / klein / praktisch / groß / nützlich / nicht sehr groß / sehr schön)",,,,nicht sehr groß,A1,home,040
goyal-a1-young-learners,speaking,Übung 6,1,speaking-task,Bilde kurze Dialoge mit den Wörtern aus Übung 5. (Beispiel: Wie ist das Bad? – Es ist nicht sehr groß.),,,,(open-ended),A1,home,040
goyal-a1-young-learners,writing,Übung 7,1,short-answer,Beantworte die Fragen mit den vorgegebenen Adjektiven (schön – modern – toll – hell – wunderschön – fantastisch – gemütlich – praktisch – klein – groß). — Wie findest du meine Wohnung?,,,,Ich finde deine Wohnung wunderschön.,A1,home,040
goyal-a1-young-learners,listening,Übung 5,2,matching,"Hör zu, verbinde die passenden Teile und bilde dann Sätze wie im Beispiel. — der Garten (Adjektive: gemütlich / klein / praktisch / groß / nützlich / nicht sehr groß / sehr schön)",,,,,A1,home,040
goyal-a1-young-learners,writing,Übung 7,2,short-answer,Beantworte die Fragen mit den vorgegebenen Adjektiven (schön – modern – toll – hell – wunderschön – fantastisch – gemütlich – praktisch – klein – groß). — Wie findest du meinen Garten?,,,,(open-ended),A1,home,040
goyal-a1-young-learners,listening,Übung 5,3,matching,"Hör zu, verbinde die passenden Teile und bilde dann Sätze wie im Beispiel. — die Küche (Adjektive: gemütlich / klein / praktisch / groß / nützlich / nicht sehr groß / sehr schön)",,,,,A1,home,040
goyal-a1-young-learners,writing,Übung 7,3,short-answer,Beantworte die Fragen mit den vorgegebenen Adjektiven (schön – modern – toll – hell – wunderschön – fantastisch – gemütlich – praktisch – klein – groß). — Wie findest du meine Küche?,,,,(open-ended),A1,home,040
goyal-a1-young-learners,listening,Übung 5,4,matching,"Hör zu, verbinde die passenden Teile und bilde dann Sätze wie im Beispiel. — das Arbeitszimmer (Adjektive: gemütlich / klein / praktisch / groß / nützlich / nicht sehr groß / sehr schön)",,,,,A1,home,040
goyal-a1-young-learners,writing,Übung 7,4,short-answer,Beantworte die Fragen mit den vorgegebenen Adjektiven (schön – modern – toll – hell – wunderschön – fantastisch – gemütlich – praktisch – klein – groß). — Wie findest du mein Wohnzimmer?,,,,(open-ended),A1,home,040
goyal-a1-young-learners,listening,Übung 5,5,matching,"Hör zu, verbinde die passenden Teile und bilde dann Sätze wie im Beispiel. — das Schlafzimmer (Adjektive: gemütlich / klein / praktisch / groß / nützlich / nicht sehr groß / sehr schön)",,,,,A1,home,040
goyal-a1-young-learners,writing,Übung 7,5,short-answer,Beantworte die Fragen mit den vorgegebenen Adjektiven (schön – modern – toll – hell – wunderschön – fantastisch – gemütlich – praktisch – klein – groß). — Wie findest du meinen Computer?,,,,(open-ended),A1,home,040
goyal-a1-young-learners,listening,Übung 5,6,matching,"Hör zu, verbinde die passenden Teile und bilde dann Sätze wie im Beispiel. — das Wohnzimmer (Adjektive: gemütlich / klein / praktisch / groß / nützlich / nicht sehr groß / sehr schön)",,,,,A1,home,040
goyal-a1-young-learners,writing,Übung 7,6,short-answer,Beantworte die Fragen mit den vorgegebenen Adjektiven (schön – modern – toll – hell – wunderschön – fantastisch – gemütlich – praktisch – klein – groß). — Wie findest du mein Sofa?,,,,(open-ended),A1,home,040
goyal-a1-young-learners,listening,Übung 5,7,matching,"Hör zu, verbinde die passenden Teile und bilde dann Sätze wie im Beispiel. — der Abstellraum (Adjektive: gemütlich / klein / praktisch / groß / nützlich / nicht sehr groß / sehr schön)",,,,,A1,home,040
goyal-a1-young-learners,writing,Übung 7,7,short-answer,Beantworte die Fragen mit den vorgegebenen Adjektiven (schön – modern – toll – hell – wunderschön – fantastisch – gemütlich – praktisch – klein – groß). — Wie findest du meinen Schreibtisch?,,,,(open-ended),A1,home,040
goyal-a1-young-learners,writing,Übung 7,8,short-answer,Beantworte die Fragen mit den vorgegebenen Adjektiven (schön – modern – toll – hell – wunderschön – fantastisch – gemütlich – praktisch – klein – groß). — Wie findest du meine Lampe?,,,,(open-ended),A1,home,040
goyal-a1-young-learners,reading,Übung 8a,1,true-false,Lies Patricks Beschreibung von seinem Zimmer. Richtig (R) oder falsch (F)? — Patrick teilt das Zimmer mit seiner Schwester Sonja.,Richtig,Falsch,,Falsch,A1,home,041
goyal-a1-young-learners,writing,Übung 8b,1,writing-task,"Wie sieht dein Zimmer aus? Beschreibe es. (Leitfragen zu Zimmer teilen, Größe, Möbel, Aktivitäten helfen dabei.)",,,,(open-ended),A1,home,041
goyal-a1-young-learners,reading,Übung 8a,2,true-false,Lies Patricks Beschreibung von seinem Zimmer. Richtig (R) oder falsch (F)? — Patrick findet sein Zimmer in Ordnung.,Richtig,Falsch,,Richtig,A1,home,041
goyal-a1-young-learners,reading,Übung 8a,3,true-false,Lies Patricks Beschreibung von seinem Zimmer. Richtig (R) oder falsch (F)? — Patricks Zimmer ist sehr groß.,Richtig,Falsch,,Falsch,A1,home,041
goyal-a1-young-learners,reading,Übung 8a,4,true-false,Lies Patricks Beschreibung von seinem Zimmer. Richtig (R) oder falsch (F)? — Patrick hat nicht viel Platz in seinem Zimmer.,Richtig,Falsch,,Falsch,A1,home,041
goyal-a1-young-learners,reading,Übung 8a,5,true-false,Lies Patricks Beschreibung von seinem Zimmer. Richtig (R) oder falsch (F)? — Patrick macht Hausaufgaben in seinem Zimmer.,Richtig,Falsch,,Richtig,A1,home,041
goyal-a1-young-learners,writing,Übung 9,1,fill-in,Tinas Zimmer. Ergänze die fehlenden Wörter (Schule – gefällt – Computer – Kleiderschrank – viele E-Mails – bequem – Hausaufgaben – liebe – surfe – Schrank). — Mein Zimmer ___ mir sehr gut.,,,,gefällt,A1,home,042
goyal-a1-young-learners,listening,Übung 11,1,fill-in,"Herr Schwarz sucht eine neue Wohnung und geht in ein Maklerbüro. Hör den Dialog an und hilf der Angestellten, das Formular (FRANZ Immobilien AG) auszufüllen: Kunde, Haustyp, Anzahl der Zimmer, Ausstattung, Miete/Monat.",,,,,A1,home,042
goyal-a1-young-learners,writing,Übung 9,10,fill-in,Tinas Zimmer. Ergänze die fehlenden Wörter (Schule – gefällt – Computer – Kleiderschrank – viele E-Mails – bequem – Hausaufgaben – liebe – surfe – Schrank). — Es ist groß und sehr ___.,,,,bequem,A1,home,042
goyal-a1-young-learners,writing,Übung 9,2,fill-in,"Tinas Zimmer. Ergänze die fehlenden Wörter (Schule – gefällt – Computer – Kleiderschrank – viele E-Mails – bequem – Hausaufgaben – liebe – surfe – Schrank). — Hier mache ich meine ___,",,,,Hausaufgaben,A1,home,042
goyal-a1-young-learners,writing,Übung 9,3,fill-in,"Tinas Zimmer. Ergänze die fehlenden Wörter (Schule – gefällt – Computer – Kleiderschrank – viele E-Mails – bequem – Hausaufgaben – liebe – surfe – Schrank). — lerne für die ___,",,,,Schule,A1,home,042
goyal-a1-young-learners,writing,Übung 9,4,fill-in,Tinas Zimmer. Ergänze die fehlenden Wörter (Schule – gefällt – Computer – Kleiderschrank – viele E-Mails – bequem – Hausaufgaben – liebe – surfe – Schrank). — Ich habe auch einen ___ mit Internetanschluss.,,,,Computer,A1,home,042
goyal-a1-young-learners,writing,Übung 9,5,fill-in,Tinas Zimmer. Ergänze die fehlenden Wörter (Schule – gefällt – Computer – Kleiderschrank – viele E-Mails – bequem – Hausaufgaben – liebe – surfe – Schrank). — Ich ___ im Internet,,,,surfe,A1,home,042
goyal-a1-young-learners,writing,Übung 9,6,fill-in,Tinas Zimmer. Ergänze die fehlenden Wörter (Schule – gefällt – Computer – Kleiderschrank – viele E-Mails – bequem – Hausaufgaben – liebe – surfe – Schrank). — und schicke meinen Freunden und Freundinnen ___.,,,,viele E-Mails,A1,home,042
goyal-a1-young-learners,writing,Übung 9,7,fill-in,Tinas Zimmer. Ergänze die fehlenden Wörter (Schule – gefällt – Computer – Kleiderschrank – viele E-Mails – bequem – Hausaufgaben – liebe – surfe – Schrank). — Ich habe einen ___.,,,,Kleiderschrank,A1,home,042
goyal-a1-young-learners,writing,Übung 9,8,fill-in,"Tinas Zimmer. Ergänze die fehlenden Wörter (Schule – gefällt – Computer – Kleiderschrank – viele E-Mails – bequem – Hausaufgaben – liebe – surfe – Schrank). — Meine Mutter sagt aber, der ___ ist ok.",,,,Schrank,A1,home,042
goyal-a1-young-learners,writing,Übung 9,9,fill-in,Tinas Zimmer. Ergänze die fehlenden Wörter (Schule – gefällt – Computer – Kleiderschrank – viele E-Mails – bequem – Hausaufgaben – liebe – surfe – Schrank). — Ich ___ mein Bett!,,,,liebe,A1,home,042
goyal-a1-young-learners,writing,Übung 12,1,writing-task,Biete den verschiedenen Personen etwas zu trinken an. — Herr Weigel (Bild: Tasse Kaffee),,,,"Herr Weigel, was möchten Sie trinken? Eine Tasse Kaffee?",A1,food,043
goyal-a1-young-learners,writing,Übung 13,1,writing-task,Schreibe kurze Dialoge. — Glas Mineralwasser durchgestrichen / Dose Cola,,,,"Trinkst du ein Glas Mineralwasser? – Nein, ich trinke lieber eine Dose Cola.",A1,food,043
goyal-a1-young-learners,writing,Übung 12,2,writing-task,Biete den verschiedenen Personen etwas zu trinken an. — Stefan (Bild: Dose Cola),,,,(open-ended),A1,food,043
goyal-a1-young-learners,writing,Übung 13,2,writing-task,Schreibe kurze Dialoge. — Tasse Tee durchgestrichen / Tasse Kaffee,,,,(open-ended),A1,food,043
goyal-a1-young-learners,writing,Übung 12,3,writing-task,Biete den verschiedenen Personen etwas zu trinken an. — Herr Meier (Bild: Glas Bier),,,,(open-ended),A1,food,043
goyal-a1-young-learners,writing,Übung 13,3,writing-task,Schreibe kurze Dialoge. — Glas Bier durchgestrichen / Glas Rotwein,,,,(open-ended),A1,food,043
goyal-a1-young-learners,writing,Übung 12,4,writing-task,Biete den verschiedenen Personen etwas zu trinken an. — Frau Klein (Bild: Tasse Tee),,,,(open-ended),A1,food,043
goyal-a1-young-learners,writing,Übung 13,4,writing-task,Schreibe kurze Dialoge. — Dose Cola durchgestrichen / Dose Orangenlimonade,,,,(open-ended),A1,food,043
goyal-a1-young-learners,writing,Übung 12,5,writing-task,Biete den verschiedenen Personen etwas zu trinken an. — Martina (Bild: Wasserflasche),,,,(open-ended),A1,food,043
goyal-a1-young-learners,writing,Übung 13,5,writing-task,Schreibe kurze Dialoge. — Glas Rotwein durchgestrichen / Wasserflasche,,,,(open-ended),A1,food,043
goyal-a1-young-learners,writing,Übung 12,6,writing-task,Biete den verschiedenen Personen etwas zu trinken an. — Herr Weiß (Bild: Glas Rotwein),,,,(open-ended),A1,food,043
goyal-a1-young-learners,writing,Übung 14,1,fill-in,"Ergänze den Dialog (Wortbank: geht es, Tag, gut, möchten Sie, gern, bitte, danke). — Guten ___, Herr Becker.",,,,Tag,A1,communication,044
goyal-a1-young-learners,vocabulary,Übung 15,1,multiple-choice,Welches Wort passt nicht? — ein Glas,Wasser,Apfelsaft,Kaffee,Kaffee,A1,food,044
goyal-a1-young-learners,,Übung 16,1,matching,Verbinde die Fragen mit den passenden Antworten. — Ein Glas Mineralwasser?,,,,"e. Ja, ein Glas Wasser trinke ich gern.",A1,mixed,044
goyal-a1-young-learners,writing,Übung 14,2,fill-in,"Ergänze den Dialog (Wortbank: geht es, Tag, gut, möchten Sie, gern, bitte, danke). — Wie ___ Ihnen?",,,,geht es,A1,communication,044
goyal-a1-young-learners,vocabulary,Übung 15,2,multiple-choice,Welches Wort passt nicht? — eine Tasse,Tee,Kaffee,Bier,Bier,A1,food,044
goyal-a1-young-learners,,Übung 16,2,matching,Verbinde die Fragen mit den passenden Antworten. — Was trinken Sie? Ein Glas Wein?,,,,"d. Nein, danke, ich trinke keinen Alkohol.",A1,mixed,044
goyal-a1-young-learners,writing,Übung 14,3,fill-in,"Ergänze den Dialog (Wortbank: geht es, Tag, gut, möchten Sie, gern, bitte, danke). — Gut, ___. Und Ihnen?",,,,danke,A1,communication,044
goyal-a1-young-learners,vocabulary,Übung 15,3,multiple-choice,Welches Wort passt nicht? — eine Flasche,Bier,Schokolade,Wein,Schokolade,A1,food,044
goyal-a1-young-learners,,Übung 16,3,matching,Verbinde die Fragen mit den passenden Antworten. — Möchtest du einen Apfelsaft?,,,,"b. Nein, ich möchte lieber eine Limonade.",A1,mixed,044
goyal-a1-young-learners,writing,Übung 14,4,fill-in,"Ergänze den Dialog (Wortbank: geht es, Tag, gut, möchten Sie, gern, bitte, danke). — Herr Becker, ___ etwas trinken?",,,,möchten Sie,A1,communication,044
goyal-a1-young-learners,vocabulary,Übung 15,4,multiple-choice,Welches Wort passt nicht? — eine Dose,Cola,Bier,Wein,Wein,A1,food,044
goyal-a1-young-learners,,Übung 16,4,matching,"Verbinde die Fragen mit den passenden Antworten. — Wie geht's dir, Markus?",,,,"f. Gut, danke.",A1,mixed,044
goyal-a1-young-learners,writing,Übung 14,5,fill-in,"Ergänze den Dialog (Wortbank: geht es, Tag, gut, möchten Sie, gern, bitte, danke). — Ja, ___. Eine Tasse Kaffee, bitte.",,,,gern,A1,communication,044
goyal-a1-young-learners,,Übung 16,5,matching,Verbinde die Fragen mit den passenden Antworten. — Was möchtest du trinken?,,,,"a. Ich möchte eine Cola, bitte.",A1,mixed,044
goyal-a1-young-learners,,Übung 16,6,matching,"Verbinde die Fragen mit den passenden Antworten. — Geht's Ihnen gut, Herr Kohl?",,,,"c. Ja, mir geht's sehr gut.",A1,mixed,044
goyal-a1-young-learners,writing,Übung 17,1,writing-task,Was sagen Tina und Brigitte? — Sprechblase 1 (zwei Mädchen mit einem Kätzchen im Garten),,,,(open-ended),A1,hobby,045
goyal-a1-young-learners,writing,Übung 18,1,writing-task,"Bilde Sätze, die einen Sinn ergeben. (Satzbaukasten: Ich/Rita/Meine Freunde/Du/Wir + haben-Form + Artikel + Tier: Hund, Goldfische, Pferd, Hamster, Katze, Kanarienvögel, Kaninchen, Maus …)",,,,(open-ended),A1,hobby,045
goyal-a1-young-learners,writing,Übung 17,2,writing-task,Was sagen Tina und Brigitte? — Sprechblase 2,,,,(open-ended),A1,hobby,045
goyal-a1-young-learners,writing,Übung 19,1,short-answer,"Finde heraus, wer welches Tier besitzt, und beantworte die Fragen wie im Beispiel. — Hat Eva einen Kanarienvogel?",,,,,A1,hobby,046
goyal-a1-young-learners,reading,Übung 20a,1,fill-in,Melanie erzählt von ihrem Hund. Lies und ergänze. — Melanie ist ___ Jahre alt.,,,,15,A1,hobby,046
goyal-a1-young-learners,writing,Übung 20b,1,writing-task,Stelle nach dem Muster von oben kurz ein anderes Haustier vor.,,,,(open-ended),A1,hobby,046
goyal-a1-young-learners,writing,Übung 19,2,short-answer,"Finde heraus, wer welches Tier besitzt, und beantworte die Fragen wie im Beispiel. — Hat Lukas ein Pferd?",,,,,A1,hobby,046
goyal-a1-young-learners,reading,Übung 20a,2,fill-in,Melanie erzählt von ihrem Hund. Lies und ergänze. — Sie liebt ___ .,,,,Tiere,A1,hobby,046
goyal-a1-young-learners,writing,Übung 19,3,short-answer,"Finde heraus, wer welches Tier besitzt, und beantworte die Fragen wie im Beispiel. — Hat Daniel einen Papagei?",,,,,A1,hobby,046
goyal-a1-young-learners,reading,Übung 20a,3,fill-in,Melanie erzählt von ihrem Hund. Lies und ergänze. — Sie hat ___ ___ .,,,,einen Hund,A1,hobby,046
goyal-a1-young-learners,writing,Übung 19,4,short-answer,"Finde heraus, wer welches Tier besitzt, und beantworte die Fragen wie im Beispiel. — Hat Julian einen Hund?",,,,,A1,hobby,046
goyal-a1-young-learners,reading,Übung 20a,4,fill-in,Melanie erzählt von ihrem Hund. Lies und ergänze. — Er heißt ___,,,,Wolfi,A1,hobby,046
goyal-a1-young-learners,writing,Übung 19,5,short-answer,"Finde heraus, wer welches Tier besitzt, und beantworte die Fragen wie im Beispiel. — Hat Franziska einen Hamster?",,,,,A1,hobby,046
goyal-a1-young-learners,reading,Übung 20a,5,fill-in,Melanie erzählt von ihrem Hund. Lies und ergänze. — und ist ___ Jahre alt.,,,,zwei,A1,hobby,046
goyal-a1-young-learners,writing,Übung 19,6,short-answer,"Finde heraus, wer welches Tier besitzt, und beantworte die Fragen wie im Beispiel. — Hat Lisa einen Goldfisch?",,,,,A1,hobby,046
goyal-a1-young-learners,reading,Übung 20a,6,fill-in,Melanie erzählt von ihrem Hund. Lies und ergänze. — Melanie und ___ spielen jeden Tag zusammen.,,,,Wolfi,A1,hobby,046
goyal-a1-young-learners,reading,Übung 20a,7,fill-in,Melanie erzählt von ihrem Hund. Lies und ergänze. — Wolfi ___ Würste.,,,,mag,A1,hobby,046
goyal-a1-young-learners,writing,Übung 21,1,short-answer,Antworte wie im Beispiel. — Hast du einen Hund?,,,,Einen Hund? Ich habe viele Hunde!,A1,hobby,047
goyal-a1-young-learners,writing,Übung 22,1,matching,"Verbinde Land, Sprache und Hauptstadt und schreib Sätze wie im Beispiel. — Italien",,,,Sprache: Italienisch; Hauptstadt: Rom,A1,personal-info,047
goyal-a1-young-learners,writing,Übung 21,2,short-answer,Antworte wie im Beispiel. — Hast du eine Katze?,,,,Eine Katze? Ich habe viele Katzen!,A1,hobby,047
goyal-a1-young-learners,writing,Übung 22,2,matching,"Verbinde Land, Sprache und Hauptstadt und schreib Sätze wie im Beispiel. — Frankreich",,,,Sprache: Französisch; Hauptstadt: Paris,A1,personal-info,047
goyal-a1-young-learners,writing,Übung 21,3,short-answer,Antworte wie im Beispiel. — Hast du einen Goldfisch?,,,,Einen Goldfisch? Ich habe viele Goldfische!,A1,hobby,047
goyal-a1-young-learners,writing,Übung 22,3,matching,"Verbinde Land, Sprache und Hauptstadt und schreib Sätze wie im Beispiel. — Österreich",,,,Sprache: Deutsch; Hauptstadt: Wien,A1,personal-info,047
goyal-a1-young-learners,writing,Übung 21,4,short-answer,Antworte wie im Beispiel. — Hast du einen Hamster?,,,,Einen Hamster? Ich habe viele Hamster!,A1,hobby,047
goyal-a1-young-learners,writing,Übung 22,4,matching,"Verbinde Land, Sprache und Hauptstadt und schreib Sätze wie im Beispiel. — England",,,,Sprache: Englisch; Hauptstadt: London,A1,personal-info,047
goyal-a1-young-learners,writing,Übung 21,5,short-answer,Antworte wie im Beispiel. — Hast du ein Kaninchen?,,,,Ein Kaninchen? Ich habe viele Kaninchen!,A1,hobby,047
goyal-a1-young-learners,writing,Übung 22,5,matching,"Verbinde Land, Sprache und Hauptstadt und schreib Sätze wie im Beispiel. — Spanien",,,,Sprache: Spanisch; Hauptstadt: Madrid,A1,personal-info,047
goyal-a1-young-learners,writing,Übung 21,6,short-answer,Antworte wie im Beispiel. — Hast du einen Kanarienvogel?,,,,Einen Kanarienvogel? Ich habe viele Kanarienvögel!,A1,hobby,047
goyal-a1-young-learners,writing,Übung 22,6,matching,"Verbinde Land, Sprache und Hauptstadt und schreib Sätze wie im Beispiel. — Deutschland",,,,Sprache: Deutsch; Hauptstadt: Berlin,A1,personal-info,047
goyal-a1-young-learners,writing,Übung 21,7,short-answer,Antworte wie im Beispiel. — Hast du eine Schildkröte?,,,,Eine Schildkröte? Ich habe viele Schildkröten!,A1,hobby,047
goyal-a1-young-learners,writing,Übung 22,7,matching,"Verbinde Land, Sprache und Hauptstadt und schreib Sätze wie im Beispiel. — Schweiz",,,,Sprache: Deutsch/Französisch/Italienisch; Hauptstadt: Bern,A1,personal-info,047
goyal-a1-young-learners,writing,Übung 21,8,short-answer,Antworte wie im Beispiel. — Hast du ein Pferd?,,,,Ein Pferd? Ich habe viele Pferde!,A1,hobby,047
goyal-a1-young-learners,writing,Übung 22,8,matching,"Verbinde Land, Sprache und Hauptstadt und schreib Sätze wie im Beispiel. — Polen",,,,Sprache: Polnisch; Hauptstadt: Warschau,A1,personal-info,047
goyal-a1-young-learners,writing,Übung 22,9,matching,"Verbinde Land, Sprache und Hauptstadt und schreib Sätze wie im Beispiel. — Marokko",,,,Sprache: Arabisch; Hauptstadt: Rabat,A1,personal-info,047
goyal-a1-young-learners,writing,Übung 23,1,short-answer,Woher kommen die Schülerinnen und Schüler? — John: GB,,,,John kommt aus England.,A1,personal-info,048
goyal-a1-young-learners,speaking,Übung 24,1,speaking-task,Frag und antworte wie im Beispiel. — John (GB),,,,Woher kommt John? – Er kommt aus England. Was spricht er? – Er spricht Englisch.,A1,personal-info,048
goyal-a1-young-learners,writing,Übung 23,2,short-answer,Woher kommen die Schülerinnen und Schüler? — Miyuki: Jap,,,,Miyuki kommt aus Japan.,A1,personal-info,048
goyal-a1-young-learners,speaking,Übung 24,2,speaking-task,Frag und antworte wie im Beispiel. — Miyuki (Jap),,,,Woher kommt Miyuki? – Sie kommt aus Japan. Was spricht sie? – Sie spricht Japanisch.,A1,personal-info,048
goyal-a1-young-learners,writing,Übung 23,3,short-answer,Woher kommen die Schülerinnen und Schüler? — Marek: PL,,,,Marek kommt aus Polen.,A1,personal-info,048
goyal-a1-young-learners,speaking,Übung 24,3,speaking-task,Frag und antworte wie im Beispiel. — Marek (PL),,,,Woher kommt Marek? – Er kommt aus Polen. Was spricht er? – Er spricht Polnisch.,A1,personal-info,048
goyal-a1-young-learners,writing,Übung 23,4,short-answer,Woher kommen die Schülerinnen und Schüler? — Luca: I,,,,Luca kommt aus Italien.,A1,personal-info,048
goyal-a1-young-learners,speaking,Übung 24,4,speaking-task,Frag und antworte wie im Beispiel. — Luca (I),,,,Woher kommt Luca? – Er kommt aus Italien. Was spricht er? – Er spricht Italienisch.,A1,personal-info,048
goyal-a1-young-learners,writing,Übung 23,5,short-answer,Woher kommen die Schülerinnen und Schüler? — Marie Claire: F,,,,Marie Claire kommt aus Frankreich.,A1,personal-info,048
goyal-a1-young-learners,speaking,Übung 24,5,speaking-task,Frag und antworte wie im Beispiel. — Marie Claire (F),,,,Woher kommt Marie Claire? – Sie kommt aus Frankreich. Was spricht sie? – Sie spricht Französisch.,A1,personal-info,048
goyal-a1-young-learners,writing,Übung 23,6,short-answer,Woher kommen die Schülerinnen und Schüler? — Carmen: SP,,,,Carmen kommt aus Spanien.,A1,personal-info,048
goyal-a1-young-learners,speaking,Übung 24,6,speaking-task,Frag und antworte wie im Beispiel. — Carmen (SP),,,,Woher kommt Carmen? – Sie kommt aus Spanien. Was spricht sie? – Sie spricht Spanisch.,A1,personal-info,048
goyal-a1-young-learners,writing,Übung 23,7,short-answer,Woher kommen die Schülerinnen und Schüler? — Ali: TR,,,,Ali kommt aus der Türkei.,A1,personal-info,048
goyal-a1-young-learners,speaking,Übung 24,7,speaking-task,Frag und antworte wie im Beispiel. — Ali (TR),,,,Woher kommt Ali? – Er kommt aus der Türkei. Was spricht er? – Er spricht Türkisch.,A1,personal-info,048
goyal-a1-young-learners,writing,Übung 25,1,matching,"Bilde Sätze, die einen Sinn ergeben (Person + Land + Sprache). — François Bardot (Flagge Frankreich)",,,,François Bardot kommt aus Frankreich. Er spricht Französisch.,A1,personal-info,049
goyal-a1-young-learners,writing,Übung 26,1,matching,Verbinde die Personen mit ihrer Nationalität. Schreib Sätze wie im Beispiel. — Herr Bardot,,,,Franzose,A1,personal-info,049
goyal-a1-young-learners,writing,Übung 25,2,matching,"Bilde Sätze, die einen Sinn ergeben (Person + Land + Sprache). — Michael Schuster (Flagge Deutschland)",,,,Michael Schuster kommt aus Deutschland. Er spricht Deutsch.,A1,personal-info,049
goyal-a1-young-learners,writing,Übung 26,2,matching,Verbinde die Personen mit ihrer Nationalität. Schreib Sätze wie im Beispiel. — Herr Schuster,,,,Deutscher,A1,personal-info,049
goyal-a1-young-learners,writing,Übung 25,3,matching,"Bilde Sätze, die einen Sinn ergeben (Person + Land + Sprache). — Charles Prince (Flagge Großbritannien)",,,,Charles Prince kommt aus England. Er spricht Englisch.,A1,personal-info,049
goyal-a1-young-learners,writing,Übung 26,3,matching,Verbinde die Personen mit ihrer Nationalität. Schreib Sätze wie im Beispiel. — Herr Prince,,,,Engländer,A1,personal-info,049
goyal-a1-young-learners,writing,Übung 25,4,matching,"Bilde Sätze, die einen Sinn ergeben (Person + Land + Sprache). — Laura Caruso (Flagge Italien)",,,,Laura Caruso kommt aus Italien. Sie spricht Italienisch.,A1,personal-info,049
goyal-a1-young-learners,writing,Übung 26,4,matching,Verbinde die Personen mit ihrer Nationalität. Schreib Sätze wie im Beispiel. — Frau Caruso,,,,Italienerin,A1,personal-info,049
goyal-a1-young-learners,writing,Übung 25,5,matching,"Bilde Sätze, die einen Sinn ergeben (Person + Land + Sprache). — Heidi Egli (Flagge Schweiz)",,,,Heidi Egli kommt aus der Schweiz. Sie spricht Deutsch.,A1,personal-info,049
goyal-a1-young-learners,writing,Übung 26,5,matching,Verbinde die Personen mit ihrer Nationalität. Schreib Sätze wie im Beispiel. — Frau Egli,,,,Schweizerin,A1,personal-info,049
goyal-a1-young-learners,writing,Übung 25,6,matching,"Bilde Sätze, die einen Sinn ergeben (Person + Land + Sprache). — Julia Washington (Flagge USA)",,,,Julia Washington kommt aus den USA. Sie spricht Englisch.,A1,personal-info,049
goyal-a1-young-learners,writing,Übung 26,6,matching,Verbinde die Personen mit ihrer Nationalität. Schreib Sätze wie im Beispiel. — Frau Washington,,,,Amerikanerin,A1,personal-info,049
goyal-a1-young-learners,writing,Übung 25,7,matching,"Bilde Sätze, die einen Sinn ergeben (Person + Land + Sprache). — Antonio Bandas (Flagge Spanien)",,,,Antonio Bandas kommt aus Spanien. Er spricht Spanisch.,A1,personal-info,049
goyal-a1-young-learners,writing,Übung 26,7,matching,Verbinde die Personen mit ihrer Nationalität. Schreib Sätze wie im Beispiel. — Herr Bandas,,,,Spanier,A1,personal-info,049
goyal-a1-young-learners,writing,Übung 27,1,fill-in,"Ergänze den Dialog (Wortkästen: wo liegt, wo, woher, Türkisch, sprichst / komme, wohnt, Türkei, spreche, liegt). — Hallo Efer! ___ kommst du?",,,,Woher,A1,personal-info,050
goyal-a1-young-learners,listening,Übung 28,1,fill-in,"Hör die Interviews an und ergänze die Tabelle (Foto 1–3: Name, Herkunft, Wohnort, Sprachen).",,,,,A1,personal-info,050
goyal-a1-young-learners,writing,Übung 27,10,fill-in,"Ergänze den Dialog (Wortkästen: wo liegt, wo, woher, Türkisch, sprichst / komme, wohnt, Türkei, spreche, liegt). — Meine Mutter wohnt aber in der ___.",,,,Türkei,A1,personal-info,050
goyal-a1-young-learners,writing,Übung 27,2,fill-in,"Ergänze den Dialog (Wortkästen: wo liegt, wo, woher, Türkisch, sprichst / komme, wohnt, Türkei, spreche, liegt). — Ich ___ aus Denizli.",,,,komme,A1,personal-info,050
goyal-a1-young-learners,writing,Übung 27,3,fill-in,"Ergänze den Dialog (Wortkästen: wo liegt, wo, woher, Türkisch, sprichst / komme, wohnt, Türkei, spreche, liegt). — Denizli? ___ denn das?",,,,Wo liegt,A1,personal-info,050
goyal-a1-young-learners,writing,Übung 27,4,fill-in,"Ergänze den Dialog (Wortkästen: wo liegt, wo, woher, Türkisch, sprichst / komme, wohnt, Türkei, spreche, liegt). — Das ___ in der Türkei.",,,,liegt,A1,personal-info,050
goyal-a1-young-learners,writing,Übung 27,5,fill-in,"Ergänze den Dialog (Wortkästen: wo liegt, wo, woher, Türkisch, sprichst / komme, wohnt, Türkei, spreche, liegt). — Efer, sprichst du ___?",,,,Türkisch,A1,personal-info,050
goyal-a1-young-learners,writing,Übung 27,6,fill-in,"Ergänze den Dialog (Wortkästen: wo liegt, wo, woher, Türkisch, sprichst / komme, wohnt, Türkei, spreche, liegt). — Klar, aber ich ___ auch Deutsch.",,,,spreche,A1,personal-info,050
goyal-a1-young-learners,writing,Übung 27,7,fill-in,"Ergänze den Dialog (Wortkästen: wo liegt, wo, woher, Türkisch, sprichst / komme, wohnt, Türkei, spreche, liegt). — Ja, du ___ sehr gut Deutsch.",,,,sprichst,A1,personal-info,050
goyal-a1-young-learners,writing,Übung 27,8,fill-in,"Ergänze den Dialog (Wortkästen: wo liegt, wo, woher, Türkisch, sprichst / komme, wohnt, Türkei, spreche, liegt). — Efer, ___ wohnen deine Eltern?",,,,wo,A1,personal-info,050
goyal-a1-young-learners,writing,Übung 27,9,fill-in,"Ergänze den Dialog (Wortkästen: wo liegt, wo, woher, Türkisch, sprichst / komme, wohnt, Türkei, spreche, liegt). — Mein Vater ___ hier in Deutschland.",,,,wohnt,A1,personal-info,050
goyal-a1-young-learners,writing,Übung 29,1,short-answer,"Ergänze den Dialog — bilde die passende Frage zur Antwort: Ja, ich bin Herr Dupont.",,,,,A1,personal-info,051
goyal-a1-young-learners,listening,Übung 30,1,fill-in,Die Quizshow (Wer wird Millionär?). Hör zu und ergänze: Der Mann heißt ___ und kommt aus ___. Er wohnt in ___. Er arbeitet als ___. Seine Frau kommt aus ___. Er hat eine ___. Sie heißt ___. Sie spricht ___.,,,,,A1,personal-info,051
goyal-a1-young-learners,writing,Übung 29,2,short-answer,"Ergänze den Dialog — bilde die passende Frage zur Antwort: Ja, ich komme aus Frankreich.",,,,,A1,personal-info,051
goyal-a1-young-learners,writing,Übung 29,3,short-answer,"Ergänze den Dialog — bilde die passende Frage zur Antwort: Nein, ich wohne nicht in Paris.",,,,,A1,personal-info,051
goyal-a1-young-learners,writing,Übung 29,4,short-answer,Ergänze den Dialog — bilde die passende Frage zur Antwort: Ich wohne in Marseille.,,,,,A1,personal-info,051
goyal-a1-young-learners,writing,Übung 29,5,short-answer,Ergänze den Dialog — bilde die passende Frage zur Antwort: Natürlich spreche ich Französisch.,,,,,A1,personal-info,051
goyal-a1-young-learners,writing,Übung 29,6,short-answer,"Ergänze den Dialog — bilde die passende Frage zur Antwort: Ja, ich bin verheiratet.",,,,,A1,personal-info,051
goyal-a1-young-learners,writing,Übung 29,7,short-answer,"Ergänze den Dialog — bilde die passende Frage zur Antwort: Nein, meine Frau kommt aus Deutschland, aus Freiburg.",,,,,A1,personal-info,051
goyal-a1-young-learners,writing,Übung 29,8,short-answer,"Ergänze den Dialog — bilde die passende Frage zur Antwort: Ja, wir haben zwei Kinder.",,,,,A1,personal-info,051
goyal-a1-young-learners,writing,Übung 29,9,short-answer,Ergänze den Dialog — bilde die passende Frage zur Antwort: Natürlich! Sie sind zweisprachig.,,,,,A1,personal-info,051
goyal-a1-young-learners,,Übung 31,1,fill-in,Ergänze die Tabelle (Präsens). Konjugiere das Verb sprechen.,,,,"ich spreche, du sprichst, er/sie/es spricht, wir sprechen, ihr sprecht, sie/Sie sprechen",A1,mixed,052
goyal-a1-young-learners,,Übung 32,1,fill-in,Das Verb sprechen. Ergänze. — Luca kommt aus Italien. Er ___ Italienisch.,,,,spricht,A1,personal-info,052
goyal-a1-young-learners,,Übung 33,1,fill-in,"Das Verb haben. Ergänze. — ___ du Geschwister? Ja, ich ___ einen Bruder.",,,,Hast / habe,A1,mixed,052
goyal-a1-young-learners,,Übung 31,2,fill-in,Ergänze die Tabelle (Präsens). Konjugiere das Verb haben.,,,,"ich habe, du hast, er/sie/es hat, wir haben, ihr habt, sie/Sie haben",A1,mixed,052
goyal-a1-young-learners,,Übung 32,2,fill-in,Das Verb sprechen. Ergänze. — Ich ___ perfekt Englisch. Meine Mutter ist Engländerin.,,,,spreche,A1,personal-info,052
goyal-a1-young-learners,,Übung 33,2,fill-in,Das Verb haben. Ergänze. — Daniel ___ einen Hund und zwei Goldfische.,,,,hat,A1,mixed,052
goyal-a1-young-learners,,Übung 31,3,fill-in,Ergänze die Tabelle (Präsens). Konjugiere das Verb kommen.,,,,"ich komme, du kommst, er/sie/es kommt, wir kommen, ihr kommt, sie/Sie kommen",A1,mixed,052
goyal-a1-young-learners,,Übung 32,3,fill-in,"Das Verb sprechen. Ergänze. — Thomas, Max, ___ ihr Spanisch? Nein, aber wir ___ Englisch und ein bisschen Französisch.",,,,sprecht / sprechen,A1,personal-info,052
goyal-a1-young-learners,,Übung 33,3,fill-in,"Das Verb haben. Ergänze. — Petra, Claudia, ___ ihr Haustiere? Nein, wir ___ leider keine.",,,,habt / haben,A1,mixed,052
goyal-a1-young-learners,,Übung 31,4,fill-in,Ergänze die Tabelle (Präsens). Konjugiere das Verb trinken.,,,,"ich trinke, du trinkst, er/sie/es trinkt, wir trinken, ihr trinkt, sie/Sie trinken",A1,mixed,052
goyal-a1-young-learners,,Übung 32,4,fill-in,"Das Verb sprechen. Ergänze. — Frau Hoffmann, ___ Sie Englisch?",,,,sprechen,A1,personal-info,052
goyal-a1-young-learners,,Übung 33,4,fill-in,Das Verb haben. Ergänze. — Wer ___ ein Pferd? Florian. Er ___ sogar zwei Pferde.,,,,hat / hat,A1,mixed,052
goyal-a1-young-learners,,Übung 32,5,fill-in,Das Verb sprechen. Ergänze. — Hanna und Tina lernen schon drei Jahre Russisch. Sie ___ gut Russisch.,,,,sprechen,A1,personal-info,052
goyal-a1-young-learners,,Übung 33,5,fill-in,"Das Verb haben. Ergänze. — Herr Lehmann, ___ Sie Kinder? Ja, ich ___ einen Sohn.",,,,haben / habe,A1,mixed,052
goyal-a1-young-learners,,Übung 32,6,fill-in,"Das Verb sprechen. Ergänze. — Was ___ du? Ich ___ Italienisch, Englisch und ein bisschen Deutsch.",,,,sprichst / spreche,A1,personal-info,052
goyal-a1-young-learners,,Übung 33,6,fill-in,"Das Verb haben. Ergänze. — Lara, ___ du einen Freund? Ich ___ viele Freunde!",,,,hast / habe,A1,mixed,052
goyal-a1-young-learners,,Übung 32,7,fill-in,Das Verb sprechen. Ergänze. — Wer ___ Japanisch? Niemand ___ Japanisch.,,,,spricht / spricht,A1,personal-info,052
goyal-a1-young-learners,,Übung 33,7,fill-in,Das Verb haben. Ergänze. — Wie viele Tanten ___ du? Ich ___ nur eine Tante.,,,,hast / habe,A1,mixed,052
goyal-a1-young-learners,,Übung 33,8,fill-in,"Das Verb haben. Ergänze. — Frau Müller, Sie ___ eine Tochter, nicht wahr?",,,,haben,A1,mixed,052
goyal-a1-young-learners,,Übung 34,1,fill-in,"Das Verb trinken. Ergänze. — Herr Seidel, ___ Sie eine Tasse Kaffee? Ja, eine Tasse Kaffee ___ ich immer gern.",,,,trinken / trinke,A1,food,053
goyal-a1-young-learners,,Übung 35,1,fill-in,Ergänze die Tabelle. Konjugiere das Verb mögen.,,,,"ich mag, du magst, er/sie/es mag, wir mögen, ihr mögt, sie/Sie mögen",A1,mixed,053
goyal-a1-young-learners,,Übung 36,1,fill-in,"Das Verb mögen. Ergänze. — ___ du Tiere? Ja, ich ___ Tiere sehr.",,,,Magst / mag,A1,mixed,053
goyal-a1-young-learners,,Übung 37,1,fill-in,Ergänze die Tabelle. Konjugiere die Form möchte(n).,,,,"ich möchte, du möchtest, er/sie/es möchte, wir möchten, ihr möchtet, sie/Sie möchten",A1,food,053
goyal-a1-young-learners,,Übung 38,1,fill-in,"Die Form möchte(n). Ergänze. — Frau Weigel, was ___ Sie trinken?",,,,möchten,A1,food,053
goyal-a1-young-learners,,Übung 34,2,fill-in,Das Verb trinken. Ergänze. — Was ___ der Opa? Er ___ ein Bier.,,,,trinkt / trinkt,A1,food,053
goyal-a1-young-learners,,Übung 36,2,fill-in,Das Verb mögen. Ergänze. — Mein Hund ___ Würste sehr.,,,,mag,A1,mixed,053
goyal-a1-young-learners,,Übung 38,2,fill-in,Die Form möchte(n). Ergänze. — Ich ___ eine Tasse Kaffee.,,,,möchte,A1,food,053
goyal-a1-young-learners,,Übung 34,3,fill-in,"Das Verb trinken. Ergänze. — Was ___ wir? Cola, Mineralwasser oder Apfelsaft?",,,,trinken,A1,food,053
goyal-a1-young-learners,,Übung 36,3,fill-in,Das Verb mögen. Ergänze. — Meine Eltern ___ keine Haustiere. Deshalb habe ich keine!,,,,mögen,A1,mixed,053
goyal-a1-young-learners,,Übung 38,3,fill-in,"Die Form möchte(n). Ergänze. — Und du, Julia? Was ___ du?",,,,möchtest,A1,food,053
goyal-a1-young-learners,,Übung 34,4,fill-in,Das Verb trinken. Ergänze. — Ich ___ einen Apfelsaft. ___ du auch einen Apfelsaft?,,,,trinke / Trinkst,A1,food,053
goyal-a1-young-learners,,Übung 36,4,fill-in,Das Verb mögen. Ergänze. — Wir Kinder ___ keinen Salat und keine Karotten.,,,,mögen,A1,mixed,053
goyal-a1-young-learners,,Übung 38,4,fill-in,"Die Form möchte(n). Ergänze. — Ich ___ einen Apfelsaft, bitte.",,,,möchte,A1,food,053
goyal-a1-young-learners,,Übung 34,5,fill-in,"Das Verb trinken. Ergänze. — ___ ihr ein Glas Chianti? Nein, danke, wir ___ keinen Alkohol.",,,,Trinkt / trinken,A1,food,053
goyal-a1-young-learners,,Übung 36,5,fill-in,Das Verb mögen. Ergänze. — Unsere Katze Ikarus ___ Milch sehr.,,,,mag,A1,mixed,053
goyal-a1-young-learners,,Übung 38,5,fill-in,"Die Form möchte(n). Ergänze. — Max, Alex, was ___ ihr trinken?",,,,möchtet,A1,food,053
goyal-a1-young-learners,,Übung 34,6,fill-in,"Das Verb trinken. Ergänze. — Oma, ___ du einen Kamillentee? Nein, danke. Ich ___ ein Gläschen Whisky.",,,,trinkst / trinke,A1,food,053
goyal-a1-young-learners,,Übung 36,6,fill-in,"Das Verb mögen. Ergänze. — Frau Neumann, ___ Sie Hunde? Natürlich, ich ___ Hunde sehr!",,,,mögen / mag,A1,mixed,053
goyal-a1-young-learners,,Übung 38,6,fill-in,"Die Form möchte(n). Ergänze. — Wir ___ gern Cola oder Mineralwasser, bitte.",,,,möchten,A1,food,053
goyal-a1-young-learners,,Übung 38,7,fill-in,Die Form möchte(n). Ergänze. — Was ___ Tobias? Er ___ eine Cola.,,,,möchte / möchte,A1,food,053
goyal-a1-young-learners,,Übung 38,8,fill-in,"Die Form möchte(n). Ergänze. — ___ ihr etwas trinken? Nein danke, wir haben keinen Durst.",,,,Möchtet,A1,food,053
goyal-a1-young-learners,,Übung 39,1,fill-in,Wer? oder Was? Ergänze. — ___ trinkst du?,,,,Was,A1,mixed,054
goyal-a1-young-learners,,Übung 40,1,short-answer,"Bilde die passenden Fragen. — Antwort: Ich trinke nichts, danke.",,,,Was trinkst du?,A1,mixed,054
goyal-a1-young-learners,,Übung 41,1,fill-in,"Der, die oder das? Ergänze. — ___ Wohnzimmer ist gemütlich.",,,,das,A1,home,054
goyal-a1-young-learners,,Übung 42,1,fill-in,Bestimmter oder unbestimmter Artikel? Ergänze. — Das ist ___ Sofa von IDEA. ___ Sofa ist sehr bequem.,,,,ein / Das,A1,home,054
goyal-a1-young-learners,,Übung 43,1,fill-in,"Ergänze: Wie geht's dir? oder Wie geht's Ihnen? — Hallo, Jakob!",,,,Wie geht's dir?,A1,communication,054
goyal-a1-young-learners,,Übung 39,2,fill-in,Wer? oder Was? Ergänze. — ___ spricht man in der Schweiz?,,,,Was,A1,mixed,054
goyal-a1-young-learners,,Übung 40,2,short-answer,Bilde die passenden Fragen. — Antwort: Die Weigels wohnen in Augsburg.,,,,Wer wohnt in Augsburg?,A1,mixed,054
goyal-a1-young-learners,,Übung 41,2,fill-in,"Der, die oder das? Ergänze. — ___ Bett ist sehr bequem.",,,,das,A1,home,054
goyal-a1-young-learners,,Übung 42,2,fill-in,Bestimmter oder unbestimmter Artikel? Ergänze. — Das ist ___ PC von TECHNO. ___ PC hat 256 MB RAM.,,,,ein / Der,A1,home,054
goyal-a1-young-learners,,Übung 43,2,fill-in,"Ergänze: Wie geht's dir? oder Wie geht's Ihnen? — Guten Tag, Herr Lange!",,,,Wie geht's Ihnen?,A1,communication,054
goyal-a1-young-learners,,Übung 39,3,fill-in,Wer? oder Was? Ergänze. — ___ ist dein Bruder?,,,,Wer,A1,mixed,054
goyal-a1-young-learners,,Übung 40,3,short-answer,Bilde die passenden Fragen. — Antwort: Fatima kommt aus Istanbul.,,,,Wer kommt aus Istanbul?,A1,mixed,054
goyal-a1-young-learners,,Übung 41,3,fill-in,"Der, die oder das? Ergänze. — ___ Bad ist klein.",,,,das,A1,home,054
goyal-a1-young-learners,,Übung 42,3,fill-in,Bestimmter oder unbestimmter Artikel? Ergänze. — Das ist ___ Lampe von NETTY. ___ Lampe ist modern.,,,,eine / Die,A1,home,054
goyal-a1-young-learners,,Übung 43,3,fill-in,"Ergänze: Wie geht's dir? oder Wie geht's Ihnen? — Tag, Susi!",,,,Wie geht's dir?,A1,communication,054
goyal-a1-young-learners,,Übung 39,4,fill-in,Wer? oder Was? Ergänze. — ___ wohnt in Augsburg?,,,,Wer,A1,mixed,054
goyal-a1-young-learners,,Übung 40,4,short-answer,Bilde die passenden Fragen. — Antwort: Meine Katze mag Milch sehr.,,,,Was mag deine Katze?,A1,mixed,054
goyal-a1-young-learners,,Übung 41,4,fill-in,"Der, die oder das? Ergänze. — ___ Computer ist wirklich toll.",,,,der,A1,home,054
goyal-a1-young-learners,,Übung 42,4,fill-in,Bestimmter oder unbestimmter Artikel? Ergänze. — Das ist ___ Bild von Picasso. ___ Bild ist sehr originell.,,,,ein / Das,A1,home,054
goyal-a1-young-learners,,Übung 43,4,fill-in,"Ergänze: Wie geht's dir? oder Wie geht's Ihnen? — Grüß dich, Andreas!",,,,Wie geht's dir?,A1,communication,054
goyal-a1-young-learners,,Übung 39,5,fill-in,Wer? oder Was? Ergänze. — ___ spricht Stefan?,,,,Was,A1,mixed,054
goyal-a1-young-learners,,Übung 40,5,short-answer,Bilde die passenden Fragen. — Antwort: Florian spricht Russisch.,,,,Wer spricht Russisch?,A1,mixed,054
goyal-a1-young-learners,,Übung 41,5,fill-in,"Der, die oder das? Ergänze. — ___ Vase kommt aus Marokko.",,,,die,A1,home,054
goyal-a1-young-learners,,Übung 42,5,fill-in,Bestimmter oder unbestimmter Artikel? Ergänze. — Das ist ___ Vase von PRIXA. ___ Vase kostet nur 19 Euro.,,,,eine / Die,A1,home,054
goyal-a1-young-learners,,Übung 43,5,fill-in,"Ergänze: Wie geht's dir? oder Wie geht's Ihnen? — Guten Morgen, Herr Direktor!",,,,Wie geht's Ihnen?,A1,communication,054
goyal-a1-young-learners,,Übung 39,6,fill-in,Wer? oder Was? Ergänze. — ___ kommt aus Italien?,,,,Wer,A1,mixed,054
goyal-a1-young-learners,,Übung 40,6,short-answer,Bilde die passenden Fragen. — Antwort: Er spricht Deutsch und Englisch.,,,,Was spricht er?,A1,mixed,054
goyal-a1-young-learners,,Übung 41,6,fill-in,"Der, die oder das? Ergänze. — ___ Fernseher ist leider kaputt.",,,,der,A1,home,054
goyal-a1-young-learners,,Übung 42,6,fill-in,Bestimmter oder unbestimmter Artikel? Ergänze. — Das ist ___ Küche von PRATIKA. ___ Küche ist sehr praktisch.,,,,eine / Die,A1,home,054
goyal-a1-young-learners,,Übung 43,6,fill-in,"Ergänze: Wie geht's dir? oder Wie geht's Ihnen? — Grüß Gott, Frau Meier!",,,,Wie geht's Ihnen?,A1,communication,054
goyal-a1-young-learners,,Übung 41,7,fill-in,"Der, die oder das? Ergänze. — ___ Schrank ist modern.",,,,der,A1,home,054
goyal-a1-young-learners,,Übung 42,7,fill-in,Bestimmter oder unbestimmter Artikel? Ergänze. — Das ist ___ Tisch von ILEA. ___ Tisch ist groß.,,,,ein / Der,A1,home,054
goyal-a1-young-learners,,Übung 41,8,fill-in,"Der, die oder das? Ergänze. — ___ Lampe ist altmodisch.",,,,die,A1,home,054
goyal-a1-young-learners,,Übung 42,8,fill-in,Bestimmter oder unbestimmter Artikel? Ergänze. — Das ist ___ Handy von KONYA. ___ Handy kostet nur 99 Euro.,,,,ein / Das,A1,home,054
goyal-a1-young-learners,,Übung 44,1,fill-in,"Stefan, wie geht's ___?",,,,dir,A1,health,055
goyal-a1-young-learners,,Übung 45,1,fill-in,Hast du ___ Hund?,,,,einen,A1,hobby,055
goyal-a1-young-learners,,Übung 46,1,fill-in,"Trinkst du ___ Tasse Kaffee? Nein, danke, lieber ___ Glas Wasser.",,,,eine / ein,A1,food,055
goyal-a1-young-learners,,Übung 47,1,fill-in,Das Sofa von IDEA ist sehr bequem. Ich möchte auch so ___ Sofa.,,,,ein,A1,home,055
goyal-a1-young-learners,,Übung 48,1,fill-in,Ich habe ___ Bruder.,,,,einen,A1,family,055
goyal-a1-young-learners,,Übung 48,10,fill-in,"Ich bin Einzelkind, aber ich möchte so gern ___ Schwester haben.",,,,eine,A1,family,055
goyal-a1-young-learners,,Übung 44,2,fill-in,Heute geht's ___ nicht so gut. Ich habe Kopfschmerzen.,,,,mir,A1,health,055
goyal-a1-young-learners,,Übung 45,2,fill-in,Ich habe ___ Maus.,,,,eine,A1,hobby,055
goyal-a1-young-learners,,Übung 46,2,fill-in,"Ich trinke ___ Bier. Du auch? Nein, ich trinke ___ Apfelsaft.",,,,ein / einen,A1,food,055
goyal-a1-young-learners,,Übung 47,2,fill-in,Der PC von TECHNO hat 4 GB. Ich möchte auch so ___ PC.,,,,einen,A1,home,055
goyal-a1-young-learners,,Übung 48,2,fill-in,Martina hat ___ Schwester.,,,,eine,A1,family,055
goyal-a1-young-learners,,Übung 44,3,fill-in,"Frau Bauer, wie geht's ___?",,,,Ihnen,A1,health,055
goyal-a1-young-learners,,Übung 45,3,fill-in,Peter hat ___ Katze und ___ Goldfisch.,,,,eine / einen,A1,hobby,055
goyal-a1-young-learners,,Übung 46,3,fill-in,Die Oma trinkt ___ Kamillentee.,,,,einen,A1,food,055
goyal-a1-young-learners,,Übung 47,3,fill-in,Die Lampe von NETTY ist sehr modern. Ich möchte auch so ___ Lampe.,,,,eine,A1,home,055
goyal-a1-young-learners,,Übung 48,3,fill-in,Wir haben ___ Opa und ___ Oma.,,,,einen / eine,A1,family,055
goyal-a1-young-learners,,Übung 44,4,fill-in,"Guten Morgen, Herr Wolf. Wie geht's ___ heute?",,,,Ihnen,A1,health,055
goyal-a1-young-learners,,Übung 45,4,fill-in,Tina möchte gern ___ Hamster haben.,,,,einen,A1,hobby,055
goyal-a1-young-learners,,Übung 46,4,fill-in,Der Opa trinkt ___ Gläschen Whisky.,,,,ein,A1,food,055
goyal-a1-young-learners,,Übung 47,4,fill-in,Das Bild von Picasso ist sehr originell. Ich möchte auch so ___ Bild.,,,,ein,A1,home,055
goyal-a1-young-learners,,Übung 48,4,fill-in,Die Müllers haben ___ Kind.,,,,ein,A1,family,055
goyal-a1-young-learners,,Übung 44,5,fill-in,"Mutti, es geht ___ so schlecht. Ich gehe ins Bett.",,,,mir,A1,health,055
goyal-a1-young-learners,,Übung 45,5,fill-in,"Was? Du hast ___ Pferd? Ja, und ich habe auch ___ Kuh.",,,,ein / eine,A1,hobby,055
goyal-a1-young-learners,,Übung 46,5,fill-in,Ich kaufe ___ Flasche Mineralwasser und ___ Dose Cola.,,,,eine / eine,A1,food,055
goyal-a1-young-learners,,Übung 47,5,fill-in,Die Vase von PRIXA ist nicht teuer. Ich möchte auch so ___ Vase.,,,,eine,A1,home,055
goyal-a1-young-learners,,Übung 48,5,fill-in,Frau Hahn hat ___ Tochter und ___ Sohn.,,,,eine / einen,A1,family,055
goyal-a1-young-learners,,Übung 44,6,fill-in,"Karin, wie geht's ___? Hoffentlich besser.",,,,dir,A1,health,055
goyal-a1-young-learners,,Übung 45,6,fill-in,Ich mag Vögel. Ich habe ___ Kanarienvogel und ___ Papagei.,,,,einen / einen,A1,hobby,055
goyal-a1-young-learners,,Übung 46,6,fill-in,"Möchtest du ___ Tasse Tee? Ja, gern.",,,,eine,A1,food,055
goyal-a1-young-learners,,Übung 47,6,fill-in,Die Küche von PRATIKA ist sehr praktisch. Ich möchte auch so ___ Küche.,,,,eine,A1,home,055
goyal-a1-young-learners,,Übung 48,6,fill-in,Ich habe ___ Cousin.,,,,einen,A1,family,055
goyal-a1-young-learners,,Übung 47,7,fill-in,Der Tisch von ILEA ist sehr groß. Ich möchte auch so ___ Tisch.,,,,einen,A1,home,055
goyal-a1-young-learners,,Übung 48,7,fill-in,"Tina hat ___ Bruder, ___ Cousin und ___ Cousine.",,,,einen / einen / eine,A1,family,055
goyal-a1-young-learners,,Übung 47,8,fill-in,Das Handy von KONYA kostet nur €99. Ich möchte auch so ___ Handy.,,,,ein,A1,home,055
goyal-a1-young-learners,,Übung 48,8,fill-in,Ich habe nur ___ Onkel.,,,,einen,A1,family,055
goyal-a1-young-learners,,Übung 48,9,fill-in,Mein Bruder ist verheiratet und hat ___ Sohn.,,,,einen,A1,family,055
goyal-a1-young-learners,,Übung 49,1,fill-in,Ich wohne in Saarbrücken. ___?,,,,Wo?,A1,personal-info,056
goyal-a1-young-learners,,Übung 50,1,fill-in,___ wohnst du? Ich wohne ___ Bonn.,,,,Wo / in,A1,personal-info,056
goyal-a1-young-learners,,Übung 51,1,fill-in,Wie ist der Computer? Toll?,,,,"Nein, er ist nicht toll.",A1,home,056
goyal-a1-young-learners,,Übung 52,1,fill-in,Ist das ein Sofa?,,,,"Nein, das ist kein Sofa.",A1,home,056
goyal-a1-young-learners,,Übung 49,2,fill-in,Francesco kommt aus Cuneo. ___?,,,,Woher?,A1,personal-info,056
goyal-a1-young-learners,,Übung 50,2,fill-in,___ kommst du? Ich komme ___ Italien.,,,,Woher / aus,A1,personal-info,056
goyal-a1-young-learners,,Übung 51,2,fill-in,Wie ist das Sofa? Bequem?,,,,"Nein, es ist nicht bequem.",A1,home,056
goyal-a1-young-learners,,Übung 52,2,fill-in,Ist das ein Bett?,,,,"Nein, das ist kein Bett.",A1,home,056
goyal-a1-young-learners,,Übung 49,3,fill-in,Herr Sprüngli kommt aus Schwyz. ___?,,,,Woher?,A1,personal-info,056
goyal-a1-young-learners,,Übung 50,3,fill-in,___ kommt Herr Martinez? Er kommt ___ Spanien.,,,,Woher / aus,A1,personal-info,056
goyal-a1-young-learners,,Übung 51,3,fill-in,Wie ist der Garten? Groß?,,,,"Nein, er ist nicht groß.",A1,home,056
goyal-a1-young-learners,,Übung 52,3,fill-in,Ist das ein Hund?,,,,"Nein, das ist kein Hund.",A1,hobby,056
goyal-a1-young-learners,,Übung 49,4,fill-in,Ich arbeite in Landshut. ___?,,,,Wo?,A1,personal-info,056
goyal-a1-young-learners,,Übung 50,4,fill-in,___ wohnt Herr Martinez jetzt? Er wohnt ___ Augsburg.,,,,Wo / in,A1,personal-info,056
goyal-a1-young-learners,,Übung 51,4,fill-in,Wie ist die Lampe? Modern?,,,,"Nein, sie ist nicht modern.",A1,home,056
goyal-a1-young-learners,,Übung 52,4,fill-in,Ist das ein Computer?,,,,"Nein, das ist kein Computer.",A1,home,056
goyal-a1-young-learners,,Übung 49,5,fill-in,Wir wohnen in Schwerin. ___?,,,,Wo?,A1,personal-info,056
goyal-a1-young-learners,,Übung 50,5,fill-in,___ liegt Augsburg? Es liegt ___ Süddeutschland.,,,,Wo / in,A1,city-places,056
goyal-a1-young-learners,,Übung 51,5,fill-in,Wie ist der Stuhl? Schön?,,,,"Nein, er ist nicht schön.",A1,home,056
goyal-a1-young-learners,,Übung 52,5,fill-in,Ist das ein Stuhl?,,,,"Nein, das ist kein Stuhl.",A1,home,056
goyal-a1-young-learners,,Übung 49,6,fill-in,Frau Meier kommt aus Chemnitz. ___?,,,,Woher?,A1,personal-info,056
goyal-a1-young-learners,,Übung 50,6,fill-in,___ kommen Ali und Fatima? Sie kommen ___ der Türkei.,,,,Woher / aus,A1,personal-info,056
goyal-a1-young-learners,,Übung 51,6,fill-in,Wie ist die Küche? Hell?,,,,"Nein, sie ist nicht hell.",A1,home,056
goyal-a1-young-learners,,Übung 52,6,fill-in,Ist das eine Flasche?,,,,"Nein, das ist keine Flasche.",A1,food,056
goyal-a1-young-learners,,Übung 49,7,fill-in,Die Zideks kommen aus Klagenfurt. ___?,,,,Woher?,A1,personal-info,056
goyal-a1-young-learners,,Übung 50,7,fill-in,___ spricht man Italienisch? ___ Italien und ___ der Schweiz.,,,,Wo / In / in,A1,personal-info,056
goyal-a1-young-learners,,Übung 51,7,fill-in,Wie ist das Bad? Klein?,,,,"Nein, es ist nicht klein.",A1,home,056
goyal-a1-young-learners,,Übung 52,7,fill-in,Ist das ein Papagei?,,,,"Nein, das ist kein Papagei.",A1,hobby,056
goyal-a1-young-learners,,Übung 49,8,fill-in,Petra studiert in Halle. ___?,,,,Wo?,A1,personal-info,056
goyal-a1-young-learners,,Übung 50,8,fill-in,"___ kommen Sie, Herr Papadopulos? ___ Athen.",,,,Woher / Aus,A1,personal-info,056
goyal-a1-young-learners,,Übung 51,8,fill-in,Wie ist die Lampe? Altmodisch?,,,,"Nein, sie ist nicht altmodisch.",A1,home,056
goyal-a1-young-learners,,Übung 52,8,fill-in,Ist das eine Dusche?,,,,"Nein, das ist keine Dusche.",A1,home,056
goyal-a1-young-learners,,Übung 53,1,fill-in,Hast du einen Bruder?,,,,"Nein, ich habe keinen Bruder.",A1,family,057
goyal-a1-young-learners,,Übung 54,1,fill-in,Das ist ___ Schrank.,,,,kein,A1,home,057
goyal-a1-young-learners,,Übung 55,1,fill-in,Man spricht Deutsch in der Schweiz. → In der Schweiz ___,,,,In der Schweiz spricht man Deutsch.,A1,communication,057
goyal-a1-young-learners,,Übung 56,1,fill-in,"Wohnst du in München? Ja, ___",,,,"Ja, in München wohne ich.",A1,personal-info,057
goyal-a1-young-learners,,Übung 53,10,fill-in,Hast du ein Kaninchen?,,,,"Nein, ich habe kein Kaninchen.",A1,hobby,057
goyal-a1-young-learners,,Übung 54,10,fill-in,Das ist ___ Laptop.,,,,kein,A1,home,057
goyal-a1-young-learners,,Übung 53,2,fill-in,Hast du eine Cousine?,,,,"Nein, ich habe keine Cousine.",A1,family,057
goyal-a1-young-learners,,Übung 54,2,fill-in,Das Wohnzimmer ist ___ sehr groß.,,,,nicht,A1,home,057
goyal-a1-young-learners,,Übung 55,2,fill-in,Die Weigels wohnen in Augsburg. → In Augsburg ___,,,,In Augsburg wohnen die Weigels.,A1,personal-info,057
goyal-a1-young-learners,,Übung 56,2,fill-in,"Wohnt Tina in Augsburg? Ja, ___",,,,"Ja, in Augsburg wohnt Tina.",A1,personal-info,057
goyal-a1-young-learners,,Übung 53,3,fill-in,Hast du ein Pferd?,,,,"Nein, ich habe kein Pferd.",A1,hobby,057
goyal-a1-young-learners,,Übung 54,3,fill-in,Die Küche ist ___ klein. Sie ist groß.,,,,nicht,A1,home,057
goyal-a1-young-learners,,Übung 55,3,fill-in,Pedro kommt aus Spanien. → Aus Spanien ___,,,,Aus Spanien kommt Pedro.,A1,personal-info,057
goyal-a1-young-learners,,Übung 56,3,fill-in,"Kommt Herr Mancuso aus Neapel? Ja, ___",,,,"Ja, aus Neapel kommt Herr Mancuso.",A1,personal-info,057
goyal-a1-young-learners,,Übung 53,4,fill-in,Hast du eine Schwester?,,,,"Nein, ich habe keine Schwester.",A1,family,057
goyal-a1-young-learners,,Übung 54,4,fill-in,"Nein, das ist ___ Lampe.",,,,keine,A1,home,057
goyal-a1-young-learners,,Übung 55,4,fill-in,Es geht mir nicht so gut. → Mir ___,,,,Mir geht es nicht so gut.,A1,health,057
goyal-a1-young-learners,,Übung 56,4,fill-in,"Arbeitet dein Vater in Mailand? Ja, ___",,,,"Ja, in Mailand arbeitet mein Vater.",A1,profession,057
goyal-a1-young-learners,,Übung 53,5,fill-in,Hast du einen Freund?,,,,"Nein, ich habe keinen Freund.",A1,personal-info,057
goyal-a1-young-learners,,Übung 54,5,fill-in,Der Abstellraum ist ___ sehr hell.,,,,nicht,A1,home,057
goyal-a1-young-learners,,Übung 55,5,fill-in,Ich möchte in Deutschland leben. → In Deutschland ___,,,,In Deutschland möchte ich leben.,A1,personal-info,057
goyal-a1-young-learners,,Übung 56,5,fill-in,"Kommst du aus Italien? Ja, ___",,,,"Ja, aus Italien komme ich.",A1,personal-info,057
goyal-a1-young-learners,,Übung 53,6,fill-in,Hast du einen Computer?,,,,"Nein, ich habe keinen Computer.",A1,home,057
goyal-a1-young-learners,,Übung 54,6,fill-in,"Was ist das? Ein Sofa? Nein, ___ Sofa.",,,,kein,A1,home,057
goyal-a1-young-learners,,Übung 55,6,fill-in,Die Meiers haben zwei Kinder. → Zwei Kinder ___,,,,Zwei Kinder haben die Meiers.,A1,family,057
goyal-a1-young-learners,,Übung 56,6,fill-in,"Geht's dir gut? Ja, ___",,,,"Ja, gut geht's mir.",A1,health,057
goyal-a1-young-learners,,Übung 53,7,fill-in,Hast du ein Handy?,,,,"Nein, ich habe kein Handy.",A1,communication,057
goyal-a1-young-learners,,Übung 54,7,fill-in,Die Wohnung von Martina ist ___ sehr gemütlich.,,,,nicht,A1,home,057
goyal-a1-young-learners,,Übung 55,7,fill-in,Herr Rossi spricht Italienisch. → Italienisch ___,,,,Italienisch spricht Herr Rossi.,A1,communication,057
goyal-a1-young-learners,,Übung 56,7,fill-in,"Trinkst du gern einen Kaffee? Ja, ___",,,,"Ja, gern trinke ich einen Kaffee.",A1,food,057
goyal-a1-young-learners,,Übung 53,8,fill-in,Hast du ein Glas?,,,,"Nein, ich habe kein Glas.",A1,food,057
goyal-a1-young-learners,,Übung 54,8,fill-in,"Nein, danke, ich trinke ___ Bier.",,,,kein,A1,food,057
goyal-a1-young-learners,,Übung 55,8,fill-in,Ich habe vier Brüder. → Vier Brüder ___,,,,Vier Brüder habe ich.,A1,family,057
goyal-a1-young-learners,,Übung 56,8,fill-in,"Magst du Tiere? Ja, ___",,,,"Ja, Tiere mag ich.",A1,hobby,057
goyal-a1-young-learners,,Übung 53,9,fill-in,Hast du einen CD-Player?,,,,"Nein, ich habe keinen CD-Player.",A1,home,057
goyal-a1-young-learners,,Übung 54,9,fill-in,Kaffee trinke ich ___ so gern.,,,,nicht,A1,food,057
goyal-a1-young-learners,listening,Übung 57 A,1,speaking-task,Was ist das? Ein Schrank?,,,,(open-ended),A1,home,058
goyal-a1-young-learners,listening,Übung 57 B,1,speaking-task,Trinkst du eine Tasse Kaffee?,,,,(open-ended),A1,food,058
goyal-a1-young-learners,listening,Übung 57 C,1,speaking-task,Hast du einen Hund?,,,,(open-ended),A1,hobby,058
goyal-a1-young-learners,listening,Übung 57 D,1,speaking-task,Spricht man Deutsch in Deutschland?,,,,(open-ended),A1,communication,058
goyal-a1-young-learners,listening,Übung 58,1,speaking-task,Hör zu und wiederhole die Sätze mit der richtigen Intonation.,,,,(open-ended),A1,mixed,058
goyal-a1-young-learners,listening,Übung 57 A,2,speaking-task,Was ist das? Ein Sofa?,,,,(open-ended),A1,home,058
goyal-a1-young-learners,listening,Übung 57 B,2,speaking-task,Trinken Sie ein Bier?,,,,(open-ended),A1,food,058
goyal-a1-young-learners,listening,Übung 57 C,2,speaking-task,Hast du eine Katze?,,,,(open-ended),A1,hobby,058
goyal-a1-young-learners,listening,Übung 57 D,2,speaking-task,Spricht man Englisch in England?,,,,(open-ended),A1,communication,058
goyal-a1-young-learners,listening,Übung 57 A,3,speaking-task,Was ist das? Eine Lampe?,,,,(open-ended),A1,home,058
goyal-a1-young-learners,listening,Übung 57 B,3,speaking-task,Trinkst du einen Apfelsaft?,,,,(open-ended),A1,food,058
goyal-a1-young-learners,listening,Übung 57 C,3,speaking-task,Hast du ein Pferd?,,,,(open-ended),A1,hobby,058
goyal-a1-young-learners,listening,Übung 57 D,3,speaking-task,Spricht man Italienisch in Italien?,,,,(open-ended),A1,communication,058
goyal-a1-young-learners,listening,Übung 57 A,4,speaking-task,Was ist das? Ein Computer?,,,,(open-ended),A1,home,058
goyal-a1-young-learners,listening,Übung 57 B,4,speaking-task,Trinkst du ein Glas Wasser?,,,,(open-ended),A1,food,058
goyal-a1-young-learners,listening,Übung 57 C,4,speaking-task,Hast du einen Hamster?,,,,(open-ended),A1,hobby,058
goyal-a1-young-learners,listening,Übung 57 D,4,speaking-task,Spricht man Französisch in Frankreich?,,,,(open-ended),A1,communication,058
goyal-a1-young-learners,listening,Übung 57 A,5,speaking-task,Was ist das? Ein Stuhl?,,,,(open-ended),A1,home,058
goyal-a1-young-learners,listening,Übung 57 B,5,speaking-task,Trinken Sie eine Cola?,,,,(open-ended),A1,food,058
goyal-a1-young-learners,listening,Übung 57 C,5,speaking-task,Hast du einen Goldfisch?,,,,(open-ended),A1,hobby,058
goyal-a1-young-learners,listening,Übung 57 D,5,speaking-task,Spricht man Türkisch in der Türkei?,,,,(open-ended),A1,communication,058
goyal-a1-young-learners,vocabulary,A. Memo-Spiel,1,matching,Der Garten ist …,,,,schön.,A1,home,059
goyal-a1-young-learners,vocabulary,A. Memo-Spiel,2,matching,Das Wohnzimmer ist …,,,,gemütlich.,A1,home,059
goyal-a1-young-learners,vocabulary,A. Memo-Spiel,3,matching,Die Küche ist …,,,,praktisch.,A1,home,059
goyal-a1-young-learners,vocabulary,A. Memo-Spiel,4,matching,Das Schlafzimmer ist …,,,,nicht sehr groß.,A1,home,059
goyal-a1-young-learners,vocabulary,A. Memo-Spiel,5,matching,Das Bad ist …,,,,klein.,A1,home,059
goyal-a1-young-learners,vocabulary,A. Memo-Spiel,6,matching,Das Arbeitszimmer ist …,,,,hell.,A1,home,059
goyal-a1-young-learners,vocabulary,A. Memo-Spiel,7,matching,Die Terrasse ist …,,,,sehr groß.,A1,home,059
goyal-a1-young-learners,vocabulary,A. Memo-Spiel,8,matching,Der Abstellraum ist …,,,,nützlich.,A1,home,059
goyal-a1-young-learners,writing,B. Sätze bauen,1,writing-task,"Schneide die Kärtchen aus, mische sie und bau damit unterschiedliche Sätze.",,,,(open-ended),A1,mixed,061
goyal-a1-young-learners,writing,C. Sätze bauen,1,writing-task,"Schneide die Kärtchen aus, mische sie und bau damit unterschiedliche Sätze.",,,,(open-ended),A1,personal-info,063
goyal-a1-young-learners,vocabulary,D. Silbenrätsel,1,ordering,Schneide die Kärtchen aus und setze die Silben zu Wörtern zusammen.,,,,,A1,mixed,065
goyal-a1-young-learners,vocabulary,Übung 1a,1,matching,Was gibt es zum Frühstück? Schreib die Buchstaben in die Kästchen — Bild 1 (Schale mit Brötchen),,,,b (das Brötchen),A1,food,067
goyal-a1-young-learners,vocabulary,Übung 1b,1,short-answer,Was fehlt?,,,,Der Käse (i) fehlt.,A1,food,067
goyal-a1-young-learners,vocabulary,Übung 1a,10,matching,Was gibt es zum Frühstück? Schreib die Buchstaben in die Kästchen — Bild 10 (Ei),,,,k (das Ei),A1,food,067
goyal-a1-young-learners,vocabulary,Übung 1a,11,matching,Was gibt es zum Frühstück? Schreib die Buchstaben in die Kästchen — Bild 11 (Brot auf Brett),,,,g (das Brot),A1,food,067
goyal-a1-young-learners,vocabulary,Übung 1a,12,matching,Was gibt es zum Frühstück? Schreib die Buchstaben in die Kästchen — Bild 12 (Schinken),,,,m (der Schinken),A1,food,067
goyal-a1-young-learners,vocabulary,Übung 1a,2,matching,Was gibt es zum Frühstück? Schreib die Buchstaben in die Kästchen — Bild 2 (Butter auf Teller),,,,f (die Butter),A1,food,067
goyal-a1-young-learners,vocabulary,Übung 1a,3,matching,Was gibt es zum Frühstück? Schreib die Buchstaben in die Kästchen — Bild 3 (Honigglas),,,,d (der Honig),A1,food,067
goyal-a1-young-learners,vocabulary,Übung 1a,4,matching,Was gibt es zum Frühstück? Schreib die Buchstaben in die Kästchen — Bild 4 (Glas Tee),,,,a (der Tee),A1,food,067
goyal-a1-young-learners,vocabulary,Übung 1a,5,matching,Was gibt es zum Frühstück? Schreib die Buchstaben in die Kästchen — Bild 5 (Milchkarton),,,,e (die Milch),A1,food,067
goyal-a1-young-learners,vocabulary,Übung 1a,6,matching,Was gibt es zum Frühstück? Schreib die Buchstaben in die Kästchen — Bild 6 (Glas Orangensaft),,,,j (der Orangensaft),A1,food,067
goyal-a1-young-learners,vocabulary,Übung 1a,7,matching,Was gibt es zum Frühstück? Schreib die Buchstaben in die Kästchen — Bild 7 (Marmeladenglas),,,,c (die Marmelade),A1,food,067
goyal-a1-young-learners,vocabulary,Übung 1a,8,matching,Was gibt es zum Frühstück? Schreib die Buchstaben in die Kästchen — Bild 8 (Kaffeekanne),,,,h (der Kaffee),A1,food,067
goyal-a1-young-learners,vocabulary,Übung 1a,9,matching,Was gibt es zum Frühstück? Schreib die Buchstaben in die Kästchen — Bild 9 (Croissant),,,,l (das Croissant),A1,food,067
goyal-a1-young-learners,vocabulary,Übung 2,1,fill-in,Sortiere die Wörter aus Übung 1 in die Tabelle ein (der / die / das).,,,,"der: Tee, Honig, Kaffee, Käse, Orangensaft, Schinken; die: Marmelade, Milch, Butter; das: Brötchen, Brot, Ei, Croissant",A1,food,068
goyal-a1-young-learners,writing,Übung 3,1,writing-task,"Bilde Sätze, die einen Sinn ergeben.",,,,(open-ended),A1,food,068
goyal-a1-young-learners,writing,Übung 4,1,writing-task,Was essen und trinken die Kinder in der Pause?,,,,(open-ended),A1,food,068
goyal-a1-young-learners,,Übung 5,1,matching,1. Möchtest du einen Schokoriegel?,,,,"c. Nein danke, keinen Schokoriegel.",A1,food,069
goyal-a1-young-learners,,Übung 6,1,fill-in,Möchtest du einen Apfel?,,,,"Nein danke, keinen Apfel!",A1,food,069
goyal-a1-young-learners,,Übung 7,1,fill-in,Ergänze den Dialog.,,,,in der Pause; möchte … essen; keinen; ein Käsebrot; haben … mehr; Möchtest; keinen Apfel; Hast; habe,A1,food,069
goyal-a1-young-learners,,Übung 5,2,matching,2. Was trinkst du?,,,,e. Einen Apfelsaft.,A1,food,069
goyal-a1-young-learners,,Übung 6,2,fill-in,Möchtest du ein Käsebrot?,,,,"Nein danke, kein Käsebrot!",A1,food,069
goyal-a1-young-learners,,Übung 5,3,matching,3. Was isst du in der Pause?,,,,a. Einen Apfel.,A1,food,069
goyal-a1-young-learners,,Übung 6,3,fill-in,Möchtest du eine Banane?,,,,"Nein danke, keine Banane!",A1,food,069
goyal-a1-young-learners,,Übung 5,4,matching,4. Eine Banane?,,,,"f. Ja, gern!",A1,food,069
goyal-a1-young-learners,,Übung 6,4,fill-in,Möchtest du einen Schokoriegel?,,,,"Nein danke, keinen Schokoriegel!",A1,food,069
goyal-a1-young-learners,,Übung 5,5,matching,5. Hast du Durst?,,,,"d. Nein, ich habe Hunger.",A1,food,069
goyal-a1-young-learners,,Übung 6,5,fill-in,Möchtest du ein Croissant?,,,,"Nein danke, kein Croissant!",A1,food,069
goyal-a1-young-learners,,Übung 5,6,matching,6. Was möchtest du?,,,,b. Ich möchte ein Stück Kuchen.,A1,food,069
goyal-a1-young-learners,,Übung 6,6,fill-in,Möchtest du einen Kuchen?,,,,"Nein danke, keinen Kuchen!",A1,food,069
goyal-a1-young-learners,reading,Übung 8,1,true-false,Nur Schulkinder brauchen eine gesunde Ernährung.,,,,Falsch,A1,food,070
goyal-a1-young-learners,vocabulary,Übung 9,1,matching,Was ist das? Schreibe die Buchstaben in die Kästchen — Bild 1 (kariertes Federmäppchen),,,,e (das Mäppchen),A1,school,070
goyal-a1-young-learners,vocabulary,Übung 9,10,matching,Was ist das? Schreibe die Buchstaben in die Kästchen — Bild 10 (rote Schere),,,,h (die Schere),A1,school,070
goyal-a1-young-learners,reading,Übung 8,2,true-false,Eine Tasse Kakao ist kein Frühstück.,,,,Richtig,A1,food,070
goyal-a1-young-learners,vocabulary,Übung 9,2,matching,Was ist das? Schreibe die Buchstaben in die Kästchen — Bild 2 (offenes Heft),,,,g (das Heft),A1,school,070
goyal-a1-young-learners,reading,Übung 8,3,true-false,Viele Kinder frühstücken nicht. Stattdessen kaufen sie sich etwas auf dem Schulweg.,,,,Richtig,A1,food,070
goyal-a1-young-learners,vocabulary,Übung 9,3,matching,Was ist das? Schreibe die Buchstaben in die Kästchen — Bild 3 (Buch mit Union-Jack),,,,d (das Englischbuch),A1,school,070
goyal-a1-young-learners,reading,Übung 8,4,true-false,"Herr Bönisch meint, Schulkinder brauchen ein reichhaltiges Frühstück.",,,,Richtig,A1,food,070
goyal-a1-young-learners,vocabulary,Übung 9,4,matching,Was ist das? Schreibe die Buchstaben in die Kästchen — Bild 4 (braune Schultasche),,,,b (die Schultasche),A1,school,070
goyal-a1-young-learners,reading,Übung 8,5,true-false,"Es ist gut, wenn Schulkinder allein frühstücken.",,,,Falsch,A1,food,070
goyal-a1-young-learners,vocabulary,Übung 9,5,matching,Was ist das? Schreibe die Buchstaben in die Kästchen — Bild 5 (Radiergummi),,,,f (der Radiergummi),A1,school,070
goyal-a1-young-learners,vocabulary,Übung 9,6,matching,Was ist das? Schreibe die Buchstaben in die Kästchen — Bild 6 (roter Kugelschreiber),,,,l (der Kugelschreiber),A1,school,070
goyal-a1-young-learners,vocabulary,Übung 9,7,matching,Was ist das? Schreibe die Buchstaben in die Kästchen — Bild 7 (Textmarker),,,,i (der Textmarker),A1,school,070
goyal-a1-young-learners,vocabulary,Übung 9,8,matching,Was ist das? Schreibe die Buchstaben in die Kästchen — Bild 8 (Taschenrechner),,,,a (der Taschenrechner),A1,school,070
goyal-a1-young-learners,vocabulary,Übung 9,9,matching,Was ist das? Schreibe die Buchstaben in die Kästchen — Bild 9 (Holzlineal),,,,c (das Lineal),A1,school,070
goyal-a1-young-learners,,Übung 10,1,short-answer,[Bild: silberne Klarsichthülle/Mappe] Ein Buch?,,,,"Nein, das ist eine Mappe.",A1,school,071
goyal-a1-young-learners,listening,Übung 11,1,writing-task,"Hör zu und schreib Sätze, die einen Sinn ergeben.",,,,(open-ended),A1,school,071
goyal-a1-young-learners,listening,Übung 12,1,fill-in,Hör zu. Was kostet das? [Bild: dunkelrotes Buch] € ___,,,,,A1,shopping,071
goyal-a1-young-learners,,Übung 10,2,short-answer,[Bild: blau-weißer Radiergummi] Ein Spitzer?,,,,"Nein, das ist ein Radiergummi.",A1,school,071
goyal-a1-young-learners,listening,Übung 12,2,fill-in,Hör zu. Was kostet das? [Bild: pinkes Federmäppchen] € ___,,,,,A1,shopping,071
goyal-a1-young-learners,,Übung 10,3,short-answer,[Bild: gelber Textmarker] Ein Kugelschreiber?,,,,"Nein, das ist ein Textmarker.",A1,school,071
goyal-a1-young-learners,listening,Übung 12,3,fill-in,Hör zu. Was kostet das? [Bild: Schere] € ___,,,,,A1,shopping,071
goyal-a1-young-learners,,Übung 10,4,short-answer,[Bild: Schere] Ein Lineal?,,,,"Nein, das ist eine Schere.",A1,school,071
goyal-a1-young-learners,listening,Übung 12,4,fill-in,Hör zu. Was kostet das? [Bild: gelber Textmarker] € ___,,,,,A1,shopping,071
goyal-a1-young-learners,,Übung 10,5,short-answer,[Bild: pinkes Federmäppchen] Eine Mappe?,,,,"Nein, das ist ein Mäppchen.",A1,school,071
goyal-a1-young-learners,listening,Übung 12,5,fill-in,Hör zu. Was kostet das? [Bild: silberne Klarsichthülle/Heft] € ___,,,,,A1,shopping,071
goyal-a1-young-learners,,Übung 10,6,short-answer,[Bild: bunte Weltkarte] Ein Heft?,,,,"Nein, das ist eine Weltkarte.",A1,school,071
goyal-a1-young-learners,listening,Übung 12,6,fill-in,Hör zu. Was kostet das? [Bild: orangefarbener Taschenrechner] € ___,,,,,A1,shopping,071
goyal-a1-young-learners,,Übung 10,7,short-answer,[Bild: blauer Kugelschreiber] Ein Bleistift?,,,,"Nein, das ist ein Kugelschreiber.",A1,school,071
goyal-a1-young-learners,listening,Übung 12,7,fill-in,Hör zu. Was kostet das? [Bild: Bleistift] € ___,,,,,A1,shopping,071
goyal-a1-young-learners,,Übung 10,8,short-answer,[Bild: blaue Mappe/Buch] Eine Schultasche?,,,,"Nein, das ist eine Mappe.",A1,school,071
goyal-a1-young-learners,listening,Übung 12,8,fill-in,Hör zu. Was kostet das? [Bild: blauer Kugelschreiber] € ___,,,,,A1,shopping,071
goyal-a1-young-learners,,Übung 13,1,fill-in,Wie heißt der Plural? ein Buch → zwei ___,,,,zwei Bücher,A1,school,072
goyal-a1-young-learners,,Übung 14,1,fill-in,"Hast du ___ Bleistift? Ja, ___ Bleistift habe ich!",,,,den / den,A1,school,072
goyal-a1-young-learners,,Übung 13,2,fill-in,Wie heißt der Plural? ein Kugelschreiber → zwei ___,,,,zwei Kugelschreiber,A1,school,072
goyal-a1-young-learners,,Übung 14,2,fill-in,"Hast du ___ Mathebuch? Ja, ___ Mathebuch habe ich!",,,,das / das,A1,school,072
goyal-a1-young-learners,,Übung 13,3,fill-in,Wie heißt der Plural? eine Schere → zwei ___,,,,zwei Scheren,A1,school,072
goyal-a1-young-learners,,Übung 14,3,fill-in,"Hast du ___ Schere? Ja, ___ Schere habe ich!",,,,die / die,A1,school,072
goyal-a1-young-learners,,Übung 13,4,fill-in,Wie heißt der Plural? ein Heft → zwei ___,,,,zwei Hefte,A1,school,072
goyal-a1-young-learners,,Übung 14,4,fill-in,"Hast du ___ Deutschheft? Ja, ___ Deutschheft habe ich!",,,,das / das,A1,school,072
goyal-a1-young-learners,,Übung 13,5,fill-in,Wie heißt der Plural? ein Lineal → zwei ___,,,,zwei Lineale,A1,school,072
goyal-a1-young-learners,,Übung 14,5,fill-in,"Hast du ___ Banane? Ja, ___ Banane habe ich!",,,,die / die,A1,school,072
goyal-a1-young-learners,,Übung 13,6,fill-in,Wie heißt der Plural? ein Bleistift → zwei ___,,,,zwei Bleistifte,A1,school,072
goyal-a1-young-learners,,Übung 14,6,fill-in,"Hast du ___ Mäppchen? Ja, ___ Mäppchen habe ich!",,,,das / das,A1,school,072
goyal-a1-young-learners,,Übung 13,7,fill-in,Wie heißt der Plural? ein Mäppchen → zwei ___,,,,zwei Mäppchen,A1,school,072
goyal-a1-young-learners,,Übung 14,7,fill-in,"Hast du ___ Radiergummi? Ja, ___ Radiergummi habe ich!",,,,den / den,A1,school,072
goyal-a1-young-learners,,Übung 13,8,fill-in,Wie heißt der Plural? ein Radiergummi → zwei ___,,,,zwei Radiergummis,A1,school,072
goyal-a1-young-learners,writing,Übung 15,1,writing-task,Was ist in deinem Ranzen?,,,,(open-ended),A1,school,073
goyal-a1-young-learners,writing,Übung 16,1,writing-task,Was brauchst du heute in der Schule? Und was nicht?,,,,(open-ended),A1,school,073
goyal-a1-young-learners,listening,Übung 17,1,short-answer,"Hör zu. Was unterrichten die verschiedenen Lehrer? (Frau Thüne, Herr Berger, Frau Müller, Herr Menzel, Frau Brook, Frau Hentschel, Frau Hansmann, Herr Novak)",,,,,A1,school,073
goyal-a1-young-learners,writing,Übung 18,1,short-answer,Wie findest du Mathematik?,,,,Ich finde Mathe schwer!,A1,school,074
goyal-a1-young-learners,listening,Übung 19,1,fill-in,Welche Fächer mag Patrick? Welche nicht? Hör zu und markiere; ergänze: Patrick lernt gern … / Patrick lernt nicht gern …,,,,,A1,school,074
goyal-a1-young-learners,writing,Übung 18,2,short-answer,Wie findest du Englisch?,,,,(open-ended),A1,school,074
goyal-a1-young-learners,writing,Übung 18,3,short-answer,Wie findest du Geschichte?,,,,(open-ended),A1,school,074
goyal-a1-young-learners,writing,Übung 18,4,short-answer,Wie findest du Deutsch?,,,,(open-ended),A1,school,074
goyal-a1-young-learners,writing,Übung 18,5,short-answer,Wie findest du Kunst?,,,,(open-ended),A1,school,074
goyal-a1-young-learners,writing,Übung 18,6,short-answer,Wie findest du Sport?,,,,(open-ended),A1,school,074
goyal-a1-young-learners,writing,Übung 18,7,short-answer,Wie findest du Religion?,,,,(open-ended),A1,school,074
goyal-a1-young-learners,writing,Übung 18,8,short-answer,Wie findest du Biologie?,,,,(open-ended),A1,school,074
goyal-a1-young-learners,writing,Übung 20,1,writing-task,"Welche Sendungen siehst du gern? Welche nicht? (Sportsendungen, Quizshows, Filme, Krimis, Nachrichten, Zeichentrickfilme, Serien, Komödien, Kulturprogramme, Dokumentarfilme)",,,,(open-ended),A1,hobby,075
goyal-a1-young-learners,writing,Übung 21,1,short-answer,Wie findest du den Film?,,,,Ich finde ihn schön.,A1,hobby,075
goyal-a1-young-learners,writing,Übung 21,2,short-answer,Wie findest du den Krimi?,,,,(open-ended),A1,hobby,075
goyal-a1-young-learners,writing,Übung 21,3,short-answer,Wie findest du die Quizshow?,,,,(open-ended),A1,hobby,075
goyal-a1-young-learners,writing,Übung 21,4,short-answer,Wie findest du die Sportsendung?,,,,(open-ended),A1,hobby,075
goyal-a1-young-learners,writing,Übung 21,5,short-answer,Wie findest du das Kulturprogramm?,,,,(open-ended),A1,hobby,075
goyal-a1-young-learners,writing,Übung 21,6,short-answer,Wie findest du Nachrichten?,,,,(open-ended),A1,hobby,075
goyal-a1-young-learners,writing,Übung 21,7,short-answer,Wie findest du die Serie?,,,,(open-ended),A1,hobby,075
goyal-a1-young-learners,writing,Übung 21,8,short-answer,Wie findest du den Zeichentrickfilm?,,,,(open-ended),A1,hobby,075
goyal-a1-young-learners,writing,Übung 22,1,writing-task,Was gibt's im Fernsehen? Schreib Sätze zum Fernsehprogramm (z. B. Um 16.20 Uhr gibt es eine Sportsendung).,,,,(open-ended),A1,hobby,076
goyal-a1-young-learners,listening,Übung 23,1,fill-in,"Hör zu und ergänze die Tabelle (Sendung? / Um wie viel Uhr? / Wo? ARD, ZDF, RTL …).",,,,,A1,hobby,076
goyal-a1-young-learners,writing,Übung 24,1,short-answer,Bist du ein Fernsehfan?,,,,(open-ended),A1,hobby,077
goyal-a1-young-learners,writing,Übung 24,2,short-answer,Siehst du gern fern?,,,,(open-ended),A1,hobby,077
goyal-a1-young-learners,writing,Übung 24,3,short-answer,Was ist deine Lieblingssendung?,,,,(open-ended),A1,hobby,077
goyal-a1-young-learners,writing,Übung 24,4,short-answer,Wie viele Stunden pro Tag siehst du fern?,,,,(open-ended),A1,hobby,077
goyal-a1-young-learners,writing,Übung 24,5,short-answer,Von wann bis wann?,,,,(open-ended),A1,hobby,077
goyal-a1-young-learners,reading,Übung 25,a-Markus,short-answer,Findet Markus Fernsehen gut oder schlecht? Warum?,,,,Schlecht — Fernsehen macht das Familienleben kaputt; Kinder und Eltern sprechen nicht mehr miteinander.,A1,hobby,077
goyal-a1-young-learners,reading,Übung 25,a-Melanie,short-answer,Findet Melanie Fernsehen gut oder schlecht? Warum?,,,,"Gut — im Fernsehen gibt es auch interessante Programme; für alte Menschen ist Fernsehen sehr wichtig, weil sie oft allein sind.",A1,hobby,077
goyal-a1-young-learners,reading,Übung 25,a-Steffi,short-answer,Findet Steffi Fernsehen gut oder schlecht? Warum?,,,,Gut — nach der Schule oder am Abend ist sie müde und kann sich vor dem Fernseher entspannen.,A1,hobby,077
goyal-a1-young-learners,writing,Übung 25,b,writing-task,Und was denkst du? Ich finde Fernsehen gut/schlecht.,,,,(open-ended),A1,hobby,077
goyal-a1-young-learners,,Übung 26,1,matching,13:30,,,,halb zwei,A1,time-dates,078
goyal-a1-young-learners,listening,Übung 27,1,multiple-choice,Situation 1: Hör zu und markiere die genaue Uhrzeit.,09.30,10.30,,,A1,time-dates,078
goyal-a1-young-learners,,Übung 28,1,ordering,Bilde fünf Verben (Vorsilbe + Stamm). Wie heißen die Verben in deiner Sprache?,,,,,A1,daily-routine,078
goyal-a1-young-learners,,Übung 26,2,matching,15:45,,,,Viertel vor vier,A1,time-dates,078
goyal-a1-young-learners,listening,Übung 27,2,multiple-choice,Situation 2: Hör zu und markiere die genaue Uhrzeit.,14.10,13.50,,,A1,time-dates,078
goyal-a1-young-learners,,Übung 26,3,matching,10:25,,,,fünf vor halb elf,A1,time-dates,078
goyal-a1-young-learners,listening,Übung 27,3,multiple-choice,Situation 3: Hör zu und markiere die genaue Uhrzeit.,11.15,11.45,,,A1,time-dates,078
goyal-a1-young-learners,,Übung 26,4,matching,07:50,,,,zehn vor acht,A1,time-dates,078
goyal-a1-young-learners,listening,Übung 27,4,multiple-choice,Situation 4: Hör zu und markiere die genaue Uhrzeit.,10.25,10.35,,,A1,time-dates,078
goyal-a1-young-learners,,Übung 26,5,matching,19:10,,,,zehn nach sieben,A1,time-dates,078
goyal-a1-young-learners,listening,Übung 27,5,multiple-choice,Situation 5: Hör zu und markiere die genaue Uhrzeit.,16.30,17.30,,,A1,time-dates,078
goyal-a1-young-learners,,Übung 26,6,matching,20:30,,,,halb neun,A1,time-dates,078
goyal-a1-young-learners,,Übung 26,7,matching,11:50,,,,zehn vor zwölf,A1,time-dates,078
goyal-a1-young-learners,,Übung 26,8,matching,12:05,,,,fünf nach zwölf,A1,time-dates,078
goyal-a1-young-learners,writing,Übung 29,1,writing-task,"Was machst du am Morgen? Schreib Sätze mit den vorgegebenen Verben (aufstehen, zu Mittag essen, frühstücken, Pause machen, nach Hause zurückkommen, in der Schule bleiben, zur Schule fahren).",,,,(open-ended),A1,daily-routine,079
goyal-a1-young-learners,writing,Übung 30,1,fill-in,7.05 (aufstehen),,,,Um fünf nach sieben stehe ich auf.,A1,daily-routine,079
goyal-a1-young-learners,writing,Übung 30,10,fill-in,17.30 (in den Tennisclub gehen),,,,Um halb sechs gehe ich in den Tennisclub.,A1,daily-routine,079
goyal-a1-young-learners,writing,Übung 30,11,fill-in,19.15 (zu Abend essen),,,,Um Viertel nach sieben esse ich zu Abend.,A1,daily-routine,079
goyal-a1-young-learners,writing,Übung 30,12,fill-in,"20–21.30 (E-Mails schreiben, chatten)",,,,Von acht bis halb zehn schreibe ich E-Mails und chatte.,A1,daily-routine,079
goyal-a1-young-learners,writing,Übung 30,13,fill-in,21.45 (schlafen gehen),,,,Um Viertel vor zehn gehe ich schlafen.,A1,daily-routine,079
goyal-a1-young-learners,writing,Übung 30,2,fill-in,7.10 (duschen),,,,Um zehn nach sieben dusche ich.,A1,daily-routine,079
goyal-a1-young-learners,writing,Übung 30,3,fill-in,7.25 (frühstücken),,,,Um fünf vor halb acht frühstücke ich.,A1,daily-routine,079
goyal-a1-young-learners,writing,Übung 30,4,fill-in,7.45 (zur Schule fahren),,,,Um Viertel vor acht fahre ich zur Schule.,A1,daily-routine,079
goyal-a1-young-learners,writing,Übung 30,5,fill-in,8–13 (in der Schule sein),,,,Von acht bis dreizehn Uhr bin ich in der Schule.,A1,daily-routine,079
goyal-a1-young-learners,writing,Übung 30,6,fill-in,13.15 (nach Hause zurückkommen),,,,Um Viertel nach eins komme ich nach Hause zurück.,A1,daily-routine,079
goyal-a1-young-learners,writing,Übung 30,7,fill-in,13.30 (zu Mittag essen),,,,Um halb zwei esse ich zu Mittag.,A1,daily-routine,079
goyal-a1-young-learners,writing,Übung 30,8,fill-in,14–15 (fernsehen),,,,Von zwei bis drei Uhr sehe ich fern.,A1,daily-routine,079
goyal-a1-young-learners,writing,Übung 30,9,fill-in,15–17 (für die Schule lernen),,,,Von drei bis fünf Uhr lerne ich für die Schule.,A1,daily-routine,079
goyal-a1-young-learners,writing,Übung 31,1,short-answer,Wann stehst du auf?,,,,(open-ended),A1,daily-routine,080
goyal-a1-young-learners,writing,Übung 31,2,short-answer,Um wie viel Uhr fährst du zur Schule?,,,,(open-ended),A1,daily-routine,080
goyal-a1-young-learners,writing,Übung 31,3,short-answer,Wie lange bleibst du in der Schule?,,,,(open-ended),A1,daily-routine,080
goyal-a1-young-learners,writing,Übung 31,4,short-answer,Wann kommst du von der Schule zurück?,,,,(open-ended),A1,daily-routine,080
goyal-a1-young-learners,writing,Übung 31,5,short-answer,Um wie viel Uhr fängst du mit den Hausaufgaben an?,,,,(open-ended),A1,daily-routine,080
goyal-a1-young-learners,writing,Übung 31,6,short-answer,Siehst du gern fern? Wie viele Stunden pro Tag?,,,,(open-ended),A1,daily-routine,080
goyal-a1-young-learners,writing,Übung 31,7,short-answer,Telefonierst du oft? Wen rufst du an?,,,,(open-ended),A1,daily-routine,080
goyal-a1-young-learners,writing,Übung 31,8,short-answer,Um wie viel Uhr gehst du schlafen? Schläfst du sofort ein?,,,,(open-ended),A1,daily-routine,080
goyal-a1-young-learners,reading,Übung 32,1,short-answer,Wer ist Marsi? Woher kommt er?,,,,Marsi ist ein Marsmensch (ein außerirdisches Lebewesen). Er kommt vom Mars.,A1,daily-routine,081
goyal-a1-young-learners,,Übung 33,1,fill-in,Ergänze den Dialog (Stefan über seinen Tagesablauf).,,,,stehst … auf; stehe … auf; isst; esse … trinke; du; einen Schokoriegel; kommst … zurück; Um; machst; bis … sehe fern; ist; sehe,A1,daily-routine,081
goyal-a1-young-learners,reading,Übung 32,2,short-answer,Seit wann ist Marsi auf der Erde?,,,,Seit ein paar Tagen.,A1,daily-routine,081
goyal-a1-young-learners,reading,Übung 32,3,short-answer,Was macht Marsi auf der Erde?,,,,"Er sammelt irdisches Material, fotografiert viel und dreht Videos.",A1,daily-routine,081
goyal-a1-young-learners,reading,Übung 32,4,short-answer,Wann steht Marsi auf? Was isst/trinkt er zum Frühstück?,,,,Um Mitternacht. Zum Frühstück nimmt er eine rote und eine blaue Pille und trinkt eine gelbe Flüssigkeit.,A1,daily-routine,081
goyal-a1-young-learners,reading,Übung 32,5,short-answer,Welches irdische Material hat Marsi schon gefunden?,,,,"Zwei Handys, einen Laptop und einige CDs.",A1,daily-routine,081
goyal-a1-young-learners,reading,Übung 32,6,short-answer,Was macht Marsi um 4 Uhr?,,,,Er hat Hunger und isst einen Proktoriegel.,A1,daily-routine,081
goyal-a1-young-learners,reading,Übung 32,7,short-answer,Was passiert um 7 Uhr? Und um 9 Uhr?,,,,"Um 7 Uhr sieht er viele Menschen, aber sie haben keine Zeit, denn sie gehen zur Arbeit. Um 9 Uhr geht er zu seiner fliegenden Untertasse zurück, isst und geht schlafen.",A1,daily-routine,081
goyal-a1-young-learners,reading,Übung 32,8,short-answer,Wann fliegt Marsi nach Hause zurück?,,,,Am nächsten Tag.,A1,daily-routine,081
goyal-a1-young-learners,,Übung 34,1,fill-in,"Ergänze die Tabelle: Präsens der unregelmäßigen Verben (essen, nehmen, geben, sehen, finden, fahren).",,,,"essen: esse, isst, isst, essen, esst, essen | nehmen: nehme, nimmst, nimmt, nehmen, nehmt, nehmen | geben: gebe, gibst, gibt, geben, gebt, geben | sehen: sehe, siehst, sieht, sehen, seht, sehen | finden: finde, findest, findet, finden, findet, finden | fahren: fahre, fährst, fährt, fahren, fahrt, fahren",A1,mixed,082
goyal-a1-young-learners,,Übung 35,1,fill-in,Was ___ du zum Frühstück?,,,,isst,A1,food,082
goyal-a1-young-learners,,Übung 36,1,fill-in,Ich ___ einen Hamburger. Was ___ du?,,,,nehme / nimmst,A1,food,082
goyal-a1-young-learners,,Übung 37,1,fill-in,Ich ___ jeden Tag zwei Stunden fern.,,,,sehe,A1,hobby,082
goyal-a1-young-learners,,Übung 35,2,fill-in,Mein Bruder ___ Brot mit Honig. Ich ___ ein Croissant.,,,,isst / esse,A1,food,082
goyal-a1-young-learners,,Übung 36,2,fill-in,Herr Fischer ___ eine Bratwurst. Seine Frau ___ eine Pizza.,,,,nimmt / nimmt,A1,food,082
goyal-a1-young-learners,,Übung 37,2,fill-in,___ du gern fern?,,,,Siehst,A1,hobby,082
goyal-a1-young-learners,,Übung 35,3,fill-in,Heute ___ die Kinder nichts. Sie haben keinen Hunger.,,,,essen,A1,food,082
goyal-a1-young-learners,,Übung 36,3,fill-in,"Also Jungs, was ___ wir? Wir ___ alle Hamburger mit Pommes.",,,,nehmen / nehmen,A1,food,082
goyal-a1-young-learners,,Übung 37,3,fill-in,Die Kinder ___ am Nachmittag fern.,,,,sehen,A1,hobby,082
goyal-a1-young-learners,,Übung 35,4,fill-in,"Frau Müller, ___ Sie gern Fisch?",,,,essen,A1,food,082
goyal-a1-young-learners,,Übung 36,4,fill-in,"Und Sie, Frau Stein, was ___ Sie? Ich ___ nichts. Ich habe keinen Hunger.",,,,nehmen / nehme,A1,food,082
goyal-a1-young-learners,,Übung 37,4,fill-in,Heute ___ wir nicht fern. Wir gehen ins Kino.,,,,sehen,A1,hobby,082
goyal-a1-young-learners,,Übung 35,5,fill-in,"Max, Alex, wo ___ ihr normalerweise zu Mittag?",,,,esst,A1,food,082
goyal-a1-young-learners,,Übung 36,5,fill-in,___ ihr auch Spaghetti? Natürlich ___ wir Spaghetti.,,,,Nehmt / nehmen,A1,food,082
goyal-a1-young-learners,,Übung 37,5,fill-in,Mein Bruder ___ jeden Tag bis Mitternacht fern.,,,,sieht,A1,hobby,082
goyal-a1-young-learners,,Übung 35,6,fill-in,Wir ___ in der Schule. Es gibt nämlich eine Mensa.,,,,essen,A1,food,082
goyal-a1-young-learners,,Übung 36,6,fill-in,Martin hat keinen Hunger. Er ___ nur eine Cola.,,,,nimmt,A1,food,082
goyal-a1-young-learners,,Übung 37,6,fill-in,Opa und Oma ___ gern Quizshows.,,,,sehen,A1,hobby,082
goyal-a1-young-learners,,Übung 38,1,fill-in,"Ergänze die Tabelle: trennbare Verben (aufstehen, anrufen, anfangen, fernsehen).",,,,"aufstehen: stehe auf, stehst auf, steht auf, stehen auf, steht auf, stehen auf | anrufen: rufe an, rufst an, ruft an, rufen an, ruft an, rufen an | anfangen: fange an, fängst an, fängt an, fangen an, fangt an, fangen an | fernsehen: sehe fern, siehst fern, sieht fern, sehen fern, seht fern, sehen fern",A1,daily-routine,083
goyal-a1-young-learners,writing,Übung 39,1,writing-task,"Bilde Sätze mit den vorgegebenen Verben (anfangen, aufstehen, anrufen, ausgehen, einschlafen, fernsehen, zu Mittag essen, zu Abend essen, zurückkommen, zurückfahren).",,,,(open-ended),A1,daily-routine,083
goyal-a1-young-learners,,Übung 40,1,short-answer,Das *Buch* kostet €10.,,,,Subjekt,A1,school,083
goyal-a1-young-learners,,Übung 40,10,short-answer,Ich brauche *einen Spitzer*.,,,,Objekt,A1,school,083
goyal-a1-young-learners,,Übung 40,2,short-answer,Ich suche *einen Radiergummi*.,,,,Objekt,A1,school,083
goyal-a1-young-learners,,Übung 40,3,short-answer,Siehst du *das Buch*?,,,,Objekt,A1,school,083
goyal-a1-young-learners,,Übung 40,4,short-answer,*Der Kugelschreiber* schreibt gut.,,,,Subjekt,A1,school,083
goyal-a1-young-learners,,Übung 40,5,short-answer,Ich brauche *den Taschenrechner*.,,,,Objekt,A1,school,083
goyal-a1-young-learners,,Übung 40,6,short-answer,Wo ist *das Heft* von Max?,,,,Subjekt,A1,school,083
goyal-a1-young-learners,,Übung 40,7,short-answer,*Das Mäppchen* gehört Thomas.,,,,Subjekt,A1,school,083
goyal-a1-young-learners,,Übung 40,8,short-answer,Kaufst du *ein Heft*?,,,,Objekt,A1,school,083
goyal-a1-young-learners,,Übung 40,9,short-answer,*Das Mäppchen* ist nicht teuer.,,,,Subjekt,A1,school,083
goyal-a1-young-learners,,Übung 41,1,multiple-choice,Ich suche *den Kugelschreiber*.,Nominativ,Akkusativ,,Akkusativ,A1,school,084
goyal-a1-young-learners,,Übung 42,1,fill-in,Ich esse ___ Käsebrot.,,,,ein,A1,food,084
goyal-a1-young-learners,,Übung 43,1,fill-in,Der Spitzer von Sebastian ist praktisch. Ich möchte auch so ___ Spitzer.,,,,einen,A1,school,084
goyal-a1-young-learners,,Übung 44,1,fill-in,Hast du ___ Matheheft?,,,,das,A1,school,084
goyal-a1-young-learners,,Übung 41,10,multiple-choice,Hier ist *mein Mäppchen*.,Nominativ,Akkusativ,,Nominativ,A1,school,084
goyal-a1-young-learners,,Übung 42,10,fill-in,Die Oma möchte ___ Kulturprogramm sehen.,,,,ein,A1,hobby,084
goyal-a1-young-learners,,Übung 44,10,fill-in,Wann gibt es ___ Quizshow *Wer wird Millionär?*,,,,die,A1,hobby,084
goyal-a1-young-learners,,Übung 41,2,multiple-choice,*Der Textmarker* schreibt gut.,Nominativ,Akkusativ,,Nominativ,A1,school,084
goyal-a1-young-learners,,Übung 42,2,fill-in,Ich brauche ___ Lineal.,,,,ein,A1,school,084
goyal-a1-young-learners,,Übung 43,2,fill-in,Die Tasche von Martina ist schön. Ich möchte auch so ___ Tasche.,,,,eine,A1,school,084
goyal-a1-young-learners,,Übung 44,2,fill-in,Brauchst du heute ___ Spitzer?,,,,den,A1,school,084
goyal-a1-young-learners,,Übung 41,3,multiple-choice,Wie findest du *das Buch*?,Nominativ,Akkusativ,,Akkusativ,A1,school,084
goyal-a1-young-learners,,Übung 42,3,fill-in,Ich trinke ___ Apfelsaft.,,,,einen,A1,food,084
goyal-a1-young-learners,,Übung 43,3,fill-in,Das Heft von Hedi ist klein. Ich möchte auch so ___ Heft.,,,,ein,A1,school,084
goyal-a1-young-learners,,Übung 44,3,fill-in,"Ich nehme ___ Lineal hier. Es kostet nur €1,50.",,,,das,A1,school,084
goyal-a1-young-learners,,Übung 41,4,multiple-choice,*Das Lineal* hier ist nicht teuer.,Nominativ,Akkusativ,,Nominativ,A1,school,084
goyal-a1-young-learners,,Übung 42,4,fill-in,Um wie viel Uhr gibt es ___ Krimi?,,,,einen,A1,hobby,084
goyal-a1-young-learners,,Übung 43,4,fill-in,Der Kugelschreiber von Max schreibt gut. Ich möchte auch so ___ Kugelschreiber.,,,,einen,A1,school,084
goyal-a1-young-learners,,Übung 44,4,fill-in,Schau mal ___ Tasche da! Ist die nicht schön?,,,,die,A1,school,084
goyal-a1-young-learners,,Übung 41,5,multiple-choice,Brauchst du *den Taschenrechner*?,Nominativ,Akkusativ,,Akkusativ,A1,school,084
goyal-a1-young-learners,,Übung 42,5,fill-in,"Ich nehme ___ Hamburger, bitte.",,,,einen,A1,food,084
goyal-a1-young-learners,,Übung 43,5,fill-in,Das Buch von Peter ist interessant. Ich möchte auch so ___ Buch.,,,,ein,A1,school,084
goyal-a1-young-learners,,Übung 44,5,fill-in,Ich habe ___ Deutschbücher zu Hause vergessen.,,,,die,A1,school,084
goyal-a1-young-learners,,Übung 41,6,multiple-choice,Ich kaufe *den Spitzer*.,Nominativ,Akkusativ,,Akkusativ,A1,school,084
goyal-a1-young-learners,,Übung 42,6,fill-in,In der Pause isst Claudia ___ Banane.,,,,eine,A1,food,084
goyal-a1-young-learners,,Übung 43,6,fill-in,Die Schere von Petra schneidet gut. Ich möchte auch so ___ Schere.,,,,eine,A1,school,084
goyal-a1-young-learners,,Übung 44,6,fill-in,Heute brauche ich ___ Englischbuch.,,,,das,A1,school,084
goyal-a1-young-learners,,Übung 41,7,multiple-choice,*Der Bleistift* ist neu.,Nominativ,Akkusativ,,Nominativ,A1,school,084
goyal-a1-young-learners,,Übung 42,7,fill-in,Ich kaufe ___ Heft und ___ Textmarker.,,,,ein / einen,A1,school,084
goyal-a1-young-learners,,Übung 43,7,fill-in,Der Marker von Timo ist nicht teuer. Ich möchte auch so ___ Marker.,,,,einen,A1,school,084
goyal-a1-young-learners,,Übung 44,7,fill-in,Heute Nachmittag mache ich ___ Hausaufgaben mit Peter.,,,,die,A1,school,084
goyal-a1-young-learners,,Übung 41,8,multiple-choice,*Das Heft* ist zu klein.,Nominativ,Akkusativ,,Nominativ,A1,school,084
goyal-a1-young-learners,,Übung 42,8,fill-in,Ich habe nur ___ Kugelschreiber.,,,,einen,A1,school,084
goyal-a1-young-learners,,Übung 43,8,fill-in,Das Mäppchen von Rita ist originell. Ich möchte auch so ___ Mäppchen.,,,,ein,A1,school,084
goyal-a1-young-learners,,Übung 44,8,fill-in,Suchst du ___ Radiergummi?,,,,den,A1,school,084
goyal-a1-young-learners,,Übung 41,9,multiple-choice,Ich habe *keine Mappe*.,Nominativ,Akkusativ,,Akkusativ,A1,school,084
goyal-a1-young-learners,,Übung 42,9,fill-in,"Ich nehme ___ Dose Cola, und du?",,,,eine,A1,food,084
goyal-a1-young-learners,,Übung 44,9,fill-in,Wie findest du ___ Film?,,,,den,A1,hobby,084
goyal-a1-young-learners,,Übung 45,1,fill-in,"Was hast du vergessen? Ich habe ___ Radiergummi, ___ Pausenbrot, ___ Apfel, ___ Textmarker, ___ Deutschbuch, ___ Lineal, ___ Mappe, ___ Matheheft, ___ Schultasche vergessen.",,,,"den, das, den, den, das, das, die, das, die",A1,school,085
goyal-a1-young-learners,,Übung 46,1,short-answer,Brauchst du den Spitzer?,,,,"Ja, ich brauche ihn.",A1,school,085
goyal-a1-young-learners,,Übung 47,1,short-answer,Wie findest du das neue Auto von Max?,,,,(open-ended),A1,mixed,085
goyal-a1-young-learners,,Übung 48,1,fill-in,Wir gehen heute Abend ___ Kino.,,,,ins,A1,city-places,085
goyal-a1-young-learners,,Übung 46,10,short-answer,Kennst du Martina?,,,,"Ja, ich kenne sie.",A1,personal-info,085
goyal-a1-young-learners,,Übung 46,2,short-answer,Hast du das Deutschbuch?,,,,"Ja, ich habe es.",A1,school,085
goyal-a1-young-learners,,Übung 47,2,short-answer,Wie findest du den neuen Deutschlehrer?,,,,(open-ended),A1,school,085
goyal-a1-young-learners,,Übung 48,2,fill-in,Herr und Frau Meier gehen ___ Restaurant.,,,,ins,A1,restaurant,085
goyal-a1-young-learners,,Übung 46,3,short-answer,Findest du den Film interessant?,,,,"Ja, ich finde ihn interessant.",A1,hobby,085
goyal-a1-young-learners,,Übung 47,3,short-answer,Wie findest du die neue Pizzeria?,,,,(open-ended),A1,restaurant,085
goyal-a1-young-learners,,Übung 48,3,fill-in,Das Wetter ist so schön. Gehen wir ___ Park!,,,,in den,A1,city-places,085
goyal-a1-young-learners,,Übung 46,4,short-answer,Findest du die Tasche schön?,,,,"Ja, ich finde sie schön.",A1,school,085
goyal-a1-young-learners,,Übung 47,4,short-answer,Wie findest du die neue Quizshow?,,,,(open-ended),A1,hobby,085
goyal-a1-young-learners,,Übung 48,4,fill-in,Am Mittwoch gehe ich ___ Sprachschule.,,,,in die,A1,school,085
goyal-a1-young-learners,,Übung 46,5,short-answer,Suchst du den Textmarker?,,,,"Ja, ich suche ihn.",A1,school,085
goyal-a1-young-learners,,Übung 47,5,short-answer,Wie findest du den neuen Schuldirektor?,,,,(open-ended),A1,school,085
goyal-a1-young-learners,,Übung 48,5,fill-in,Peter geht am Sonntag ___ Kirche. Ali geht am Freitag ___ Moschee.,,,,in die / in die,A1,city-places,085
goyal-a1-young-learners,,Übung 46,6,short-answer,Liest du den Roman von Böll?,,,,"Ja, ich lese ihn.",A1,hobby,085
goyal-a1-young-learners,,Übung 47,6,short-answer,Wie findest du die neue Sekretärin?,,,,(open-ended),A1,profession,085
goyal-a1-young-learners,,Übung 48,6,fill-in,Heute Nachmittag geht Florian ___ Schwimmbad.,,,,ins,A1,city-places,085
goyal-a1-young-learners,,Übung 46,7,short-answer,Siehst du die Sportsendung?,,,,"Ja, ich sehe sie.",A1,hobby,085
goyal-a1-young-learners,,Übung 47,7,short-answer,Wie findest du das neue Restaurant?,,,,(open-ended),A1,restaurant,085
goyal-a1-young-learners,,Übung 48,7,fill-in,"Gehen wir ___ Tennisclub? Nein, ich habe keine Lust.",,,,in den,A1,hobby,085
goyal-a1-young-learners,,Übung 46,8,short-answer,Siehst du das Kulturprogramm?,,,,"Ja, ich sehe es.",A1,hobby,085
goyal-a1-young-learners,,Übung 47,8,short-answer,Wie findest du den neuen Freund von Tina?,,,,(open-ended),A1,personal-info,085
goyal-a1-young-learners,,Übung 48,8,fill-in,Gehst du jetzt ___ Schule?,,,,in die,A1,school,085
goyal-a1-young-learners,,Übung 46,9,short-answer,Siehst du heute Tobias?,,,,"Ja, ich sehe ihn heute.",A1,personal-info,085
goyal-a1-young-learners,,Übung 49,1,fill-in,Haben Sie Brot?,,,,"Nein, wir haben kein Brot.",A1,food,086
goyal-a1-young-learners,,Übung 50,1,fill-in,Brauchst du den Spitzer?,,,,"Nein, ich brauche ihn nicht!",A1,school,086
goyal-a1-young-learners,,Übung 51,1,fill-in,Findest du die Sendung interessant?,,,,"Nein, ich finde sie nicht interessant.",A1,hobby,086
goyal-a1-young-learners,,Übung 49,2,fill-in,Haben Sie Schokolade?,,,,"Nein, wir haben keine Schokolade.",A1,food,086
goyal-a1-young-learners,,Übung 50,2,fill-in,Brauchst du das Lineal?,,,,"Nein, ich brauche es nicht!",A1,school,086
goyal-a1-young-learners,,Übung 51,2,fill-in,Findest du das Programm toll?,,,,"Nein, ich finde es nicht toll.",A1,hobby,086
goyal-a1-young-learners,,Übung 49,3,fill-in,Haben Sie Jogurt?,,,,"Nein, wir haben keinen Jogurt.",A1,food,086
goyal-a1-young-learners,,Übung 50,3,fill-in,Brauchst du den Textmarker?,,,,"Nein, ich brauche ihn nicht!",A1,school,086
goyal-a1-young-learners,,Übung 51,3,fill-in,Findest du den Deutschlehrer streng?,,,,"Nein, ich finde ihn nicht streng.",A1,school,086
goyal-a1-young-learners,,Übung 49,4,fill-in,Haben Sie Apfelsaft?,,,,"Nein, wir haben keinen Apfelsaft.",A1,food,086
goyal-a1-young-learners,,Übung 50,4,fill-in,Brauchst du die Mappe?,,,,"Nein, ich brauche sie nicht!",A1,school,086
goyal-a1-young-learners,,Übung 51,4,fill-in,Findest du die Sekretärin nett?,,,,"Nein, ich finde sie nicht nett.",A1,profession,086
goyal-a1-young-learners,,Übung 49,5,fill-in,Haben Sie Milch?,,,,"Nein, wir haben keine Milch.",A1,food,086
goyal-a1-young-learners,,Übung 50,5,fill-in,Brauchst du das Handy?,,,,"Nein, ich brauche es nicht!",A1,communication,086
goyal-a1-young-learners,,Übung 51,5,fill-in,Findest du den Krimi spannend?,,,,"Nein, ich finde ihn nicht spannend.",A1,hobby,086
goyal-a1-young-learners,,Übung 49,6,fill-in,Haben Sie Kuchen?,,,,"Nein, wir haben keinen Kuchen.",A1,food,086
goyal-a1-young-learners,,Übung 50,6,fill-in,Brauchst du die Sportschuhe?,,,,"Nein, ich brauche sie nicht!",A1,hobby,086
goyal-a1-young-learners,,Übung 51,6,fill-in,Findest du das Handy teuer?,,,,"Nein, ich finde es nicht teuer.",A1,communication,086
goyal-a1-young-learners,,Übung 49,7,fill-in,Haben Sie Cola?,,,,"Nein, wir haben keine Cola.",A1,food,086
goyal-a1-young-learners,,Übung 50,7,fill-in,Brauchst du das Matheheft?,,,,"Nein, ich brauche es nicht!",A1,school,086
goyal-a1-young-learners,,Übung 51,7,fill-in,Findest du die Quizshow lustig?,,,,"Nein, ich finde sie nicht lustig.",A1,hobby,086
goyal-a1-young-learners,,Übung 49,8,fill-in,Haben Sie Chips?,,,,"Nein, wir haben keine Chips.",A1,food,086
goyal-a1-young-learners,,Übung 50,8,fill-in,Brauchst du den Kugelschreiber?,,,,"Nein, ich brauche ihn nicht!",A1,school,086
goyal-a1-young-learners,,Übung 51,8,fill-in,Findest du Tina hübsch?,,,,"Nein, ich finde sie nicht hübsch.",A1,personal-info,086
goyal-a1-young-learners,,Übung 52,1,fill-in,Mein Vater steht jeden Tag ___ 6.30 Uhr auf.,,,,um,A1,time-dates,087
goyal-a1-young-learners,,Übung 53,1,short-answer,Bilde die Frage. Antwort: Ich stehe um 7 Uhr auf.,,,,Um wie viel Uhr stehst du auf?,A1,time-dates,087
goyal-a1-young-learners,,Übung 52,2,fill-in,___ Nachmittag lerne ich für die Schule.,,,,Am,A1,time-dates,087
goyal-a1-young-learners,,Übung 53,2,short-answer,Bilde die Frage. Antwort: Ich sehe von 17 bis 19 Uhr fern.,,,,Von wann bis wann siehst du fern?,A1,time-dates,087
goyal-a1-young-learners,,Übung 52,3,fill-in,Die Schule fängt ___ 8 Uhr an.,,,,um,A1,time-dates,087
goyal-a1-young-learners,,Übung 53,3,short-answer,Bilde die Frage. Antwort: Am Montag und am Mittwoch.,,,,,A1,time-dates,087
goyal-a1-young-learners,,Übung 52,4,fill-in,___ Samstag gehe ich nicht in die Schule.,,,,Am,A1,time-dates,087
goyal-a1-young-learners,,Übung 53,4,short-answer,Bilde die Frage. Antwort: Es ist zehn nach vier.,,,,Wie viel Uhr ist es?,A1,time-dates,087
goyal-a1-young-learners,,Übung 52,5,fill-in,___ Abend sehe ich bis 23 Uhr fern.,,,,Am,A1,time-dates,087
goyal-a1-young-learners,,Übung 53,5,short-answer,Bilde die Frage. Antwort: Zwei Stunden.,,,,,A1,time-dates,087
goyal-a1-young-learners,,Übung 52,6,fill-in,___ wie viel Uhr isst du zu Abend?,,,,Um,A1,time-dates,087
goyal-a1-young-learners,,Übung 53,6,short-answer,Bilde die Frage. Antwort: Der Film fängt um 20.15 Uhr an.,,,,Um wie viel Uhr fängt der Film an?,A1,time-dates,087
goyal-a1-young-learners,,Übung 52,7,fill-in,___ Mittwoch gehe ich in die Tanzschule.,,,,Am,A1,time-dates,087
goyal-a1-young-learners,,Übung 53,7,short-answer,Bilde die Frage. Antwort: Nach dem Essen.,,,,,A1,time-dates,087
goyal-a1-young-learners,,Übung 52,8,fill-in,Ich komme ___ 13.45 Uhr von der Schule zurück.,,,,um,A1,time-dates,087
goyal-a1-young-learners,,Übung 53,8,short-answer,"Bilde die Frage. Antwort: Nicht lange, eine Stunde.",,,,,A1,time-dates,087
goyal-a1-young-learners,listening,Übung 54 A,1,speaking-task,Möchtest du einen Apfel?,,,,(open-ended),A1,food,088
goyal-a1-young-learners,listening,Übung 54 B,1,speaking-task,Brauchst du den Spitzer?,,,,(open-ended),A1,school,088
goyal-a1-young-learners,listening,Übung 54 C,1,speaking-task,Wie findest du den Film? Schön?,,,,(open-ended),A1,hobby,088
goyal-a1-young-learners,listening,Übung 54 D,1,speaking-task,Um wie viel Uhr stehst du auf? Um 7.10?,,,,(open-ended),A1,daily-routine,088
goyal-a1-young-learners,listening,Übung 55,1,speaking-task,Hör zu und wiederhole die Sätze mit der richtigen Intonation.,,,,(open-ended),A1,mixed,088
goyal-a1-young-learners,listening,Übung 54 A,2,speaking-task,Möchtest du einen Schokoriegel?,,,,(open-ended),A1,food,088
goyal-a1-young-learners,listening,Übung 54 B,2,speaking-task,Brauchst du das Deutschbuch?,,,,(open-ended),A1,school,088
goyal-a1-young-learners,listening,Übung 54 C,2,speaking-task,Wie findest du die Quizshow? Blöd?,,,,(open-ended),A1,hobby,088
goyal-a1-young-learners,listening,Übung 54 D,2,speaking-task,Um wie viel Uhr frühstückst du? Um 7.30?,,,,(open-ended),A1,daily-routine,088
goyal-a1-young-learners,listening,Übung 54 A,3,speaking-task,Möchtest du eine Banane?,,,,(open-ended),A1,food,088
goyal-a1-young-learners,listening,Übung 54 B,3,speaking-task,Brauchst du die Schere?,,,,(open-ended),A1,school,088
goyal-a1-young-learners,listening,Übung 54 C,3,speaking-task,Wie findest du das Kulturprogramm? Langweilig?,,,,(open-ended),A1,hobby,088
goyal-a1-young-learners,listening,Übung 54 D,3,speaking-task,Um wie viel Uhr fährst du zur Schule? Um 7.45?,,,,(open-ended),A1,daily-routine,088
goyal-a1-young-learners,listening,Übung 54 A,4,speaking-task,Möchtest du ein Käsebrot?,,,,(open-ended),A1,food,088
goyal-a1-young-learners,listening,Übung 54 B,4,speaking-task,Brauchst du den Marker?,,,,(open-ended),A1,school,088
goyal-a1-young-learners,listening,Übung 54 C,4,speaking-task,Wie findest du die Sportsendung? Toll?,,,,(open-ended),A1,hobby,088
goyal-a1-young-learners,listening,Übung 54 D,4,speaking-task,Um wie viel Uhr fängt der Unterricht an? Um 8.05?,,,,(open-ended),A1,daily-routine,088
goyal-a1-young-learners,listening,Übung 54 A,5,speaking-task,Möchtest du ein Stück Kuchen?,,,,(open-ended),A1,food,088
goyal-a1-young-learners,listening,Übung 54 B,5,speaking-task,Brauchst du die Mappe?,,,,(open-ended),A1,school,088
goyal-a1-young-learners,listening,Übung 54 C,5,speaking-task,Wie findest du den Krimi? Spannend?,,,,(open-ended),A1,hobby,088
goyal-a1-young-learners,listening,Übung 54 D,5,speaking-task,Um wie viel Uhr kommst du zurück? Um 13.15?,,,,(open-ended),A1,daily-routine,088
goyal-a1-young-learners,vocabulary,A. Memo-Spiel,1,matching,Ich esse einen … (Schokoriegel),,,,… Schokoriegel.,A1,food,089
goyal-a1-young-learners,vocabulary,A. Memo-Spiel,2,matching,Ich esse ein … (Käsebrot),,,,… Käsebrot.,A1,food,089
goyal-a1-young-learners,vocabulary,A. Memo-Spiel,3,matching,Ich trinke einen … (Saft),,,,… Saft.,A1,food,089
goyal-a1-young-learners,vocabulary,A. Memo-Spiel,4,matching,Ich trinke eine … (Cola),,,,… Cola.,A1,food,089
goyal-a1-young-learners,vocabulary,A. Memo-Spiel,5,matching,Ich esse einen … (Joghurt),,,,… Joghurt.,A1,food,089
goyal-a1-young-learners,vocabulary,A. Memo-Spiel,6,matching,Ich esse ein … (Stück Kuchen),,,,… Stück Kuchen.,A1,food,089
goyal-a1-young-learners,vocabulary,A. Memo-Spiel,7,matching,Ich trinke ein … (Mineralwasser),,,,… Mineralwasser.,A1,food,089
goyal-a1-young-learners,vocabulary,A. Memo-Spiel,8,matching,Ich esse eine … (Birne),,,,… Birne.,A1,food,089
goyal-a1-young-learners,writing,B. Sätze bauen,1,writing-task,"Schneide die Kärtchen aus, mische sie und bau damit unterschiedliche Sätze.",,,,(open-ended),A1,hobby,091
goyal-a1-young-learners,writing,C. Sätze bauen,1,writing-task,"Schneide die Kärtchen aus, mische sie und bau damit unterschiedliche Sätze.",,,,(open-ended),A1,daily-routine,093
goyal-a1-young-learners,vocabulary,D. Silbenrätsel,1,ordering,Schneide die Kärtchen aus und setze die Silben zu Wörtern zusammen.,,,,,A1,mixed,095
