collection,word,article,plural,word_class,example,topic,source_page
cosmopolite-a1-methode,Allemagne,l',,noun,numéro un — l'Allemagne,travel,015
cosmopolite-a1-methode,Australie,,,noun,,travel,015
cosmopolite-a1-methode,Brésil,,,noun,,travel,015
cosmopolite-a1-methode,Canada,,,noun,,travel,015
cosmopolite-a1-methode,Chine,la,,noun,numéro cinq — la Chine,travel,015
cosmopolite-a1-methode,Corée du Sud,,,noun,,travel,015
cosmopolite-a1-methode,Croatie,,,noun,,travel,015
cosmopolite-a1-methode,Cuba,,,noun,,travel,015
cosmopolite-a1-methode,Espagne,,,noun,,travel,015
cosmopolite-a1-methode,France,,,noun,,travel,015
cosmopolite-a1-methode,Grande-Bretagne,la,,noun,numéro trois — la Grande-Bretagne,travel,015
cosmopolite-a1-methode,Hongrie,,,noun,,travel,015
cosmopolite-a1-methode,Italie,,,noun,,travel,015
cosmopolite-a1-methode,Jamaïque,,,noun,,travel,015
cosmopolite-a1-methode,Japon,,,noun,,travel,015
cosmopolite-a1-methode,Kenya,,,noun,,travel,015
cosmopolite-a1-methode,Nouvelle-Zélande,,,noun,,travel,015
cosmopolite-a1-methode,Pays-Bas,,,noun,,travel,015
cosmopolite-a1-methode,Russie,la,,noun,numéro deux — la Russie,travel,015
cosmopolite-a1-methode,États-Unis,les,,noun,numéro quatre — les États-Unis,travel,015
cosmopolite-a1-methode,Brésil,le,,noun,le Brésil,travel,016
cosmopolite-a1-methode,Cambodge,le,,noun,le Cambodge,travel,016
cosmopolite-a1-methode,Chine,la,,noun,la Chine,travel,016
cosmopolite-a1-methode,Chypre,,,noun,,travel,016
cosmopolite-a1-methode,cinq,,,other,,none,016
cosmopolite-a1-methode,cinquante,,,other,,none,016
cosmopolite-a1-methode,cinquante et un,,,other,,none,016
cosmopolite-a1-methode,cinquante-cinq,,,other,,none,016
cosmopolite-a1-methode,cinquante-deux,,,other,,none,016
cosmopolite-a1-methode,cinquante-neuf,,,other,,none,016
cosmopolite-a1-methode,cinquante-quatre,,,other,,none,016
cosmopolite-a1-methode,cinquante-sept,,,other,,none,016
cosmopolite-a1-methode,Cuba,,,noun,,travel,016
cosmopolite-a1-methode,deux,,,other,,none,016
cosmopolite-a1-methode,dix,,,other,,none,016
cosmopolite-a1-methode,dix-huit,,,other,,none,016
cosmopolite-a1-methode,dix-neuf,,,other,,none,016
cosmopolite-a1-methode,dix-sept,,,other,,none,016
cosmopolite-a1-methode,douze,,,other,,none,016
cosmopolite-a1-methode,Espagne,l',,noun,l'Espagne,travel,016
cosmopolite-a1-methode,France,la,,noun,la France,travel,016
cosmopolite-a1-methode,Haïti,,,noun,,travel,016
cosmopolite-a1-methode,huit,,,other,,none,016
cosmopolite-a1-methode,Iran,l',,noun,l'Iran,travel,016
cosmopolite-a1-methode,Liban,le,,noun,le Liban,travel,016
cosmopolite-a1-methode,Madagascar,,,noun,,travel,016
cosmopolite-a1-methode,Malte,,,noun,,travel,016
cosmopolite-a1-methode,Mexique,le,,noun,le Mexique,travel,016
cosmopolite-a1-methode,neuf,,,other,,none,016
cosmopolite-a1-methode,onze,,,other,,none,016
cosmopolite-a1-methode,Pays-Bas,les,,noun,les Pays-Bas,travel,016
cosmopolite-a1-methode,quarante,,,other,,none,016
cosmopolite-a1-methode,quarante-cinq,,,other,,none,016
cosmopolite-a1-methode,quarante-deux,,,other,,none,016
cosmopolite-a1-methode,quarante-huit,,,other,,none,016
cosmopolite-a1-methode,quarante-sept,,,other,,none,016
cosmopolite-a1-methode,quarante-six,,,other,,none,016
cosmopolite-a1-methode,quarante-trois,,,other,,none,016
cosmopolite-a1-methode,quatorze,,,other,,none,016
cosmopolite-a1-methode,quatre,,,other,,none,016
cosmopolite-a1-methode,quinze,,,other,,none,016
cosmopolite-a1-methode,seize,,,other,,none,016
cosmopolite-a1-methode,sept,,,other,,none,016
cosmopolite-a1-methode,Singapour,,,noun,,travel,016
cosmopolite-a1-methode,six,,,other,,none,016
cosmopolite-a1-methode,soixante,,,other,,none,016
cosmopolite-a1-methode,soixante-cinq,,,other,,none,016
cosmopolite-a1-methode,soixante-deux,,,other,,none,016
cosmopolite-a1-methode,soixante-huit,,,other,,none,016
cosmopolite-a1-methode,soixante-neuf,,,other,,none,016
cosmopolite-a1-methode,soixante-quatre,,,other,,none,016
cosmopolite-a1-methode,soixante-sept,,,other,,none,016
cosmopolite-a1-methode,soixante-trois,,,other,,none,016
cosmopolite-a1-methode,treize,,,other,,none,016
cosmopolite-a1-methode,trente,,,other,,none,016
cosmopolite-a1-methode,trente et un,,,other,,none,016
cosmopolite-a1-methode,trente-cinq,,,other,,none,016
cosmopolite-a1-methode,trente-huit,,,other,,none,016
cosmopolite-a1-methode,trente-neuf,,,other,,none,016
cosmopolite-a1-methode,trente-quatre,,,other,,none,016
cosmopolite-a1-methode,trente-six,,,other,,none,016
cosmopolite-a1-methode,trente-trois,,,other,,none,016
cosmopolite-a1-methode,trois,,,other,,none,016
cosmopolite-a1-methode,un,,,other,,none,016
cosmopolite-a1-methode,vingt,,,other,,none,016
cosmopolite-a1-methode,vingt-cinq,,,other,,none,016
cosmopolite-a1-methode,vingt-deux,,,other,,none,016
cosmopolite-a1-methode,vingt-huit,,,other,,none,016
cosmopolite-a1-methode,vingt-neuf,,,other,,none,016
cosmopolite-a1-methode,vingt-quatre,,,other,,none,016
cosmopolite-a1-methode,vingt-sept,,,other,,none,016
cosmopolite-a1-methode,vingt-six,,,other,,none,016
cosmopolite-a1-methode,vingt-trois,,,other,,none,016
cosmopolite-a1-methode,zéro,,,other,,none,016
cosmopolite-a1-methode,États-Unis,les,,noun,les États-Unis,travel,016
cosmopolite-a1-methode,Comment on dit today en français ?,,,phrase,Comment on dit today en français ?,school,018
cosmopolite-a1-methode,Comment ça s'écrit ?,,,phrase,Comment ça s'écrit ?,school,018
cosmopolite-a1-methode,Fermez le livre.,,,phrase,Fermez le livre.,school,018
cosmopolite-a1-methode,février,,,noun,,time-dates,018
cosmopolite-a1-methode,janvier,,,noun,,time-dates,018
cosmopolite-a1-methode,Je ne comprends pas.,,,phrase,Je ne comprends pas.,school,018
cosmopolite-a1-methode,Je ne sais pas.,,,phrase,Je ne sais pas.,school,018
cosmopolite-a1-methode,lundi,,,noun,lundi,time-dates,018
cosmopolite-a1-methode,mars,,,noun,,time-dates,018
cosmopolite-a1-methode,Observez le document.,,,phrase,Observez le document.,school,018
cosmopolite-a1-methode,Ouvrez le livre.,,,phrase,Ouvrez le livre.,school,018
cosmopolite-a1-methode,"Répétez, s'il vous plaît.",,,phrase,"Répétez, s'il vous plaît.",school,018
cosmopolite-a1-methode,Travaillez par deux.,,,phrase,Travaillez par deux.,school,018
cosmopolite-a1-methode,Écoutez le dialogue.,,,phrase,Écoutez le dialogue.,school,018
cosmopolite-a1-methode,été,l',,noun,l'été,time-dates,018
cosmopolite-a1-methode,algérien,,,adjective,,personal-info,026
cosmopolite-a1-methode,algérienne,,,adjective,,personal-info,026
cosmopolite-a1-methode,américain,,,adjective,,personal-info,026
cosmopolite-a1-methode,américaine,,,adjective,,personal-info,026
cosmopolite-a1-methode,anglais,,,adjective,,personal-info,026
cosmopolite-a1-methode,anglaise,,,adjective,,personal-info,026
cosmopolite-a1-methode,brésilien,,,adjective,Il est brésilien.,personal-info,026
cosmopolite-a1-methode,camerounais,,,adjective,,personal-info,026
cosmopolite-a1-methode,camerounaise,,,adjective,,personal-info,026
cosmopolite-a1-methode,chinois,,,adjective,Il est chinois.,personal-info,026
cosmopolite-a1-methode,espagnol,,,adjective,,personal-info,026
cosmopolite-a1-methode,espagnole,,,adjective,,personal-info,026
cosmopolite-a1-methode,français,,,adjective,Il est français.,personal-info,026
cosmopolite-a1-methode,grec,,,adjective,Il est grec.,personal-info,026
cosmopolite-a1-methode,grecque,,,adjective,Elle est grecque.,personal-info,026
cosmopolite-a1-methode,indien,,,adjective,,personal-info,026
cosmopolite-a1-methode,indienne,,,adjective,,personal-info,026
cosmopolite-a1-methode,mexicain,,,adjective,,personal-info,026
cosmopolite-a1-methode,mexicaine,,,adjective,,personal-info,026
cosmopolite-a1-methode,russe,,,adjective,Il est russe.,personal-info,026
cosmopolite-a1-methode,réalisateur,,,noun,Xavier Dolan est réalisateur.,profession,026
cosmopolite-a1-methode,suisse,,,adjective,,personal-info,026
cosmopolite-a1-methode,suédois,,,adjective,,personal-info,026
cosmopolite-a1-methode,suédoise,,,adjective,,personal-info,026
cosmopolite-a1-methode,turc,,,adjective,Il est turc.,personal-info,026
cosmopolite-a1-methode,turque,,,adjective,Elle est turque.,personal-info,026
cosmopolite-a1-methode,Amour,,,noun,,mixed,034
cosmopolite-a1-methode,Cinq,,,other,,mixed,034
cosmopolite-a1-methode,Continents,,,noun,,mixed,034
cosmopolite-a1-methode,Dialecte,,,noun,,mixed,034
cosmopolite-a1-methode,Français,,,noun,,mixed,034
cosmopolite-a1-methode,Langue,,,noun,,mixed,034
cosmopolite-a1-methode,Monde,,,noun,,mixed,034
cosmopolite-a1-methode,Nombre,,,noun,,mixed,034
cosmopolite-a1-methode,Numéro,,,noun,,mixed,034
cosmopolite-a1-methode,Officielle,,,adjective,,mixed,034
cosmopolite-a1-methode,Ouverture,,,noun,,mixed,034
cosmopolite-a1-methode,Pays,,,noun,,mixed,034
cosmopolite-a1-methode,Planète,,,noun,,mixed,034
cosmopolite-a1-methode,Sept,,,other,,mixed,034
cosmopolite-a1-methode,Travail,,,noun,,mixed,034
cosmopolite-a1-methode,Universelle,,,adjective,,mixed,034
cosmopolite-a1-methode,Ville,,,noun,,mixed,034
cosmopolite-a1-methode,cousin,le,,noun,,family,058
cosmopolite-a1-methode,cousine,la,,noun,,family,058
cosmopolite-a1-methode,célibataire,,,adjective,Je suis célibataire.,family,058
cosmopolite-a1-methode,enfants,,,noun,mes enfants,family,058
cosmopolite-a1-methode,famille d'accueil,,,noun,leur famille d'accueil,family,058
cosmopolite-a1-methode,frère,le,,noun,,family,058
cosmopolite-a1-methode,grand-mère,la,,noun,,family,058
cosmopolite-a1-methode,grand-père,le,,noun,,family,058
cosmopolite-a1-methode,mère,la,,noun,,family,058
cosmopolite-a1-methode,mère d'accueil,,,noun,votre mère d'accueil,family,058
cosmopolite-a1-methode,oncle,l',,noun,,family,058
cosmopolite-a1-methode,père,le,,noun,,family,058
cosmopolite-a1-methode,sœur,la,,noun,,family,058
cosmopolite-a1-methode,tante,la,,noun,,family,058
cosmopolite-a1-methode,acteur,,,noun,,profession,064
cosmopolite-a1-methode,actrice,,,noun,,profession,064
cosmopolite-a1-methode,aimer,,,verb,,none,064
cosmopolite-a1-methode,boulanger,,,noun,,profession,064
cosmopolite-a1-methode,chanteur,,,noun,,profession,064
cosmopolite-a1-methode,chanteuse,,,noun,,profession,064
cosmopolite-a1-methode,coiffeuse,,,noun,,profession,064
cosmopolite-a1-methode,comédien,,,noun,,profession,064
cosmopolite-a1-methode,comédienne,,,noun,,profession,064
cosmopolite-a1-methode,dessinateur,,,noun,,profession,064
cosmopolite-a1-methode,diplomate,,,noun,,profession,064
cosmopolite-a1-methode,infirmier,,,noun,,profession,064
cosmopolite-a1-methode,infirmière,,,noun,,profession,064
cosmopolite-a1-methode,informer,,,verb,,none,064
cosmopolite-a1-methode,journaliste,,,noun,,profession,064
cosmopolite-a1-methode,musicienne,,,noun,,profession,064
cosmopolite-a1-methode,président,,,noun,,profession,064
cosmopolite-a1-methode,rêver,,,verb,,none,064
cosmopolite-a1-methode,sauver,,,verb,,none,064
cosmopolite-a1-methode,travailler,,,verb,,none,064
cosmopolite-a1-methode,étudiant,,,noun,,profession,064
cosmopolite-a1-methode,étudiante,,,noun,,profession,064
cosmopolite-a1-methode,anglais,,,noun,,communication,067
cosmopolite-a1-methode,Cardiologue,,,noun,,health,067
cosmopolite-a1-methode,Chirurgien,,,noun,,health,067
cosmopolite-a1-methode,Dentiste,,,noun,,health,067
cosmopolite-a1-methode,espagnol,,,noun,,communication,067
cosmopolite-a1-methode,Français,,,noun,,communication,067
cosmopolite-a1-methode,Médecin généraliste,,,noun,,health,067
cosmopolite-a1-methode,roumain,,,noun,,communication,067
cosmopolite-a1-methode,au coude,,,phrase,au coude,health,068
cosmopolite-a1-methode,au nez,,,phrase,au nez,health,068
cosmopolite-a1-methode,au pied,,,phrase,au pied,health,068
cosmopolite-a1-methode,au ventre,,,phrase,au ventre,health,068
cosmopolite-a1-methode,aux oreilles,,,phrase,aux oreilles,health,068
cosmopolite-a1-methode,aux yeux,,,phrase,aux yeux,health,068
cosmopolite-a1-methode,bouche,la,,noun,,health,068
cosmopolite-a1-methode,bras,le,,noun,,health,068
cosmopolite-a1-methode,dos,le,,noun,,health,068
cosmopolite-a1-methode,genou,le,,noun,,health,068
cosmopolite-a1-methode,gorge,la,,noun,,health,068
cosmopolite-a1-methode,main,la,,noun,,health,068
cosmopolite-a1-methode,à l'oreille droite,,,phrase,à l'oreille droite,health,068
cosmopolite-a1-methode,à l'œil gauche,,,phrase,à l'œil gauche,health,068
cosmopolite-a1-methode,à la poitrine,,,phrase,à la poitrine,health,068
cosmopolite-a1-methode,à la tête,,,phrase,à la tête,health,068
cosmopolite-a1-methode,après,,,adverb,,time-dates,075
cosmopolite-a1-methode,d'abord,,,adverb,,time-dates,075
cosmopolite-a1-methode,ensuite,,,adverb,,time-dates,075
cosmopolite-a1-methode,puis,,,adverb,,time-dates,075
cosmopolite-a1-methode,authentique,,,adjective,,travel,118
cosmopolite-a1-methode,balcon,le,,noun,,home,118
cosmopolite-a1-methode,bon,,,adjective,,travel,118
cosmopolite-a1-methode,Choisir,,,verb,,none,118
cosmopolite-a1-methode,confortable,,,adjective,,travel,118
cosmopolite-a1-methode,couloir,le,,noun,,home,118
cosmopolite-a1-methode,cuisine,la,,noun,,home,118
cosmopolite-a1-methode,Dormir,,,verb,,daily-routine,118
cosmopolite-a1-methode,jardin,le,,noun,,home,118
cosmopolite-a1-methode,nouvel,,,adjective,un nouvel ami,travel,118
cosmopolite-a1-methode,Offrir,,,verb,,none,118
cosmopolite-a1-methode,partir,,,verb,,travel,118
cosmopolite-a1-methode,salle à manger,la,,noun,,home,118
cosmopolite-a1-methode,salon,le,,noun,,home,118
cosmopolite-a1-methode,toilettes,les,,noun,,home,118
cosmopolite-a1-methode,agneau,l',,noun,,food,130
cosmopolite-a1-methode,brocolis,les,,noun,,food,130
cosmopolite-a1-methode,bœuf,le,,noun,,food,130
cosmopolite-a1-methode,canard,le,,noun,,food,130
cosmopolite-a1-methode,carottes,les,,noun,,food,130
cosmopolite-a1-methode,cerises,les,,noun,,food,130
cosmopolite-a1-methode,chocolat,le,,noun,,food,130
cosmopolite-a1-methode,citron,le,,noun,,food,130
cosmopolite-a1-methode,filet de colin,le,,noun,,food,130
cosmopolite-a1-methode,fraises,les,,noun,,food,130
cosmopolite-a1-methode,framboises,les,,noun,,food,130
cosmopolite-a1-methode,fromage,le,,noun,,food,130
cosmopolite-a1-methode,fruits rouges,les,,noun,,food,130
cosmopolite-a1-methode,haricots verts,les,,noun,,food,130
cosmopolite-a1-methode,jus de fruits,les,,noun,,food,130
cosmopolite-a1-methode,oignon,l',,noun,,food,130
cosmopolite-a1-methode,pain,le,,noun,,food,130
cosmopolite-a1-methode,petits pois,les,,noun,,food,130
cosmopolite-a1-methode,pomme,la,,noun,,food,130
cosmopolite-a1-methode,pommes de terre,les,,noun,,food,130
cosmopolite-a1-methode,poulet,le,,noun,,food,130
cosmopolite-a1-methode,purée de pommes de terre,de la,,noun,de la purée de pommes de terre,food,130
cosmopolite-a1-methode,rillettes,des,,noun,des rillettes,food,130
cosmopolite-a1-methode,salade,la,,noun,,food,130
cosmopolite-a1-methode,saumon,le,,noun,,food,130
cosmopolite-a1-methode,soupe à l'oignon,la,,noun,j'adore la soupe à l'oignon,food,130
cosmopolite-a1-methode,épinards,les,,noun,,food,130
cosmopolite-a1-methode,bijoux,des,,noun,,shopping,137
cosmopolite-a1-methode,bottes,des,,noun,,shopping,137
cosmopolite-a1-methode,chapeaux,des,,noun,,shopping,137
cosmopolite-a1-methode,chaussures de sport,des,,noun,,shopping,137
cosmopolite-a1-methode,chaussures à talons,des,,noun,,shopping,137
cosmopolite-a1-methode,costume,un,,noun,,shopping,137
cosmopolite-a1-methode,cravate,une,,noun,,shopping,137
cosmopolite-a1-methode,jupe,une,,noun,,shopping,137
cosmopolite-a1-methode,lunettes,des,,noun,,shopping,137
cosmopolite-a1-methode,manteau,un,,noun,,shopping,137
cosmopolite-a1-methode,pantalon,un,,noun,,shopping,137
cosmopolite-a1-methode,robe,une,,noun,,shopping,137
cosmopolite-a1-methode,sacs,des,,noun,,shopping,137
cosmopolite-a1-methode,veste,une,,noun,,shopping,137
cosmopolite-a1-methode,bien connaître le magasin,,,phrase,bien connaître le magasin,shopping,138
cosmopolite-a1-methode,bien informer les clients,,,phrase,bien informer les clients,shopping,138
cosmopolite-a1-methode,bien parler français,,,phrase,bien parler français,shopping,138
cosmopolite-a1-methode,bien recevoir les clients,,,phrase,bien recevoir les clients,shopping,138
cosmopolite-a1-methode,bien s'habiller,,,phrase,bien s'habiller,shopping,138
cosmopolite-a1-methode,payer,,,verb,,shopping,138
cosmopolite-a1-methode,"Magasin de produits culturels (livres, films, musique) et d'électronique.",,,phrase,"Magasin de produits culturels (livres, films, musique) et d'électronique.",shopping,142
cosmopolite-a1-methode,Magasin de vêtements pour hommes.,,,phrase,Magasin de vêtements pour hommes.,shopping,142
cosmopolite-a1-methode,"Produits de beauté, parfums et soins.",,,phrase,"Produits de beauté, parfums et soins.",shopping,142
cosmopolite-a1-methode,Salon de coiffure.,,,phrase,Salon de coiffure.,shopping,142
cosmopolite-a1-methode,"Supermarché, produits alimentaires et pour la maison.",,,phrase,"Supermarché, produits alimentaires et pour la maison.",shopping,142
cosmopolite-a1-methode,Épicerie fine.,,,phrase,Épicerie fine.,shopping,142
cosmopolite-a1-methode,accueillant,,,adjective,Accueillant !,restaurant,150
cosmopolite-a1-methode,bruyant,,,adjective,,restaurant,150
cosmopolite-a1-methode,croustillant,,,adjective,,restaurant,150
cosmopolite-a1-methode,délicieux,,,adjective,,restaurant,150
cosmopolite-a1-methode,exceptionnel,,,adjective,,restaurant,150
cosmopolite-a1-methode,très bien,,,adverb,,restaurant,150
cosmopolite-a1-methode,cadeau,,,noun,,hobby,158
cosmopolite-a1-methode,date,,,noun,,hobby,158
cosmopolite-a1-methode,invités,,,noun,,hobby,158
cosmopolite-a1-methode,lieu,,,noun,,hobby,158
cosmopolite-a1-methode,musique,,,noun,,hobby,158
cosmopolite-a1-methode,voisins,les,,noun,les voisins,family,158
cosmopolite-a1-methode,Atelier de photos,,,noun,Atelier de photos,hobby,159
cosmopolite-a1-methode,charcuteries,,,noun,"Assiettes de charcuteries, fromages, tartines salées",food,159
cosmopolite-a1-methode,fromages,,,noun,"Assiettes de charcuteries, fromages, tartines salées",food,159
cosmopolite-a1-methode,Karaoké,,,noun,Soirée karaoké,hobby,159
cosmopolite-a1-methode,tartines salées,,,noun,"Assiettes de charcuteries, fromages, tartines salées",food,159
cosmopolite-a1-methode,anniversaire,,,noun,,family,160
cosmopolite-a1-methode,boissons,,,noun,J'ai besoin de 5 boissons.,food,160
cosmopolite-a1-methode,cadeau,le,,noun,Qui veut bien acheter le cadeau ?,family,160
cosmopolite-a1-methode,desserts,,,noun,J'ai besoin de 3 desserts.,food,160
cosmopolite-a1-methode,DVD de karaoké,des,,noun,Qui peut apporter des DVD de karaoké ?,hobby,160
cosmopolite-a1-methode,mariage,,,noun,,family,160
cosmopolite-a1-methode,plats,,,noun,J'ai besoin de 3 plats.,food,160
cosmopolite-a1-methode,repas entre amis,,,noun,,hobby,160
cosmopolite-a1-methode,réunion entre amis,,,noun,,hobby,160
cosmopolite-a1-methode,réveillon de Noël,,,noun,,family,160
cosmopolite-a1-methode,soirée de nouvel an,,,noun,,hobby,160
cosmopolite-a1-methode,soirée filles,,,noun,,hobby,160
cosmopolite-a1-methode,soirée karaoké,,,noun,,hobby,160
cosmopolite-a1-methode,vidéoprojecteur,un,,noun,J'ai besoin d'un vidéoprojecteur.,home,160
cosmopolite-a1-methode,Belgique,,,noun,,travel,163
cosmopolite-a1-methode,Canada,,,noun,,travel,163
cosmopolite-a1-methode,Côte d'Ivoire,la,,noun,la Côte d'Ivoire,travel,163
cosmopolite-a1-methode,Dakar,,,noun,,travel,163
cosmopolite-a1-methode,France,la,,noun,la France,travel,163
cosmopolite-a1-methode,Liban,,,noun,,travel,163
cosmopolite-a1-methode,Madagascar,,,noun,,travel,163
cosmopolite-a1-methode,Mali,,,noun,,travel,163
cosmopolite-a1-methode,Paris,,,noun,,travel,163
cosmopolite-a1-methode,Suisse,,,noun,,travel,163
cosmopolite-a1-methode,Sénégal,le,,noun,le Sénégal,travel,163
cosmopolite-a1-methode,Tunisie,,,noun,,travel,163
cosmopolite-a1-methode,Yamoussoukro,,,noun,,travel,163
cosmopolite-a1-methode,cinquante-deux,,,other,,personal-info,164
cosmopolite-a1-methode,cinquante-quatre,,,other,,personal-info,164
cosmopolite-a1-methode,conversation,,,noun,,school,164
cosmopolite-a1-methode,dialogue,,,noun,,school,164
cosmopolite-a1-methode,femme,,,noun,,school,164
cosmopolite-a1-methode,homme,,,noun,,school,164
cosmopolite-a1-methode,Où,,,other,Où ?,communication,164
cosmopolite-a1-methode,professions,,,noun,,school,164
cosmopolite-a1-methode,présentation,,,noun,,school,164
cosmopolite-a1-methode,Quand,,,other,Quand ?,communication,164
cosmopolite-a1-methode,quarante-trois,,,other,,personal-info,164
cosmopolite-a1-methode,quatre-vingt-cinq,,,other,,personal-info,164
cosmopolite-a1-methode,quatre-vingt-dix,,,other,,personal-info,164
cosmopolite-a1-methode,quatre-vingt-dix-neuf,,,other,,personal-info,164
cosmopolite-a1-methode,quatre-vingt-quinze,,,other,,personal-info,164
cosmopolite-a1-methode,quatre-vingt-seize,,,other,,personal-info,164
cosmopolite-a1-methode,quatre-vingt-sept,,,other,,personal-info,164
cosmopolite-a1-methode,quatre-vingt-treize,,,other,,personal-info,164
cosmopolite-a1-methode,Quelle saison,,,phrase,Quelle saison ?,communication,164
cosmopolite-a1-methode,questions,,,noun,,school,164
cosmopolite-a1-methode,Qui,,,other,Qui ?,communication,164
cosmopolite-a1-methode,Quoi,,,other,Quoi ?,communication,164
cosmopolite-a1-methode,seize,,,other,,personal-info,164
cosmopolite-a1-methode,situation,,,noun,,school,164
cosmopolite-a1-methode,soixante et un,,,other,,personal-info,164
cosmopolite-a1-methode,soixante-dix-huit,,,other,,personal-info,164
cosmopolite-a1-methode,soixante-neuf,,,other,,personal-info,164
cosmopolite-a1-methode,soixante-quatorze,,,other,,personal-info,164
cosmopolite-a1-methode,soixante-six,,,other,,personal-info,164
cosmopolite-a1-methode,soixante-treize,,,other,,personal-info,164
cosmopolite-a1-methode,treize,,,other,,personal-info,164
cosmopolite-a1-methode,vingt,,,other,,personal-info,164
cosmopolite-a1-methode,vingt-deux,,,other,,personal-info,164
cosmopolite-a1-methode,zéro deux,,,other,,personal-info,164
cosmopolite-a1-methode,zéro huit,,,other,,personal-info,164
cosmopolite-a1-methode,zéro quatre,,,other,,personal-info,164
cosmopolite-a1-methode,zéro sept,,,other,,personal-info,164
cosmopolite-a1-methode,zéro six,,,other,,personal-info,164
cosmopolite-a1-methode,étudiant,,,noun,,school,164
cosmopolite-a1-methode,ANGLETERRE,,,noun,Gemma est … . (ANGLETERRE),travel,165
cosmopolite-a1-methode,CAMEROUN,,,noun,Saïdou est … . (CAMEROUN),travel,165
cosmopolite-a1-methode,CANADA,,,noun,Xavier est … . (CANADA),travel,165
cosmopolite-a1-methode,CHINE,,,noun,Sissi est … . (CHINE),travel,165
cosmopolite-a1-methode,FRANCE,,,noun,Nicolas est français. (FRANCE),travel,165
cosmopolite-a1-methode,français,,,adjective,Nicolas est français.,personal-info,165
cosmopolite-a1-methode,langues parlées,,,noun,,personal-info,165
cosmopolite-a1-methode,nationalité,,,noun,,personal-info,165
cosmopolite-a1-methode,numéro de téléphone,,,noun,,personal-info,165
cosmopolite-a1-methode,prénom,,,noun,,personal-info,165
cosmopolite-a1-methode,ROUMANIE,,,noun,Camille est … . (ROUMANIE),travel,165
cosmopolite-a1-methode,RUSSIE,,,noun,Vladimir est … . (RUSSIE),travel,165
cosmopolite-a1-methode,VIETNAM,,,noun,Thu est … . (VIETNAM),travel,165
cosmopolite-a1-methode,âge,,,noun,,personal-info,165
cosmopolite-a1-methode,aller,,,verb,"Nous (aller) … bien, merci.",daily-routine,166
cosmopolite-a1-methode,avoir,,,verb,J'(avoir) … 30 ans.,personal-info,166
cosmopolite-a1-methode,Langue maternelle,,,noun,,personal-info,166
cosmopolite-a1-methode,Langues parlées,,,noun,,personal-info,166
cosmopolite-a1-methode,Nationalité,,,noun,,personal-info,166
cosmopolite-a1-methode,Nom,,,noun,,personal-info,166
cosmopolite-a1-methode,Numéro de téléphone,,,noun,,personal-info,166
cosmopolite-a1-methode,Parce que,,,other,J'étudie le français (pour / parce que) : …,school,166
cosmopolite-a1-methode,parler,,,verb,Vous (parler) … chinois ?,communication,166
cosmopolite-a1-methode,pour,,,preposition,J'étudie le français (pour / parce que) : …,school,166
cosmopolite-a1-methode,Profession,,,noun,,personal-info,166
cosmopolite-a1-methode,Prénom,,,noun,,personal-info,166
cosmopolite-a1-methode,russe,,,adjective,Nationalité : russe,personal-info,166
cosmopolite-a1-methode,s'appeler,,,verb,Je (s'appeler) … Lucas.,personal-info,166
cosmopolite-a1-methode,secrétaire,,,noun,Profession : secrétaire,profession,166
cosmopolite-a1-methode,Situation,,,noun,,personal-info,166
cosmopolite-a1-methode,Âge,,,noun,,personal-info,166
cosmopolite-a1-methode,être,,,verb,Elle (être) … suédoise.,personal-info,166
cosmopolite-a1-methode,"[Prénom] / [Nom], comment ça s'écrit s'il vous plaît / s'il te plaît ?",,,phrase,,communication,167
cosmopolite-a1-methode,Au revoir ! Bonne journée ! À demain !,,,phrase,,communication,167
cosmopolite-a1-methode,Au revoir madame / monsieur.,,,phrase,,communication,167
cosmopolite-a1-methode,Bonjour / Salut.,,,phrase,,communication,167
cosmopolite-a1-methode,Bonjour madame / monsieur. Comment allez-vous ?,,,phrase,,communication,167
cosmopolite-a1-methode,C'est Gemma Arterton. / Elle s'appelle Gemma Arterton.,,,phrase,,personal-info,167
cosmopolite-a1-methode,C'est Mingze Ni. / Il s'appelle Mingze Ni.,,,phrase,,personal-info,167
cosmopolite-a1-methode,C'est mon ami(e). / C'est un(e) camarade de classe.,,,phrase,,school,167
cosmopolite-a1-methode,C'est quoi ton numéro de téléphone ?,,,phrase,,personal-info,167
cosmopolite-a1-methode,Comment est ta classe de français ?,,,phrase,,school,167
cosmopolite-a1-methode,Comment s'appelle ton / votre professeur ?,,,phrase,,school,167
cosmopolite-a1-methode,"Dans ma classe, il y a…",,,phrase,,school,167
cosmopolite-a1-methode,Enchanté(e) !,,,phrase,,communication,167
cosmopolite-a1-methode,Excuse-moi.,,,phrase,,communication,167
cosmopolite-a1-methode,Excusez-moi mademoiselle / madame / monsieur.,,,phrase,,communication,167
cosmopolite-a1-methode,Il est chinois et équatorien.,,,phrase,,personal-info,167
cosmopolite-a1-methode,Il est fantastique ! Il est sympa !,,,phrase,,personal-info,167
cosmopolite-a1-methode,Il est professeur d'anglais. / C'est un professeur d'anglais.,,,phrase,,profession,167
cosmopolite-a1-methode,Il est étudiant. C'est un étudiant.,,,phrase,,school,167
cosmopolite-a1-methode,Il y a [X] étudiants dans ma classe.,,,phrase,,school,167
cosmopolite-a1-methode,J'apprends le français pour trouver un travail / pour voyager dans les pays francophones.,,,phrase,,school,167
cosmopolite-a1-methode,J'étudie le français pour mon travail / pour le plaisir.,,,phrase,,school,167
cosmopolite-a1-methode,Je m'appelle [prénom / nom] (exemple : Xavier Dolan).,,,phrase,,personal-info,167
cosmopolite-a1-methode,"Je m'appelle [prénom / nom], et vous ?",,,phrase,,personal-info,167
cosmopolite-a1-methode,Je me présente.,,,phrase,,personal-info,167
cosmopolite-a1-methode,Je parle français parce que c'est la langue de l'amour / parce que c'est une langue internationale.,,,phrase,,school,167
cosmopolite-a1-methode,Je suis + [nationalité]. (Exemple : Je suis canadien.),,,phrase,,personal-info,167
cosmopolite-a1-methode,Je suis + [profession]. (Exemple : Je suis acteur et réalisateur. / Je suis musicienne. / Je suis humoriste et acteur.),,,phrase,,profession,167
cosmopolite-a1-methode,"Je vais très bien, merci. Et vous ? Vous allez bien ?",,,phrase,,communication,167
cosmopolite-a1-methode,Je voudrais…,,,phrase,,communication,167
cosmopolite-a1-methode,Ma classe est très sympa. Ma classe est fantastique.,,,phrase,,school,167
cosmopolite-a1-methode,Merci !,,,phrase,,communication,167
cosmopolite-a1-methode,Mon / Notre professeur s'appelle…,,,phrase,,school,167
cosmopolite-a1-methode,Nous étudions le français parce que nous habitons à Paris / parce que c'est une langue parlée dans le monde entier.,,,phrase,,school,167
cosmopolite-a1-methode,"Oui, ça va, et toi ? Tu vas bien ?",,,phrase,,communication,167
cosmopolite-a1-methode,Pardon monsieur.,,,phrase,,communication,167
cosmopolite-a1-methode,Pourquoi tu parles / étudies / apprends le français ?,,,phrase,,school,167
cosmopolite-a1-methode,Quel est votre / ton nom ?,,,phrase,,personal-info,167
cosmopolite-a1-methode,Quel est votre / ton numéro de téléphone ?,,,phrase,,personal-info,167
cosmopolite-a1-methode,Quel âge vous avez / tu as ?,,,phrase,,personal-info,167
cosmopolite-a1-methode,Quelle est votre / ta nationalité ?,,,phrase,,personal-info,167
cosmopolite-a1-methode,Quelles langues vous parlez / tu parles ?,,,phrase,,personal-info,167
cosmopolite-a1-methode,Salut ! À plus tard !,,,phrase,,communication,167
cosmopolite-a1-methode,"Salut, ça va ? / Tu vas bien ?",,,phrase,,communication,167
cosmopolite-a1-methode,Vous pouvez / Tu peux épeler [nom / prénom] ?,,,phrase,,communication,167
cosmopolite-a1-methode,Vous êtes combien dans ta classe ?,,,phrase,,school,167
cosmopolite-a1-methode,À bientôt. / Salut. / Au revoir.,,,phrase,,communication,167
cosmopolite-a1-methode,Aller au Pérou pour voir…,,,phrase,,travel,171
cosmopolite-a1-methode,Aller aux États-Unis pour visiter…,,,phrase,,travel,171
cosmopolite-a1-methode,avenue,une,,noun,l'avenue Ursulines,city-places,171
cosmopolite-a1-methode,C'est fantastique (le couchsurfing) !,,,phrase,,travel,171
cosmopolite-a1-methode,C'est possible de faire la cuisine ?,,,phrase,,home,171
cosmopolite-a1-methode,C'est sympa d'habiter chez…,,,phrase,,travel,171
cosmopolite-a1-methode,cathédrale,une,,noun,la cathédrale Saint-Louis,city-places,171
cosmopolite-a1-methode,cathédrale,la,,noun,la cathédrale de…,travel,171
cosmopolite-a1-methode,château,le,,noun,le château de…,travel,171
cosmopolite-a1-methode,Continuer tout droit.,,,phrase,,city-places,171
cosmopolite-a1-methode,"Dans ce quartier, il y a beaucoup de…",,,phrase,,city-places,171
cosmopolite-a1-methode,"Derrière / Devant…, il y a…",,,phrase,,city-places,171
cosmopolite-a1-methode,des amoureux du voyage,des,,noun,,travel,171
cosmopolite-a1-methode,des passionnés de voyage,des,,noun,,travel,171
cosmopolite-a1-methode,"En général, les touristes prennent le bus.",,,phrase,,travel,171
cosmopolite-a1-methode,entre…,,,preposition,,city-places,171
cosmopolite-a1-methode,Est-ce que l'appartement est dans le centre ?,,,phrase,,home,171
cosmopolite-a1-methode,Est-ce que la chambre est libre ?,,,phrase,,home,171
cosmopolite-a1-methode,Et l'appartement est où ?,,,phrase,,home,171
cosmopolite-a1-methode,fleuve,un,,noun,le fleuve Mississippi,city-places,171
cosmopolite-a1-methode,galeries d'art,des,,noun,les galeries d'art de la rue Royale,city-places,171
cosmopolite-a1-methode,hôtel,un,,noun,l'hôtel de ville,city-places,171
cosmopolite-a1-methode,Il y a un jardin…,,,phrase,,city-places,171
cosmopolite-a1-methode,Je cherche une chambre à louer.,,,phrase,,home,171
cosmopolite-a1-methode,Je suis très content(e) de pratiquer mon français.,,,phrase,,school,171
cosmopolite-a1-methode,l'après-midi,l',,noun,,time-dates,171
cosmopolite-a1-methode,l'Australie,l',,noun,,travel,171
cosmopolite-a1-methode,la nuit,la,,noun,,time-dates,171
cosmopolite-a1-methode,la Thaïlande,la,,noun,,travel,171
cosmopolite-a1-methode,"la ville → à Istanbul, à Paris…",,,phrase,,travel,171
cosmopolite-a1-methode,"Le couchsurfing, c'est super (bien) !",,,phrase,,travel,171
cosmopolite-a1-methode,le lundi,le,,noun,,time-dates,171
cosmopolite-a1-methode,Le marché se trouve…,,,phrase,,city-places,171
cosmopolite-a1-methode,le mardi,le,,noun,,time-dates,171
cosmopolite-a1-methode,le matin,le,,noun,,time-dates,171
cosmopolite-a1-methode,"le nom du lieu → au Mila, à La Coupole…",,,phrase,,travel,171
cosmopolite-a1-methode,le Pérou,le,,noun,,travel,171
cosmopolite-a1-methode,"le quartier → dans le quartier de Kadiköy, dans le quartier de Montparnasse…",,,phrase,,city-places,171
cosmopolite-a1-methode,Le restaurant est à côté du / de l' / de la / des…,,,phrase,,city-places,171
cosmopolite-a1-methode,le soir,le,,noun,,time-dates,171
cosmopolite-a1-methode,le vendredi,le,,noun,,time-dates,171
cosmopolite-a1-methode,les francophones,les,,noun,,travel,171
cosmopolite-a1-methode,les États-Unis,les,,noun,,travel,171
cosmopolite-a1-methode,marché,un,,noun,le marché français,city-places,171
cosmopolite-a1-methode,Mon conseil : aller au château / aller à l'aéroport / aller à la plage / aller aux thermes…,,,phrase,,travel,171
cosmopolite-a1-methode,"Mon quartier préféré, c'est le quartier du capitole.",,,phrase,,city-places,171
cosmopolite-a1-methode,montagnes,les,,noun,les montagnes de…,travel,171
cosmopolite-a1-methode,musée,le,,noun,le musée de…,travel,171
cosmopolite-a1-methode,musées,des,,noun,les musées Cabildo et Presbytère,city-places,171
cosmopolite-a1-methode,"Oui, la chambre est disponible.",,,phrase,,home,171
cosmopolite-a1-methode,parc national,le,,noun,le parc national de…,travel,171
cosmopolite-a1-methode,Parce que c'est gratuit.,,,phrase,,travel,171
cosmopolite-a1-methode,plage,la,,noun,la plage de…,travel,171
cosmopolite-a1-methode,pour parler français…,,,phrase,,school,171
cosmopolite-a1-methode,Pour rencontrer d'autres cultures.,,,phrase,,travel,171
cosmopolite-a1-methode,Pourquoi le couchsurfing ?,,,phrase,,travel,171
cosmopolite-a1-methode,Prendre la rue…,,,phrase,,city-places,171
cosmopolite-a1-methode,rue,une,,noun,la rue Decatur,city-places,171
cosmopolite-a1-methode,thermes,les,,noun,les thermes de…,travel,171
cosmopolite-a1-methode,Tourner à droite.,,,phrase,,city-places,171
cosmopolite-a1-methode,Tourner à gauche.,,,phrase,,city-places,171
cosmopolite-a1-methode,tous les jours,,,phrase,,time-dates,171
cosmopolite-a1-methode,tous les mercredis soirs,,,phrase,,time-dates,171
cosmopolite-a1-methode,tous les soirs,,,phrase,,time-dates,171
cosmopolite-a1-methode,Tu as une connexion Wi-Fi ?,,,phrase,,home,171
cosmopolite-a1-methode,Vous allez au château à vélo / en train / à pied…,,,phrase,,travel,171
cosmopolite-a1-methode,Vous prenez le train à la gare de…,,,phrase,,travel,171
cosmopolite-a1-methode,"À Bangkok, il y a…",,,phrase,,travel,171
cosmopolite-a1-methode,"À Cusco, la cathédrale est…",,,phrase,,travel,171
cosmopolite-a1-methode,à droite de…,,,phrase,,city-places,171
cosmopolite-a1-methode,à gauche de…,,,phrase,,city-places,171
cosmopolite-a1-methode,à l'est de / à l'ouest de / au sud de / au nord de,,,phrase,,travel,171
cosmopolite-a1-methode,"À La Nouvelle-Orléans, il y a…",,,phrase,,travel,171
cosmopolite-a1-methode,"À Sydney, la plage de Bondi est…",,,phrase,,travel,171
cosmopolite-a1-methode,îles,les,,noun,les îles de…,travel,171
cosmopolite-a1-methode,adorable,,,adjective,,none,172
cosmopolite-a1-methode,agité,,,adjective,,none,172
cosmopolite-a1-methode,bavard,,,adjective,,none,172
cosmopolite-a1-methode,bruyant,,,adjective,,none,172
cosmopolite-a1-methode,cousin,,,noun,,family,172
cosmopolite-a1-methode,drôle,,,adjective,,none,172
cosmopolite-a1-methode,grand-père,,,noun,,family,172
cosmopolite-a1-methode,généreux,,,adjective,,none,172
cosmopolite-a1-methode,mère,,,noun,,family,172
cosmopolite-a1-methode,père,,,noun,,family,172
cosmopolite-a1-methode,sœur,,,noun,,family,172
cosmopolite-a1-methode,tante,,,noun,,family,172
cosmopolite-a1-methode,aller au cinéma,,,phrase,,hobby,173
cosmopolite-a1-methode,bavard,,,adjective,,none,173
cosmopolite-a1-methode,cuisiner,,,verb,,hobby,173
cosmopolite-a1-methode,gentil,,,adjective,,none,173
cosmopolite-a1-methode,grand,,,adjective,,none,173
cosmopolite-a1-methode,intelligent,,,adjective,,none,173
cosmopolite-a1-methode,la télévision,la,,noun,,hobby,173
cosmopolite-a1-methode,le téléphone,le,,noun,,communication,173
cosmopolite-a1-methode,les livres,les,,noun,,hobby,173
cosmopolite-a1-methode,les transports publics,les,,noun,,travel,173
cosmopolite-a1-methode,mon ami(e),,,noun,,none,173
cosmopolite-a1-methode,mon/ma professeur(e),,,noun,,school,173
cosmopolite-a1-methode,optimiste,,,adjective,,none,173
cosmopolite-a1-methode,sportif,,,adjective,,none,173
cosmopolite-a1-methode,un acteur,un,,noun,,profession,173
cosmopolite-a1-methode,un chanteur,un,,noun,,profession,173
cosmopolite-a1-methode,visiter un musée,,,phrase,,hobby,173
cosmopolite-a1-methode,étudier le français,,,phrase,,school,173
cosmopolite-a1-methode,gorge,,,noun,"Mon nez, ma gorge !",health,174
cosmopolite-a1-methode,nez,,,noun,"Mon nez, ma gorge !",health,174
cosmopolite-a1-methode,pied,,,noun,Attention ! Aiiiiieeeee ! Mon pied !,health,174
cosmopolite-a1-methode,yeux,,,noun,Il y a beaucoup de soleil ! J'ai mal aux yeux !,health,174
cosmopolite-a1-methode,Comment s'appellent vos / tes enfants ?,,,phrase,,family,175
cosmopolite-a1-methode,"Dans ma famille, il y a quatre personnes.",,,phrase,,family,175
cosmopolite-a1-methode,Il a une passion : l'accrobranche !,,,phrase,,hobby,175
cosmopolite-a1-methode,Il déteste la langue française.,,,phrase,,school,175
cosmopolite-a1-methode,Il n'aime pas du tout les cuisses de grenouilles.,,,phrase,,food,175
cosmopolite-a1-methode,Il y a combien de personnes dans votre / ta famille ?,,,phrase,,family,175
cosmopolite-a1-methode,Ils n'aiment pas beaucoup prendre le métro.,,,phrase,,travel,175
cosmopolite-a1-methode,Ils ont deux et six ans. Notre bébé a six mois.,,,phrase,,family,175
cosmopolite-a1-methode,Ils ont quel âge ?,,,phrase,,family,175
cosmopolite-a1-methode,J'adore l'architecture.,,,phrase,,hobby,175
cosmopolite-a1-methode,J'adore mon travail.,,,phrase,,profession,175
cosmopolite-a1-methode,J'ai deux enfants / un bébé.,,,phrase,,family,175
cosmopolite-a1-methode,J'ai un frère / une sœur.,,,phrase,,family,175
cosmopolite-a1-methode,J'ai un rêve : parler français.,,,phrase,,school,175
cosmopolite-a1-methode,J'ai une passion : le théâtre.,,,phrase,,hobby,175
cosmopolite-a1-methode,J'aime beaucoup la culture française.,,,phrase,,hobby,175
cosmopolite-a1-methode,Je n'ai pas d'enfants.,,,phrase,,family,175
cosmopolite-a1-methode,Je ne suis pas marié(e). = Je suis célibataire.,,,phrase,,family,175
cosmopolite-a1-methode,Je rêve de devenir médecin.,,,phrase,,profession,175
cosmopolite-a1-methode,Je rêve de faire du théâtre.,,,phrase,,hobby,175
cosmopolite-a1-methode,Je rêve de travailler en France.,,,phrase,,profession,175
cosmopolite-a1-methode,Je suis marié(e) / divorcé(e).,,,phrase,,family,175
cosmopolite-a1-methode,Justine a deux ans. Louise a six ans.,,,phrase,,family,175
cosmopolite-a1-methode,l'accrobranche,l',,noun,,hobby,175
cosmopolite-a1-methode,l'escalade,l',,noun,,hobby,175
cosmopolite-a1-methode,l'équitation,l',,noun,,hobby,175
cosmopolite-a1-methode,La mère est grande / élégante.,,,phrase,,personal-info,175
cosmopolite-a1-methode,"La médecine, c'est ma passion.",,,phrase,,profession,175
cosmopolite-a1-methode,la peinture,la,,noun,,hobby,175
cosmopolite-a1-methode,la sculpture,la,,noun,,hobby,175
cosmopolite-a1-methode,la voile,la,,noun,,hobby,175
cosmopolite-a1-methode,Le garçon est blond / brun.,,,phrase,,personal-info,175
cosmopolite-a1-methode,le tennis,le,,noun,,hobby,175
cosmopolite-a1-methode,le théâtre,le,,noun,,hobby,175
cosmopolite-a1-methode,les activités d'orientation,les,,noun,,hobby,175
cosmopolite-a1-methode,Lucy est adorable / décontractée / drôle / romantique.,,,phrase,,personal-info,175
cosmopolite-a1-methode,"Ma passion, c'est mon travail.",,,phrase,,profession,175
cosmopolite-a1-methode,Mes / Nos enfants s'appellent Justine et Louise.,,,phrase,,family,175
cosmopolite-a1-methode,Mes amies sont gentilles / sympathiques / intelligentes.,,,phrase,,personal-info,175
cosmopolite-a1-methode,Mes amis sont sportifs.,,,phrase,,personal-info,175
cosmopolite-a1-methode,Mon frère a 32 ans. Ma sœur a 15 ans.,,,phrase,,family,175
cosmopolite-a1-methode,Mon frère est bruyant / bavard / agité.,,,phrase,,personal-info,175
cosmopolite-a1-methode,"Mon rêve, c'est de faire des études pour devenir médecin.",,,phrase,,profession,175
cosmopolite-a1-methode,Nous adorons faire du shopping.,,,phrase,,shopping,175
cosmopolite-a1-methode,Nous aimons bien visiter des monuments.,,,phrase,,hobby,175
cosmopolite-a1-methode,"Nous avons / J'ai une grande famille : quatre grands-parents, deux oncles, deux tantes, trois cousins.",,,phrase,,family,175
cosmopolite-a1-methode,Nous détestons faire du sport.,,,phrase,,hobby,175
cosmopolite-a1-methode,Nous faisons de la voile / du tennis / de l'équitation.,,,phrase,,hobby,175
cosmopolite-a1-methode,Paul est un ami sincère. Il est généreux.,,,phrase,,personal-info,175
cosmopolite-a1-methode,Quel âge ils ont ?,,,phrase,,family,175
cosmopolite-a1-methode,Quelle est votre / ta situation de famille ?,,,phrase,,family,175
cosmopolite-a1-methode,Vous aimez / adorez / détestez le sport / faire du sport.,,,phrase,,hobby,175
cosmopolite-a1-methode,Vous avez / Tu as des frères et sœurs ?,,,phrase,,family,175
cosmopolite-a1-methode,Vous avez / Tu as une grande famille ?,,,phrase,,family,175
cosmopolite-a1-methode,Vous avez combien d'enfants ?,,,phrase,,family,175
cosmopolite-a1-methode,après,,,adverb,,time-dates,176
cosmopolite-a1-methode,d'abord,,,adverb,,time-dates,176
cosmopolite-a1-methode,ensuite,,,adverb,,time-dates,176
cosmopolite-a1-methode,puis,,,adverb,,time-dates,176
cosmopolite-a1-methode,s'habiller,,,verb,,daily-routine,176
cosmopolite-a1-methode,se brosser les dents,,,verb,,daily-routine,176
cosmopolite-a1-methode,se doucher,,,verb,,daily-routine,176
cosmopolite-a1-methode,se raser,,,verb,,daily-routine,176
cosmopolite-a1-methode,se réveiller,,,verb,,daily-routine,176
cosmopolite-a1-methode,Allez-vous souvent au cinéma ?,,,phrase,,hobby,179
cosmopolite-a1-methode,Apporte / Apportez…,,,phrase,,communication,179
cosmopolite-a1-methode,Est-ce que tu sors souvent avec des francophones ?,,,phrase,,hobby,179
cosmopolite-a1-methode,Et toi ? Tu sors pour parler français ?,,,phrase,,school,179
cosmopolite-a1-methode,Fréquentez-vous les festivals / les galeries d'art / les musées ?,,,phrase,,hobby,179
cosmopolite-a1-methode,J'ai rendez-vous avec… Je dois aller…,,,phrase,,communication,179
cosmopolite-a1-methode,J'écris / Je lis. Je fais du sport.,,,phrase,,hobby,179
cosmopolite-a1-methode,Je déjeune à la cantine.,,,phrase,,food,179
cosmopolite-a1-methode,Je dîne en famille.,,,phrase,,daily-routine,179
cosmopolite-a1-methode,Je dîne en famille. Je me couche vers 20 heures.,,,phrase,,daily-routine,179
cosmopolite-a1-methode,Je fais du sport.,,,phrase,,hobby,179
cosmopolite-a1-methode,Je m'habille. Je prends mon petit déjeuner. Je me lève tôt.,,,phrase,,daily-routine,179
cosmopolite-a1-methode,Je mange un sandwich.,,,phrase,,food,179
cosmopolite-a1-methode,Je me brosse les dents.,,,phrase,,daily-routine,179
cosmopolite-a1-methode,Je me lève toujours à 7 h 30. J'ai des horaires fixes.,,,phrase,,daily-routine,179
cosmopolite-a1-methode,Je me rase.,,,phrase,,daily-routine,179
cosmopolite-a1-methode,Je me repose.,,,phrase,,daily-routine,179
cosmopolite-a1-methode,Je me réveille chaque matin à 7 heures.,,,phrase,,daily-routine,179
cosmopolite-a1-methode,Je me réveille.,,,phrase,,daily-routine,179
cosmopolite-a1-methode,Je prends mon ordinateur et je me connecte à un site.,,,phrase,,communication,179
cosmopolite-a1-methode,Je prends vingt minutes pour déjeuner.,,,phrase,,daily-routine,179
cosmopolite-a1-methode,Je reçois mes patients jusqu'à 18 h 30.,,,phrase,,profession,179
cosmopolite-a1-methode,Je travaille tout l'après-midi.,,,phrase,,profession,179
cosmopolite-a1-methode,"La journée / la semaine de travail, c'est … heures.",,,phrase,,profession,179
cosmopolite-a1-methode,"Le soir, nous dînons toujours à 20 heures.",,,phrase,,daily-routine,179
cosmopolite-a1-methode,Les enfants se préparent.,,,phrase,,daily-routine,179
cosmopolite-a1-methode,Mon mari et moi regardons un film.,,,phrase,,hobby,179
cosmopolite-a1-methode,"Non, je suis désolé(e), je ne peux pas.",,,phrase,,communication,179
cosmopolite-a1-methode,Nous apprenons beaucoup.,,,phrase,,profession,179
cosmopolite-a1-methode,Nous avons des collègues français / polonais…,,,phrase,,profession,179
cosmopolite-a1-methode,Nous habitons [+ adresse].,,,phrase,,communication,179
cosmopolite-a1-methode,Nous nous couchons.,,,phrase,,daily-routine,179
cosmopolite-a1-methode,Nous nous douchons.,,,phrase,,daily-routine,179
cosmopolite-a1-methode,Nous nous endormons.,,,phrase,,daily-routine,179
cosmopolite-a1-methode,Nous nous habillons.,,,phrase,,daily-routine,179
cosmopolite-a1-methode,Nous prenons notre petit déjeuner.,,,phrase,,daily-routine,179
cosmopolite-a1-methode,Nous travaillons à / chez…,,,phrase,,profession,179
cosmopolite-a1-methode,Nous voulons organiser… pour…,,,phrase,,communication,179
cosmopolite-a1-methode,Objet : …,,,phrase,,communication,179
cosmopolite-a1-methode,On doit…,,,phrase,,profession,179
cosmopolite-a1-methode,On fait des pauses-café avec ses collègues.,,,phrase,,profession,179
cosmopolite-a1-methode,On peut manger…,,,phrase,,food,179
cosmopolite-a1-methode,On peut parler français.,,,phrase,,profession,179
cosmopolite-a1-methode,"On se retrouve où ? Au restaurant…, place…, rue…",,,phrase,,communication,179
cosmopolite-a1-methode,"Oui, ça me va.",,,phrase,,communication,179
cosmopolite-a1-methode,Où sortez-vous ?,,,phrase,,hobby,179
cosmopolite-a1-methode,"Pour le déjeuner, on a une pause de…",,,phrase,,profession,179
cosmopolite-a1-methode,Pour écouter de la musique ?,,,phrase,,hobby,179
cosmopolite-a1-methode,Pourquoi sortez-vous ? Pour dîner au restaurant ?,,,phrase,,restaurant,179
cosmopolite-a1-methode,Prends / Prenez [+ moyen de transport].,,,phrase,,travel,179
cosmopolite-a1-methode,Qui sort tous les soirs ? Une fois par semaine ?,,,phrase,,time-dates,179
cosmopolite-a1-methode,"Si tu veux / vous voulez participer à l'organisation, parle / parlez avec…",,,phrase,,communication,179
cosmopolite-a1-methode,Toute la famille se lève.,,,phrase,,daily-routine,179
cosmopolite-a1-methode,Tu es libre… pour… ?,,,phrase,,communication,179
cosmopolite-a1-methode,Tu veux venir avec moi ?,,,phrase,,communication,179
cosmopolite-a1-methode,Téléphone / Téléphonez à…,,,phrase,,communication,179
cosmopolite-a1-methode,Viens / Venez [+ horaire].,,,phrase,,communication,179
cosmopolite-a1-methode,"Votre sortie préférée, c'est quoi ?",,,phrase,,hobby,179
cosmopolite-a1-methode,Vous aimez aller dans les librairies / les médiathèques ?,,,phrase,,hobby,179
cosmopolite-a1-methode,Vous faites quoi ?,,,phrase,,hobby,179
cosmopolite-a1-methode,Vous sortez dans des cafés / des restaurants ?,,,phrase,,restaurant,179
cosmopolite-a1-methode,Vous sortez en famille ? Avec des amis ?,,,phrase,,family,179
cosmopolite-a1-methode,Vous sortez plutôt le vendredi ? Le samedi ?,,,phrase,,time-dates,179
cosmopolite-a1-methode,aller,,,verb,,school,183
cosmopolite-a1-methode,allure,la,,noun,Nous avons la même allure / la même taille / la même voix.,personal-info,183
cosmopolite-a1-methode,apprendre,,,verb,,school,183
cosmopolite-a1-methode,bleus,,,adjective,Avoir les yeux clairs / gris / marron / bleus / verts.,personal-info,183
cosmopolite-a1-methode,blond,,,adjective,Avoir les cheveux courts / longs / frisés / blond / bruns.,personal-info,183
cosmopolite-a1-methode,bronzée,,,adjective,Avoir la peau mate / bronzée / claire.,personal-info,183
cosmopolite-a1-methode,bruns,,,adjective,Avoir les cheveux courts / longs / frisés / blond / bruns.,personal-info,183
cosmopolite-a1-methode,ce matin,,,noun,,time-dates,183
cosmopolite-a1-methode,Cet(te) écrivain(e) est né(e) à [lieu] le [date].,,,phrase,,none,183
cosmopolite-a1-methode,cette semaine,,,noun,,time-dates,183
cosmopolite-a1-methode,claire,,,adjective,Avoir la peau mate / bronzée / claire.,personal-info,183
cosmopolite-a1-methode,clairs,,,adjective,Avoir les yeux clairs / gris / marron / bleus / verts.,personal-info,183
cosmopolite-a1-methode,comprendre,,,verb,,school,183
cosmopolite-a1-methode,conseiller,,,verb,,school,183
cosmopolite-a1-methode,courts,,,adjective,Avoir les cheveux courts / longs / frisés / blond / bruns.,personal-info,183
cosmopolite-a1-methode,créer,,,verb,,school,183
cosmopolite-a1-methode,Elle va participer aux prochains Jeux olympiques.,,,phrase,,none,183
cosmopolite-a1-methode,Elle vient de recevoir un prix.,,,phrase,,none,183
cosmopolite-a1-methode,"En [année], il/elle a connu le succès avec…",,,phrase,,profession,183
cosmopolite-a1-methode,faire,,,verb,,school,183
cosmopolite-a1-methode,frisés,,,adjective,Avoir les cheveux courts / longs / frisés / blond / bruns.,personal-info,183
cosmopolite-a1-methode,grand(e),,,adjective,Être petit(e) / grand(e).,personal-info,183
cosmopolite-a1-methode,gris,,,adjective,Avoir les yeux clairs / gris / marron / bleus / verts.,personal-info,183
cosmopolite-a1-methode,hier,,,adverb,,time-dates,183
cosmopolite-a1-methode,Il va avoir un grand avenir.,,,phrase,,none,183
cosmopolite-a1-methode,Il/Elle a reçu le prix … en [année].,,,phrase,,profession,183
cosmopolite-a1-methode,Il/Elle a étudié la philosophie / a fait des études de…,,,phrase,,school,183
cosmopolite-a1-methode,Il/Elle a … et a commencé sa carrière d'écrivain(e) en [année] avec son premier roman…,,,phrase,,profession,183
cosmopolite-a1-methode,Il/Elle est arrivé(e) à Paris à l'âge de … en [année] pour faire…,,,phrase,,travel,183
cosmopolite-a1-methode,Il/Elle est devenu(e) célèbre avec…,,,phrase,,profession,183
cosmopolite-a1-methode,Il/Elle ressemble à…,,,phrase,,personal-info,183
cosmopolite-a1-methode,Il/Elle vit aujourd'hui à…,,,phrase,,personal-info,183
cosmopolite-a1-methode,Ils viennent de donner leur premier concert.,,,phrase,,hobby,183
cosmopolite-a1-methode,Ils vont donner des conférences un peu partout.,,,phrase,,none,183
cosmopolite-a1-methode,l'année dernière,l',,noun,,time-dates,183
cosmopolite-a1-methode,la semaine dernière,la,,noun,,time-dates,183
cosmopolite-a1-methode,lire,,,verb,,school,183
cosmopolite-a1-methode,longs,,,adjective,Avoir les cheveux courts / longs / frisés / blond / bruns.,personal-info,183
cosmopolite-a1-methode,marron,,,adjective,Avoir les yeux clairs / gris / marron / bleus / verts.,personal-info,183
cosmopolite-a1-methode,mate,,,adjective,Avoir la peau mate / bronzée / claire.,personal-info,183
cosmopolite-a1-methode,mince,,,adjective,Être mince / un peu fort(e) / musclé(e).,personal-info,183
cosmopolite-a1-methode,musclé(e),,,adjective,Être mince / un peu fort(e) / musclé(e).,personal-info,183
cosmopolite-a1-methode,ne pas avoir peur de,,,phrase,,school,183
cosmopolite-a1-methode,ne pas hésiter à,,,phrase,,school,183
cosmopolite-a1-methode,Nous avons appris…,,,phrase,,school,183
cosmopolite-a1-methode,Nous avons compris…,,,phrase,,school,183
cosmopolite-a1-methode,Nous avons créé…,,,phrase,,school,183
cosmopolite-a1-methode,Nous avons fait des…,,,phrase,,school,183
cosmopolite-a1-methode,Nous avons organisé…,,,phrase,,school,183
cosmopolite-a1-methode,Nous avons parlé…,,,phrase,,school,183
cosmopolite-a1-methode,Nous avons préparé…,,,phrase,,school,183
cosmopolite-a1-methode,Nous avons regardé…,,,phrase,,school,183
cosmopolite-a1-methode,Nous avons réalisé une enquête.,,,phrase,,school,183
cosmopolite-a1-methode,Nous avons utilisé…,,,phrase,,school,183
cosmopolite-a1-methode,Nous avons écouté…,,,phrase,,school,183
cosmopolite-a1-methode,Nous avons écrit…,,,phrase,,school,183
cosmopolite-a1-methode,Nous avons étudié le français.,,,phrase,,school,183
cosmopolite-a1-methode,Nous n'avons pas fait de…,,,phrase,,school,183
cosmopolite-a1-methode,Nous sommes allés à… pour…,,,phrase,,school,183
cosmopolite-a1-methode,Nous sommes sortis…,,,phrase,,hobby,183
cosmopolite-a1-methode,organiser,,,verb,,school,183
cosmopolite-a1-methode,parler,,,verb,,school,183
cosmopolite-a1-methode,petit(e),,,adjective,Être petit(e) / grand(e).,personal-info,183
cosmopolite-a1-methode,préparer,,,verb,,school,183
cosmopolite-a1-methode,raconter,,,verb,,school,183
cosmopolite-a1-methode,regarder,,,verb,,school,183
cosmopolite-a1-methode,réaliser,,,verb,,school,183
cosmopolite-a1-methode,se concentrer,,,verb,,school,183
cosmopolite-a1-methode,se documenter,,,verb,,school,183
cosmopolite-a1-methode,se faire plaisir,,,phrase,,school,183
cosmopolite-a1-methode,se retrouver,,,verb,,school,183
cosmopolite-a1-methode,se souvenir,,,verb,,school,183
cosmopolite-a1-methode,sortir,,,verb,,school,183
cosmopolite-a1-methode,taille,la,,noun,Nous avons la même allure / la même taille / la même voix.,personal-info,183
cosmopolite-a1-methode,un peu fort(e),,,adjective,Être mince / un peu fort(e) / musclé(e).,personal-info,183
cosmopolite-a1-methode,utiliser,,,verb,,school,183
cosmopolite-a1-methode,verts,,,adjective,Avoir les yeux clairs / gris / marron / bleus / verts.,personal-info,183
cosmopolite-a1-methode,voix,la,,noun,Nous avons la même allure / la même taille / la même voix.,personal-info,183
cosmopolite-a1-methode,vérifier,,,verb,,school,183
cosmopolite-a1-methode,échanger,,,verb,,school,183
cosmopolite-a1-methode,écouter,,,verb,,school,183
cosmopolite-a1-methode,écrire,,,verb,,school,183
cosmopolite-a1-methode,étudier,,,verb,,school,183
cosmopolite-a1-methode,avoir peur,,,phrase,,none,186
cosmopolite-a1-methode,beau,,,adjective,Vous rêvez d'un séjour (beau) dans la nature ?,vacation,186
cosmopolite-a1-methode,bon,,,adjective,nous vous réservons un moment (bon) avec des activités (varié) et (surprenant).,vacation,186
cosmopolite-a1-methode,délicieux,,,adjective,Nous vous servirons des repas (délicieux).,food,186
cosmopolite-a1-methode,exceptionnel,,,adjective,Vous n'oublierez pas ce séjour (exceptionnel) !,vacation,186
cosmopolite-a1-methode,l'Afrique du Sud,l',,noun,,travel,186
cosmopolite-a1-methode,l'Argentine,l',,noun,,travel,186
cosmopolite-a1-methode,l'Australie,l',,noun,,travel,186
cosmopolite-a1-methode,l'Autriche,l',,noun,,travel,186
cosmopolite-a1-methode,l'Inde,l',,noun,,travel,186
cosmopolite-a1-methode,la Grande-Bretagne,la,,noun,,travel,186
cosmopolite-a1-methode,la Nouvelle-Zélande,la,,noun,,travel,186
cosmopolite-a1-methode,la Roumanie,la,,noun,,travel,186
cosmopolite-a1-methode,le Brésil,le,,noun,,travel,186
cosmopolite-a1-methode,le Cambodge,le,,noun,,travel,186
cosmopolite-a1-methode,le Canada,le,,noun,,travel,186
cosmopolite-a1-methode,le Japon,le,,noun,,travel,186
cosmopolite-a1-methode,le Maroc,le,,noun,,travel,186
cosmopolite-a1-methode,le Pérou,le,,noun,,travel,186
cosmopolite-a1-methode,le Vietnam,le,,noun,,travel,186
cosmopolite-a1-methode,régional,,,adjective,Vous aimerez nos spécialités (régional).,food,186
cosmopolite-a1-methode,surprenant,,,adjective,nous vous réservons un moment (bon) avec des activités (varié) et (surprenant).,vacation,186
cosmopolite-a1-methode,varié,,,adjective,nous vous réservons un moment (bon) avec des activités (varié) et (surprenant).,vacation,186
cosmopolite-a1-methode,être curieux,,,phrase,,none,186
cosmopolite-a1-methode,être heureux,,,phrase,,none,186
cosmopolite-a1-methode,être intéressé,,,phrase,,none,186
cosmopolite-a1-methode,être surpris,,,phrase,,none,186
cosmopolite-a1-methode,(y) aller,,,verb,,travel,187
cosmopolite-a1-methode,Acheter un guide ?,,,phrase,,travel,187
cosmopolite-a1-methode,adorer,,,verb,,travel,187
cosmopolite-a1-methode,aimer,,,verb,,travel,187
cosmopolite-a1-methode,ancien(ne),,,adjective,,city-places,187
cosmopolite-a1-methode,avoir peur,,,phrase,,none,187
cosmopolite-a1-methode,beau (belle),,,adjective,,city-places,187
cosmopolite-a1-methode,blanc (blanche),,,adjective,,none,187
cosmopolite-a1-methode,bleu(e),,,adjective,,none,187
cosmopolite-a1-methode,Ces saisons sont agréables…,,,phrase,,weather,187
cosmopolite-a1-methode,Cette période de l'année est idéale pour…,,,phrase,,travel,187
cosmopolite-a1-methode,content(e),,,adjective,,none,187
cosmopolite-a1-methode,curieux (curieuse),,,adjective,,none,187
cosmopolite-a1-methode,Devrez-vous emporter quelque chose ?,,,phrase,,travel,187
cosmopolite-a1-methode,Devrez-vous faire quelque chose avant de partir ?,,,phrase,,travel,187
cosmopolite-a1-methode,découvrir,,,verb,,travel,187
cosmopolite-a1-methode,délicieux (délicieuse),,,adjective,,food,187
cosmopolite-a1-methode,déçu(e),,,adjective,,none,187
cosmopolite-a1-methode,exceptionnel(le),,,adjective,,city-places,187
cosmopolite-a1-methode,faire des randonnées,,,phrase,,travel,187
cosmopolite-a1-methode,Ferez-vous la connaissance des populations locales ?,,,phrase,,travel,187
cosmopolite-a1-methode,grand(e),,,adjective,,city-places,187
cosmopolite-a1-methode,gris(e),,,adjective,,none,187
cosmopolite-a1-methode,heureux (heureuse),,,adjective,,none,187
cosmopolite-a1-methode,idéal(e),,,adjective,,city-places,187
cosmopolite-a1-methode,Il fait chaud.,,,phrase,,weather,187
cosmopolite-a1-methode,Il fait doux.,,,phrase,,weather,187
cosmopolite-a1-methode,Il fait froid.,,,phrase,,weather,187
cosmopolite-a1-methode,Il fait humide.,,,phrase,,weather,187
cosmopolite-a1-methode,Il fait sec.,,,phrase,,weather,187
cosmopolite-a1-methode,Il fait … degrés.,,,phrase,,weather,187
cosmopolite-a1-methode,Il faudra faire des vaccins ?,,,phrase,,travel,187
cosmopolite-a1-methode,Il faudra faire un visa ?,,,phrase,,travel,187
cosmopolite-a1-methode,Il fera chaud.,,,phrase,,weather,187
cosmopolite-a1-methode,Il neige.,,,phrase,,weather,187
cosmopolite-a1-methode,Il pleut.,,,phrase,,weather,187
cosmopolite-a1-methode,Il pleuvra.,,,phrase,,weather,187
cosmopolite-a1-methode,Il y a beaucoup de bruits / d'odeurs de nourriture.,,,phrase,,none,187
cosmopolite-a1-methode,Il y a du vent.,,,phrase,,weather,187
cosmopolite-a1-methode,Il y a une différence de température entre…,,,phrase,,weather,187
cosmopolite-a1-methode,indifférent(e),,,adjective,,none,187
cosmopolite-a1-methode,intéressé(e),,,adjective,,none,187
cosmopolite-a1-methode,J'entends des langues étrangères.,,,phrase,,none,187
cosmopolite-a1-methode,J'entends le son des klaxons.,,,phrase,,none,187
cosmopolite-a1-methode,J'écoute de la musique.,,,phrase,,none,187
cosmopolite-a1-methode,J'écoute le son des djembés / la musique traditionnelle / le bruit de la rue.,,,phrase,,none,187
cosmopolite-a1-methode,jaune,,,adjective,,none,187
cosmopolite-a1-methode,Je goûte une cuisine pimentée.,,,phrase,,food,187
cosmopolite-a1-methode,Je sens des odeurs d'épices et de poisson.,,,phrase,,food,187
cosmopolite-a1-methode,Je sens la bonne odeur du pain chaud.,,,phrase,,food,187
cosmopolite-a1-methode,Je touche les tissus colorés.,,,phrase,,shopping,187
cosmopolite-a1-methode,Je vois de la lumière et des couleurs.,,,phrase,,none,187
cosmopolite-a1-methode,Je vois des gens sourire.,,,phrase,,none,187
cosmopolite-a1-methode,l'architecture,l',,noun,,city-places,187
cosmopolite-a1-methode,l'automne,l',,noun,en septembre / en octobre / en novembre,weather,187
cosmopolite-a1-methode,l'histoire,l',,noun,,city-places,187
cosmopolite-a1-methode,l'hiver,l',,noun,en décembre / en janvier / en février,weather,187
cosmopolite-a1-methode,l'été,l',,noun,en juin / en juillet / en août,weather,187
cosmopolite-a1-methode,la cuisine,la,,noun,,food,187
cosmopolite-a1-methode,la place de la mairie,la,,noun,,city-places,187
cosmopolite-a1-methode,la vieille ville,la,,noun,,city-places,187
cosmopolite-a1-methode,le centre Pompidou,le,,noun,,city-places,187
cosmopolite-a1-methode,le charme,le,,noun,,city-places,187
cosmopolite-a1-methode,le Pont-Neuf,le,,noun,,city-places,187
cosmopolite-a1-methode,le printemps,le,,noun,en mars / en avril / en mai,weather,187
cosmopolite-a1-methode,les marchés,les,,noun,,city-places,187
cosmopolite-a1-methode,Les mois à éviter sont…,,,phrase,,travel,187
cosmopolite-a1-methode,les monuments,les,,noun,,city-places,187
cosmopolite-a1-methode,les paysages,les,,noun,,travel,187
cosmopolite-a1-methode,les plages,les,,noun,,city-places,187
cosmopolite-a1-methode,les stations de métro,les,,noun,,city-places,187
cosmopolite-a1-methode,Les îles seront sous la pluie.,,,phrase,,weather,187
cosmopolite-a1-methode,magnifique,,,adjective,,city-places,187
cosmopolite-a1-methode,malheureux (malheureuse),,,adjective,,none,187
cosmopolite-a1-methode,On pourra profiter du soleil.,,,phrase,,weather,187
cosmopolite-a1-methode,orange,,,adjective,,none,187
cosmopolite-a1-methode,Où est situé le pays exactement ?,,,phrase,,travel,187
cosmopolite-a1-methode,Où logerez-vous / dormirez-vous ?,,,phrase,,travel,187
cosmopolite-a1-methode,petit(e),,,adjective,,city-places,187
cosmopolite-a1-methode,Que découvrirez-vous ?,,,phrase,,travel,187
cosmopolite-a1-methode,Quel continent ? Quel pays ?,,,phrase,,travel,187
cosmopolite-a1-methode,"Quel sera le programme de la journée ? (heure du lever, heure du coucher)",,,phrase,,travel,187
cosmopolite-a1-methode,Quelle(s) langue(s) parlerez-vous ?,,,phrase,,travel,187
cosmopolite-a1-methode,Quelles activités ferez-vous ?,,,phrase,,travel,187
cosmopolite-a1-methode,Quelles langues on y parle ?,,,phrase,,travel,187
cosmopolite-a1-methode,Qui accompagnera ?,,,phrase,,travel,187
cosmopolite-a1-methode,Qui participera ?,,,phrase,,travel,187
cosmopolite-a1-methode,respirer,,,verb,,travel,187
cosmopolite-a1-methode,rose,,,adjective,,none,187
cosmopolite-a1-methode,rouge,,,adjective,,none,187
cosmopolite-a1-methode,satisfait(e),,,adjective,,none,187
cosmopolite-a1-methode,se balader,,,verb,,travel,187
cosmopolite-a1-methode,se promener,,,verb,,travel,187
cosmopolite-a1-methode,surpris(e),,,adjective,,none,187
cosmopolite-a1-methode,triste,,,adjective,,none,187
cosmopolite-a1-methode,une ville,une,,noun,,city-places,187
cosmopolite-a1-methode,vert(e),,,adjective,,none,187
cosmopolite-a1-methode,vieux (vieille),,,adjective,,city-places,187
cosmopolite-a1-methode,visiter,,,verb,,travel,187
cosmopolite-a1-methode,Visiter ce pays en…,,,phrase,,travel,187
cosmopolite-a1-methode,étonné(e),,,adjective,,none,187
cosmopolite-a1-methode,être,,,verb,,travel,187
cosmopolite-a1-methode,blanche,,,adjective,,shopping,190
cosmopolite-a1-methode,jaune,,,adjective,,shopping,190
cosmopolite-a1-methode,orange,,,adjective,,shopping,190
cosmopolite-a1-methode,rouge,,,adjective,,shopping,190
cosmopolite-a1-methode,s'embrasser,,,verb,nous nous embrassons pour nous souhaiter une bonne année,family,190
cosmopolite-a1-methode,s'inviter,,,verb,"Pour le 14 juillet, on s'invite pour faire un bon barbecue.",communication,190
cosmopolite-a1-methode,se rencontrer,,,verb,vous vous rencontrez entre voisins pour faire connaissance.,communication,190
cosmopolite-a1-methode,se retrouver,,,verb,Ils se retrouvent pour le déjeuner du dimanche.,family,190
cosmopolite-a1-methode,se téléphoner,,,verb,nous nous téléphonons à minuit.,communication,190
cosmopolite-a1-methode,un chapeau,un,,noun,,shopping,190
cosmopolite-a1-methode,un chemisier,un,,noun,,shopping,190
cosmopolite-a1-methode,un gilet,un,,noun,,shopping,190
cosmopolite-a1-methode,une chemise,une,,noun,,shopping,190
cosmopolite-a1-methode,une jupe,une,,noun,,shopping,190
cosmopolite-a1-methode,une paire de chaussures,une,,noun,,shopping,190
cosmopolite-a1-methode,[Une ou des choses] est / sont inattendue(s).,,,phrase,,none,191
cosmopolite-a1-methode,[Une ou des choses] est / sont incroyable(s).,,,phrase,,none,191
cosmopolite-a1-methode,[Une ou des choses] est / sont inhabituelle(s).,,,phrase,,none,191
cosmopolite-a1-methode,[Une ou des choses] est / sont surprenante(s).,,,phrase,,none,191
cosmopolite-a1-methode,[Une ou des choses] est / sont étonnante(s).,,,phrase,,none,191
cosmopolite-a1-methode,"Bon, je vais le prendre.",,,phrase,,shopping,191
cosmopolite-a1-methode,C'est assez inhabituel.,,,phrase,,none,191
cosmopolite-a1-methode,C'est délicieux…,,,phrase,,food,191
cosmopolite-a1-methode,C'est incroyable !,,,phrase,,none,191
cosmopolite-a1-methode,C'est très français…,,,phrase,,restaurant,191
cosmopolite-a1-methode,C'est très inattendu.,,,phrase,,none,191
cosmopolite-a1-methode,C'est un peu surprenant.,,,phrase,,none,191
cosmopolite-a1-methode,C'est vraiment réussi.,,,phrase,,none,191
cosmopolite-a1-methode,C'est vraiment étonnant.,,,phrase,,none,191
cosmopolite-a1-methode,Ce n'est pas très original.,,,phrase,,none,191
cosmopolite-a1-methode,Ce n'est vraiment pas original !,,,phrase,,communication,191
cosmopolite-a1-methode,Cette chemise est vraiment magnifique !,,,phrase,,shopping,191
cosmopolite-a1-methode,Combien ça coûte ? Il/Elle coûte combien ?,,,phrase,,shopping,191
cosmopolite-a1-methode,de la mousse au chocolat,de la,,noun,,food,191
cosmopolite-a1-methode,de la purée de pommes de terre,de la,,noun,,food,191
cosmopolite-a1-methode,des rillettes de canard,des,,noun,,food,191
cosmopolite-a1-methode,du fromage avec du pain,,,phrase,,food,191
cosmopolite-a1-methode,du gigot d'agneau aux pommes,du,,noun,,food,191
cosmopolite-a1-methode,du poulet rôti au citron,du,,noun,,food,191
cosmopolite-a1-methode,"Franchement, je trouve cette idée ridicule !",,,phrase,,communication,191
cosmopolite-a1-methode,Ils/Elles ont l'air de … [appréciation positive].,,,phrase,,none,191
cosmopolite-a1-methode,Je peux payer comment ?,,,phrase,,shopping,191
cosmopolite-a1-methode,Je trouve la fête très réussie !,,,phrase,,communication,191
cosmopolite-a1-methode,"L'accompagnement de légumes : comme légumes, de la purée de pommes de terre, des légumes…",,,phrase,,food,191
cosmopolite-a1-methode,"Le fromage : comme fromage, du…",,,phrase,,food,191
cosmopolite-a1-methode,Les [nationalité] achètent plus de livres dans les magasins que sur Internet.,,,phrase,,shopping,191
cosmopolite-a1-methode,Les [nationalité] lisent moins.,,,phrase,,none,191
cosmopolite-a1-methode,Les [sexe] lisent plus que les [sexe].,,,phrase,,none,191
cosmopolite-a1-methode,Les boissons : un jus de fruits…,,,phrase,,food,191
cosmopolite-a1-methode,"Les desserts : de la mousse au…, des fruits, une salade de fruits…",,,phrase,,food,191
cosmopolite-a1-methode,Les entrées : en entrée…,,,phrase,,restaurant,191
cosmopolite-a1-methode,"Les plats : comme plat, de la viande, du poisson…",,,phrase,,food,191
cosmopolite-a1-methode,Les … lisent beaucoup plus de choses différentes.,,,phrase,,none,191
cosmopolite-a1-methode,Les … lisent moins de romans.,,,phrase,,none,191
cosmopolite-a1-methode,Moins jeune / vieux qu'avant.,,,phrase,,none,191
cosmopolite-a1-methode,Moins … que le lecteur de…,,,phrase,,none,191
cosmopolite-a1-methode,On adore…,,,phrase,,restaurant,191
cosmopolite-a1-methode,On aime beaucoup…,,,phrase,,restaurant,191
cosmopolite-a1-methode,On apprécie.,,,phrase,,none,191
cosmopolite-a1-methode,On trouve ce nouveau restaurant génial !,,,phrase,,restaurant,191
cosmopolite-a1-methode,On trouve … franchement original(e).,,,phrase,,none,191
cosmopolite-a1-methode,On trouve … génial(e) !,,,phrase,,none,191
cosmopolite-a1-methode,Où se trouve la caisse ?,,,phrase,,shopping,191
cosmopolite-a1-methode,Plus féminin / masculin que masculin / féminin.,,,phrase,,none,191
cosmopolite-a1-methode,Qu'est-ce que vous me conseillez ?,,,phrase,,shopping,191
cosmopolite-a1-methode,"Quel dommage, c'est déjà fini !",,,phrase,,communication,191
cosmopolite-a1-methode,un filet de colin au miel,un,,noun,,food,191
cosmopolite-a1-methode,un pavé de saumon au vinaigre balsamique,un,,noun,,food,191
cosmopolite-a1-methode,une poêlée de légumes,une,,noun,,food,191
cosmopolite-a1-methode,une salade de fruits rouges,une,,noun,,food,191
cosmopolite-a1-methode,une soupe à l'oignon,une,,noun,,food,191
cosmopolite-a1-methode,… est franchement incroyable.,,,phrase,,none,191
cosmopolite-a1-methode,… trouve(nt) ça ridicule.,,,phrase,,none,191
cosmopolite-a1-methode,accueillant(s),,,adjective,,restaurant,195
cosmopolite-a1-methode,agréable,,,adjective,,restaurant,195
cosmopolite-a1-methode,"Aujourd'hui, grâce à mon niveau de français…",,,phrase,,school,195
cosmopolite-a1-methode,bon rapport qualité-prix,,,phrase,,restaurant,195
cosmopolite-a1-methode,bruyant(e),,,adjective,,restaurant,195
cosmopolite-a1-methode,C'était facile / difficile.,,,phrase,,school,195
cosmopolite-a1-methode,"Ce/Cette … est assez …, j'ai bien aimé.",,,phrase,,hobby,195
cosmopolite-a1-methode,Ce/Cette … est trop…,,,phrase,,hobby,195
cosmopolite-a1-methode,Ce/Cette … n'est pas assez…,,,phrase,,hobby,195
cosmopolite-a1-methode,chaleureux (chaleureuse),,,adjective,,restaurant,195
cosmopolite-a1-methode,cher,,,adjective,,restaurant,195
cosmopolite-a1-methode,"Commander les boissons : de l'eau minérale, de l'eau gazeuse s'il vous plaît.",,,phrase,,restaurant,195
cosmopolite-a1-methode,Commander les plats : nous allons prendre…,,,phrase,,restaurant,195
cosmopolite-a1-methode,Demander l'addition : l'addition s'il vous plaît.,,,phrase,,restaurant,195
cosmopolite-a1-methode,"Et pour moi, saignant s'il vous plaît.",,,phrase,,restaurant,195
cosmopolite-a1-methode,exceptionnel(le)(s),,,adjective,,restaurant,195
cosmopolite-a1-methode,"Exprimer sa satisfaction : oui, ça nous a beaucoup plu. Tout était délicieux !",,,phrase,,restaurant,195
cosmopolite-a1-methode,froid(s),,,adjective,,restaurant,195
cosmopolite-a1-methode,Il faut attendre longtemps entre les plats.,,,phrase,,restaurant,195
cosmopolite-a1-methode,Il faut réserver…,,,phrase,,hobby,195
cosmopolite-a1-methode,Il y a beaucoup d'excellents professeurs.,,,phrase,,school,195
cosmopolite-a1-methode,Il y a trop de…,,,phrase,,hobby,195
cosmopolite-a1-methode,Je n'ai pas aimé non plus.,,,phrase,,hobby,195
cosmopolite-a1-methode,Je te conseille de…,,,phrase,,hobby,195
cosmopolite-a1-methode,Les cours étaient très dynamiques.,,,phrase,,school,195
cosmopolite-a1-methode,Les jeunes n'écoutent plus…,,,phrase,,hobby,195
cosmopolite-a1-methode,Les professeurs expliquaient bien.,,,phrase,,school,195
cosmopolite-a1-methode,N'hésite pas à réserver à…,,,phrase,,hobby,195
cosmopolite-a1-methode,Nous avons beaucoup appris.,,,phrase,,school,195
cosmopolite-a1-methode,Nous avons décidé d'apprendre le français.,,,phrase,,school,195
cosmopolite-a1-methode,Nous avons fait beaucoup de progrès.,,,phrase,,school,195
cosmopolite-a1-methode,Nous avons travaillé en groupes.,,,phrase,,school,195
cosmopolite-a1-methode,Nous ne parlions pas du tout français.,,,phrase,,school,195
cosmopolite-a1-methode,Nous prenons des cours particuliers.,,,phrase,,school,195
cosmopolite-a1-methode,On ne voit / On n'entend que…,,,phrase,,hobby,195
cosmopolite-a1-methode,On s'aidait quand on avait des difficultés.,,,phrase,,school,195
cosmopolite-a1-methode,pas très disponible(s),,,adjective,,restaurant,195
cosmopolite-a1-methode,"pas très original(e) (originaux, originales)",,,adjective,,restaurant,195
cosmopolite-a1-methode,petit(e)(s),,,adjective,,restaurant,195
cosmopolite-a1-methode,"Préciser le type de cuisson : pour moi, à point.",,,phrase,,restaurant,195
cosmopolite-a1-methode,"Si tu ne peux pas, alors choisis…",,,phrase,,hobby,195
cosmopolite-a1-methode,sympa,,,adjective,,restaurant,195
cosmopolite-a1-methode,Tu peux réserver…,,,phrase,,hobby,195
cosmopolite-a1-methode,varié(e)(s),,,adjective,,restaurant,195
cosmopolite-a1-methode,Évite de réserver sur le site de…,,,phrase,,hobby,195
cosmopolite-a1-methode,aller,,,verb,,none,219
cosmopolite-a1-methode,avoir,,,verb,,none,219
cosmopolite-a1-methode,devoir,,,verb,,none,219
cosmopolite-a1-methode,faire,,,verb,,none,219
cosmopolite-a1-methode,pouvoir,,,verb,,none,219
cosmopolite-a1-methode,prendre,,,verb,,none,219
cosmopolite-a1-methode,vouloir,,,verb,,none,219
cosmopolite-a1-methode,être,,,verb,,none,219
cosmopolite-a1-methode,choisir,,,verb,,none,220
cosmopolite-a1-methode,connaître,,,verb,,none,220
cosmopolite-a1-methode,parler,,,verb,,none,220
cosmopolite-a1-methode,réfléchir,,,verb,,none,220
cosmopolite-a1-methode,sortir,,,verb,,none,220
cosmopolite-a1-methode,venir,,,verb,,none,220
cosmopolite-a1-methode,voir,,,verb,,none,220
cosmopolite-a1-methode,écrire,,,verb,,none,220
cosmopolite-a1-methode,ALLEMAGNE,,,noun,,travel,221
cosmopolite-a1-methode,ANDORRE,,,noun,,travel,221
cosmopolite-a1-methode,Angers,,,noun,,travel,221
cosmopolite-a1-methode,AUVERGNE-RHÔNE-ALPES,,,noun,Lyon,travel,221
cosmopolite-a1-methode,BELGIQUE,,,noun,,travel,221
cosmopolite-a1-methode,BOURGOGNE-FRANCHE-COMTÉ,,,noun,Dijon,travel,221
cosmopolite-a1-methode,BRETAGNE,,,noun,Rennes,travel,221
cosmopolite-a1-methode,CENTRE-VAL DE LOIRE,,,noun,Orléans,travel,221
cosmopolite-a1-methode,Chamonix,,,noun,,travel,221
cosmopolite-a1-methode,CORSE,,,noun,Ajaccio,travel,221
cosmopolite-a1-methode,ESPAGNE,,,noun,,travel,221
cosmopolite-a1-methode,GRAND EST,,,noun,Strasbourg,travel,221
cosmopolite-a1-methode,Grenoble,,,noun,,travel,221
cosmopolite-a1-methode,HAUTS-DE-FRANCE,,,noun,Lille,travel,221
cosmopolite-a1-methode,ITALIE,,,noun,,travel,221
cosmopolite-a1-methode,Limoges,,,noun,,travel,221
cosmopolite-a1-methode,LUX.,,,other,,travel,221
cosmopolite-a1-methode,Manche,,,noun,,travel,221
cosmopolite-a1-methode,Mer Méditerranée,,,noun,,travel,221
cosmopolite-a1-methode,MONACO,,,noun,,travel,221
cosmopolite-a1-methode,Montpellier,,,noun,,travel,221
cosmopolite-a1-methode,Nice,,,noun,,travel,221
cosmopolite-a1-methode,NORMANDIE,,,noun,Rouen,travel,221
cosmopolite-a1-methode,NOUVELLE-AQUITAINE,,,noun,Bordeaux,travel,221
cosmopolite-a1-methode,OCCITANIE,,,noun,Toulouse,travel,221
cosmopolite-a1-methode,Océan Atlantique,,,noun,,travel,221
cosmopolite-a1-methode,PAYS DE LA LOIRE,,,noun,Nantes,travel,221
cosmopolite-a1-methode,PAYS-BAS,,,noun,,travel,221
cosmopolite-a1-methode,PROVENCE-ALPES-CÔTE D'AZUR,,,noun,Marseille,travel,221
cosmopolite-a1-methode,ROYAUME-UNI,,,noun,,travel,221
cosmopolite-a1-methode,SUISSE,,,noun,,travel,221
cosmopolite-a1-methode,ÎLE-DE-FRANCE,,,noun,Paris,travel,221
cosmopolite-a1-methode,ALBANIE,,,noun,,travel,222
cosmopolite-a1-methode,ALLEMAGNE,,,noun,,travel,222
cosmopolite-a1-methode,ANDORRE,,,noun,,travel,222
cosmopolite-a1-methode,AUTRICHE,,,noun,,travel,222
cosmopolite-a1-methode,BELGIQUE,,,noun,,travel,222
cosmopolite-a1-methode,BIÉLORUSSIE,,,noun,,travel,222
cosmopolite-a1-methode,BOSNIE,,,noun,,travel,222
cosmopolite-a1-methode,BULGARIE,,,noun,,travel,222
cosmopolite-a1-methode,CHYPRE,,,noun,,travel,222
cosmopolite-a1-methode,CROATIE,,,noun,,travel,222
cosmopolite-a1-methode,DANEMARK,,,noun,,travel,222
cosmopolite-a1-methode,ESPAGNE,,,noun,,travel,222
cosmopolite-a1-methode,ESTONIE,,,noun,,travel,222
cosmopolite-a1-methode,FINLANDE,,,noun,,travel,222
cosmopolite-a1-methode,FRANCE,,,noun,,travel,222
cosmopolite-a1-methode,FYROM,,,other,,travel,222
cosmopolite-a1-methode,GRÈCE,,,noun,,travel,222
cosmopolite-a1-methode,HERZÉGOVINE,,,noun,,travel,222
cosmopolite-a1-methode,HONGRIE,,,noun,,travel,222
cosmopolite-a1-methode,IRLANDE,,,noun,,travel,222
cosmopolite-a1-methode,ISLANDE,,,noun,,travel,222
cosmopolite-a1-methode,ITALIE,,,noun,,travel,222
cosmopolite-a1-methode,KOSOVO,,,noun,,travel,222
cosmopolite-a1-methode,LETTONIE,,,noun,,travel,222
cosmopolite-a1-methode,LIECHTENSTEIN,,,noun,,travel,222
cosmopolite-a1-methode,LITUANIE,,,noun,,travel,222
cosmopolite-a1-methode,LUXEMBOURG,,,noun,,travel,222
cosmopolite-a1-methode,MALTE,,,noun,,travel,222
cosmopolite-a1-methode,Mer Baltique,,,noun,,travel,222
cosmopolite-a1-methode,Mer du Nord,,,noun,,travel,222
cosmopolite-a1-methode,Mer Méditerranée,,,noun,,travel,222
cosmopolite-a1-methode,MOLDAVIE,,,noun,,travel,222
cosmopolite-a1-methode,MONACO,,,noun,,travel,222
cosmopolite-a1-methode,MONTÉNÉGRO,,,noun,,travel,222
cosmopolite-a1-methode,NORVÈGE,,,noun,,travel,222
cosmopolite-a1-methode,Océan Atlantique,,,noun,,travel,222
cosmopolite-a1-methode,PAYS-BAS,,,noun,,travel,222
cosmopolite-a1-methode,POLOGNE,,,noun,,travel,222
cosmopolite-a1-methode,PORTUGAL,,,noun,,travel,222
cosmopolite-a1-methode,ROUMANIE,,,noun,,travel,222
cosmopolite-a1-methode,ROYAUME-UNI,,,noun,,travel,222
cosmopolite-a1-methode,RUSSIE,,,noun,,travel,222
cosmopolite-a1-methode,RÉP. TCHÈQUE,,,noun,,travel,222
cosmopolite-a1-methode,SAINT-MARIN,,,noun,,travel,222
cosmopolite-a1-methode,SERBIE,,,noun,,travel,222
cosmopolite-a1-methode,SLOVAQUIE,,,noun,,travel,222
cosmopolite-a1-methode,SLOVÉNIE,,,noun,,travel,222
cosmopolite-a1-methode,SUISSE,,,noun,,travel,222
cosmopolite-a1-methode,SUÈDE,,,noun,,travel,222
cosmopolite-a1-methode,UKRAINE,,,noun,,travel,222
cosmopolite-a1-methode,VATICAN,,,noun,,travel,222
cosmopolite-a1-methode,A1,,,other,,travel,223
cosmopolite-a1-methode,A13,,,other,,travel,223
cosmopolite-a1-methode,A4,,,other,,travel,223
cosmopolite-a1-methode,A6,,,other,,travel,223
cosmopolite-a1-methode,Arc de Triomphe,,,noun,,city-places,223
cosmopolite-a1-methode,arrondissement,un,,noun,Limite d'arrondissement,city-places,223
cosmopolite-a1-methode,Barbès,,,noun,,city-places,223
cosmopolite-a1-methode,Basilique du Sacré-Cœur,,,noun,,city-places,223
cosmopolite-a1-methode,Belleville,,,noun,,city-places,223
cosmopolite-a1-methode,Bibliothèque de France,,,noun,,city-places,223
cosmopolite-a1-methode,Bois de Boulogne,,,noun,,city-places,223
cosmopolite-a1-methode,Bois de Vincennes,,,noun,,city-places,223
cosmopolite-a1-methode,Boulevard périphérique,,,noun,,city-places,223
cosmopolite-a1-methode,Centre G. Pompidou,,,noun,,city-places,223
cosmopolite-a1-methode,Champs-Élysées,,,noun,,city-places,223
cosmopolite-a1-methode,Cité des sciences et de l'industrie,,,noun,,city-places,223
cosmopolite-a1-methode,Disneyland-Paris,,,noun,,travel,223
cosmopolite-a1-methode,Grande Arche,,,noun,,city-places,223
cosmopolite-a1-methode,Invalides,,,noun,,city-places,223
cosmopolite-a1-methode,La Défense,,,noun,,city-places,223
cosmopolite-a1-methode,Le Marais,,,noun,,city-places,223
cosmopolite-a1-methode,Maison de Radio-France,,,noun,,city-places,223
cosmopolite-a1-methode,Marne,,,noun,,city-places,223
cosmopolite-a1-methode,Montmartre,,,noun,,city-places,223
cosmopolite-a1-methode,Musée du Louvre,,,noun,,city-places,223
cosmopolite-a1-methode,Musée du Quai Branly,,,noun,,city-places,223
cosmopolite-a1-methode,Notre-Dame,,,noun,,city-places,223
cosmopolite-a1-methode,Opéra Bastille,,,noun,,city-places,223
cosmopolite-a1-methode,Opéra Garnier,,,noun,,city-places,223
cosmopolite-a1-methode,Palais Bourbon,,,noun,,city-places,223
cosmopolite-a1-methode,Palais de Chaillot,,,noun,,city-places,223
cosmopolite-a1-methode,Palais de l'Élysée,,,noun,,city-places,223
cosmopolite-a1-methode,Palais du Luxembourg,,,noun,,city-places,223
cosmopolite-a1-methode,Palais Omnisports de Paris-Bercy,,,noun,,city-places,223
cosmopolite-a1-methode,Parc de la Villette,,,noun,,city-places,223
cosmopolite-a1-methode,Paris-Charles-de-Gaulle,,,noun,,travel,223
cosmopolite-a1-methode,Paris-Orly,,,noun,,travel,223
cosmopolite-a1-methode,Passy,,,noun,,city-places,223
cosmopolite-a1-methode,Place d'Italie,,,noun,,city-places,223
cosmopolite-a1-methode,Place de l'Opéra,,,noun,,city-places,223
cosmopolite-a1-methode,Place de la Bastille,,,noun,,city-places,223
cosmopolite-a1-methode,Place de la Nation,,,noun,,city-places,223
cosmopolite-a1-methode,Place Denfert-Rochereau,,,noun,,city-places,223
cosmopolite-a1-methode,Place Pigalle,,,noun,,city-places,223
cosmopolite-a1-methode,Porte d'Italie,,,noun,,city-places,223
cosmopolite-a1-methode,Porte d'Orléans,,,noun,,city-places,223
cosmopolite-a1-methode,Porte de Bagnolet,,,noun,,city-places,223
cosmopolite-a1-methode,Porte de Bercy,,,noun,,city-places,223
cosmopolite-a1-methode,Porte de Champerret,,,noun,,city-places,223
cosmopolite-a1-methode,Porte de Châtillon,,,noun,,city-places,223
cosmopolite-a1-methode,Porte de Clignacourt,,,noun,,city-places,223
cosmopolite-a1-methode,Porte de la Chapelle,,,noun,,city-places,223
cosmopolite-a1-methode,Porte de la Villette,,,noun,,city-places,223
cosmopolite-a1-methode,Porte de Pantin,,,noun,,city-places,223
cosmopolite-a1-methode,Porte de Saint-Cloud,,,noun,,city-places,223
cosmopolite-a1-methode,Porte de Versailles,,,noun,,city-places,223
cosmopolite-a1-methode,Porte de Vincennes,,,noun,,city-places,223
cosmopolite-a1-methode,Porte Maillot,,,noun,,city-places,223
cosmopolite-a1-methode,Quartier Latin,,,noun,,city-places,223
cosmopolite-a1-methode,République,,,noun,,city-places,223
cosmopolite-a1-methode,Seine,,,noun,,city-places,223
cosmopolite-a1-methode,Tour Eiffel,,,noun,,city-places,223
cosmopolite-a1-methode,Tour Montparnasse,,,noun,,city-places,223
tricolore-1-5th-edition,au bord de la mer,,,phrase,,home,021
tricolore-1-5th-edition,au pays de Galles,,,phrase,,travel,021
tricolore-1-5th-edition,cinq,,,other,,none,021
tricolore-1-5th-edition,Comment dit-on [...] en anglais?,,,phrase,,communication,021
tricolore-1-5th-edition,Comment dit-on [...] en français?,,,phrase,,communication,021
tricolore-1-5th-edition,Comment dit-on […] en français/anglais?,,,phrase,,communication,021
tricolore-1-5th-edition,Comment ça s'écrit?,,,phrase,,communication,021
tricolore-1-5th-edition,Comment ça se dit?,,,phrase,,communication,021
tricolore-1-5th-edition,dans un appartement,,,phrase,,home,021
tricolore-1-5th-edition,dans un port,,,phrase,,home,021
tricolore-1-5th-edition,dans un village,,,phrase,,home,021
tricolore-1-5th-edition,dans une ferme,,,phrase,,home,021
tricolore-1-5th-edition,dans une maison,,,phrase,,home,021
tricolore-1-5th-edition,dans une ville,,,phrase,,home,021
tricolore-1-5th-edition,deux,,,other,,none,021
tricolore-1-5th-edition,dimanche,,,noun,,time-dates,021
tricolore-1-5th-edition,dix,,,other,,none,021
tricolore-1-5th-edition,dix-huit,,,other,,none,021
tricolore-1-5th-edition,dix-neuf,,,other,,none,021
tricolore-1-5th-edition,dix-sept,,,other,,none,021
tricolore-1-5th-edition,douze,,,other,,none,021
tricolore-1-5th-edition,en Angleterre,,,phrase,,travel,021
tricolore-1-5th-edition,en France,,,phrase,,travel,021
tricolore-1-5th-edition,en Irlande (du Nord),,,phrase,,travel,021
tricolore-1-5th-edition,en Écosse,,,phrase,,travel,021
tricolore-1-5th-edition,huit,,,other,,none,021
tricolore-1-5th-edition,J'habite …,,,phrase,,home,021
tricolore-1-5th-edition,jeudi,,,noun,,time-dates,021
tricolore-1-5th-edition,jours de la semaine,les,,noun,,time-dates,021
tricolore-1-5th-edition,lundi,,,noun,,time-dates,021
tricolore-1-5th-edition,mardi,,,noun,,time-dates,021
tricolore-1-5th-edition,mercredi,,,noun,,time-dates,021
tricolore-1-5th-edition,neuf,,,other,,none,021
tricolore-1-5th-edition,onze,,,other,,none,021
tricolore-1-5th-edition,Où habites-tu? (Tu habites où?),,,phrase,,home,021
tricolore-1-5th-edition,près de Paris,,,phrase,,travel,021
tricolore-1-5th-edition,quatorze,,,other,,none,021
tricolore-1-5th-edition,quatre,,,other,,none,021
tricolore-1-5th-edition,Quel jour sommes-nous?,,,phrase,,time-dates,021
tricolore-1-5th-edition,quinze,,,other,,none,021
tricolore-1-5th-edition,samedi,,,noun,,time-dates,021
tricolore-1-5th-edition,seize,,,other,,none,021
tricolore-1-5th-edition,sept,,,other,,none,021
tricolore-1-5th-edition,six,,,other,,none,021
tricolore-1-5th-edition,treize,,,other,,none,021
tricolore-1-5th-edition,trente,,,other,,none,021
tricolore-1-5th-edition,trois,,,other,,none,021
tricolore-1-5th-edition,un,,,other,,none,021
tricolore-1-5th-edition,vendredi,,,noun,,time-dates,021
tricolore-1-5th-edition,vingt,,,other,,none,021
tricolore-1-5th-edition,vingt-cinq,,,other,,none,021
tricolore-1-5th-edition,vingt-deux,,,other,,none,021
tricolore-1-5th-edition,vingt-et-un,,,other,,none,021
tricolore-1-5th-edition,vingt-huit,,,other,,none,021
tricolore-1-5th-edition,vingt-neuf,,,other,,none,021
tricolore-1-5th-edition,vingt-quatre,,,other,,none,021
tricolore-1-5th-edition,vingt-sept,,,other,,none,021
tricolore-1-5th-edition,vingt-six,,,other,,none,021
tricolore-1-5th-edition,vingt-trois,,,other,,none,021
tricolore-1-5th-edition,zéro,,,other,,none,021
tricolore-1-5th-edition,à la maison,,,phrase,,home,021
tricolore-1-5th-edition,à la montagne,,,phrase,,home,021
tricolore-1-5th-edition,à Londres,,,phrase,,travel,021
tricolore-1-5th-edition,août,,,noun,,time-dates,061
tricolore-1-5th-edition,avril,,,noun,,time-dates,061
tricolore-1-5th-edition,baskets,des,(f pl),noun,,shopping,061
tricolore-1-5th-edition,Bon anniversaire!,,,phrase,,communication,061
tricolore-1-5th-edition,Bonne Année!,,,phrase,,communication,061
tricolore-1-5th-edition,Bonne fête!,,,phrase,,communication,061
tricolore-1-5th-edition,C'est le dix-neuf juillet.,,,phrase,,time-dates,061
tricolore-1-5th-edition,C'est le mardi premier juin.,,,phrase,,time-dates,061
tricolore-1-5th-edition,C'est le trente août.,,,phrase,,time-dates,061
tricolore-1-5th-edition,"C'est quand, le concert/le match?",,,phrase,,time-dates,061
tricolore-1-5th-edition,"C'est quand, ton anniversaire?",,,phrase,,time-dates,061
tricolore-1-5th-edition,carte cadeau,une,,noun,,shopping,061
tricolore-1-5th-edition,casque (audio),un,,noun,,shopping,061
tricolore-1-5th-edition,casquette,une,,noun,,shopping,061
tricolore-1-5th-edition,cent,,,other,,none,061
tricolore-1-5th-edition,chaussettes,des,(f pl),noun,,shopping,061
tricolore-1-5th-edition,chaussures,des,(f pl),noun,,shopping,061
tricolore-1-5th-edition,chemise,une,,noun,,shopping,061
tricolore-1-5th-edition,cravate,une,,noun,,shopping,061
tricolore-1-5th-edition,deux-cents,,,other,,none,061
tricolore-1-5th-edition,décembre,,,noun,,time-dates,061
tricolore-1-5th-edition,février,,,noun,,time-dates,061
tricolore-1-5th-edition,fête nationale,la,,noun,,time-dates,061
tricolore-1-5th-edition,J'ai reçu un tee-shirt et des chaussures.,,,phrase,,shopping,061
tricolore-1-5th-edition,J'ai/Il a/Elle a ...,,,phrase,,personal-info,061
tricolore-1-5th-edition,janvier,,,noun,,time-dates,061
tricolore-1-5th-edition,Je/Il/Elle porte des lunettes.,,,phrase,,personal-info,061
tricolore-1-5th-edition,jogging,un,,noun,,shopping,061
tricolore-1-5th-edition,jour de l'An,le,,noun,,time-dates,061
tricolore-1-5th-edition,Joyeuses Pâques!,,,phrase,,communication,061
tricolore-1-5th-edition,Joyeux Noël!,,,phrase,,communication,061
tricolore-1-5th-edition,juillet,,,noun,,time-dates,061
tricolore-1-5th-edition,juin,,,noun,,time-dates,061
tricolore-1-5th-edition,jupe,une,,noun,,shopping,061
tricolore-1-5th-edition,les cheveux blonds.,,,phrase,,personal-info,061
tricolore-1-5th-edition,les cheveux châtains.,,,phrase,,personal-info,061
tricolore-1-5th-edition,les cheveux courts.,,,phrase,,personal-info,061
tricolore-1-5th-edition,les cheveux frisés.,,,phrase,,personal-info,061
tricolore-1-5th-edition,les cheveux longs.,,,phrase,,personal-info,061
tricolore-1-5th-edition,les cheveux noirs.,,,phrase,,personal-info,061
tricolore-1-5th-edition,les cheveux raides.,,,phrase,,personal-info,061
tricolore-1-5th-edition,les cheveux roux.,,,phrase,,personal-info,061
tricolore-1-5th-edition,les yeux bleus/gris.,,,phrase,,personal-info,061
tricolore-1-5th-edition,les yeux marron/verts.,,,phrase,,personal-info,061
tricolore-1-5th-edition,mai,,,noun,,time-dates,061
tricolore-1-5th-edition,mardi gras,,,noun,,time-dates,061
tricolore-1-5th-edition,mars,,,noun,,time-dates,061
tricolore-1-5th-edition,mois,les,,noun,,time-dates,061
tricolore-1-5th-edition,novembre,,,noun,,time-dates,061
tricolore-1-5th-edition,Noël,,,noun,,time-dates,061
tricolore-1-5th-edition,octobre,,,noun,,time-dates,061
tricolore-1-5th-edition,pantalon,un,,noun,,shopping,061
tricolore-1-5th-edition,pull,un,,noun,,shopping,061
tricolore-1-5th-edition,Pâques,,,noun,,time-dates,061
tricolore-1-5th-edition,Qu'est-ce que tu as reçu comme cadeaux?,,,phrase,,shopping,061
tricolore-1-5th-edition,quatre-vingt-deux,,,other,,none,061
tricolore-1-5th-edition,quatre-vingt-dix,,,other,,none,061
tricolore-1-5th-edition,quatre-vingt-douze,,,other,,none,061
tricolore-1-5th-edition,quatre-vingt-onze,,,other,,none,061
tricolore-1-5th-edition,quatre-vingt-un,,,other,,none,061
tricolore-1-5th-edition,quatre-vingts,,,other,,none,061
tricolore-1-5th-edition,Quelle est la date aujourd'hui?,,,phrase,,time-dates,061
tricolore-1-5th-edition,robe,une,,noun,,shopping,061
tricolore-1-5th-edition,sandales,des,(f pl),noun,,shopping,061
tricolore-1-5th-edition,septembre,,,noun,,time-dates,061
tricolore-1-5th-edition,short,un,,noun,,shopping,061
tricolore-1-5th-edition,soixante-dix,,,other,,none,061
tricolore-1-5th-edition,soixante-dix-huit,,,other,,none,061
tricolore-1-5th-edition,soixante-dix-neuf,,,other,,none,061
tricolore-1-5th-edition,soixante-dix-sept,,,other,,none,061
tricolore-1-5th-edition,soixante-douze,,,other,,none,061
tricolore-1-5th-edition,soixante-et-onze,,,other,,none,061
tricolore-1-5th-edition,soixante-quatorze,,,other,,none,061
tricolore-1-5th-edition,soixante-quinze,,,other,,none,061
tricolore-1-5th-edition,soixante-seize,,,other,,none,061
tricolore-1-5th-edition,soixante-treize,,,other,,none,061
tricolore-1-5th-edition,sweat,un,,noun,,shopping,061
tricolore-1-5th-edition,tee-shirt,un,,noun,,shopping,061
tricolore-1-5th-edition,tennis,des,(f pl),noun,,shopping,061
tricolore-1-5th-edition,trois-cent-soixante,,,other,,none,061
tricolore-1-5th-edition,vêtements,les,,noun,,shopping,061
tricolore-1-5th-edition,écouteurs,des,(m pl),noun,,shopping,061
tricolore-1-5th-edition,@+ (textspeak for À plus tard),,,other,,communication,077
tricolore-1-5th-edition,adorer,,,verb,,mixed,077
tricolore-1-5th-edition,aimer,,,verb,,mixed,077
tricolore-1-5th-edition,Amitiés,,,noun,,communication,077
tricolore-1-5th-edition,arriver,,,verb,,mixed,077
tricolore-1-5th-edition,au printemps,,,phrase,,weather,077
tricolore-1-5th-edition,automne (m),l',,noun,,weather,077
tricolore-1-5th-edition,basket,le,,noun,Je joue au basket.,hobby,077
tricolore-1-5th-edition,brouillard,du,,noun,Il y a du brouillard.,weather,077
tricolore-1-5th-edition,chaud,,,adjective,Il fait chaud.,weather,077
tricolore-1-5th-edition,chercher,,,verb,,mixed,077
tricolore-1-5th-edition,cliquer,,,verb,,mixed,077
tricolore-1-5th-edition,détester,,,verb,,mixed,077
tricolore-1-5th-edition,en automne,,,phrase,,weather,077
tricolore-1-5th-edition,en hiver,,,phrase,,weather,077
tricolore-1-5th-edition,en été,,,phrase,,weather,077
tricolore-1-5th-edition,entrer,,,verb,,mixed,077
tricolore-1-5th-edition,foot(ball),le,,noun,Je joue au foot(ball).,hobby,077
tricolore-1-5th-edition,froid,,,adjective,Il fait froid.,weather,077
tricolore-1-5th-edition,golf,le,,noun,Je joue au golf.,hobby,077
tricolore-1-5th-edition,habiter,,,verb,,mixed,077
tricolore-1-5th-edition,hiver (m),l',,noun,,weather,077
tricolore-1-5th-edition,hockey,le,,noun,Je joue au hockey.,hobby,077
tricolore-1-5th-edition,Il fait beau.,,,phrase,,weather,077
tricolore-1-5th-edition,Il neige.,,,phrase,,weather,077
tricolore-1-5th-edition,Il pleut.,,,phrase,,weather,077
tricolore-1-5th-edition,J'écoute de la musique.,,,phrase,,hobby,077
tricolore-1-5th-edition,J'écris des textos/messages.,,,phrase,,hobby,077
tricolore-1-5th-edition,Je chante.,,,phrase,,hobby,077
tricolore-1-5th-edition,Je danse.,,,phrase,,hobby,077
tricolore-1-5th-edition,Je dessine.,,,phrase,,hobby,077
tricolore-1-5th-edition,Je discute avec mes amis.,,,phrase,,hobby,077
tricolore-1-5th-edition,Je joue au badminton.,,,phrase,,hobby,077
tricolore-1-5th-edition,Je joue sur la console de jeux.,,,phrase,,hobby,077
tricolore-1-5th-edition,Je joue/travaille sur l'ordinateur.,,,phrase,,hobby,077
tricolore-1-5th-edition,Je range ma chambre.,,,phrase,,hobby,077
tricolore-1-5th-edition,Je regarde mes e-mails/textos/messages,,,phrase,,hobby,077
tricolore-1-5th-edition,Je regarde un film.,,,phrase,,hobby,077
tricolore-1-5th-edition,Je reste à la maison.,,,phrase,,hobby,077
tricolore-1-5th-edition,Je retrouve mes amis.,,,phrase,,hobby,077
tricolore-1-5th-edition,Je surfe sur Internet.,,,phrase,,hobby,077
tricolore-1-5th-edition,Je travaille.,,,phrase,,hobby,077
tricolore-1-5th-edition,Je téléphone à un(e) ami(e).,,,phrase,,hobby,077
tricolore-1-5th-edition,jouer,,,verb,,mixed,077
tricolore-1-5th-edition,mauvais,,,adjective,Il fait mauvais.,weather,077
tricolore-1-5th-edition,normalement,,,adverb,,daily-routine,077
tricolore-1-5th-edition,On joue aux cartes.,,,phrase,,hobby,077
tricolore-1-5th-edition,On joue à des jeux vidéo.,,,phrase,,hobby,077
tricolore-1-5th-edition,penser,,,verb,,mixed,077
tricolore-1-5th-edition,printemps,le,,noun,,weather,077
tricolore-1-5th-edition,Qu'est-ce que tu fais le weekend?,,,phrase,,hobby,077
tricolore-1-5th-edition,Qu'est-ce que tu fais quand il fait mauvais?,,,phrase,,hobby,077
tricolore-1-5th-edition,Qu'est-ce que tu fais?,,,phrase,,hobby,077
tricolore-1-5th-edition,Quel temps fait-il?,,,phrase,,weather,077
tricolore-1-5th-edition,quelquefois,,,adverb,,daily-routine,077
tricolore-1-5th-edition,radio,la,,noun,J'écoute la radio.,hobby,077
tricolore-1-5th-edition,regarder,,,verb,,mixed,077
tricolore-1-5th-edition,rentrer,,,verb,,mixed,077
tricolore-1-5th-edition,rester,,,verb,,mixed,077
tricolore-1-5th-edition,rugby,le,,noun,Je joue au rugby.,hobby,077
tricolore-1-5th-edition,soleil,du,,noun,Il y a du soleil.,weather,077
tricolore-1-5th-edition,souvent,,,adverb,,daily-routine,077
tricolore-1-5th-edition,surfer,,,verb,,mixed,077
tricolore-1-5th-edition,taper,,,verb,,mixed,077
tricolore-1-5th-edition,tennis,le,,noun,Je joue au tennis.,hobby,077
tricolore-1-5th-edition,tennis de table,le,,noun,Je joue au tennis de table.,hobby,077
tricolore-1-5th-edition,Ton ami(e),,,phrase,,communication,077
tricolore-1-5th-edition,travailler,,,verb,,mixed,077
tricolore-1-5th-edition,télé,la,,noun,Je regarde la télé.,hobby,077
tricolore-1-5th-edition,téléphoner,,,verb,,mixed,077
tricolore-1-5th-edition,vent,du,,noun,Il y a du vent.,weather,077
tricolore-1-5th-edition,volley,le,,noun,Je joue au volley.,hobby,077
tricolore-1-5th-edition,À bientôt,,,phrase,,communication,077
tricolore-1-5th-edition,écouter,,,verb,,mixed,077
tricolore-1-5th-edition,été (m),l',,noun,,weather,077
tricolore-1-5th-edition,aquarium,un,,noun,,city-places,093
tricolore-1-5th-edition,auberge de jeunesse,une,,noun,,city-places,093
tricolore-1-5th-edition,banque,une,,noun,,city-places,093
tricolore-1-5th-edition,bibliothèque,une,,noun,,city-places,093
tricolore-1-5th-edition,bowling,un,,noun,,city-places,093
tricolore-1-5th-edition,bâtiments religieux,des,,noun,,city-places,093
tricolore-1-5th-edition,C'est assez loin.,,,phrase,,city-places,093
tricolore-1-5th-edition,C'est derrière l'église.,,,phrase,,city-places,093
tricolore-1-5th-edition,C'est devant l'église.,,,phrase,,city-places,093
tricolore-1-5th-edition,C'est entre le cinéma et le café.,,,phrase,,city-places,093
tricolore-1-5th-edition,C'est loin.,,,phrase,,city-places,093
tricolore-1-5th-edition,C'est loin?,,,phrase,,city-places,093
tricolore-1-5th-edition,C'est tout près.,,,phrase,,city-places,093
tricolore-1-5th-edition,C'est à 50 mètres.,,,phrase,,city-places,093
tricolore-1-5th-edition,C'est à côté de la poste.,,,phrase,,city-places,093
tricolore-1-5th-edition,C'est à côté du cinéma.,,,phrase,,city-places,093
tricolore-1-5th-edition,camping,un,,noun,,city-places,093
tricolore-1-5th-edition,cathédrale,une,,noun,,city-places,093
tricolore-1-5th-edition,Ce n'est pas loin.,,,phrase,,city-places,093
tricolore-1-5th-edition,centre commercial,un,,noun,,city-places,093
tricolore-1-5th-edition,centre sportif,un,,noun,,city-places,093
tricolore-1-5th-edition,château,un,,noun,,city-places,093
tricolore-1-5th-edition,Continuez tout droit.,,,phrase,,city-places,093
tricolore-1-5th-edition,Est-ce qu'il y a un café près d'ici?,,,phrase,,city-places,093
tricolore-1-5th-edition,gare,une,,noun,,city-places,093
tricolore-1-5th-edition,Grosse-Horloge,la,,noun,,city-places,093
tricolore-1-5th-edition,hôpital,un,,noun,,city-places,093
tricolore-1-5th-edition,hôtel,un,,noun,,city-places,093
tricolore-1-5th-edition,hôtel de ville,un,,noun,,city-places,093
tricolore-1-5th-edition,Il va à la gare.,,,phrase,,travel,093
tricolore-1-5th-edition,Ils vont aux magasins.,,,phrase,,travel,093
tricolore-1-5th-edition,Je vais à Paris.,,,phrase,,travel,093
tricolore-1-5th-edition,magasin,un,,noun,,city-places,093
tricolore-1-5th-edition,marché,un,,noun,,city-places,093
tricolore-1-5th-edition,mosquée,une,,noun,,city-places,093
tricolore-1-5th-edition,musée,un,,noun,,city-places,093
tricolore-1-5th-edition,Nous allons à l'hôpital.,,,phrase,,travel,093
tricolore-1-5th-edition,office de tourisme,un,,noun,,city-places,093
tricolore-1-5th-edition,parc,un,,noun,,city-places,093
tricolore-1-5th-edition,"Pardon, monsieur/madame.",,,phrase,,city-places,093
tricolore-1-5th-edition,parking,un,,noun,,city-places,093
tricolore-1-5th-edition,patinoire,une,,noun,,city-places,093
tricolore-1-5th-edition,piscine,une,,noun,,city-places,093
tricolore-1-5th-edition,place,une,,noun,,city-places,093
tricolore-1-5th-edition,poste,une,,noun,,city-places,093
tricolore-1-5th-edition,"Pour aller au centre-ville, s'il vous plaît?",,,phrase,,city-places,093
tricolore-1-5th-edition,Prenez la première (1ère) rue à gauche.,,,phrase,,city-places,093
tricolore-1-5th-edition,restaurant,un,,noun,,city-places,093
tricolore-1-5th-edition,synagogue,une,,noun,,city-places,093
tricolore-1-5th-edition,temple,un,,noun,,city-places,093
tricolore-1-5th-edition,terrain de football,un,,noun,,city-places,093
tricolore-1-5th-edition,théâtre,un,,noun,,city-places,093
tricolore-1-5th-edition,tour,une,,noun,,city-places,093
tricolore-1-5th-edition,Tournez à droite.,,,phrase,,city-places,093
tricolore-1-5th-edition,tout droit,,,adverb,,city-places,093
tricolore-1-5th-edition,Tu vas au parc?,,,phrase,,travel,093
tricolore-1-5th-edition,à droite,,,adverb,,city-places,093
tricolore-1-5th-edition,à gauche,,,adverb,,city-places,093
tricolore-1-5th-edition,église,une,,noun,,city-places,093
tricolore-1-5th-edition,... cinq,,,phrase,,time-dates,111
tricolore-1-5th-edition,... dix,,,phrase,,time-dates,111
tricolore-1-5th-edition,... et demie,,,phrase,,time-dates,111
tricolore-1-5th-edition,... et quart,,,phrase,,time-dates,111
tricolore-1-5th-edition,... moins cinq,,,phrase,,time-dates,111
tricolore-1-5th-edition,... moins dix,,,phrase,,time-dates,111
tricolore-1-5th-edition,... moins le quart,,,phrase,,time-dates,111
tricolore-1-5th-edition,... moins vingt,,,phrase,,time-dates,111
tricolore-1-5th-edition,... moins vingt-cinq,,,phrase,,time-dates,111
tricolore-1-5th-edition,... vingt,,,phrase,,time-dates,111
tricolore-1-5th-edition,... vingt-cinq,,,phrase,,time-dates,111
tricolore-1-5th-edition,allemand (m),l',,noun,,school,111
tricolore-1-5th-edition,amusant,,,adjective,C'est amusant.,school,111
tricolore-1-5th-edition,anglais,l',,noun,,school,111
tricolore-1-5th-edition,après-midi,l',,noun,,time-dates,111
tricolore-1-5th-edition,assez,,,adverb,,none,111
tricolore-1-5th-edition,C'est ...,,,phrase,,school,111
tricolore-1-5th-edition,dessin,le,,noun,,school,111
tricolore-1-5th-edition,difficile,,,adjective,C'est difficile.,school,111
tricolore-1-5th-edition,déjeuner,le,,noun,,food,111
tricolore-1-5th-edition,dîner,le,,noun,,food,111
tricolore-1-5th-edition,ennuyeux,,,adjective,C'est ennuyeux.,school,111
tricolore-1-5th-edition,EPS (éducation physique et sportive) (f),l',,noun,,school,111
tricolore-1-5th-edition,espagnol (m),l',,noun,,school,111
tricolore-1-5th-edition,facile,,,adjective,C'est facile.,school,111
tricolore-1-5th-edition,français,le,,noun,,school,111
tricolore-1-5th-edition,goûter,le,,noun,,food,111
tricolore-1-5th-edition,génial,,,adjective,C'est génial.,school,111
tricolore-1-5th-edition,géographie,la,,noun,,school,111
tricolore-1-5th-edition,histoire (f),l',,noun,,school,111
tricolore-1-5th-edition,Il est midi et demi.,,,phrase,,time-dates,111
tricolore-1-5th-edition,Il est midi.,,,phrase,,time-dates,111
tricolore-1-5th-edition,Il est minuit et demi.,,,phrase,,time-dates,111
tricolore-1-5th-edition,Il est minuit.,,,phrase,,time-dates,111
tricolore-1-5th-edition,informatique (f),l',,noun,,school,111
tricolore-1-5th-edition,intéressant,,,adjective,C'est intéressant.,school,111
tricolore-1-5th-edition,J'arrive au collège à ...,,,phrase,,daily-routine,111
tricolore-1-5th-edition,Je commence mes devoirs à ...,,,phrase,,daily-routine,111
tricolore-1-5th-edition,Je m'appelle ...,,,phrase,,personal-info,111
tricolore-1-5th-edition,je mange des sandwichs.,,,phrase,,daily-routine,111
tricolore-1-5th-edition,je mange à la cantine.,,,phrase,,daily-routine,111
tricolore-1-5th-edition,Je me couche ...,,,phrase,,daily-routine,111
tricolore-1-5th-edition,Je me lève ...,,,phrase,,daily-routine,111
tricolore-1-5th-edition,Je rentre à la maison à ...,,,phrase,,daily-routine,111
tricolore-1-5th-edition,Je vais au lit à ... / Je me couche à ...,,,phrase,,daily-routine,111
tricolore-1-5th-edition,journée typique,une,,noun,,daily-routine,111
tricolore-1-5th-edition,"Le matin, je prends mon petit déjeuner à ...",,,phrase,,daily-routine,111
tricolore-1-5th-edition,"Le soir, on mange à ...",,,phrase,,daily-routine,111
tricolore-1-5th-edition,Les cours commencent à ...,,,phrase,,daily-routine,111
tricolore-1-5th-edition,"leur, leurs",,,other,,none,111
tricolore-1-5th-edition,maths,les,(f pl),noun,,school,111
tricolore-1-5th-edition,matin,le,,noun,,time-dates,111
tricolore-1-5th-edition,musique,la,,noun,,school,111
tricolore-1-5th-edition,"notre, nos",,,other,,none,111
tricolore-1-5th-edition,nuit,la,,noun,,time-dates,111
tricolore-1-5th-edition,nul,,,adjective,C'est nul.,school,111
tricolore-1-5th-edition,parce que,,,other,,none,111
tricolore-1-5th-edition,petit déjeuner,le,,noun,,food,111
tricolore-1-5th-edition,pourquoi,,,adverb,,none,111
tricolore-1-5th-edition,Quelle heure est-il?,,,phrase,,time-dates,111
tricolore-1-5th-edition,repas,un,,noun,,food,111
tricolore-1-5th-edition,sa matière préférée,,,phrase,,school,111
tricolore-1-5th-edition,sciences,les,(f pl),noun,,school,111
tricolore-1-5th-edition,ses affaires,,,phrase,,none,111
tricolore-1-5th-edition,soir,le,,noun,,time-dates,111
tricolore-1-5th-edition,son anniversaire,,,phrase,,family,111
tricolore-1-5th-edition,"son, sa, ses",,,other,,none,111
tricolore-1-5th-edition,sport,le,,noun,,school,111
tricolore-1-5th-edition,super,,,adjective,C'est super.,school,111
tricolore-1-5th-edition,SVT (Sciences de la Vie et de la Terre),les,,noun,,school,111
tricolore-1-5th-edition,sympa,,,adjective,C'est sympa.,school,111
tricolore-1-5th-edition,technologie,la,,noun,,school,111
tricolore-1-5th-edition,très,,,adverb,,none,111
tricolore-1-5th-edition,un peu,,,adverb,,none,111
tricolore-1-5th-edition,utile,,,adjective,C'est utile.,school,111
tricolore-1-5th-edition,"votre, vos",,,other,,none,111
tricolore-1-5th-edition,vraiment,,,adverb,,none,111
tricolore-1-5th-edition,"À midi, ...",,,phrase,,daily-routine,111
tricolore-1-5th-edition,éducation civique (f),l',,noun,,school,111
tricolore-1-5th-edition,ananas,un,,noun,,food,125
tricolore-1-5th-edition,banane,une,,noun,,food,125
tricolore-1-5th-edition,beurre,du,,noun,,food,125
tricolore-1-5th-edition,boissons chaudes,des,(f pl),noun,,food,125
tricolore-1-5th-edition,boissons froides,des,(f pl),noun,,food,125
tricolore-1-5th-edition,bon pour la santé,,,phrase,,health,125
tricolore-1-5th-edition,bonbons,des,(m pl),noun,,health,125
tricolore-1-5th-edition,brocolis,des,(m pl),noun,,food,125
tricolore-1-5th-edition,C'est (très) bon/délicieux.,,,phrase,,food,125
tricolore-1-5th-edition,café,du,,noun,,food,125
tricolore-1-5th-edition,carottes,des,(f pl),noun,,food,125
tricolore-1-5th-edition,chips,des,(m pl),noun,,food,125
tricolore-1-5th-edition,chocolat chaud,un,,noun,,food,125
tricolore-1-5th-edition,chou,un,,noun,,food,125
tricolore-1-5th-edition,chou-fleur,un,,noun,,food,125
tricolore-1-5th-edition,coca,du,,noun,,food,125
tricolore-1-5th-edition,confiture,de la,,noun,,food,125
tricolore-1-5th-edition,confiture d'oranges,de la,,noun,,food,125
tricolore-1-5th-edition,croissants,des,(m pl),noun,,food,125
tricolore-1-5th-edition,croustillant,,,adjective,,food,125
tricolore-1-5th-edition,céréales,des,(f pl),noun,,food,125
tricolore-1-5th-edition,desserts,des,(m pl),noun,,food,125
tricolore-1-5th-edition,"Désolé(e), mais je n'aime pas beaucoup ça.",,,phrase,,food,125
tricolore-1-5th-edition,eau (minérale) (f),de l',,noun,,food,125
tricolore-1-5th-edition,Encore du/de la/de l'/des … ?,,,phrase,,food,125
tricolore-1-5th-edition,fraise,une,,noun,,food,125
tricolore-1-5th-edition,framboise,une,,noun,,food,125
tricolore-1-5th-edition,frites,des,(f pl),noun,,food,125
tricolore-1-5th-edition,fromage,du,,noun,,food,125
tricolore-1-5th-edition,fruits,des,(m pl),noun,,food,125
tricolore-1-5th-edition,glace,une,,noun,,food,125
tricolore-1-5th-edition,gâteau,un,,noun,,food,125
tricolore-1-5th-edition,haricots verts,des,(m pl),noun,,food,125
tricolore-1-5th-edition,hors-d'œuvre,un,,noun,,food,125
tricolore-1-5th-edition,J'aime (beaucoup) le/la/les …,,,phrase,,food,125
tricolore-1-5th-edition,jambon,du,,noun,,food,125
tricolore-1-5th-edition,jus de fruit,du,,noun,,food,125
tricolore-1-5th-edition,lait,du,,noun,,food,125
tricolore-1-5th-edition,limonade,de la,,noun,,food,125
tricolore-1-5th-edition,légumes,des,(m pl),noun,,food,125
tricolore-1-5th-edition,melon,un,,noun,,food,125
tricolore-1-5th-edition,"Merci, j'ai assez mangé.",,,phrase,,food,125
tricolore-1-5th-edition,"Non, merci.",,,phrase,,food,125
tricolore-1-5th-edition,oignon,un,,noun,,food,125
tricolore-1-5th-edition,omelette (f),de l',,noun,,food,125
tricolore-1-5th-edition,orange,une,,noun,,food,125
tricolore-1-5th-edition,"Oui, je veux bien.",,,phrase,,food,125
tricolore-1-5th-edition,"Oui, s'il vous plaît.",,,phrase,,food,125
tricolore-1-5th-edition,pain,du,,noun,,food,125
tricolore-1-5th-edition,pain grillé,du,,noun,,food,125
tricolore-1-5th-edition,pas trop,,,adverb,,health,125
tricolore-1-5th-edition,petits pois,des,(m pl),noun,,food,125
tricolore-1-5th-edition,pizza,de la,,noun,,food,125
tricolore-1-5th-edition,plat principal,le,,noun,,food,125
tricolore-1-5th-edition,poire,une,,noun,,food,125
tricolore-1-5th-edition,poisson,du,,noun,,food,125
tricolore-1-5th-edition,pomme,une,,noun,,food,125
tricolore-1-5th-edition,pommes de terre,des,(f pl),noun,,food,125
tricolore-1-5th-edition,potage,du,,noun,,food,125
tricolore-1-5th-edition,poulet,du,,noun,,food,125
tricolore-1-5th-edition,pâté,du,,noun,,food,125
tricolore-1-5th-edition,pêche,une,,noun,,food,125
tricolore-1-5th-edition,raisins,des,(m pl),noun,,food,125
tricolore-1-5th-edition,repas,un,,noun,,food,125
tricolore-1-5th-edition,riz,du,,noun,,food,125
tricolore-1-5th-edition,salade,de la,,noun,,food,125
tricolore-1-5th-edition,sel,le,,noun,,health,125
tricolore-1-5th-edition,sucre,du,,noun,,food,125
tricolore-1-5th-edition,sucreries,des,(f pl),noun,,health,125
tricolore-1-5th-edition,surtout,,,adverb,,health,125
tricolore-1-5th-edition,tarte aux pommes,une,,noun,,food,125
tricolore-1-5th-edition,tartines,des,(f pl),noun,,food,125
tricolore-1-5th-edition,thé,du,,noun,,food,125
tricolore-1-5th-edition,toasts,des,(m pl),noun,,food,125
tricolore-1-5th-edition,tomate,une,,noun,,food,125
tricolore-1-5th-edition,un peu,,,adverb,,health,125
tricolore-1-5th-edition,viande,de la,,noun,,food,125
tricolore-1-5th-edition,vin rouge/blanc,du,,noun,,food,125
tricolore-1-5th-edition,yaourt,un,,noun,,food,125
tricolore-1-5th-edition,œuf (à la coque),un,,noun,,food,125
tricolore-1-5th-edition,œufs au bacon,des,(m pl),noun,,food,125
tricolore-1-5th-edition,après-midi,l',,noun,,time-dates,141
tricolore-1-5th-edition,au basket.,,,phrase,Je joue au basket.,hobby,141
tricolore-1-5th-edition,au volley.,,,phrase,Je joue au volley.,hobby,141
tricolore-1-5th-edition,aux cartes.,,,phrase,Je joue aux cartes.,hobby,141
tricolore-1-5th-edition,aux échecs.,,,phrase,Je joue aux échecs.,hobby,141
tricolore-1-5th-edition,C'est gratuit ...,,,phrase,,vacation,141
tricolore-1-5th-edition,C'est ouvert ... (tous les jours en été).,,,phrase,,vacation,141
tricolore-1-5th-edition,C'est pour ... (les enfants et les adultes).,,,phrase,,vacation,141
tricolore-1-5th-edition,C'est situé près de … (Paris).,,,phrase,,vacation,141
tricolore-1-5th-edition,d'abord,,,adverb,,daily-routine,141
tricolore-1-5th-edition,de l'équitation.,,,phrase,Je fais de l'équitation.,hobby,141
tricolore-1-5th-edition,de la batterie.,,,phrase,Je joue de la batterie.,hobby,141
tricolore-1-5th-edition,de la danse,,,phrase,Je fais de la danse.,hobby,141
tricolore-1-5th-edition,de la flûte.,,,phrase,Je joue de la flûte.,hobby,141
tricolore-1-5th-edition,de la guitare.,,,phrase,Je joue de la guitare.,hobby,141
tricolore-1-5th-edition,de la gymnastique.,,,phrase,Je fais de la gymnastique.,hobby,141
tricolore-1-5th-edition,de la natation.,,,phrase,Je fais de la natation.,hobby,141
tricolore-1-5th-edition,de la peinture.,,,phrase,Je fais de la peinture.,hobby,141
tricolore-1-5th-edition,de la photo.,,,phrase,Je fais de la photo.,hobby,141
tricolore-1-5th-edition,de la planche à voile.,,,phrase,Je fais de la planche à voile.,hobby,141
tricolore-1-5th-edition,de la voile.,,,phrase,Je fais de la voile.,hobby,141
tricolore-1-5th-edition,des promenades.,,,phrase,Je fais des promenades.,hobby,141
tricolore-1-5th-edition,dix-huit heures,,,other,,time-dates,141
tricolore-1-5th-edition,dix-neuf heures,,,other,,time-dates,141
tricolore-1-5th-edition,dix-sept heures,,,other,,time-dates,141
tricolore-1-5th-edition,du clavier.,,,phrase,Je joue du clavier.,hobby,141
tricolore-1-5th-edition,du cyclisme/du vélo.,,,phrase,Je fais du cyclisme/du vélo.,hobby,141
tricolore-1-5th-edition,du dessin.,,,phrase,Je fais du dessin.,hobby,141
tricolore-1-5th-edition,du piano.,,,phrase,Je joue du piano.,hobby,141
tricolore-1-5th-edition,du roller.,,,phrase,Je fais du roller.,hobby,141
tricolore-1-5th-edition,du skate.,,,phrase,Je fais du skate.,hobby,141
tricolore-1-5th-edition,du ski.,,,phrase,Je fais du ski.,hobby,141
tricolore-1-5th-edition,du théâtre.,,,phrase,Je fais du théâtre.,hobby,141
tricolore-1-5th-edition,du violon.,,,phrase,Je joue du violon.,hobby,141
tricolore-1-5th-edition,du VTT.,,,phrase,Je fais du VTT.,hobby,141
tricolore-1-5th-edition,ensuite,,,adverb,,daily-routine,141
tricolore-1-5th-edition,Est-ce que tu aimes la musique?,,,phrase,,hobby,141
tricolore-1-5th-edition,Est-ce que tu aimes le sport?,,,phrase,,hobby,141
tricolore-1-5th-edition,Est-ce que tu fais autre chose?,,,phrase,,hobby,141
tricolore-1-5th-edition,J'ai fait ... (de la natation).,,,phrase,,hobby,141
tricolore-1-5th-edition,J'ai joué ... (au football).,,,phrase,,hobby,141
tricolore-1-5th-edition,"J'aime la musique, mais je ne joue pas d'un instrument.",,,phrase,,hobby,141
tricolore-1-5th-edition,J'aime lire.,,,phrase,,hobby,141
tricolore-1-5th-edition,Je suis allé(e) ... (au cinéma).,,,phrase,,hobby,141
tricolore-1-5th-edition,L'entrée coûte... (35 euros).,,,phrase,,vacation,141
tricolore-1-5th-edition,la semaine dernière,,,phrase,,time-dates,141
tricolore-1-5th-edition,le weekend dernier,,,phrase,,time-dates,141
tricolore-1-5th-edition,matin,le,,noun,,time-dates,141
tricolore-1-5th-edition,parc d'attractions,un,,noun,,vacation,141
tricolore-1-5th-edition,plus tard,,,adverb,,daily-routine,141
tricolore-1-5th-edition,puis,,,adverb,,daily-routine,141
tricolore-1-5th-edition,quatorze heures,,,other,,time-dates,141
tricolore-1-5th-edition,quinze heures,,,other,,time-dates,141
tricolore-1-5th-edition,samedi dernier,,,phrase,,time-dates,141
tricolore-1-5th-edition,seize heures,,,other,,time-dates,141
tricolore-1-5th-edition,soir,le,,noun,,time-dates,141
tricolore-1-5th-edition,sur l'ordinateur.,,,phrase,Je joue sur l'ordinateur.,hobby,141
tricolore-1-5th-edition,treize heures,,,other,,time-dates,141
tricolore-1-5th-edition,Tu as passé un bon weekend?,,,phrase,,hobby,141
tricolore-1-5th-edition,vingt heures,,,other,,time-dates,141
tricolore-1-5th-edition,vingt-deux heures,,,other,,time-dates,141
tricolore-1-5th-edition,vingt-et-une heures,,,other,,time-dates,141
tricolore-1-5th-edition,vingt-quatre heures/zéro heure,,,other,,time-dates,141
tricolore-1-5th-edition,vingt-trois heures,,,other,,time-dates,141
tricolore-1-5th-edition,à des jeux vidéo.,,,phrase,Je joue à des jeux vidéo.,hobby,141
tricolore-1-5th-edition,a,,,verb,,none,169
tricolore-1-5th-edition,abord,,,adverb,,none,169
tricolore-1-5th-edition,abricot,un,,noun,,food,169
tricolore-1-5th-edition,absent,,,adjective,,none,169
tricolore-1-5th-edition,accord,,,phrase,,none,169
tricolore-1-5th-edition,acheter,,,verb,,shopping,169
tricolore-1-5th-edition,activité,une,,noun,,hobby,169
tricolore-1-5th-edition,adorer,,,verb,,none,169
tricolore-1-5th-edition,adresse,une,,noun,,personal-info,169
tricolore-1-5th-edition,affaires (f pl),les,,noun,,none,169
tricolore-1-5th-edition,affiche,une,,noun,,none,169
tricolore-1-5th-edition,agneau (m),l',,noun,,food,169
tricolore-1-5th-edition,agréable,,,adjective,,none,169
tricolore-1-5th-edition,ai,j',,verb,,none,169
tricolore-1-5th-edition,aider,,,verb,,none,169
tricolore-1-5th-edition,aigre,,,adjective,,food,169
tricolore-1-5th-edition,aimer,,,verb,,none,169
tricolore-1-5th-edition,air,,,phrase,,none,169
tricolore-1-5th-edition,ajouter,,,verb,,none,169
tricolore-1-5th-edition,Allemagne (f),l',,noun,,none,169
tricolore-1-5th-edition,allemand,,,adjective,,none,169
tricolore-1-5th-edition,aller,,,verb,,travel,169
tricolore-1-5th-edition,aller à la pêche,,,phrase,,hobby,169
tricolore-1-5th-edition,allez!,,,phrase,,none,169
tricolore-1-5th-edition,allumer,,,verb,,home,169
tricolore-1-5th-edition,alors,,,adverb,,none,169
tricolore-1-5th-edition,ami(e),un(e),,noun,,family,169
tricolore-1-5th-edition,amitiés,,,phrase,,communication,169
tricolore-1-5th-edition,amusant,,,adjective,,none,169
tricolore-1-5th-edition,amuse-toi bien!,,,phrase,,none,169
tricolore-1-5th-edition,an,un,,noun,,time-dates,169
tricolore-1-5th-edition,ananas,un,,noun,,food,169
tricolore-1-5th-edition,anglais,,,adjective,,none,169
tricolore-1-5th-edition,Angleterre (f),l',,noun,,travel,169
tricolore-1-5th-edition,animal (pl des animaux),un,des animaux,noun,,none,169
tricolore-1-5th-edition,anniversaire,un,,noun,,time-dates,169
tricolore-1-5th-edition,annonce,une,,noun,,communication,169
tricolore-1-5th-edition,année,une,,noun,,time-dates,169
tricolore-1-5th-edition,août,,,noun,,time-dates,169
tricolore-1-5th-edition,appareil,à l',,phrase,,communication,169
tricolore-1-5th-edition,appareil électrique,un,,noun,,home,169
tricolore-1-5th-edition,appareil-photo,un,,noun,,hobby,169
tricolore-1-5th-edition,appartement,un,,noun,,home,169
tricolore-1-5th-edition,appelle,il/elle s',,verb,,personal-info,169
tricolore-1-5th-edition,appelle ...,je m',,verb,,personal-info,169
tricolore-1-5th-edition,apporter,,,verb,,none,169
tricolore-1-5th-edition,apprendre,,,verb,,school,169
tricolore-1-5th-edition,après,,,adverb,,none,169
tricolore-1-5th-edition,après-midi (m),l',,noun,,time-dates,169
tricolore-1-5th-edition,aquarium,un,,noun,,city-places,169
tricolore-1-5th-edition,arbre,un,,noun,,none,169
tricolore-1-5th-edition,arcades,à,,phrase,,city-places,169
tricolore-1-5th-edition,argent (m),l',,noun,,shopping,169
tricolore-1-5th-edition,arriver,,,verb,,travel,169
tricolore-1-5th-edition,arrêt d'autobus,un,,noun,,city-places,169
tricolore-1-5th-edition,arrête,il/elle s',,verb,,travel,169
tricolore-1-5th-edition,as,tu,,verb,,none,169
tricolore-1-5th-edition,ascenseur (m),l',,noun,,city-places,169
tricolore-1-5th-edition,asseyez-vous,,,phrase,,none,169
tricolore-1-5th-edition,assez,,,adverb,,none,169
tricolore-1-5th-edition,assieds-toi (là)!,,,phrase,,none,169
tricolore-1-5th-edition,assiette,une,,noun,,food,169
tricolore-1-5th-edition,assis,,,adjective,,none,169
tricolore-1-5th-edition,athlétisme (m),l',,noun,,hobby,169
tricolore-1-5th-edition,attendre,,,verb,,none,169
tricolore-1-5th-edition,attentivement,,,adverb,,school,169
tricolore-1-5th-edition,au,,,preposition,,none,169
tricolore-1-5th-edition,au choix,,,phrase,,shopping,169
tricolore-1-5th-edition,au revoir,,,phrase,,communication,169
tricolore-1-5th-edition,auberge de jeunesse,une,,noun,,vacation,169
tricolore-1-5th-edition,aujourd'hui,,,adverb,,time-dates,169
tricolore-1-5th-edition,aussi,,,adverb,,none,169
tricolore-1-5th-edition,automne (m),l',,noun,,weather,169
tricolore-1-5th-edition,autre,,,adjective,,none,169
tricolore-1-5th-edition,avancez,,,verb,,none,169
tricolore-1-5th-edition,avant,,,preposition,,none,169
tricolore-1-5th-edition,avec,,,preposition,,none,169
tricolore-1-5th-edition,avez,vous,,verb,,none,169
tricolore-1-5th-edition,avez-vous ... ?,,,phrase,,none,169
tricolore-1-5th-edition,avion,un,,noun,,travel,169
tricolore-1-5th-edition,avoir,,,verb,,none,169
tricolore-1-5th-edition,avril,,,noun,,time-dates,169
tricolore-1-5th-edition,babyfoot,le,,noun,,hobby,169
tricolore-1-5th-edition,badminton,le,,noun,,hobby,169
tricolore-1-5th-edition,baguette,une,,noun,,food,169
tricolore-1-5th-edition,bal,un,,noun,,hobby,169
tricolore-1-5th-edition,baladeur,un,,noun,,hobby,169
tricolore-1-5th-edition,balcon,un,,noun,,home,169
tricolore-1-5th-edition,balle,une,,noun,,hobby,169
tricolore-1-5th-edition,ballon (de football),un,,noun,,hobby,169
tricolore-1-5th-edition,banane,une,,noun,,food,169
tricolore-1-5th-edition,bande dessinée (BD),une,,noun,,hobby,169
tricolore-1-5th-edition,banque,une,,noun,,city-places,169
tricolore-1-5th-edition,barbe,une,,noun,,none,169
tricolore-1-5th-edition,basket,le,,noun,,hobby,169
tricolore-1-5th-edition,baskets (f pl),les,,noun,,shopping,169
tricolore-1-5th-edition,bateau,un,,noun,,travel,169
tricolore-1-5th-edition,batterie,la,,noun,,hobby,169
tricolore-1-5th-edition,BD (bande dessinée),une,,noun,,hobby,169
tricolore-1-5th-edition,"beau (f belle, before vowel bel)",,,adjective,,none,169
tricolore-1-5th-edition,beau-frère,un,,noun,,family,169
tricolore-1-5th-edition,beau-père,un,,noun,,family,169
tricolore-1-5th-edition,beaucoup de,,,adverb,,none,169
tricolore-1-5th-edition,Belgique,la,,noun,,travel,169
tricolore-1-5th-edition,belle-mère,une,,noun,,family,169
tricolore-1-5th-edition,belle-sœur,une,,noun,,family,169
tricolore-1-5th-edition,besoin,un,,noun,,none,169
tricolore-1-5th-edition,beurre,le,,noun,,food,169
tricolore-1-5th-edition,bibliothèque,une,,noun,,city-places,169
tricolore-1-5th-edition,bic,un,,noun,,school,169
tricolore-1-5th-edition,bien,,,adverb,,none,169
tricolore-1-5th-edition,bien sûr,,,phrase,,none,169
tricolore-1-5th-edition,bientôt,,,adverb,,time-dates,169
tricolore-1-5th-edition,bille,une,,noun,,hobby,169
tricolore-1-5th-edition,billet,un,,noun,,travel,169
tricolore-1-5th-edition,biscotte,une,,noun,,food,169
tricolore-1-5th-edition,biscuit,un,,noun,,food,169
tricolore-1-5th-edition,blanc (f blanche),,,adjective,,none,169
tricolore-1-5th-edition,blanc d'œuf,le,,noun,,food,169
tricolore-1-5th-edition,bleu,,,adjective,,none,169
tricolore-1-5th-edition,bleu marine,,,adjective,,none,169
tricolore-1-5th-edition,blond,,,adjective,,none,169
tricolore-1-5th-edition,boisson,une,,noun,,food,169
tricolore-1-5th-edition,bol,un,,noun,,food,169
tricolore-1-5th-edition,bon (f bonne),,,adjective,,none,169
tricolore-1-5th-edition,bon anniversaire!,,,phrase,,time-dates,169
tricolore-1-5th-edition,bon appétit!,,,phrase,,restaurant,169
tricolore-1-5th-edition,bonbon,un,,noun,,food,169
tricolore-1-5th-edition,bonjour,,,phrase,,communication,169
tricolore-1-5th-edition,Bonne Année,,,phrase,,time-dates,169
tricolore-1-5th-edition,bonne fête,,,phrase,,time-dates,169
tricolore-1-5th-edition,bonne idée,,,phrase,,none,169
tricolore-1-5th-edition,bonne nuit,,,phrase,,daily-routine,169
tricolore-1-5th-edition,bord de la mer,au,,phrase,,vacation,169
tricolore-1-5th-edition,bottes (f pl),des,,noun,,shopping,169
tricolore-1-5th-edition,boulanger,un,,noun,,profession,169
tricolore-1-5th-edition,boulangerie,une,,noun,,shopping,169
tricolore-1-5th-edition,boules (f pl),les,,noun,,hobby,169
tricolore-1-5th-edition,bouteille,une,,noun,,food,169
tricolore-1-5th-edition,bowling,un,,noun,,hobby,169
tricolore-1-5th-edition,boîte,une,,noun,,shopping,169
tricolore-1-5th-edition,boîte aux lettres,une,,noun,,communication,169
tricolore-1-5th-edition,bravo!,,,phrase,,none,169
tricolore-1-5th-edition,brocolis (m pl),les,,noun,,food,169
tricolore-1-5th-edition,brouillard,le,,noun,,weather,169
tricolore-1-5th-edition,brun,,,adjective,,none,169
tricolore-1-5th-edition,bulle,une,,noun,,none,169
tricolore-1-5th-edition,bureau,un,,noun,,home,169
tricolore-1-5th-edition,bureau de poste,un,,noun,,city-places,169
tricolore-1-5th-edition,bâtiment,un,,noun,,city-places,169
tricolore-1-5th-edition,bâton,un,,noun,,none,169
tricolore-1-5th-edition,bête,,,adjective,,none,169
tricolore-1-5th-edition,bûche de Noël,une,,noun,,food,169
tricolore-1-5th-edition,c'est,,,phrase,,none,169
tricolore-1-5th-edition,c'est bon!,,,phrase,,food,169
tricolore-1-5th-edition,c'est très bien,,,phrase,,none,169
tricolore-1-5th-edition,c'est vrai?,,,phrase,,none,169
tricolore-1-5th-edition,cacher,,,verb,,none,169
tricolore-1-5th-edition,cadeau (pl des cadeaux),un,des cadeaux,noun,,shopping,169
tricolore-1-5th-edition,café,un,,noun,,restaurant,169
tricolore-1-5th-edition,café au lait,un,,noun,,food,169
tricolore-1-5th-edition,café crème,un,,noun,,food,169
tricolore-1-5th-edition,cage,une,,noun,,none,169
tricolore-1-5th-edition,cahier,un,,noun,,school,169
tricolore-1-5th-edition,caisse,une,,noun,,shopping,169
tricolore-1-5th-edition,calculatrice,une,,noun,,school,169
tricolore-1-5th-edition,campagne,la,,noun,,vacation,169
tricolore-1-5th-edition,camping,un,,noun,,vacation,169
tricolore-1-5th-edition,cantine,une,,noun,,school,169
tricolore-1-5th-edition,car,un,,noun,,travel,169
tricolore-1-5th-edition,carnet,un,,noun,,school,169
tricolore-1-5th-edition,carotte,une,,noun,,food,169
tricolore-1-5th-edition,cartable,un,,noun,,school,169
tricolore-1-5th-edition,carte,une,,noun,,hobby,169
tricolore-1-5th-edition,carte cadeau,une,,noun,,shopping,169
tricolore-1-5th-edition,carte postale,une,,noun,,communication,169
tricolore-1-5th-edition,case,une,,noun,,school,169
tricolore-1-5th-edition,casque,un,,noun,,none,169
tricolore-1-5th-edition,casquette,une,,noun,,shopping,169
tricolore-1-5th-edition,cassis,au,,phrase,,food,169
tricolore-1-5th-edition,cathédrale,une,,noun,,city-places,169
tricolore-1-5th-edition,"ce (cet, cette, ces)",,,other,,none,169
tricolore-1-5th-edition,ce n'est pas,,,phrase,,none,169
tricolore-1-5th-edition,ce n'est pas bien,,,phrase,,none,169
tricolore-1-5th-edition,ce sont,,,phrase,,none,169
tricolore-1-5th-edition,ceinture,une,,noun,,shopping,169
tricolore-1-5th-edition,cela,,,other,,none,169
tricolore-1-5th-edition,Cendrillon,,,noun,,none,169
tricolore-1-5th-edition,cent,,,other,,none,169
tricolore-1-5th-edition,centre,le,,noun,,city-places,169
tricolore-1-5th-edition,centre commercial,un,,noun,,shopping,169
tricolore-1-5th-edition,centre sportif,un,,noun,,city-places,169
tricolore-1-5th-edition,centre-ville,le,,noun,,city-places,169
tricolore-1-5th-edition,ces,,,other,,none,169
tricolore-1-5th-edition,cet (cette),,,other,,none,169
tricolore-1-5th-edition,chaise,une,,noun,,home,169
tricolore-1-5th-edition,chambre,une,,noun,,home,169
tricolore-1-5th-edition,chameau,un,,noun,,none,169
tricolore-1-5th-edition,champignon,un,,noun,,food,169
tricolore-1-5th-edition,"chance, avoir de la chance",,,phrase,,none,169
tricolore-1-5th-edition,chanson,une,,noun,,hobby,169
tricolore-1-5th-edition,chant folklorique,le,,noun,,hobby,169
tricolore-1-5th-edition,chanter,,,verb,,hobby,169
tricolore-1-5th-edition,chanteur (f une chanteuse),un,,noun,,profession,169
tricolore-1-5th-edition,chapeau,un,,noun,,shopping,169
tricolore-1-5th-edition,chaque,,,adjective,,none,169
tricolore-1-5th-edition,chaque fois,à,,phrase,,time-dates,169
tricolore-1-5th-edition,chat (f une chatte),un,,noun,,none,169
tricolore-1-5th-edition,chaud,,,phrase,,weather,169
tricolore-1-5th-edition,chaussettes (f pl),des,,noun,,shopping,169
tricolore-1-5th-edition,chaussures (f pl),des,,noun,,shopping,169
tricolore-1-5th-edition,chaussures de sport (f pl),des,,noun,,shopping,169
tricolore-1-5th-edition,chaîne hi-fi,une,,noun,,home,169
tricolore-1-5th-edition,chemin,un,,noun,,travel,169
tricolore-1-5th-edition,chemise,une,,noun,,shopping,169
tricolore-1-5th-edition,chemisier,un,,noun,,shopping,169
tricolore-1-5th-edition,cher (f chère),,,adjective,,shopping,169
tricolore-1-5th-edition,chercher,,,verb,,none,169
tricolore-1-5th-edition,cheval (pl des chevaux),un,des chevaux,noun,,none,169
tricolore-1-5th-edition,chez,,,preposition,,none,169
tricolore-1-5th-edition,chez moi,,,phrase,,home,169
tricolore-1-5th-edition,chez toi,,,phrase,,home,169
tricolore-1-5th-edition,chic,,,adjective,,none,169
tricolore-1-5th-edition,chien,un,,noun,,none,169
tricolore-1-5th-edition,Chine,la,,noun,,travel,169
tricolore-1-5th-edition,chips (m pl),les,,noun,,food,169
tricolore-1-5th-edition,chocolat,le,,noun,,food,169
tricolore-1-5th-edition,chocolat chaud,un,,noun,,food,169
tricolore-1-5th-edition,choix,un,,noun,,shopping,169
tricolore-1-5th-edition,chorale,une,,noun,,hobby,169
tricolore-1-5th-edition,châtain,,,adjective,,personal-info,169
tricolore-1-5th-edition,château,un,,noun,,travel,169
tricolore-1-5th-edition,célèbre,,,adjective,,none,169
tricolore-1-5th-edition,céréales (f pl),des,,noun,,food,169
tricolore-1-5th-edition,en automne,,,phrase,,weather,169
tricolore-1-5th-edition,en chocolat,,,phrase,,food,169
tricolore-1-5th-edition,faire du camping,,,phrase,,vacation,169
tricolore-1-5th-edition,il fait beau,,,phrase,,weather,169
tricolore-1-5th-edition,il y a du brouillard,,,phrase,,weather,169
tricolore-1-5th-edition,j'ai ... ans,,,phrase,,personal-info,169
tricolore-1-5th-edition,j'ai les cheveux châtains,,,phrase,,personal-info,169
tricolore-1-5th-edition,jouer aux cartes,,,phrase,,hobby,169
tricolore-1-5th-edition,par/en avion,,,phrase,,travel,169
tricolore-1-5th-edition,pas beaucoup,,,phrase,,none,169
tricolore-1-5th-edition,"à (au, à la, aux)",,,preposition,,none,169
tricolore-1-5th-edition,à bientôt,,,phrase,,communication,169
tricolore-1-5th-edition,à la campagne,,,phrase,,vacation,169
tricolore-1-5th-edition,âne,un,,noun,,none,169
tricolore-1-5th-edition,ça,,,other,,none,169
tricolore-1-5th-edition,ça fait ...,,,phrase,,shopping,169
tricolore-1-5th-edition,ça ne fait rien,,,phrase,,none,169
tricolore-1-5th-edition,ça ne va pas,,,phrase,,health,169
tricolore-1-5th-edition,"ça va bien, merci",,,phrase,,communication,169
tricolore-1-5th-edition,ça va?,,,phrase,,communication,169
tricolore-1-5th-edition,ça y est,,,phrase,,none,169
tricolore-1-5th-edition,être d'accord,,,phrase,,none,169
tricolore-1-5th-edition,au citron,,,phrase,,food,170
tricolore-1-5th-edition,bleu clair,,,adjective,,none,170
tricolore-1-5th-edition,chose,une,,noun,,none,170
tricolore-1-5th-edition,chou,un,,noun,,food,170
tricolore-1-5th-edition,chou-fleur,un,,noun,,food,170
tricolore-1-5th-edition,chouette!,,,phrase,,none,170
tricolore-1-5th-edition,chrétien(ne),,,adjective,,none,170
tricolore-1-5th-edition,ciel,le,,noun,,weather,170
tricolore-1-5th-edition,cinq,,,other,,none,170
tricolore-1-5th-edition,cinquante,,,other,,none,170
tricolore-1-5th-edition,cinéma,un,,noun,,city-places,170
tricolore-1-5th-edition,circulation,la,,noun,,travel,170
tricolore-1-5th-edition,circuler,,,verb,,travel,170
tricolore-1-5th-edition,cirque,un,,noun,,hobby,170
tricolore-1-5th-edition,citron,un,,noun,,food,170
tricolore-1-5th-edition,citrouille,une,,noun,,food,170
tricolore-1-5th-edition,clair,,,adjective,,none,170
tricolore-1-5th-edition,clarinette,une,,noun,,hobby,170
tricolore-1-5th-edition,classe,une,,noun,,school,170
tricolore-1-5th-edition,classeur,un,,noun,,school,170
tricolore-1-5th-edition,classique,,,adjective,,none,170
tricolore-1-5th-edition,clavier,un,,noun,,school,170
tricolore-1-5th-edition,clinique,une,,noun,,health,170
tricolore-1-5th-edition,cliquer,,,verb,,none,170
tricolore-1-5th-edition,club,un,,noun,,hobby,170
tricolore-1-5th-edition,clé USB,une,,noun,,school,170
tricolore-1-5th-edition,Coca,le,,noun,,food,170
tricolore-1-5th-edition,coche,une,,noun,,school,170
tricolore-1-5th-edition,cocher,,,verb,,school,170
tricolore-1-5th-edition,cochon d'Inde,un,,noun,,none,170
tricolore-1-5th-edition,collant,un,,noun,,shopping,170
tricolore-1-5th-edition,collier,un,,noun,,shopping,170
tricolore-1-5th-edition,collège,un,,noun,,school,170
tricolore-1-5th-edition,"colonie de vacances, colo",une,,noun,,vacation,170
tricolore-1-5th-edition,colorier,,,verb,,none,170
tricolore-1-5th-edition,colorié,,,adjective,,none,170
tricolore-1-5th-edition,combien (de)?,,,adverb,,shopping,170
tricolore-1-5th-edition,combien sommes-nous?,le,,phrase,,time-dates,170
tricolore-1-5th-edition,combien?,c'est,,phrase,,shopping,170
tricolore-1-5th-edition,comme,,,adverb,,none,170
tricolore-1-5th-edition,comme ci comme ça,,,phrase,,health,170
tricolore-1-5th-edition,comme il fait chaud!,,,phrase,,weather,170
tricolore-1-5th-edition,commencer,,,verb,,none,170
tricolore-1-5th-edition,comment dit-on (...) en anglais?,,,phrase,,communication,170
tricolore-1-5th-edition,comment dit-on (...) en français?,,,phrase,,communication,170
tricolore-1-5th-edition,comment s'appelle-t-il/elle?,,,phrase,,personal-info,170
tricolore-1-5th-edition,comment t'appelles-tu?,,,phrase,,personal-info,170
tricolore-1-5th-edition,comment ça s'écrit?,,,phrase,,communication,170
tricolore-1-5th-edition,comment?,,,adverb,,communication,170
tricolore-1-5th-edition,commun,en,,phrase,,none,170
tricolore-1-5th-edition,compléter,,,verb,,school,170
tricolore-1-5th-edition,comprendre,,,verb,,school,170
tricolore-1-5th-edition,compter,,,verb,,school,170
tricolore-1-5th-edition,concert,un,,noun,,hobby,170
tricolore-1-5th-edition,concombre,le,,noun,,food,170
tricolore-1-5th-edition,concours,un,,noun,,school,170
tricolore-1-5th-edition,confiture,la,,noun,,food,170
tricolore-1-5th-edition,confortable,,,adjective,,none,170
tricolore-1-5th-edition,conférence,une,,noun,,none,170
tricolore-1-5th-edition,connu,,,adjective,,none,170
tricolore-1-5th-edition,conquête,la,,noun,,none,170
tricolore-1-5th-edition,console de jeux,une,,noun,,hobby,170
tricolore-1-5th-edition,content,,,adjective,,none,170
tricolore-1-5th-edition,contre,,,preposition,,none,170
tricolore-1-5th-edition,contrôle,un,,noun,,school,170
tricolore-1-5th-edition,copain,un,,noun,,family,170
tricolore-1-5th-edition,copine,une,,noun,,family,170
tricolore-1-5th-edition,correspondant(e),un(e),,noun,,communication,170
tricolore-1-5th-edition,coton,le,,noun,,none,170
tricolore-1-5th-edition,couche,je me,,verb,,daily-routine,170
tricolore-1-5th-edition,couche,il se,,verb,,daily-routine,170
tricolore-1-5th-edition,couleur,une,,noun,,none,170
tricolore-1-5th-edition,coup de téléphone,un,,noun,,communication,170
tricolore-1-5th-edition,couper,,,verb,,food,170
tricolore-1-5th-edition,cour,la,,noun,,school,170
tricolore-1-5th-edition,couronne,une,,noun,,none,170
tricolore-1-5th-edition,cours,un,,noun,,school,170
tricolore-1-5th-edition,"courses, faire des courses",,,phrase,,shopping,170
tricolore-1-5th-edition,court,,,adjective,,none,170
tricolore-1-5th-edition,cousin(e),un(e),,noun,,family,170
tricolore-1-5th-edition,couvert,,,adjective,,weather,170
tricolore-1-5th-edition,cravate,une,,noun,,shopping,170
tricolore-1-5th-edition,crayon,un,,noun,,school,170
tricolore-1-5th-edition,cricket,le,,noun,,hobby,170
tricolore-1-5th-edition,critiquer,,,verb,,none,170
tricolore-1-5th-edition,crois pas,je ne,,phrase,,communication,170
tricolore-1-5th-edition,croissant,un,,noun,,food,170
tricolore-1-5th-edition,crèche,une,,noun,,none,170
tricolore-1-5th-edition,crème anglaise,la,,noun,,food,170
tricolore-1-5th-edition,crèperie,une,,noun,,restaurant,170
tricolore-1-5th-edition,crêpe,une,,noun,,food,170
tricolore-1-5th-edition,cuillerée,une,,noun,,food,170
tricolore-1-5th-edition,cuisine,une,,noun,,home,170
tricolore-1-5th-edition,curieux (f curieuse),,,adjective,,none,170
tricolore-1-5th-edition,cyclisme,le,,noun,,hobby,170
tricolore-1-5th-edition,côte,une,,noun,,travel,170
tricolore-1-5th-edition,côté de,à,,preposition,,none,170
tricolore-1-5th-edition,d'abord,,,adverb,,none,170
tricolore-1-5th-edition,d'accord,,,phrase,,none,170
tricolore-1-5th-edition,dans,,,preposition,,none,170
tricolore-1-5th-edition,danse,la,,noun,,hobby,170
tricolore-1-5th-edition,danser,,,verb,,hobby,170
tricolore-1-5th-edition,date,une,,noun,,time-dates,170
tricolore-1-5th-edition,dauphin,un,,noun,,none,170
tricolore-1-5th-edition,de,,,preposition,,none,170
tricolore-1-5th-edition,debout,être,,phrase,,none,170
tricolore-1-5th-edition,demain,,,adverb,,time-dates,170
tricolore-1-5th-edition,demi,,,adjective,,none,170
tricolore-1-5th-edition,demi-frère,un,,noun,,family,170
tricolore-1-5th-edition,demi-heure,une,,noun,,time-dates,170
tricolore-1-5th-edition,demi-sœur,une,,noun,,family,170
tricolore-1-5th-edition,dernier,,,adjective,,none,170
tricolore-1-5th-edition,derrière,,,preposition,,none,170
tricolore-1-5th-edition,des,,,other,,none,170
tricolore-1-5th-edition,descendent de l'autobus,ils/elles,,verb,,travel,170
tricolore-1-5th-edition,descendre,,,verb,,travel,170
tricolore-1-5th-edition,dessert,un,,noun,,food,170
tricolore-1-5th-edition,dessin,le,,noun,,school,170
tricolore-1-5th-edition,dessiner,,,verb,,hobby,170
tricolore-1-5th-edition,dessus,,,adverb,,none,170
tricolore-1-5th-edition,deux,,,other,,none,170
tricolore-1-5th-edition,deuxième,,,adjective,,none,170
tricolore-1-5th-edition,devant,,,preposition,,none,170
tricolore-1-5th-edition,deviner,,,verb,,none,170
tricolore-1-5th-edition,devise,la,,noun,,none,170
tricolore-1-5th-edition,devoirs (m pl),les,,noun,,school,170
tricolore-1-5th-edition,difficile,,,adjective,,school,170
tricolore-1-5th-edition,dimanche,(le),,noun,,time-dates,170
tricolore-1-5th-edition,dinde,une,,noun,,food,170
tricolore-1-5th-edition,dinosaure,un,,noun,,none,170
tricolore-1-5th-edition,dire,,,verb,,none,170
tricolore-1-5th-edition,discothèque,une,,noun,,hobby,170
tricolore-1-5th-edition,discuter (de),,,verb,,communication,170
tricolore-1-5th-edition,distraction,une,,noun,,hobby,170
tricolore-1-5th-edition,dix,,,other,,none,170
tricolore-1-5th-edition,dix-huit,,,other,,none,170
tricolore-1-5th-edition,dix-neuf,,,other,,none,170
tricolore-1-5th-edition,dix-sept,,,other,,none,170
tricolore-1-5th-edition,dodo,,,noun,,daily-routine,170
tricolore-1-5th-edition,"dominos, jouer aux dominos",,,phrase,,hobby,170
tricolore-1-5th-edition,dommage,c'est,,phrase,,none,170
tricolore-1-5th-edition,donc,,,adverb,,none,170
tricolore-1-5th-edition,donner,,,verb,,none,170
tricolore-1-5th-edition,donnez-moi ...,,,phrase,,shopping,170
tricolore-1-5th-edition,dort,il,,verb,,daily-routine,170
tricolore-1-5th-edition,Douvres,,,noun,,travel,170
tricolore-1-5th-edition,douze,,,other,,none,170
tricolore-1-5th-edition,drapeau,un,des drapeaux,noun,,none,170
tricolore-1-5th-edition,droite,à,,phrase,,travel,170
tricolore-1-5th-edition,drôle,,,adjective,,none,170
tricolore-1-5th-edition,du,,,other,,none,170
tricolore-1-5th-edition,"du (de la, de l', des)",,,other,,none,170
tricolore-1-5th-edition,durer,,,verb,,none,170
tricolore-1-5th-edition,débarrasser,,,verb,,daily-routine,170
tricolore-1-5th-edition,décembre,,,noun,,time-dates,170
tricolore-1-5th-edition,décoller,,,verb,,travel,170
tricolore-1-5th-edition,découvre,(il),,verb,,none,170
tricolore-1-5th-edition,découvrir,,,verb,,none,170
tricolore-1-5th-edition,décrire,,,verb,,none,170
tricolore-1-5th-edition,défilé,un,,noun,,vacation,170
tricolore-1-5th-edition,déguisé(e),,,adjective,,vacation,170
tricolore-1-5th-edition,déjeuner,le,,noun,,food,170
tricolore-1-5th-edition,délicieux (f délicieuse),,,adjective,,food,170
tricolore-1-5th-edition,dépliant,un,,noun,,travel,170
tricolore-1-5th-edition,désespéré,,,adjective,,none,170
tricolore-1-5th-edition,désirez?,vous,,verb,,shopping,170
tricolore-1-5th-edition,désolé,,,adjective,,none,170
tricolore-1-5th-edition,détester,,,verb,,none,170
tricolore-1-5th-edition,dîne,on,,verb,,food,170
tricolore-1-5th-edition,dîner,un,,noun,,food,170
tricolore-1-5th-edition,e-mail,un,,noun,,communication,170
tricolore-1-5th-edition,eau (f),l',,noun,,food,170
tricolore-1-5th-edition,elle,,,other,,none,170
tricolore-1-5th-edition,elles,,,other,,none,170
tricolore-1-5th-edition,emploi du temps,un,,noun,,school,170
tricolore-1-5th-edition,en,,,preposition,,none,170
tricolore-1-5th-edition,en classe,,,phrase,,school,170
tricolore-1-5th-edition,en effet,,,phrase,,none,170
tricolore-1-5th-edition,encore,,,adverb,,none,170
tricolore-1-5th-edition,encore du ...,,,phrase,,food,170
tricolore-1-5th-edition,endroit,un,,noun,,city-places,170
tricolore-1-5th-edition,enfant,un(e),,noun,,family,170
tricolore-1-5th-edition,enfant unique,un(e),,noun,,family,170
tricolore-1-5th-edition,enfin,,,adverb,,none,170
tricolore-1-5th-edition,ennuyeux (f ennuyeuse),,,adjective,,none,170
tricolore-1-5th-edition,enquête,une,,noun,,school,170
tricolore-1-5th-edition,enregistrer,,,verb,,none,170
tricolore-1-5th-edition,enseignement (m),l',,noun,,school,170
tricolore-1-5th-edition,ensemble,,,adverb,,none,170
tricolore-1-5th-edition,ensuite,,,adverb,,time-dates,170
tricolore-1-5th-edition,entendre,,,verb,,none,170
tricolore-1-5th-edition,entraînement (m),l',,noun,,hobby,170
tricolore-1-5th-edition,entre,,,preposition,,none,170
tricolore-1-5th-edition,entrer,,,verb,,none,170
tricolore-1-5th-edition,entrée,une,,noun,,restaurant,170
tricolore-1-5th-edition,environ,,,adverb,,none,170
tricolore-1-5th-edition,envoyer,,,verb,,communication,170
tricolore-1-5th-edition,EPS (éducation physique et sportive) (f),l',,noun,,school,170
tricolore-1-5th-edition,erreur,une,,noun,,school,170
tricolore-1-5th-edition,es,tu,,verb,,none,170
tricolore-1-5th-edition,escalier (m),l',,noun,,home,170
tricolore-1-5th-edition,escargot,un,,noun,,food,170
tricolore-1-5th-edition,espace (f),l',,noun,,none,170
tricolore-1-5th-edition,Espagne (f),l',,noun,,travel,170
tricolore-1-5th-edition,espagnol,,,adjective,,none,170
tricolore-1-5th-edition,essayer,,,verb,,shopping,170
tricolore-1-5th-edition,est,,,verb,,none,170
tricolore-1-5th-edition,est-ce qu'il y a ... ?,,,phrase,,none,170
tricolore-1-5th-edition,est-ce que ... ?,,,phrase,,none,170
tricolore-1-5th-edition,est-ce que je peux ... ?,,,phrase,,none,170
tricolore-1-5th-edition,est-ce que tu aimes ... ?,,,phrase,,none,170
tricolore-1-5th-edition,et,,,other,,none,170
tricolore-1-5th-edition,l'eau bouillante,,,noun,,food,170
tricolore-1-5th-edition,l'eau minérale,,,noun,,food,170
tricolore-1-5th-edition,le petit déjeuner,,,noun,,food,170
tricolore-1-5th-edition,mots surlignés,des,,noun,,school,170
tricolore-1-5th-edition,quelque chose,,,phrase,,none,170
tricolore-1-5th-edition,tu ne m'écoutes pas!,,,phrase,,communication,170
tricolore-1-5th-edition,un club des jeunes,,,noun,,hobby,170
tricolore-1-5th-edition,à demain,,,phrase,,communication,170
tricolore-1-5th-edition,écharpe,une,,noun,,shopping,170
tricolore-1-5th-edition,"échecs, jouer aux échecs",,,phrase,,hobby,170
tricolore-1-5th-edition,éclair,un,,noun,,food,170
tricolore-1-5th-edition,école,une,,noun,,school,170
tricolore-1-5th-edition,école primaire,,,noun,,school,170
tricolore-1-5th-edition,Écosse (f),l',,noun,,travel,170
tricolore-1-5th-edition,écouter,,,verb,,school,170
tricolore-1-5th-edition,écrire,,,verb,,school,170
tricolore-1-5th-edition,écris-moi bientôt,,,phrase,,communication,170
tricolore-1-5th-edition,Édimbourg,,,noun,,travel,170
tricolore-1-5th-edition,éducation civique (f),l',,noun,,school,170
tricolore-1-5th-edition,église,une,,noun,,city-places,170
tricolore-1-5th-edition,élève,un(e),,noun,,school,170
tricolore-1-5th-edition,éléphant,un,,noun,,none,170
tricolore-1-5th-edition,émission,une,,noun,,communication,170
tricolore-1-5th-edition,énorme,,,adjective,,none,170
tricolore-1-5th-edition,épicerie,une,,noun,,shopping,170
tricolore-1-5th-edition,épreuve,une,,noun,,school,170
tricolore-1-5th-edition,équipe,une,,noun,,hobby,170
tricolore-1-5th-edition,équitation (f),l',,noun,,hobby,170
tricolore-1-5th-edition,étage,un,,noun,,home,170
tricolore-1-5th-edition,était,(il),,verb,,none,170
tricolore-1-5th-edition,été (m),l',,noun,,weather,170
tricolore-1-5th-edition,(à) chaque fois,,,phrase,,time-dates,171
tricolore-1-5th-edition,en hiver,,,phrase,,weather,171
tricolore-1-5th-edition,en été,,,phrase,,weather,171
tricolore-1-5th-edition,et ainsi de suite,,,phrase,,none,171
tricolore-1-5th-edition,excursion,une,,noun,,vacation,171
tricolore-1-5th-edition,exemple,par,,phrase,,school,171
tricolore-1-5th-edition,exposition,une,,noun,,city-places,171
tricolore-1-5th-edition,extrait,un,,noun,,school,171
tricolore-1-5th-edition,extraordinaire,,,adjective,,none,171
tricolore-1-5th-edition,face,une,,noun,,none,171
tricolore-1-5th-edition,face (de),en,,phrase,,city-places,171
tricolore-1-5th-edition,facile,,,adjective,,school,171
tricolore-1-5th-edition,faim,j'ai,,phrase,,food,171
tricolore-1-5th-edition,faire,,,verb,,none,171
tricolore-1-5th-edition,faire de l'équitation,,,phrase,,hobby,171
tricolore-1-5th-edition,faire de la gymnastique,,,phrase,,hobby,171
tricolore-1-5th-edition,faire de la planche à voile,,,phrase,,hobby,171
tricolore-1-5th-edition,faire de la voile,,,phrase,,hobby,171
tricolore-1-5th-edition,faire des courses,,,phrase,,shopping,171
tricolore-1-5th-edition,faire du camping,,,phrase,,vacation,171
tricolore-1-5th-edition,faire du ski,,,phrase,,hobby,171
tricolore-1-5th-edition,faire du vélo,,,phrase,,hobby,171
tricolore-1-5th-edition,faire la cuisine,,,phrase,,food,171
tricolore-1-5th-edition,faire le total,,,phrase,,shopping,171
tricolore-1-5th-edition,faire mes devoirs,,,phrase,,school,171
tricolore-1-5th-edition,faire un tour à vélo,,,phrase,,hobby,171
tricolore-1-5th-edition,faire une promenade,,,phrase,,hobby,171
tricolore-1-5th-edition,fait,il,,verb,,none,171
tricolore-1-5th-edition,faites,vous,,verb,,none,171
tricolore-1-5th-edition,famille (nombreuse),une,,noun,,family,171
tricolore-1-5th-edition,fantaisie,,,noun,,none,171
tricolore-1-5th-edition,fantastique,,,adjective,,none,171
tricolore-1-5th-edition,fatigant,,,adjective,,none,171
tricolore-1-5th-edition,fatigué(e),,,adjective,,health,171
tricolore-1-5th-edition,faut pas manquer ça,il ne,,phrase,,vacation,171
tricolore-1-5th-edition,faux (f fausse),,,adjective,,school,171
tricolore-1-5th-edition,favori,un,,noun,,hobby,171
tricolore-1-5th-edition,femme,une,,noun,,family,171
tricolore-1-5th-edition,fenêtre,une,,noun,,home,171
tricolore-1-5th-edition,ferme,une,,noun,,none,171
tricolore-1-5th-edition,fermer,,,verb,,none,171
tricolore-1-5th-edition,fermé,,,adjective,,shopping,171
tricolore-1-5th-edition,feu,un,,noun,,none,171
tricolore-1-5th-edition,feu d'artifice,un,,noun,,vacation,171
tricolore-1-5th-edition,feuille (de papier),une,,noun,,school,171
tricolore-1-5th-edition,feutre,un,,noun,,school,171
tricolore-1-5th-edition,fille,une,,noun,,family,171
tricolore-1-5th-edition,film,un,,noun,,hobby,171
tricolore-1-5th-edition,fils,un,,noun,,family,171
tricolore-1-5th-edition,fin,la,,noun,,none,171
tricolore-1-5th-edition,finalement,,,adverb,,none,171
tricolore-1-5th-edition,fini,c'est,,phrase,,school,171
tricolore-1-5th-edition,finissent,ils/elles,,verb,,school,171
tricolore-1-5th-edition,fleur,une,,noun,,none,171
tricolore-1-5th-edition,flèche,une,,noun,,none,171
tricolore-1-5th-edition,flûte,une,,noun,,hobby,171
tricolore-1-5th-edition,flûte à bec,une,,noun,,hobby,171
tricolore-1-5th-edition,fois,une,,noun,,time-dates,171
tricolore-1-5th-edition,foncé,,,adjective,,none,171
tricolore-1-5th-edition,foncé,le plus,,phrase,,none,171
tricolore-1-5th-edition,font,ils/elles,,verb,,none,171
tricolore-1-5th-edition,football,le,,noun,,hobby,171
tricolore-1-5th-edition,forme,en,,phrase,,health,171
tricolore-1-5th-edition,formidable,,,adjective,,none,171
tricolore-1-5th-edition,fraise,une,,noun,,food,171
tricolore-1-5th-edition,framboise,une,,noun,,food,171
tricolore-1-5th-edition,France,la,,noun,,travel,171
tricolore-1-5th-edition,français,,,adjective,,none,171
tricolore-1-5th-edition,française,à la,,phrase,,food,171
tricolore-1-5th-edition,frisé,,,adjective,,personal-info,171
tricolore-1-5th-edition,frites (f pl),les,,noun,,food,171
tricolore-1-5th-edition,froid,,,adjective,,weather,171
tricolore-1-5th-edition,fromage,le,,noun,,food,171
tricolore-1-5th-edition,fruit,un,,noun,,food,171
tricolore-1-5th-edition,frère,un,,noun,,family,171
tricolore-1-5th-edition,fève,une,,noun,,food,171
tricolore-1-5th-edition,félicitations!,,,phrase,,none,171
tricolore-1-5th-edition,férié,jour,,adjective,,time-dates,171
tricolore-1-5th-edition,février,,,noun,,time-dates,171
tricolore-1-5th-edition,fête,une,,noun,,time-dates,171
tricolore-1-5th-edition,fête des Mères,la,,noun,,time-dates,171
tricolore-1-5th-edition,fête nationale,la,,noun,,time-dates,171
tricolore-1-5th-edition,fêter,,,verb,,time-dates,171
tricolore-1-5th-edition,gagnant(e),un(e),,noun,,hobby,171
tricolore-1-5th-edition,gagner,,,verb,,hobby,171
tricolore-1-5th-edition,galette,une,,noun,,food,171
tricolore-1-5th-edition,gants (m pl),des,,noun,,shopping,171
tricolore-1-5th-edition,garage,un,,noun,,home,171
tricolore-1-5th-edition,garder,,,verb,,none,171
tricolore-1-5th-edition,gare,une,,noun,,city-places,171
tricolore-1-5th-edition,gare routière,une,,noun,,travel,171
tricolore-1-5th-edition,garçon,un,,noun,,none,171
tricolore-1-5th-edition,gauche,à,,phrase,,travel,171
tricolore-1-5th-edition,gens (m pl),des,,noun,,none,171
tricolore-1-5th-edition,gentil,,,adjective,,none,171
tricolore-1-5th-edition,gerbille,une,,noun,,none,171
tricolore-1-5th-edition,glace,une,,noun,,food,171
tricolore-1-5th-edition,golf,le,,noun,,hobby,171
tricolore-1-5th-edition,gomme,une,,noun,,school,171
tricolore-1-5th-edition,goûter,le,,noun,,food,171
tricolore-1-5th-edition,grammaire,la,,noun,,school,171
tricolore-1-5th-edition,gramme,une,,noun,,food,171
tricolore-1-5th-edition,grand,,,adjective,,none,171
tricolore-1-5th-edition,grand-chose,pas,,phrase,,none,171
tricolore-1-5th-edition,grand-mère,une,,noun,,family,171
tricolore-1-5th-edition,grand-père,un,,noun,,family,171
tricolore-1-5th-edition,grands-parents (m pl),les,,noun,,family,171
tricolore-1-5th-edition,gratuit,,,adjective,,shopping,171
tricolore-1-5th-edition,grave,,,adjective,,none,171
tricolore-1-5th-edition,grille,la,,noun,,school,171
tricolore-1-5th-edition,gris,,,adjective,,none,171
tricolore-1-5th-edition,gros (f grosse),,,adjective,,none,171
tricolore-1-5th-edition,grossir,,,verb,,health,171
tricolore-1-5th-edition,groupe,un,,noun,,none,171
tricolore-1-5th-edition,guitare,une,,noun,,hobby,171
tricolore-1-5th-edition,gymnastique,la,,noun,,hobby,171
tricolore-1-5th-edition,gâteau (pl des gâteaux),un,des gâteaux,noun,,food,171
tricolore-1-5th-edition,géant,un,,noun,,none,171
tricolore-1-5th-edition,génial,,,adjective,,none,171
tricolore-1-5th-edition,génie,une,,noun,,none,171
tricolore-1-5th-edition,généralement,,,adverb,,none,171
tricolore-1-5th-edition,géographie,la,,noun,,school,171
tricolore-1-5th-edition,habitant,un,,noun,,none,171
tricolore-1-5th-edition,habiter,,,verb,,home,171
tricolore-1-5th-edition,habitude,d',,phrase,,daily-routine,171
tricolore-1-5th-edition,hamster,un,,noun,,none,171
tricolore-1-5th-edition,haricots verts (m pl),les,,noun,,food,171
tricolore-1-5th-edition,haute technologie,la,,noun,,none,171
tricolore-1-5th-edition,heure,une,,noun,,time-dates,171
tricolore-1-5th-edition,histoire,une,,noun,,school,171
tricolore-1-5th-edition,histoire (f),l',,noun,,school,171
tricolore-1-5th-edition,historique,,,adjective,,school,171
tricolore-1-5th-edition,hiver (m),l',,noun,,weather,171
tricolore-1-5th-edition,hockey,le,,noun,,hobby,171
tricolore-1-5th-edition,homme,un,,noun,,none,171
tricolore-1-5th-edition,horaire,un,,noun,,travel,171
tricolore-1-5th-edition,horaire d'ouverture,,,noun,,shopping,171
tricolore-1-5th-edition,horizontalement,,,adverb,,school,171
tricolore-1-5th-edition,horloge,une,,noun,,time-dates,171
tricolore-1-5th-edition,hors-d'œuvre,un,,noun,,restaurant,171
tricolore-1-5th-edition,huile (f),l',,noun,,food,171
tricolore-1-5th-edition,huit,,,other,,none,171
tricolore-1-5th-edition,hâche,une,,noun,,none,171
tricolore-1-5th-edition,hélas!,,,phrase,,none,171
tricolore-1-5th-edition,hérisson,un,,noun,,none,171
tricolore-1-5th-edition,hôpital,un,,noun,,health,171
tricolore-1-5th-edition,hôtel,un,,noun,,travel,171
tricolore-1-5th-edition,hôtel de ville,un,,noun,,city-places,171
tricolore-1-5th-edition,ici,,,adverb,,none,171
tricolore-1-5th-edition,idéal(e),,,adjective,,none,171
tricolore-1-5th-edition,idée,une,,noun,,none,171
tricolore-1-5th-edition,il,,,other,,none,171
tricolore-1-5th-edition,il fait beau,,,phrase,,weather,171
tricolore-1-5th-edition,il fait chaud,,,phrase,,weather,171
tricolore-1-5th-edition,il fait froid,,,phrase,,weather,171
tricolore-1-5th-edition,il fait mauvais,,,phrase,,weather,171
tricolore-1-5th-edition,il y a,,,phrase,,none,171
tricolore-1-5th-edition,illustré,,,adjective,,school,171
tricolore-1-5th-edition,ils,,,other,,none,171
tricolore-1-5th-edition,images,en,,phrase,,school,171
tricolore-1-5th-edition,imper,,,noun,,shopping,171
tricolore-1-5th-edition,imperméable,un,,noun,,shopping,171
tricolore-1-5th-edition,impoli,,,adjective,,none,171
tricolore-1-5th-edition,important,,,adjective,,none,171
tricolore-1-5th-edition,impressionnant,,,adjective,,none,171
tricolore-1-5th-edition,incroyable,,,adjective,,none,171
tricolore-1-5th-edition,Inde (f),l',,noun,,travel,171
tricolore-1-5th-edition,indice,une,,noun,,school,171
tricolore-1-5th-edition,informatique (f),l',,noun,,school,171
tricolore-1-5th-edition,ingrédients (m pl),les,,noun,,food,171
tricolore-1-5th-edition,inquiet (f inquiète),,,adjective,,none,171
tricolore-1-5th-edition,instrument (de musique),un,,noun,,hobby,171
tricolore-1-5th-edition,interview,une,,noun,,communication,171
tricolore-1-5th-edition,intéressant,,,adjective,,none,171
tricolore-1-5th-edition,Irlande (f) (du Nord),l',,noun,,travel,171
tricolore-1-5th-edition,Italie (f),l',,noun,,travel,171
tricolore-1-5th-edition,jambe,la,,noun,,health,171
tricolore-1-5th-edition,jambon,le,,noun,,food,171
tricolore-1-5th-edition,janvier,,,noun,,time-dates,171
tricolore-1-5th-edition,Japon,le,,noun,,travel,171
tricolore-1-5th-edition,jardin,un,,noun,,home,171
tricolore-1-5th-edition,jaune,,,adjective,,none,171
tricolore-1-5th-edition,jaune d'œuf,le,,noun,,food,171
tricolore-1-5th-edition,je,,,other,,none,171
tricolore-1-5th-edition,jean,un,,noun,,shopping,171
tricolore-1-5th-edition,jeu (pl jeux),un,jeux,noun,,hobby,171
tricolore-1-5th-edition,jeudi,(le),,noun,,time-dates,171
tricolore-1-5th-edition,jeune,,,adjective,,none,171
tricolore-1-5th-edition,jogging,un,,noun,,shopping,171
tricolore-1-5th-edition,joli,,,adjective,,none,171
tricolore-1-5th-edition,jouer,,,verb,,hobby,171
tricolore-1-5th-edition,jouet,un,,noun,,hobby,171
tricolore-1-5th-edition,joueur,un,,noun,,hobby,171
tricolore-1-5th-edition,jour,un,,noun,,time-dates,171
tricolore-1-5th-edition,jour de l'An,le,,noun,,time-dates,171
tricolore-1-5th-edition,juillet,,,noun,,time-dates,171
tricolore-1-5th-edition,juin,,,noun,,time-dates,171
tricolore-1-5th-edition,jumeaux (f des jumelles),des,,noun,,family,171
tricolore-1-5th-edition,jupe,une,,noun,,shopping,171
tricolore-1-5th-edition,jus de fruit,un,,noun,,food,171
tricolore-1-5th-edition,jus de viande,le,,noun,,food,171
tricolore-1-5th-edition,jusqu'à,,,preposition,,none,171
tricolore-1-5th-edition,juste,,,adjective,,none,171
tricolore-1-5th-edition,kilo,un,,noun,,shopping,171
tricolore-1-5th-edition,kilomètre,un,,noun,,travel,171
tricolore-1-5th-edition,la galette des Rois,,,noun,,food,171
tricolore-1-5th-edition,laboratoire,un,,noun,,school,171
tricolore-1-5th-edition,lac,un,,noun,,travel,171
tricolore-1-5th-edition,laisser,,,verb,,none,171
tricolore-1-5th-edition,lait,le,,noun,,food,171
tricolore-1-5th-edition,langue,une,,noun,,school,171
tricolore-1-5th-edition,lapin,un,,noun,,none,171
tricolore-1-5th-edition,laver,,,verb,,daily-routine,171
tricolore-1-5th-edition,"le (f la, pl les)",,,other,,none,171
tricolore-1-5th-edition,lecteur CD / MP3,un,,noun,,hobby,171
tricolore-1-5th-edition,lecture,la,,noun,,hobby,171
tricolore-1-5th-edition,lentement,,,adverb,,none,171
tricolore-1-5th-edition,les cheveux frisés,,,noun,,personal-info,171
tricolore-1-5th-edition,lettre,une,,noun,,communication,171
tricolore-1-5th-edition,leur (pl leurs),,,other,,none,171
tricolore-1-5th-edition,là,,,adverb,,none,171
tricolore-1-5th-edition,là-bas,,,adverb,,none,171
tricolore-1-5th-edition,lève,je me,,verb,,daily-routine,171
tricolore-1-5th-edition,lève,il se,,verb,,daily-routine,171
tricolore-1-5th-edition,légende,une,,noun,,school,171
tricolore-1-5th-edition,légume,un,,noun,,food,171
tricolore-1-5th-edition,quelle heure est-il?,,,phrase,,time-dates,171
tricolore-1-5th-edition,trois fois,,,phrase,,time-dates,171
tricolore-1-5th-edition,un demi-kilo,,,noun,,shopping,171
tricolore-1-5th-edition,un jeu de société,,,noun,,hobby,171
tricolore-1-5th-edition,un jeu vidéo,,,noun,,hobby,171
tricolore-1-5th-edition,un quart d'heure,,,noun,,time-dates,171
tricolore-1-5th-edition,une demi-heure,,,noun,,time-dates,171
tricolore-1-5th-edition,une fois par mois,,,phrase,,time-dates,171
tricolore-1-5th-edition,une journée (typique),une,,noun,,daily-routine,171
tricolore-1-5th-edition,à (trois) heures,,,phrase,,time-dates,171
tricolore-1-5th-edition,étoile,une,,noun,,none,171
tricolore-1-5th-edition,étranger,,,adjective,,travel,171
tricolore-1-5th-edition,événement,un,,noun,,none,171
tricolore-1-5th-edition,être,,,verb,,none,171
tricolore-1-5th-edition,île,une,,noun,,travel,171
tricolore-1-5th-edition,au bord de la mer,,,phrase,,vacation,172
tricolore-1-5th-edition,des œufs au bacon,,,phrase,,food,172
tricolore-1-5th-edition,en moto,,,phrase,,travel,172
tricolore-1-5th-edition,il a lieu,,,phrase,,none,172
tricolore-1-5th-edition,il fait mauvais,,,phrase,,weather,172
tricolore-1-5th-edition,j'en ai assez mangé,,,phrase,,food,172
tricolore-1-5th-edition,Joyeux Noël,,,phrase,,time-dates,172
tricolore-1-5th-edition,Joyeux Pâques,,,phrase,,time-dates,172
tricolore-1-5th-edition,le mot qui manque,,,phrase,,school,172
tricolore-1-5th-edition,le Père Noël,,,noun,,time-dates,172
tricolore-1-5th-edition,les méchantes sœurs,,,noun,,none,172
tricolore-1-5th-edition,lever,,,verb,,daily-routine,172
tricolore-1-5th-edition,levez-vous!,,,verb,,daily-routine,172
tricolore-1-5th-edition,libre,,,adjective,,none,172
tricolore-1-5th-edition,libre-service,,,noun,,shopping,172
tricolore-1-5th-edition,lieu,un,,noun,,city-places,172
tricolore-1-5th-edition,limonade,la,,noun,,food,172
tricolore-1-5th-edition,lire,,,verb,,hobby,172
tricolore-1-5th-edition,liseuse,une,,noun,,hobby,172
tricolore-1-5th-edition,liste,une,,noun,,none,172
tricolore-1-5th-edition,lit,un,,noun,,home,172
tricolore-1-5th-edition,livre,un,,noun,,school,172
tricolore-1-5th-edition,logement,le,,noun,,home,172
tricolore-1-5th-edition,loin,,,adverb,,none,172
tricolore-1-5th-edition,loisirs (m pl),les,m pl,noun,,hobby,172
tricolore-1-5th-edition,Londres,,,noun,,travel,172
tricolore-1-5th-edition,long (f longue),,,adjective,,none,172
tricolore-1-5th-edition,lui,,,other,,none,172
tricolore-1-5th-edition,lumière,une,,noun,,home,172
tricolore-1-5th-edition,lundi,(le),,noun,,time-dates,172
tricolore-1-5th-edition,lunettes (f pl),les,f pl,noun,,shopping,172
tricolore-1-5th-edition,lycée,un,,noun,,school,172
tricolore-1-5th-edition,lève-toi!,,,verb,,daily-routine,172
tricolore-1-5th-edition,ma,,,adjective,,none,172
tricolore-1-5th-edition,machine (à laver),une,,noun,,home,172
tricolore-1-5th-edition,madame (Mme) (pl mesdames),,pl mesdames,noun,,personal-info,172
tricolore-1-5th-edition,mademoiselle (pl mesdemoiselles),,pl mesdemoiselles,noun,,personal-info,172
tricolore-1-5th-edition,magasin,un,,noun,,shopping,172
tricolore-1-5th-edition,magnifique,,,adjective,,none,172
tricolore-1-5th-edition,mai,,,noun,,time-dates,172
tricolore-1-5th-edition,maillot de bain,un,,noun,,vacation,172
tricolore-1-5th-edition,main,une,,noun,,health,172
tricolore-1-5th-edition,maintenant,,,adverb,,none,172
tricolore-1-5th-edition,mais,,,other,,none,172
tricolore-1-5th-edition,maison,une,,noun,,home,172
tricolore-1-5th-edition,mal,,,adverb,,none,172
tricolore-1-5th-edition,maladie,une,,noun,,health,172
tricolore-1-5th-edition,malheureusement,,,adverb,,none,172
tricolore-1-5th-edition,maman,,,noun,,family,172
tricolore-1-5th-edition,Mamie,,,noun,,family,172
tricolore-1-5th-edition,Manche,la,,noun,,travel,172
tricolore-1-5th-edition,manettes (f pl),les,f pl,noun,,hobby,172
tricolore-1-5th-edition,manger,,,verb,,food,172
tricolore-1-5th-edition,manquer,,,verb,,none,172
tricolore-1-5th-edition,manteau,un,,noun,,shopping,172
tricolore-1-5th-edition,manège,un,,noun,,vacation,172
tricolore-1-5th-edition,maquette,une,,noun,,hobby,172
tricolore-1-5th-edition,marche,une,,noun,,none,172
tricolore-1-5th-edition,marcher,,,verb,,none,172
tricolore-1-5th-edition,marché,un,,noun,,shopping,172
tricolore-1-5th-edition,marché aux fleurs,le,,noun,,shopping,172
tricolore-1-5th-edition,marché aux poissons,le,,noun,,shopping,172
tricolore-1-5th-edition,mardi,(le),,noun,,time-dates,172
tricolore-1-5th-edition,mardi gras,,,noun,,time-dates,172
tricolore-1-5th-edition,marin,un,,noun,,profession,172
tricolore-1-5th-edition,marron (doesn't change form),,,adjective,,none,172
tricolore-1-5th-edition,mars,,,noun,,time-dates,172
tricolore-1-5th-edition,match,un,,noun,,hobby,172
tricolore-1-5th-edition,maths (f pl les mathématiques),les,f pl,noun,,school,172
tricolore-1-5th-edition,matin,le,,noun,,time-dates,172
tricolore-1-5th-edition,matinée,une,,noun,,time-dates,172
tricolore-1-5th-edition,matière,une,,noun,,school,172
tricolore-1-5th-edition,matériel,le,,noun,,school,172
tricolore-1-5th-edition,mauvais,,,adjective,,none,172
tricolore-1-5th-edition,meilleur,,,adjective,,none,172
tricolore-1-5th-edition,meilleur(e)s ami(e)s,mes,,noun,,family,172
tricolore-1-5th-edition,melon,un,,noun,,food,172
tricolore-1-5th-edition,menu du jour,le,,noun,,restaurant,172
tricolore-1-5th-edition,mer,la,,noun,,vacation,172
tricolore-1-5th-edition,merci (beaucoup),,,other,,communication,172
tricolore-1-5th-edition,mercredi,(le),,noun,,time-dates,172
tricolore-1-5th-edition,mes,,,adjective,,none,172
tricolore-1-5th-edition,message électronique,un,,noun,,communication,172
tricolore-1-5th-edition,mettre,,,verb,,none,172
tricolore-1-5th-edition,meuble,un,,noun,,home,172
tricolore-1-5th-edition,mi-temps,la,,noun,,hobby,172
tricolore-1-5th-edition,midi,,,noun,,time-dates,172
tricolore-1-5th-edition,miel,le,,noun,,food,172
tricolore-1-5th-edition,mignon,,,adjective,,none,172
tricolore-1-5th-edition,milieu,le,,noun,,none,172
tricolore-1-5th-edition,minuit,,,noun,,time-dates,172
tricolore-1-5th-edition,minute,une,,noun,,time-dates,172
tricolore-1-5th-edition,moche,,,adjective,,none,172
tricolore-1-5th-edition,mode,la,,noun,,shopping,172
tricolore-1-5th-edition,modèle réduit,un,,noun,,hobby,172
tricolore-1-5th-edition,moi,,,other,,none,172
tricolore-1-5th-edition,moins,,,other,,none,172
tricolore-1-5th-edition,mois,un,,noun,,time-dates,172
tricolore-1-5th-edition,mois de ...,,,phrase,,time-dates,172
tricolore-1-5th-edition,"moment, pour le moment",,,phrase,,time-dates,172
tricolore-1-5th-edition,mon,,,adjective,,none,172
tricolore-1-5th-edition,monde,le,,noun,,none,172
tricolore-1-5th-edition,monnaie,la,,noun,,shopping,172
tricolore-1-5th-edition,monsieur,un,,noun,,personal-info,172
tricolore-1-5th-edition,Monsieur (M.) (pl messieurs),,pl messieurs,noun,,personal-info,172
tricolore-1-5th-edition,montagne,une,,noun,,vacation,172
tricolore-1-5th-edition,monter,,,verb,,none,172
tricolore-1-5th-edition,montre,une,,noun,,shopping,172
tricolore-1-5th-edition,montre,,,verb,,none,172
tricolore-1-5th-edition,morceau,un,,noun,,food,172
tricolore-1-5th-edition,mosquée,une,,noun,,city-places,172
tricolore-1-5th-edition,mot,un,,noun,,school,172
tricolore-1-5th-edition,mots croisés (m pl),les,m pl,noun,,hobby,172
tricolore-1-5th-edition,mots mêlés (m pl),(des),m pl,noun,,hobby,172
tricolore-1-5th-edition,moutarde,la,,noun,,food,172
tricolore-1-5th-edition,moyen,,,adjective,,none,172
tricolore-1-5th-edition,mur,,,phrase,,home,172
tricolore-1-5th-edition,musicien(ne),un(e),,noun,,profession,172
tricolore-1-5th-edition,musique,la,,noun,,hobby,172
tricolore-1-5th-edition,musulman(e),,,adjective,,none,172
tricolore-1-5th-edition,musée,un,,noun,,city-places,172
tricolore-1-5th-edition,mère,une,,noun,,family,172
tricolore-1-5th-edition,mécanique,,,adjective,,none,172
tricolore-1-5th-edition,méchant,,,adjective,,none,172
tricolore-1-5th-edition,mélanger,,,verb,,food,172
tricolore-1-5th-edition,même,,,other,,none,172
tricolore-1-5th-edition,n' ... pas,,,other,,none,172
tricolore-1-5th-edition,n'est-ce pas?,,,phrase,,none,172
tricolore-1-5th-edition,nager,,,verb,,hobby,172
tricolore-1-5th-edition,natation,la,,noun,,hobby,172
tricolore-1-5th-edition,naturellement,,,adverb,,none,172
tricolore-1-5th-edition,navire,un,,noun,,travel,172
tricolore-1-5th-edition,ne ... pas,,,other,,none,172
tricolore-1-5th-edition,neige,,,verb,,weather,172
tricolore-1-5th-edition,neuf,,,other,,none,172
tricolore-1-5th-edition,niveau,un,,noun,,school,172
tricolore-1-5th-edition,nièce,une,,noun,,family,172
tricolore-1-5th-edition,noir,,,adjective,,none,172
tricolore-1-5th-edition,noisettes,,,phrase,,food,172
tricolore-1-5th-edition,nom,un,,noun,,personal-info,172
tricolore-1-5th-edition,nombre,un,,noun,,none,172
tricolore-1-5th-edition,non,,,other,,none,172
tricolore-1-5th-edition,nord,le,,noun,,travel,172
tricolore-1-5th-edition,normalement,,,adverb,,none,172
tricolore-1-5th-edition,notre (pl nos),,pl nos,adjective,,none,172
tricolore-1-5th-edition,nourriture,la,,noun,,food,172
tricolore-1-5th-edition,nous,,,other,,none,172
tricolore-1-5th-edition,nouveau (f nouvelle),,,adjective,,none,172
tricolore-1-5th-edition,nouvel (before masc. noun beginning with a vowel),,,adjective,,none,172
tricolore-1-5th-edition,novembre,,,noun,,time-dates,172
tricolore-1-5th-edition,Noël,,,noun,,time-dates,172
tricolore-1-5th-edition,nuit,la,,noun,,time-dates,172
tricolore-1-5th-edition,nul,,,adjective,,none,172
tricolore-1-5th-edition,numéro,un,,noun,,none,172
tricolore-1-5th-edition,octobre,,,noun,,time-dates,172
tricolore-1-5th-edition,offert,,,verb,,none,172
tricolore-1-5th-edition,office de tourisme,un,,noun,,travel,172
tricolore-1-5th-edition,offre d'emploi,une,,noun,,profession,172
tricolore-1-5th-edition,oignon,un,,noun,,food,172
tricolore-1-5th-edition,oiseau (pl oiseaux),un,pl oiseaux,noun,,none,172
tricolore-1-5th-edition,omelette,une,,noun,,food,172
tricolore-1-5th-edition,on,,,other,,none,172
tricolore-1-5th-edition,on y va?,,,phrase,,none,172
tricolore-1-5th-edition,oncle,un,,noun,,family,172
tricolore-1-5th-edition,ont,,,verb,,none,172
tricolore-1-5th-edition,onze,,,other,,none,172
tricolore-1-5th-edition,orage,un,,noun,,weather,172
tricolore-1-5th-edition,orange,une,,noun,,food,172
tricolore-1-5th-edition,orangeade,une,,noun,,food,172
tricolore-1-5th-edition,ordinateur,un,,noun,,communication,172
tricolore-1-5th-edition,ordinateur portable,un,,noun,,communication,172
tricolore-1-5th-edition,organiser,,,verb,,none,172
tricolore-1-5th-edition,ou,,,other,,none,172
tricolore-1-5th-edition,oublier,,,verb,,none,172
tricolore-1-5th-edition,ouest (m),l',,noun,,travel,172
tricolore-1-5th-edition,oui,,,other,,none,172
tricolore-1-5th-edition,ours,un,,noun,,none,172
tricolore-1-5th-edition,ouvert,,,adjective,,none,172
tricolore-1-5th-edition,ouvre,,,verb,,none,172
tricolore-1-5th-edition,ouvrent,,,verb,,none,172
tricolore-1-5th-edition,ouvrez,,,verb,,none,172
tricolore-1-5th-edition,ouvrons,,,verb,,none,172
tricolore-1-5th-edition,où,,,adverb,,none,172
tricolore-1-5th-edition,pain,le,,noun,,food,172
tricolore-1-5th-edition,paire de ...,une,,noun,,shopping,172
tricolore-1-5th-edition,panier,un,,noun,,shopping,172
tricolore-1-5th-edition,pantalon,un,,noun,,shopping,172
tricolore-1-5th-edition,papa,,,noun,,family,172
tricolore-1-5th-edition,paquet,un,,noun,,shopping,172
tricolore-1-5th-edition,par,,,preposition,,none,172
tricolore-1-5th-edition,parapluie,un,,noun,,shopping,172
tricolore-1-5th-edition,parasol,un,,noun,,vacation,172
tricolore-1-5th-edition,paravent,un,,noun,,vacation,172
tricolore-1-5th-edition,parc,un,,noun,,city-places,172
tricolore-1-5th-edition,parc d'attractions,un,,noun,,vacation,172
tricolore-1-5th-edition,parce que,,,other,,none,172
tricolore-1-5th-edition,pardon,,,other,,communication,172
tricolore-1-5th-edition,pare-brise,un,,noun,,travel,172
tricolore-1-5th-edition,pare-choc,un,,noun,,travel,172
tricolore-1-5th-edition,parents (m pl),les,m pl,noun,,family,172
tricolore-1-5th-edition,paresseux,,,adjective,,none,172
tricolore-1-5th-edition,parfum,un,,noun,,food,172
tricolore-1-5th-edition,parking,un,,noun,,city-places,172
tricolore-1-5th-edition,parler,,,verb,,communication,172
tricolore-1-5th-edition,paroles (f pl),les,f pl,noun,,communication,172
tricolore-1-5th-edition,part,,,verb,,travel,172
tricolore-1-5th-edition,partager,,,verb,,none,172
tricolore-1-5th-edition,partie,une,,noun,,none,172
tricolore-1-5th-edition,partir de ... heures,,,phrase,,time-dates,172
tricolore-1-5th-edition,partout,,,adverb,,none,172
tricolore-1-5th-edition,pas,un,,noun,,none,172
tricolore-1-5th-edition,pas,,,other,,none,172
tricolore-1-5th-edition,pas beaucoup,,,phrase,,none,172
tricolore-1-5th-edition,pas ici,,,phrase,,none,172
tricolore-1-5th-edition,pas mal,,,phrase,,none,172
tricolore-1-5th-edition,passe-temps,un,,noun,,hobby,172
tricolore-1-5th-edition,passeport,un,,noun,,travel,172
tricolore-1-5th-edition,passer,,,verb,,none,172
tricolore-1-5th-edition,passez un tour,,,phrase,,hobby,172
tricolore-1-5th-edition,passionné de,,,phrase,,hobby,172
tricolore-1-5th-edition,passé,,,phrase,,time-dates,172
tricolore-1-5th-edition,patin à roulettes,le,,noun,,hobby,172
tricolore-1-5th-edition,patinoire,une,,noun,,city-places,172
tricolore-1-5th-edition,pauvre,,,adjective,,none,172
tricolore-1-5th-edition,payer,,,verb,,shopping,172
tricolore-1-5th-edition,pays,un,,noun,,travel,172
tricolore-1-5th-edition,pays de Galles,le,,noun,,travel,172
tricolore-1-5th-edition,peinture,la,,noun,,hobby,172
tricolore-1-5th-edition,pendant,,,preposition,,none,172
tricolore-1-5th-edition,pense à quelque chose,,,phrase,,none,172
tricolore-1-5th-edition,perdent,,,verb,,hobby,172
tricolore-1-5th-edition,perdre,,,verb,,none,172
tricolore-1-5th-edition,perdu,,,adjective,,none,172
tricolore-1-5th-edition,perroquet,un,,noun,,none,172
tricolore-1-5th-edition,Pâques,,,noun,,time-dates,172
tricolore-1-5th-edition,pâté,le,,noun,,food,172
tricolore-1-5th-edition,père,un,,noun,,family,172
tricolore-1-5th-edition,pêche,une,,noun,,food,172
tricolore-1-5th-edition,pêche,la,,noun,,hobby,172
tricolore-1-5th-edition,un pain au chocolat,,,noun,,food,172
tricolore-1-5th-edition,à la maison,,,phrase,,home,172
tricolore-1-5th-edition,à la mode,,,phrase,,shopping,172
tricolore-1-5th-edition,à la montagne,,,phrase,,vacation,172
tricolore-1-5th-edition,œuf,un,,noun,,food,172
tricolore-1-5th-edition,œuf à la coque,un,,noun,,food,172
tricolore-1-5th-edition,au printemps,,,phrase,,time-dates,173
tricolore-1-5th-edition,de quelle couleur est-il?,,,phrase,,none,173
tricolore-1-5th-edition,j'ai les cheveux raides,,,phrase,,none,173
tricolore-1-5th-edition,j'ai les cheveux roux,,,phrase,,none,173
tricolore-1-5th-edition,la place principale,,,noun,,city-places,173
tricolore-1-5th-edition,mercredi prochain,,,phrase,,time-dates,173
tricolore-1-5th-edition,perruche,une,,noun,,none,173
tricolore-1-5th-edition,personnage,un,,noun,,none,173
tricolore-1-5th-edition,petit,,,adjective,,none,173
tricolore-1-5th-edition,petit déjeuner,le,,noun,,food,173
tricolore-1-5th-edition,petit-enfant,un,,noun,,family,173
tricolore-1-5th-edition,petits pois (m pl),les,m pl,noun,,food,173
tricolore-1-5th-edition,peu,,,other,,none,173
tricolore-1-5th-edition,peu à peu,,,phrase,,none,173
tricolore-1-5th-edition,peuple,le,,noun,,none,173
tricolore-1-5th-edition,peut,,,verb,,none,173
tricolore-1-5th-edition,peut-être,,,adverb,,none,173
tricolore-1-5th-edition,peux ... ?,,,phrase,,none,173
tricolore-1-5th-edition,"peux, est-ce que je peux ... ?",,,phrase,,none,173
tricolore-1-5th-edition,photo,une,,noun,,hobby,173
tricolore-1-5th-edition,photographie,la,,noun,,hobby,173
tricolore-1-5th-edition,phrase,une,,noun,,school,173
tricolore-1-5th-edition,piano,un,,noun,,hobby,173
tricolore-1-5th-edition,pied,,,phrase,,none,173
tricolore-1-5th-edition,ping-pong,le,,noun,,hobby,173
tricolore-1-5th-edition,pique-nique,un,,noun,,food,173
tricolore-1-5th-edition,piscine,une,,noun,,city-places,173
tricolore-1-5th-edition,pittoresque,,,adjective,,none,173
tricolore-1-5th-edition,pizza,une,,noun,,food,173
tricolore-1-5th-edition,pièce,une,,noun,,home,173
tricolore-1-5th-edition,piéton,un,,noun,,city-places,173
tricolore-1-5th-edition,place,une,,noun,,city-places,173
tricolore-1-5th-edition,place,,,phrase,,none,173
tricolore-1-5th-edition,plage,une,,noun,,vacation,173
tricolore-1-5th-edition,plan de la ville,un,,noun,,city-places,173
tricolore-1-5th-edition,planche à voile,la,,noun,,hobby,173
tricolore-1-5th-edition,plancher,le,,noun,,home,173
tricolore-1-5th-edition,plante,une,,noun,,home,173
tricolore-1-5th-edition,planète,la,,noun,,none,173
tricolore-1-5th-edition,plat,un,,noun,,food,173
tricolore-1-5th-edition,plat principal,le,,noun,,restaurant,173
tricolore-1-5th-edition,plats d'un repas,les,,noun,,restaurant,173
tricolore-1-5th-edition,plein air,,,phrase,,vacation,173
tricolore-1-5th-edition,pleut,,,verb,,weather,173
tricolore-1-5th-edition,pluie,la,,noun,,weather,173
tricolore-1-5th-edition,plupart,la,,noun,,none,173
tricolore-1-5th-edition,plus,,,phrase,,none,173
tricolore-1-5th-edition,plus tard,,,adverb,,time-dates,173
tricolore-1-5th-edition,poche,une,,noun,,shopping,173
tricolore-1-5th-edition,point,un,,noun,,none,173
tricolore-1-5th-edition,poire,une,,noun,,food,173
tricolore-1-5th-edition,poisson,un,,noun,,food,173
tricolore-1-5th-edition,poisson d'avril,,,noun,,time-dates,173
tricolore-1-5th-edition,poivre,le,,noun,,food,173
tricolore-1-5th-edition,police,la,,noun,,city-places,173
tricolore-1-5th-edition,poliment,,,adverb,,none,173
tricolore-1-5th-edition,pomme,une,,noun,,food,173
tricolore-1-5th-edition,pomme de terre,une,,noun,,food,173
tricolore-1-5th-edition,pont,un,,noun,,city-places,173
tricolore-1-5th-edition,porc,le,,noun,,food,173
tricolore-1-5th-edition,port,un,,noun,,travel,173
tricolore-1-5th-edition,portable,un,,noun,,communication,173
tricolore-1-5th-edition,porte,une,,noun,,home,173
tricolore-1-5th-edition,porter,,,verb,,shopping,173
tricolore-1-5th-edition,portion de,une,,noun,,food,173
tricolore-1-5th-edition,poser une question,,,phrase,,school,173
tricolore-1-5th-edition,poste,la,,noun,,city-places,173
tricolore-1-5th-edition,poste de police,le,,noun,,city-places,173
tricolore-1-5th-edition,potage,le,,noun,,food,173
tricolore-1-5th-edition,potage aux légumes,le,,noun,,food,173
tricolore-1-5th-edition,poubelle,une,,noun,,home,173
tricolore-1-5th-edition,poule,une,,noun,,none,173
tricolore-1-5th-edition,poulet,le,,noun,,food,173
tricolore-1-5th-edition,pour,,,preposition,,none,173
tricolore-1-5th-edition,pourquoi?,,,other,,none,173
tricolore-1-5th-edition,premier (f première),,,adjective,,none,173
tricolore-1-5th-edition,prendre,,,verb,,none,173
tricolore-1-5th-edition,presque,,,adverb,,none,173
tricolore-1-5th-edition,principale,,,adjective,,none,173
tricolore-1-5th-edition,printemps,le,,noun,,time-dates,173
tricolore-1-5th-edition,prix,le,,noun,,shopping,173
tricolore-1-5th-edition,prochain,,,adjective,,none,173
tricolore-1-5th-edition,professeur (prof),un,,noun,,profession,173
tricolore-1-5th-edition,profiter de,,,verb,,none,173
tricolore-1-5th-edition,projet,un,,noun,,none,173
tricolore-1-5th-edition,promenade,une,,noun,,vacation,173
tricolore-1-5th-edition,prononcer,,,verb,,school,173
tricolore-1-5th-edition,protéger,,,verb,,none,173
tricolore-1-5th-edition,provisions (f pl),des,f pl,noun,,shopping,173
tricolore-1-5th-edition,près de,,,preposition,,none,173
tricolore-1-5th-edition,préférer,,,verb,,none,173
tricolore-1-5th-edition,préféré,,,adjective,,none,173
tricolore-1-5th-edition,prénom,un,,noun,,personal-info,173
tricolore-1-5th-edition,préparer,,,verb,,food,173
tricolore-1-5th-edition,présent,,,phrase,,time-dates,173
tricolore-1-5th-edition,prêt,,,adjective,,none,173
tricolore-1-5th-edition,puis,,,adverb,,none,173
tricolore-1-5th-edition,pull,un,,noun,,shopping,173
tricolore-1-5th-edition,puni,,,adjective,,none,173
tricolore-1-5th-edition,punir,,,verb,,none,173
tricolore-1-5th-edition,puzzle,un,,noun,,hobby,173
tricolore-1-5th-edition,pyjama,un,,noun,,shopping,173
tricolore-1-5th-edition,qu'est-ce qu'il y a?,,,phrase,,none,173
tricolore-1-5th-edition,qu'est-ce que c'est?,,,phrase,,none,173
tricolore-1-5th-edition,qu'est-ce que tu fais?,,,phrase,,none,173
tricolore-1-5th-edition,qu'est-ce que tu veux/vous voulez?,,,phrase,,none,173
tricolore-1-5th-edition,qu'est-ce que ça veut dire?,,,phrase,,communication,173
tricolore-1-5th-edition,quand,,,adverb,,none,173
tricolore-1-5th-edition,quand même,,,phrase,,none,173
tricolore-1-5th-edition,quarante,,,other,,none,173
tricolore-1-5th-edition,quartier,un,,noun,,city-places,173
tricolore-1-5th-edition,quatorze,,,other,,none,173
tricolore-1-5th-edition,quatre,,,other,,none,173
tricolore-1-5th-edition,que ... ?,,,other,,none,173
tricolore-1-5th-edition,"quel (quelle, quels, quelles)",,,other,,none,173
tricolore-1-5th-edition,quel désordre!,,,phrase,,none,173
tricolore-1-5th-edition,quel parfum?,,,phrase,,food,173
tricolore-1-5th-edition,quel temps fait-il?,,,phrase,,weather,173
tricolore-1-5th-edition,quel temps!,,,phrase,,weather,173
tricolore-1-5th-edition,quel âge as-tu?,,,phrase,,personal-info,173
tricolore-1-5th-edition,quelle est la date aujourd'hui?,,,phrase,,time-dates,173
tricolore-1-5th-edition,quelle heure est-il?,,,phrase,,time-dates,173
tricolore-1-5th-edition,quelle journée!,,,phrase,,none,173
tricolore-1-5th-edition,quelque chose,,,other,,none,173
tricolore-1-5th-edition,quelquefois,,,adverb,,none,173
tricolore-1-5th-edition,quelques jours,,,phrase,,time-dates,173
tricolore-1-5th-edition,queue,la,,noun,,none,173
tricolore-1-5th-edition,qui,,,other,,none,173
tricolore-1-5th-edition,qui est-ce?,,,phrase,,personal-info,173
tricolore-1-5th-edition,quinze,,,other,,none,173
tricolore-1-5th-edition,quinze jours,,,noun,,time-dates,173
tricolore-1-5th-edition,quitter,,,verb,,none,173
tricolore-1-5th-edition,quoi!,,,other,,none,173
tricolore-1-5th-edition,raconter,,,verb,,communication,173
tricolore-1-5th-edition,radio,une,,noun,,communication,173
tricolore-1-5th-edition,raide,,,adjective,,none,173
tricolore-1-5th-edition,raisin,un,,noun,,food,173
tricolore-1-5th-edition,rang,un,,noun,,school,173
tricolore-1-5th-edition,ranger des affaires,,,phrase,,home,173
tricolore-1-5th-edition,rappel,un,,noun,,none,173
tricolore-1-5th-edition,raquette de tennis,une,,noun,,hobby,173
tricolore-1-5th-edition,recette,une,,noun,,food,173
tricolore-1-5th-edition,rechercher,,,verb,,school,173
tricolore-1-5th-edition,recherches (f pl),les,f pl,noun,,school,173
tricolore-1-5th-edition,reconnaître,,,verb,,none,173
tricolore-1-5th-edition,reculez,,,verb,,none,173
tricolore-1-5th-edition,regarder,,,verb,,hobby,173
tricolore-1-5th-edition,regrette,,,verb,,none,173
tricolore-1-5th-edition,remplacer,,,verb,,none,173
tricolore-1-5th-edition,remplir,,,verb,,school,173
tricolore-1-5th-edition,rencontrer,,,verb,,none,173
tricolore-1-5th-edition,rendez-vous,un,,noun,,none,173
tricolore-1-5th-edition,rentrer,,,verb,,daily-routine,173
tricolore-1-5th-edition,rentrée,la,,noun,,school,173
tricolore-1-5th-edition,repas,un,,noun,,food,173
tricolore-1-5th-edition,requin,un,,noun,,none,173
tricolore-1-5th-edition,restaurant,un,,noun,,restaurant,173
tricolore-1-5th-edition,rester (à la maison),,,verb,,daily-routine,173
tricolore-1-5th-edition,rester en forme,,,phrase,,health,173
tricolore-1-5th-edition,retard,,,phrase,,time-dates,173
tricolore-1-5th-edition,retourner,,,verb,,none,173
tricolore-1-5th-edition,retrouver,,,verb,,none,173
tricolore-1-5th-edition,revoir,,,phrase,,none,173
tricolore-1-5th-edition,reçu,un,,noun,,shopping,173
tricolore-1-5th-edition,reçu,,,verb,,none,173
tricolore-1-5th-edition,riche,,,adjective,,none,173
tricolore-1-5th-edition,rien,,,other,,none,173
tricolore-1-5th-edition,rien de spécial,,,phrase,,none,173
tricolore-1-5th-edition,rigolo,,,adjective,,none,173
tricolore-1-5th-edition,rire,,,verb,,none,173
tricolore-1-5th-edition,rit,,,verb,,none,173
tricolore-1-5th-edition,riz,le,,noun,,food,173
tricolore-1-5th-edition,robe,une,,noun,,shopping,173
tricolore-1-5th-edition,rocher,un,,noun,,none,173
tricolore-1-5th-edition,roi,un,,noun,,none,173
tricolore-1-5th-edition,roller,le,,noun,,hobby,173
tricolore-1-5th-edition,rond(e),,,adjective,,none,173
tricolore-1-5th-edition,rose,,,adjective,,none,173
tricolore-1-5th-edition,rouge,,,adjective,,none,173
tricolore-1-5th-edition,route,une,,noun,,travel,173
tricolore-1-5th-edition,roux,,,adjective,,none,173
tricolore-1-5th-edition,rue,une,,noun,,city-places,173
tricolore-1-5th-edition,rugby,le,,noun,,hobby,173
tricolore-1-5th-edition,râpé(e)(s),,,adjective,,food,173
tricolore-1-5th-edition,règle,une,,noun,,school,173
tricolore-1-5th-edition,récolte,une,,noun,,none,173
tricolore-1-5th-edition,récréation,la,,noun,,school,173
tricolore-1-5th-edition,répondre,,,verb,,school,173
tricolore-1-5th-edition,réponse,une,,noun,,school,173
tricolore-1-5th-edition,répéter,,,verb,,school,173
tricolore-1-5th-edition,résultats (m pl),les,m pl,noun,,school,173
tricolore-1-5th-edition,résumé,un,,noun,,school,173
tricolore-1-5th-edition,rôti,,,adjective,,food,173
tricolore-1-5th-edition,s'accrocher,,,verb,,none,173
tricolore-1-5th-edition,s'il te plaît/s'il vous plaît,,,phrase,,communication,173
tricolore-1-5th-edition,sa,,,adjective,,none,173
tricolore-1-5th-edition,sac,un,,noun,,shopping,173
tricolore-1-5th-edition,sage,,,adjective,,none,173
tricolore-1-5th-edition,sainement,,,adverb,,health,173
tricolore-1-5th-edition,Saint-Sylvestre,la,,noun,,time-dates,173
tricolore-1-5th-edition,sais pas,,,verb,,none,173
tricolore-1-5th-edition,saison,une,,noun,,time-dates,173
tricolore-1-5th-edition,salade (verte),une,,noun,,food,173
tricolore-1-5th-edition,salle de bains,une,,noun,,home,173
tricolore-1-5th-edition,salle de classe,une,,noun,,school,173
tricolore-1-5th-edition,salle de séjour,une,,noun,,home,173
tricolore-1-5th-edition,salle à manger,une,,noun,,home,173
tricolore-1-5th-edition,salon,un,,noun,,home,173
tricolore-1-5th-edition,salut!,,,other,,communication,173
tricolore-1-5th-edition,salutation,une,,noun,,communication,173
tricolore-1-5th-edition,samedi,(le),,noun,,time-dates,173
tricolore-1-5th-edition,sandales (f pl),les,f pl,noun,,shopping,173
tricolore-1-5th-edition,sandwich,un,,noun,,food,173
tricolore-1-5th-edition,sans,,,preposition,,none,173
tricolore-1-5th-edition,santé,la,,noun,,health,173
tricolore-1-5th-edition,sardine,une,,noun,,food,173
tricolore-1-5th-edition,saucisson,un,,noun,,food,173
tricolore-1-5th-edition,sauf,,,preposition,,none,173
tricolore-1-5th-edition,sauter,,,verb,,hobby,173
tricolore-1-5th-edition,savoir,,,verb,,none,173
tricolore-1-5th-edition,saxophone,un,,noun,,hobby,173
tricolore-1-5th-edition,sciences (f pl),les,f pl,noun,,school,173
tricolore-1-5th-edition,scolaire,,,adjective,,school,173
tricolore-1-5th-edition,se connecter,,,verb,,communication,173
tricolore-1-5th-edition,seize,,,other,,none,173
tricolore-1-5th-edition,sel,le,,noun,,food,173
tricolore-1-5th-edition,semaine,une,,noun,,time-dates,173
tricolore-1-5th-edition,sept,,,other,,none,173
tricolore-1-5th-edition,septembre,,,noun,,time-dates,173
tricolore-1-5th-edition,serpent,un,,noun,,none,173
tricolore-1-5th-edition,sers-toi!,,,verb,,food,173
tricolore-1-5th-edition,ses,,,adjective,,none,173
tricolore-1-5th-edition,seul,,,adjective,,none,173
tricolore-1-5th-edition,seulement,,,adverb,,none,173
tricolore-1-5th-edition,short,un,,noun,,shopping,173
tricolore-1-5th-edition,si,,,other,,none,173
tricolore-1-5th-edition,simple,,,adjective,,none,173
tricolore-1-5th-edition,sinon,,,other,,none,173
tricolore-1-5th-edition,situé,,,adjective,,none,173
tricolore-1-5th-edition,six,,,other,,none,173
tricolore-1-5th-edition,siècle,un,,noun,,time-dates,173
tricolore-1-5th-edition,skate,un,,noun,,hobby,173
tricolore-1-5th-edition,SVT (Sciences de la Vie et de la Terre),,,noun,,school,173
tricolore-1-5th-edition,séparer,,,verb,,none,173
tricolore-1-5th-edition,sévère,,,adjective,,none,173
tricolore-1-5th-edition,tout seul,,,phrase,,none,173
tricolore-1-5th-edition,un poisson rouge,,,noun,,none,173
tricolore-1-5th-edition,un sac à dos,,,noun,,travel,173
tricolore-1-5th-edition,une pomme d'amour,,,noun,,food,173
tricolore-1-5th-edition,avoir le temps,,,phrase,,time-dates,174
tricolore-1-5th-edition,c'est tout,,,phrase,,none,174
tricolore-1-5th-edition,du vin rouge/blanc,,,phrase,,food,174
tricolore-1-5th-edition,en tout,,,phrase,,none,174
tricolore-1-5th-edition,en ville,,,phrase,,city-places,174
tricolore-1-5th-edition,faire du théâtre,,,phrase,,hobby,174
tricolore-1-5th-edition,faire les valises,,,phrase,,travel,174
tricolore-1-5th-edition,il y a du soleil,,,phrase,,weather,174
tricolore-1-5th-edition,il y a du vent,,,phrase,,weather,174
tricolore-1-5th-edition,je veux bien,,,phrase,,none,174
tricolore-1-5th-edition,le tennis de table,,,noun,,hobby,174
tricolore-1-5th-edition,les grandes vacances (f pl),,f pl,noun,,vacation,174
tricolore-1-5th-edition,pas trop,,,phrase,,none,174
tricolore-1-5th-edition,quel temps fait-il?,,,phrase,,weather,174
tricolore-1-5th-edition,ski (nautique),le,,noun,,hobby,174
tricolore-1-5th-edition,snack,un,,noun,,food,174
tricolore-1-5th-edition,sofa,un,,noun,,home,174
tricolore-1-5th-edition,soir,le,,noun,,time-dates,174
tricolore-1-5th-edition,soixante,,,other,,none,174
tricolore-1-5th-edition,soixante-dix,,,other,,none,174
tricolore-1-5th-edition,soleil,le,,noun,,weather,174
tricolore-1-5th-edition,sommaire,un,,noun,,school,174
tricolore-1-5th-edition,sommes,,,verb,,none,174
tricolore-1-5th-edition,son,un,,noun,,none,174
tricolore-1-5th-edition,son,,,adjective,,none,174
tricolore-1-5th-edition,sondage,un,,noun,,school,174
tricolore-1-5th-edition,sonner,,,verb,,communication,174
tricolore-1-5th-edition,sont,,,verb,,none,174
tricolore-1-5th-edition,sort,,,verb,,none,174
tricolore-1-5th-edition,sortir,,,verb,,none,174
tricolore-1-5th-edition,soudain,,,adverb,,none,174
tricolore-1-5th-edition,souligner,,,verb,,school,174
tricolore-1-5th-edition,souligné,,,adjective,,school,174
tricolore-1-5th-edition,souper,le,,noun,,food,174
tricolore-1-5th-edition,souris,une,,noun,,communication,174
tricolore-1-5th-edition,sous,,,preposition,,none,174
tricolore-1-5th-edition,souvent,,,adverb,,none,174
tricolore-1-5th-edition,spectacle,un,,noun,,hobby,174
tricolore-1-5th-edition,sport,le,,noun,,hobby,174
tricolore-1-5th-edition,sportif (f sportive),,,adjective,,hobby,174
tricolore-1-5th-edition,sports d'hiver (m pl),les,m pl,noun,,hobby,174
tricolore-1-5th-edition,stade,un,,noun,,city-places,174
tricolore-1-5th-edition,stage,un,,noun,,school,174
tricolore-1-5th-edition,station (de radio),une,,noun,,communication,174
tricolore-1-5th-edition,station d'accueil MP3,une,,noun,,communication,174
tricolore-1-5th-edition,strophe,une,,noun,,school,174
tricolore-1-5th-edition,stylo,un,,noun,,school,174
tricolore-1-5th-edition,sucre,le,,noun,,food,174
tricolore-1-5th-edition,sucreries (f pl),des,f pl,noun,,food,174
tricolore-1-5th-edition,sud,le,,noun,,travel,174
tricolore-1-5th-edition,suis,,,verb,,none,174
tricolore-1-5th-edition,Suisse,la,,noun,,travel,174
tricolore-1-5th-edition,suit,,,verb,,none,174
tricolore-1-5th-edition,suivant,,,adjective,,none,174
tricolore-1-5th-edition,super,,,adjective,,none,174
tricolore-1-5th-edition,supermarché,un,,noun,,shopping,174
tricolore-1-5th-edition,sur,,,preposition,,none,174
tricolore-1-5th-edition,surfer (sur le Net),,,verb,,communication,174
tricolore-1-5th-edition,surligneur,un,,noun,,school,174
tricolore-1-5th-edition,surnom,un,,noun,,personal-info,174
tricolore-1-5th-edition,surprise-partie,une,,noun,,hobby,174
tricolore-1-5th-edition,surtout,,,adverb,,none,174
tricolore-1-5th-edition,sweat,un,,noun,,shopping,174
tricolore-1-5th-edition,sympa,,,adjective,,none,174
tricolore-1-5th-edition,sympathique,,,adjective,,none,174
tricolore-1-5th-edition,synagogue,une,,noun,,city-places,174
tricolore-1-5th-edition,Syndicat d'Initiative,un,,noun,,travel,174
tricolore-1-5th-edition,sœur,une,,noun,,family,174
tricolore-1-5th-edition,ta,,,adjective,,none,174
tricolore-1-5th-edition,table,une,,noun,,home,174
tricolore-1-5th-edition,tableau,un,,noun,,school,174
tricolore-1-5th-edition,tableau interactif,un,,noun,,school,174
tricolore-1-5th-edition,tablette,une,,noun,,communication,174
tricolore-1-5th-edition,taille-crayon,un,,noun,,school,174
tricolore-1-5th-edition,tais-toi!/taisez-vous!,,,verb,,communication,174
tricolore-1-5th-edition,tante,une,,noun,,family,174
tricolore-1-5th-edition,tapis d'ordinateur,un,,noun,,communication,174
tricolore-1-5th-edition,tarentule,une,,noun,,none,174
tricolore-1-5th-edition,tarte,une,,noun,,food,174
tricolore-1-5th-edition,tarte aux pommes,une,,noun,,food,174
tricolore-1-5th-edition,tartine,une,,noun,,food,174
tricolore-1-5th-edition,taxi,un,,noun,,travel,174
tricolore-1-5th-edition,technologie,la,,noun,,school,174
tricolore-1-5th-edition,tee-shirt,un,,noun,,shopping,174
tricolore-1-5th-edition,temple,un,,noun,,city-places,174
tricolore-1-5th-edition,temps,le,,noun,,weather,174
tricolore-1-5th-edition,tennis,le,,noun,,hobby,174
tricolore-1-5th-edition,tennis (f pl),les,f pl,noun,,shopping,174
tricolore-1-5th-edition,tente,une,,noun,,vacation,174
tricolore-1-5th-edition,terminer,,,verb,,school,174
tricolore-1-5th-edition,terrain de football,un,,noun,,hobby,174
tricolore-1-5th-edition,tes,,,adjective,,none,174
tricolore-1-5th-edition,texto,un,,noun,,communication,174
tricolore-1-5th-edition,thé,le,,noun,,food,174
tricolore-1-5th-edition,théâtre,un,,noun,,hobby,174
tricolore-1-5th-edition,tiens!,,,other,,communication,174
tricolore-1-5th-edition,tigré,,,adjective,,none,174
tricolore-1-5th-edition,timbre,un,,noun,,communication,174
tricolore-1-5th-edition,titre,un,,noun,,school,174
tricolore-1-5th-edition,toast,le,,noun,,food,174
tricolore-1-5th-edition,toboggan,un,,noun,,vacation,174
tricolore-1-5th-edition,toi,,,other,,none,174
tricolore-1-5th-edition,toilettes (f pl),les,f pl,noun,,home,174
tricolore-1-5th-edition,toit,un,,noun,,home,174
tricolore-1-5th-edition,tomate,une,,noun,,food,174
tricolore-1-5th-edition,tombe,,,verb,,none,174
tricolore-1-5th-edition,tombola,une,,noun,,hobby,174
tricolore-1-5th-edition,ton,,,adjective,,none,174
tricolore-1-5th-edition,toujours,,,adverb,,none,174
tricolore-1-5th-edition,tour,une,,noun,,city-places,174
tricolore-1-5th-edition,tour,un,,noun,,hobby,174
tricolore-1-5th-edition,tournez,,,verb,,travel,174
tricolore-1-5th-edition,tous,,,other,,none,174
tricolore-1-5th-edition,tous les jours,,,phrase,,time-dates,174
tricolore-1-5th-edition,Toussaint,la,,noun,,time-dates,174
tricolore-1-5th-edition,tout,,,other,,none,174
tricolore-1-5th-edition,tout de suite,,,phrase,,none,174
tricolore-1-5th-edition,tout droit,,,phrase,,travel,174
tricolore-1-5th-edition,tout le monde,,,other,,none,174
tricolore-1-5th-edition,tout le temps,,,phrase,,none,174
tricolore-1-5th-edition,tout près,,,phrase,,none,174
tricolore-1-5th-edition,traduit,,,adjective,,school,174
tricolore-1-5th-edition,train,un,,noun,,travel,174
tricolore-1-5th-edition,travail!,,,phrase,,profession,174
tricolore-1-5th-edition,travailler,,,verb,,profession,174
tricolore-1-5th-edition,traverser,,,verb,,travel,174
tricolore-1-5th-edition,treize,,,other,,none,174
tricolore-1-5th-edition,trente,,,other,,none,174
tricolore-1-5th-edition,tricot,un,,noun,,hobby,174
tricolore-1-5th-edition,trois,,,other,,none,174
tricolore-1-5th-edition,troisième,,,other,,none,174
tricolore-1-5th-edition,trombone,une,,noun,,school,174
tricolore-1-5th-edition,trompette,une,,noun,,hobby,174
tricolore-1-5th-edition,trop ...,,,adverb,,none,174
tricolore-1-5th-edition,trousse,une,,noun,,school,174
tricolore-1-5th-edition,trouver,,,verb,,none,174
tricolore-1-5th-edition,très,,,adverb,,none,174
tricolore-1-5th-edition,tu,,,other,,none,174
tricolore-1-5th-edition,typique,,,adjective,,none,174
tricolore-1-5th-edition,télé,,,phrase,,communication,174
tricolore-1-5th-edition,téléphoner,,,verb,,communication,174
tricolore-1-5th-edition,télévision (la télé),la,,noun,,communication,174
tricolore-1-5th-edition,tête,la,,noun,,health,174
tricolore-1-5th-edition,un (f une),,,other,,none,174
tricolore-1-5th-edition,un thé au citron,,,noun,,food,174
tricolore-1-5th-edition,uniforme,un,,noun,,school,174
tricolore-1-5th-edition,unique,,,adjective,,none,174
tricolore-1-5th-edition,univers (m),l',,noun,,none,174
tricolore-1-5th-edition,use,,,verb,,none,174
tricolore-1-5th-edition,utile,,,adjective,,none,174
tricolore-1-5th-edition,va,,,verb,,none,174
tricolore-1-5th-edition,vacances,,,phrase,,vacation,174
tricolore-1-5th-edition,vais,,,verb,,none,174
tricolore-1-5th-edition,valise,une,,noun,,travel,174
tricolore-1-5th-edition,vanille,,,phrase,,food,174
tricolore-1-5th-edition,vend,,,verb,,shopping,174
tricolore-1-5th-edition,vendeur (une vendeuse),un,,noun,,profession,174
tricolore-1-5th-edition,vendre,,,verb,,shopping,174
tricolore-1-5th-edition,vendredi,(le),,noun,,time-dates,174
tricolore-1-5th-edition,venez voir,,,phrase,,none,174
tricolore-1-5th-edition,venir,,,verb,,none,174
tricolore-1-5th-edition,vent,le,,noun,,weather,174
tricolore-1-5th-edition,verre,un,,noun,,food,174
tricolore-1-5th-edition,vert,,,adjective,,none,174
tricolore-1-5th-edition,verticalement,,,adverb,,school,174
tricolore-1-5th-edition,veste,une,,noun,,shopping,174
tricolore-1-5th-edition,veut ... ?,,,verb,,none,174
tricolore-1-5th-edition,veux,,,verb,,none,174
tricolore-1-5th-edition,veux ... ?,,,verb,,none,174
tricolore-1-5th-edition,viande,la,,noun,,food,174
tricolore-1-5th-edition,vidéo,une,,noun,,hobby,174
tricolore-1-5th-edition,viens,,,verb,,none,174
tricolore-1-5th-edition,vieux (f vieille),,,adjective,,none,174
tricolore-1-5th-edition,village,un,,noun,,city-places,174
tricolore-1-5th-edition,ville,une,,noun,,city-places,174
tricolore-1-5th-edition,vin,le,,noun,,food,174
tricolore-1-5th-edition,vinaigre,le,,noun,,food,174
tricolore-1-5th-edition,vingt,,,other,,none,174
tricolore-1-5th-edition,violon,un,,noun,,hobby,174
tricolore-1-5th-edition,violoncelle,un,,noun,,hobby,174
tricolore-1-5th-edition,visite guidée,une,,noun,,travel,174
tricolore-1-5th-edition,visiter,,,verb,,travel,174
tricolore-1-5th-edition,vite,,,adverb,,none,174
tricolore-1-5th-edition,vitesse,la,,noun,,travel,174
tricolore-1-5th-edition,vive les vacances!,,,phrase,,vacation,174
tricolore-1-5th-edition,voici,,,other,,none,174
tricolore-1-5th-edition,voile,la,,noun,,hobby,174
tricolore-1-5th-edition,voilà,,,other,,none,174
tricolore-1-5th-edition,voir,,,verb,,none,174
tricolore-1-5th-edition,voiture,une,,noun,,travel,174
tricolore-1-5th-edition,voix,une,,noun,,none,174
tricolore-1-5th-edition,voler,,,verb,,none,174
tricolore-1-5th-edition,volley,le,,noun,,hobby,174
tricolore-1-5th-edition,vont,,,verb,,none,174
tricolore-1-5th-edition,vote,une,,noun,,none,174
tricolore-1-5th-edition,votre (pl vos),,pl vos,adjective,,none,174
tricolore-1-5th-edition,voudrais,,,verb,,none,174
tricolore-1-5th-edition,vous,,,other,,none,174
tricolore-1-5th-edition,voyage,un,,noun,,travel,174
tricolore-1-5th-edition,voyager,,,verb,,travel,174
tricolore-1-5th-edition,voyelle,une,,noun,,school,174
tricolore-1-5th-edition,voyons,,,verb,,none,174
tricolore-1-5th-edition,vrai,,,adjective,,none,174
tricolore-1-5th-edition,vraiment,,,adverb,,none,174
tricolore-1-5th-edition,vue,une,,noun,,none,174
tricolore-1-5th-edition,végétarien(ne),,,adjective,,food,174
tricolore-1-5th-edition,vélo,un,,noun,,hobby,174
tricolore-1-5th-edition,vélo tout terrain (VTT),le,,noun,,hobby,174
tricolore-1-5th-edition,vérifier,,,verb,,none,174
tricolore-1-5th-edition,vêtements (m pl),les,m pl,noun,,shopping,174
tricolore-1-5th-edition,weekend,le,,noun,,time-dates,174
tricolore-1-5th-edition,y,,,other,,none,174
tricolore-1-5th-edition,yaourt,un,,noun,,food,174
tricolore-1-5th-edition,yeux (m pl),les,m pl,noun,,health,174
tricolore-1-5th-edition,zoo,un,,noun,,vacation,174
tricolore-1-5th-edition,zéro,,,other,,none,174
tricolore-1-5th-edition,à tout à l'heure,,,phrase,,communication,174
tricolore-1-5th-edition,ça va?,,,phrase,,communication,174
tricolore-1-5th-edition,(auto)bus,un,,noun,,travel,175
tricolore-1-5th-edition,(les cheveux) frisé(s),,,adjective,,personal-info,175
tricolore-1-5th-edition,(les cheveux) roux,,,adjective,,personal-info,175
tricolore-1-5th-edition,abricot,un,,noun,,food,175
tricolore-1-5th-edition,adorer,,,verb,,none,175
tricolore-1-5th-edition,affreux/affreuse,,,adjective,,none,175
tricolore-1-5th-edition,Allemagne (f),l',,noun,,travel,175
tricolore-1-5th-edition,allemand,,,adjective,,school,175
tricolore-1-5th-edition,aller,,,verb,,none,175
tricolore-1-5th-edition,aller à la pêche,,,phrase,,hobby,175
tricolore-1-5th-edition,ami(e),un(e),,noun,,none,175
tricolore-1-5th-edition,Amitiés,,,phrase,,communication,175
tricolore-1-5th-edition,amusant,,,adjective,,none,175
tricolore-1-5th-edition,anglais,,,adjective,,school,175
tricolore-1-5th-edition,Angleterre (f),l',,noun,,travel,175
tricolore-1-5th-edition,animal,un,des animaux,noun,,none,175
tricolore-1-5th-edition,anniversaire,un,,noun,,family,175
tricolore-1-5th-edition,août,,,noun,,time-dates,175
tricolore-1-5th-edition,appareil (photo),un,,noun,,hobby,175
tricolore-1-5th-edition,appartement,un,,noun,,home,175
tricolore-1-5th-edition,appelle,je m',,verb,,personal-info,175
tricolore-1-5th-edition,après,,,preposition,,time-dates,175
tricolore-1-5th-edition,après-midi (m),l',,noun,,time-dates,175
tricolore-1-5th-edition,aquarium,un,,noun,,city-places,175
tricolore-1-5th-edition,arriver,,,verb,,travel,175
tricolore-1-5th-edition,assez,,,adverb,,none,175
tricolore-1-5th-edition,athlétisme (m),l',,noun,,hobby,175
tricolore-1-5th-edition,attention!,,,phrase,,none,175
tricolore-1-5th-edition,au revoir,,,phrase,,communication,175
tricolore-1-5th-edition,aussi,,,adverb,,none,175
tricolore-1-5th-edition,automne (m),l',,noun,,weather,175
tricolore-1-5th-edition,avant (de),,,preposition,,time-dates,175
tricolore-1-5th-edition,avril,,,noun,,time-dates,175
tricolore-1-5th-edition,badminton,le,,noun,,hobby,175
tricolore-1-5th-edition,balle,une,,noun,,hobby,175
tricolore-1-5th-edition,ballon,un,,noun,,hobby,175
tricolore-1-5th-edition,banane,une,,noun,,food,175
tricolore-1-5th-edition,bande dessinée,une,,noun,,hobby,175
tricolore-1-5th-edition,bande dessinée (BD),une,,noun,,hobby,175
tricolore-1-5th-edition,basket,le,,noun,,hobby,175
tricolore-1-5th-edition,bateau,un,,noun,,travel,175
tricolore-1-5th-edition,batterie,la,,noun,,hobby,175
tricolore-1-5th-edition,"beau (belle, beaux, belles)",,,adjective,,none,175
tricolore-1-5th-edition,Belgique,la,,noun,,travel,175
tricolore-1-5th-edition,beurre,le,,noun,,food,175
tricolore-1-5th-edition,bic,un,,noun,,school,175
tricolore-1-5th-edition,bleu,,,adjective,,none,175
tricolore-1-5th-edition,boire,,,verb,,food,175
tricolore-1-5th-edition,boisson,une,,noun,,food,175
tricolore-1-5th-edition,bon anniversaire!,,,phrase,,family,175
tricolore-1-5th-edition,bon/bonne,,,adjective,,none,175
tricolore-1-5th-edition,bouteille,une,,noun,,none,175
tricolore-1-5th-edition,bowling,un,,noun,,hobby,175
tricolore-1-5th-edition,boîte,une,,noun,,none,175
tricolore-1-5th-edition,britannique,,,adjective,,none,175
tricolore-1-5th-edition,brochure,une,,noun,,travel,175
tricolore-1-5th-edition,brocolis (m pl),les,,noun,,food,175
tricolore-1-5th-edition,bâtiment,un,,noun,,city-places,175
tricolore-1-5th-edition,café,un,,noun,,restaurant,175
tricolore-1-5th-edition,café,le,,noun,,food,175
tricolore-1-5th-edition,cahier,un,,noun,,school,175
tricolore-1-5th-edition,calculatrice,une,,noun,,school,175
tricolore-1-5th-edition,camping,un,,noun,,vacation,175
tricolore-1-5th-edition,cantine,la,,noun,,school,175
tricolore-1-5th-edition,carotte,une,,noun,,food,175
tricolore-1-5th-edition,carte,une,,noun,,hobby,175
tricolore-1-5th-edition,carte cadeau,une,,noun,,shopping,175
tricolore-1-5th-edition,casquette,une,,noun,,shopping,175
tricolore-1-5th-edition,cathédrale,une,,noun,,vacation,175
tricolore-1-5th-edition,centre,le,,noun,,city-places,175
tricolore-1-5th-edition,chaise,une,,noun,,home,175
tricolore-1-5th-edition,chambre,une,,noun,,home,175
tricolore-1-5th-edition,"chat, chatte","un, une",,noun,,none,175
tricolore-1-5th-edition,chemisier,un,,noun,,shopping,175
tricolore-1-5th-edition,cher/chère,,,adjective,,communication,175
tricolore-1-5th-edition,chien,un,,noun,,none,175
tricolore-1-5th-edition,chocolat,le,,noun,,food,175
tricolore-1-5th-edition,chou,le,,noun,,food,175
tricolore-1-5th-edition,chou-fleur,le,,noun,,food,175
tricolore-1-5th-edition,châtain,,,adjective,,none,175
tricolore-1-5th-edition,château,un,,noun,,vacation,175
tricolore-1-5th-edition,cinéma,un,,noun,,city-places,175
tricolore-1-5th-edition,clarinette,une,,noun,,hobby,175
tricolore-1-5th-edition,classe,la,,noun,,school,175
tricolore-1-5th-edition,classeur,un,,noun,,school,175
tricolore-1-5th-edition,cliquer,,,verb,,communication,175
tricolore-1-5th-edition,Coca,un,,noun,,food,175
tricolore-1-5th-edition,cochon d'Inde,un,,noun,,none,175
tricolore-1-5th-edition,coin,le,,noun,,city-places,175
tricolore-1-5th-edition,comme,,,other,,none,175
tricolore-1-5th-edition,commencer,,,verb,,none,175
tricolore-1-5th-edition,compter,,,verb,,school,175
tricolore-1-5th-edition,concert,un,,noun,,hobby,175
tricolore-1-5th-edition,console de jeux,une,,noun,,hobby,175
tricolore-1-5th-edition,copain/copine,un/une,,noun,,none,175
tricolore-1-5th-edition,couleur,une,,noun,,none,175
tricolore-1-5th-edition,cousin(e),un(e),,noun,,family,175
tricolore-1-5th-edition,cricket,le,,noun,,hobby,175
tricolore-1-5th-edition,curseur,le,,noun,,communication,175
tricolore-1-5th-edition,cyclisme,le,,noun,,hobby,175
tricolore-1-5th-edition,céréales (f pl),des,,noun,,food,175
tricolore-1-5th-edition,d'abord,,,adverb,,none,175
tricolore-1-5th-edition,d'accord,,,phrase,,communication,175
tricolore-1-5th-edition,danser,,,verb,,hobby,175
tricolore-1-5th-edition,date,la,,noun,,time-dates,175
tricolore-1-5th-edition,demander,,,verb,,none,175
tricolore-1-5th-edition,demi,,,adjective,,time-dates,175
tricolore-1-5th-edition,demi-frère,un,,noun,,family,175
tricolore-1-5th-edition,derrière,,,preposition,,none,175
tricolore-1-5th-edition,dessin,le,,noun,,school,175
tricolore-1-5th-edition,dessin animé,un,,noun,,hobby,175
tricolore-1-5th-edition,dessiner,,,verb,,hobby,175
tricolore-1-5th-edition,devant,,,preposition,,none,175
tricolore-1-5th-edition,deviner,,,verb,,school,175
tricolore-1-5th-edition,dictionnaire,un,,noun,,school,175
tricolore-1-5th-edition,difficile,,,adjective,,none,175
tricolore-1-5th-edition,discothèque,une,,noun,,hobby,175
tricolore-1-5th-edition,discuter,,,verb,,communication,175
tricolore-1-5th-edition,décembre,,,noun,,time-dates,175
tricolore-1-5th-edition,déjà,,,adverb,,none,175
tricolore-1-5th-edition,délicieux,,,adjective,,food,175
tricolore-1-5th-edition,dîner,le,,noun,,food,175
tricolore-1-5th-edition,e-mail,un,,noun,,communication,175
tricolore-1-5th-edition,effacer,,,verb,,communication,175
tricolore-1-5th-edition,en automne,,,phrase,,weather,175
tricolore-1-5th-edition,encore,,,adverb,,none,175
tricolore-1-5th-edition,enfant,un(e),,noun,,family,175
tricolore-1-5th-edition,ennuyeux/ennuyeuse,,,adjective,,none,175
tricolore-1-5th-edition,entre,,,preposition,,none,175
tricolore-1-5th-edition,est,l',,noun,,none,175
tricolore-1-5th-edition,et,,,other,,none,175
tricolore-1-5th-edition,exercice,un,,noun,,school,175
tricolore-1-5th-edition,facile,,,adjective,,none,175
tricolore-1-5th-edition,faire,,,verb,,none,175
tricolore-1-5th-edition,faire du théâtre,,,phrase,,hobby,175
tricolore-1-5th-edition,faire du vélo,,,phrase,,hobby,175
tricolore-1-5th-edition,faire la cuisine,,,phrase,,food,175
tricolore-1-5th-edition,famille,la,,noun,,family,175
tricolore-1-5th-edition,faux,,,adjective,,none,175
tricolore-1-5th-edition,favori/favorite,,,adjective,,none,175
tricolore-1-5th-edition,ferme,une,,noun,,none,175
tricolore-1-5th-edition,fermer,,,verb,,none,175
tricolore-1-5th-edition,feutre,un,,noun,,school,175
tricolore-1-5th-edition,fichier,un,,noun,,communication,175
tricolore-1-5th-edition,fille,une,,noun,,family,175
tricolore-1-5th-edition,film,un,,noun,,hobby,175
tricolore-1-5th-edition,finalement,,,adverb,,none,175
tricolore-1-5th-edition,flûte,une,,noun,,hobby,175
tricolore-1-5th-edition,foot,le,,noun,,hobby,175
tricolore-1-5th-edition,football,le,,noun,,hobby,175
tricolore-1-5th-edition,France,la,,noun,,travel,175
tricolore-1-5th-edition,français,,,adjective,,school,175
tricolore-1-5th-edition,frites,les,,noun,,food,175
tricolore-1-5th-edition,froid,,,adjective,,weather,175
tricolore-1-5th-edition,fromage,le,,noun,,food,175
tricolore-1-5th-edition,fruit,un,,noun,,food,175
tricolore-1-5th-edition,frère,un,,noun,,family,175
tricolore-1-5th-edition,fête,une,,noun,,vacation,175
tricolore-1-5th-edition,garage,un,,noun,,home,175
tricolore-1-5th-edition,garçon,un,,noun,,none,175
tricolore-1-5th-edition,golf,le,,noun,,hobby,175
tricolore-1-5th-edition,grand,,,adjective,,none,175
tricolore-1-5th-edition,grand-mère,la,,noun,,family,175
tricolore-1-5th-edition,grand-père,le,,noun,,family,175
tricolore-1-5th-edition,grands-parents,les,,noun,,family,175
tricolore-1-5th-edition,gris,,,adjective,,none,175
tricolore-1-5th-edition,gros/grosse,,,adjective,,none,175
tricolore-1-5th-edition,guitare,une,,noun,,hobby,175
tricolore-1-5th-edition,gymnastique,la,,noun,,hobby,175
tricolore-1-5th-edition,gâteau,un,,noun,,food,175
tricolore-1-5th-edition,génial!,,,phrase,,none,175
tricolore-1-5th-edition,géographie,la,,noun,,school,175
tricolore-1-5th-edition,il fait beau,,,phrase,,weather,175
tricolore-1-5th-edition,il fait froid,,,phrase,,weather,175
tricolore-1-5th-edition,il fait mauvais,,,phrase,,weather,175
tricolore-1-5th-edition,il y a,,,phrase,,none,175
tricolore-1-5th-edition,il y a du brouillard,,,phrase,,weather,175
tricolore-1-5th-edition,jardin,un,,noun,,home,175
tricolore-1-5th-edition,je suis fils/fille unique,,,phrase,,family,175
tricolore-1-5th-edition,jeu,un,,noun,,hobby,175
tricolore-1-5th-edition,jeu vidéo,un,des jeux vidéo,noun,,hobby,175
tricolore-1-5th-edition,jouer aux cartes,,,phrase,,hobby,175
tricolore-1-5th-edition,jouer aux échecs,,,phrase,,hobby,175
tricolore-1-5th-edition,jour,un,,noun,,time-dates,175
tricolore-1-5th-edition,jus de fruit,un,,noun,,food,175
tricolore-1-5th-edition,liseuse,une,,noun,,communication,175
tricolore-1-5th-edition,lit,un,,noun,,home,175
tricolore-1-5th-edition,livre,un,,noun,,school,175
tricolore-1-5th-edition,loin,,,adverb,,none,175
tricolore-1-5th-edition,lève,je me,,verb,,daily-routine,175
tricolore-1-5th-edition,mais,,,other,,none,175
tricolore-1-5th-edition,manger,,,verb,,food,175
tricolore-1-5th-edition,mauvais,,,adjective,,none,175
tricolore-1-5th-edition,message,un,,noun,,communication,175
tricolore-1-5th-edition,navigateur,un,,noun,,communication,175
tricolore-1-5th-edition,noir,,,adjective,,none,175
tricolore-1-5th-edition,Noël,,,noun,,vacation,175
tricolore-1-5th-edition,oiseau,un,,noun,,none,175
tricolore-1-5th-edition,ordinateur,un,,noun,,communication,175
tricolore-1-5th-edition,pain,le,,noun,,food,175
tricolore-1-5th-edition,par,,,preposition,,none,175
tricolore-1-5th-edition,par exemple,,,phrase,,none,175
tricolore-1-5th-edition,parce que,,,other,,none,175
tricolore-1-5th-edition,parking,un,,noun,,city-places,175
tricolore-1-5th-edition,pause,la,,noun,,school,175
tricolore-1-5th-edition,pays,un,,noun,,travel,175
tricolore-1-5th-edition,pendant,,,preposition,,time-dates,175
tricolore-1-5th-edition,perruche,une,,noun,,none,175
tricolore-1-5th-edition,petit déjeuner,le,,noun,,daily-routine,175
tricolore-1-5th-edition,plage,une,,noun,,vacation,175
tricolore-1-5th-edition,plats d'un repas,les,,noun,,restaurant,175
tricolore-1-5th-edition,poisson,le,,noun,,food,175
tricolore-1-5th-edition,poisson rouge,un,,noun,,none,175
tricolore-1-5th-edition,pomme,une,,noun,,food,175
tricolore-1-5th-edition,pont,un,,noun,,city-places,175
tricolore-1-5th-edition,porte,une,,noun,,home,175
tricolore-1-5th-edition,porter,,,verb,,none,175
tricolore-1-5th-edition,poser une question,,,phrase,,communication,175
tricolore-1-5th-edition,poubelle,une,,noun,,home,175
tricolore-1-5th-edition,poulet,le,,noun,,food,175
tricolore-1-5th-edition,pour,,,preposition,,none,175
tricolore-1-5th-edition,premier/première,le/la,,adjective,,none,175
tricolore-1-5th-edition,préféré,,,adjective,,none,175
tricolore-1-5th-edition,Pâques,,,noun,,vacation,175
tricolore-1-5th-edition,père,le,,noun,,family,175
tricolore-1-5th-edition,Père Noël,le,,noun,,vacation,175
tricolore-1-5th-edition,raisin,un,,noun,,food,175
tricolore-1-5th-edition,rigolo,,,adjective,,none,175
tricolore-1-5th-edition,robe,une,,noun,,shopping,175
tricolore-1-5th-edition,récréation,la,,noun,,school,175
tricolore-1-5th-edition,répondre,,,verb,,none,175
tricolore-1-5th-edition,réponse,une,,noun,,none,175
tricolore-1-5th-edition,sac,un,,noun,,shopping,175
tricolore-1-5th-edition,sac à dos,un,,noun,,school,175
tricolore-1-5th-edition,salle de bains,la,,noun,,home,175
tricolore-1-5th-edition,salle de classe,la,,noun,,school,175
tricolore-1-5th-edition,salle à manger,la,,noun,,home,175
tricolore-1-5th-edition,"se coucher, aller au lit",,,phrase,,daily-routine,175
tricolore-1-5th-edition,soir,le,,noun,,time-dates,175
tricolore-1-5th-edition,solution,une,,noun,,none,175
tricolore-1-5th-edition,sont,ils/elles,,verb,,none,175
tricolore-1-5th-edition,suis,je,,verb,,none,175
tricolore-1-5th-edition,super!,,,phrase,,none,175
tricolore-1-5th-edition,surtout,,,adverb,,none,175
tricolore-1-5th-edition,tapis,un,,noun,,home,175
tricolore-1-5th-edition,tartine,une,,noun,,food,175
tricolore-1-5th-edition,terrain de football,un,,noun,,hobby,175
tricolore-1-5th-edition,TME (travail manuel éducatif),le,,noun,,school,175
tricolore-1-5th-edition,toujours,,,adverb,,none,175
tricolore-1-5th-edition,"tout (toute, tous, toutes)",,,adjective,,none,175
tricolore-1-5th-edition,un peu,,,adverb,,none,175
tricolore-1-5th-edition,"un, une",,,other,,none,175
tricolore-1-5th-edition,vendredi,,,noun,,time-dates,175
tricolore-1-5th-edition,vert,,,adjective,,none,175
tricolore-1-5th-edition,violoncelle,un,,noun,,hobby,175
tricolore-1-5th-edition,voiture,une,,noun,,travel,175
tricolore-1-5th-edition,vélo,un,,noun,,hobby,175
tricolore-1-5th-edition,vérifier,,,verb,,none,175
tricolore-1-5th-edition,vêtements (m pl),les,,noun,,shopping,175
tricolore-1-5th-edition,zut!,,,phrase,,none,175
tricolore-1-5th-edition,à côté de,,,preposition,,none,175
tricolore-1-5th-edition,âge (m),l',,noun,,personal-info,175
tricolore-1-5th-edition,éducation civique (f),l',,noun,,school,175
tricolore-1-5th-edition,église,une,,noun,,city-places,175
tricolore-1-5th-edition,étage,un,,noun,,home,175
tricolore-1-5th-edition,être,,,verb,,none,175
tricolore-1-5th-edition,œuf,un,,noun,,food,175
tricolore-1-5th-edition,(comment) ça va?,,,phrase,,communication,176
tricolore-1-5th-edition,(les cheveux) roux,,,adjective,,personal-info,176
tricolore-1-5th-edition,adorer,,,verb,,none,176
tricolore-1-5th-edition,affiche,une,,noun,,home,176
tricolore-1-5th-edition,aimer,,,verb,,none,176
tricolore-1-5th-edition,ananas,un,,noun,,food,176
tricolore-1-5th-edition,animal (domestique),un,,noun,,none,176
tricolore-1-5th-edition,appelle,je m',,verb,,personal-info,176
tricolore-1-5th-edition,appuyer,,,verb,,communication,176
tricolore-1-5th-edition,as-tu des animaux à la maison?,,,phrase,,family,176
tricolore-1-5th-edition,ascenseur (m),l',,noun,,city-places,176
tricolore-1-5th-edition,assez,,,adverb,,none,176
tricolore-1-5th-edition,autre,,,adjective,,none,176
tricolore-1-5th-edition,avoir,,,verb,,none,176
tricolore-1-5th-edition,beaucoup,,,adverb,,none,176
tricolore-1-5th-edition,bibliothèque,une,,noun,,city-places,176
tricolore-1-5th-edition,bonjour,,,phrase,,communication,176
tricolore-1-5th-edition,brochure,une,,noun,,travel,176
tricolore-1-5th-edition,bureau,le,,noun,,profession,176
tricolore-1-5th-edition,c'est,,,phrase,,none,176
tricolore-1-5th-edition,c'est dommage,,,phrase,,none,176
tricolore-1-5th-edition,cadeau,un,,noun,,shopping,176
tricolore-1-5th-edition,carnet,un,,noun,,school,176
tricolore-1-5th-edition,carte,une,,noun,,travel,176
tricolore-1-5th-edition,carte,la,,noun,,restaurant,176
tricolore-1-5th-edition,carte postale,une,,noun,,travel,176
tricolore-1-5th-edition,ce n'est pas,,,phrase,,none,176
tricolore-1-5th-edition,cent,,,other,,none,176
tricolore-1-5th-edition,chaud,,,adjective,,weather,176
tricolore-1-5th-edition,chercher,,,verb,,none,176
tricolore-1-5th-edition,cheval,un,des chevaux,noun,,none,176
tricolore-1-5th-edition,chez moi,,,phrase,,home,176
tricolore-1-5th-edition,citron,un,,noun,,food,176
tricolore-1-5th-edition,classeur,un,,noun,,school,176
tricolore-1-5th-edition,clavier,un,,noun,,communication,176
tricolore-1-5th-edition,"clef, clé",une,,noun,,none,176
tricolore-1-5th-edition,combien (de),,,adverb,,none,176
tricolore-1-5th-edition,comment,,,adverb,,none,176
tricolore-1-5th-edition,comment ça s'écrit?,,,phrase,,communication,176
tricolore-1-5th-edition,confiture,la,,noun,,food,176
tricolore-1-5th-edition,confiture d'oranges,la,,noun,,food,176
tricolore-1-5th-edition,connecter,,,verb,,communication,176
tricolore-1-5th-edition,content,,,adjective,,none,176
tricolore-1-5th-edition,correspondant(e),un(e),,noun,,communication,176
tricolore-1-5th-edition,cours,un,,noun,,school,176
tricolore-1-5th-edition,crayon,un,,noun,,school,176
tricolore-1-5th-edition,cuisine,la,,noun,,home,176
tricolore-1-5th-edition,"d'accord, okay",,,phrase,,communication,176
tricolore-1-5th-edition,dans,,,preposition,,none,176
tricolore-1-5th-edition,de,,,preposition,,none,176
tricolore-1-5th-edition,demi-sœur,une,,noun,,family,176
tricolore-1-5th-edition,dernier/dernière,,,adjective,,none,176
tricolore-1-5th-edition,dessin,un,,noun,,hobby,176
tricolore-1-5th-edition,devoirs (m pl),les,,noun,,school,176
tricolore-1-5th-edition,durer,,,verb,,none,176
tricolore-1-5th-edition,déconnecter,,,verb,,communication,176
tricolore-1-5th-edition,déjeuner,le,,noun,,food,176
tricolore-1-5th-edition,dépliant,un,,noun,,travel,176
tricolore-1-5th-edition,détester,,,verb,,none,176
tricolore-1-5th-edition,en ligne,,,adverb,,communication,176
tricolore-1-5th-edition,enregistrer,,,verb,,communication,176
tricolore-1-5th-edition,ensuite,,,adverb,,none,176
tricolore-1-5th-edition,erreur,une,,noun,,school,176
tricolore-1-5th-edition,est,,,verb,,none,176
tricolore-1-5th-edition,faire,,,verb,,none,176
tricolore-1-5th-edition,faire de l'équitation,,,phrase,,hobby,176
tricolore-1-5th-edition,faire de la peinture,,,phrase,,hobby,176
tricolore-1-5th-edition,faire des photos,,,phrase,,hobby,176
tricolore-1-5th-edition,faire du VTT,,,phrase,,hobby,176
tricolore-1-5th-edition,faire sa valise,,,phrase,,vacation,176
tricolore-1-5th-edition,fils/fille unique,,,noun,,family,176
tricolore-1-5th-edition,flûte (à bec),une,,noun,,hobby,176
tricolore-1-5th-edition,framboise,une,,noun,,food,176
tricolore-1-5th-edition,fête,une,,noun,,family,176
tricolore-1-5th-edition,gens (m pl),des,,noun,,none,176
tricolore-1-5th-edition,gentil/gentille,,,adjective,,none,176
tricolore-1-5th-edition,glace,une,,noun,,food,176
tricolore-1-5th-edition,grand,,,adjective,,none,176
tricolore-1-5th-edition,habiter,,,verb,,personal-info,176
tricolore-1-5th-edition,hamster,un,,noun,,none,176
tricolore-1-5th-edition,heure,une,,noun,,time-dates,176
tricolore-1-5th-edition,histoire (f),l',,noun,,school,176
tricolore-1-5th-edition,hockey,le,,noun,,hobby,176
tricolore-1-5th-edition,homme,un,,noun,,none,176
tricolore-1-5th-edition,hôpital,un,,noun,,health,176
tricolore-1-5th-edition,hôtel,un,,noun,,vacation,176
tricolore-1-5th-edition,ici,,,adverb,,none,176
tricolore-1-5th-edition,idée,une,,noun,,none,176
tricolore-1-5th-edition,il fait beau,,,phrase,,weather,176
tricolore-1-5th-edition,il fait chaud,,,phrase,,weather,176
tricolore-1-5th-edition,il pleut,,,phrase,,weather,176
tricolore-1-5th-edition,il y a,,,phrase,,none,176
tricolore-1-5th-edition,image,une,,noun,,hobby,176
tricolore-1-5th-edition,imprimante,une,,noun,,communication,176
tricolore-1-5th-edition,imprimer,,,verb,,communication,176
tricolore-1-5th-edition,informatique (f),l',,noun,,school,176
tricolore-1-5th-edition,instrument de musique,un,,noun,,hobby,176
tricolore-1-5th-edition,intéressant,,,adjective,,none,176
tricolore-1-5th-edition,irlandais,,,adjective,,none,176
tricolore-1-5th-edition,Irlande (f),l',,noun,,travel,176
tricolore-1-5th-edition,Irlande du Nord,l',,noun,,travel,176
tricolore-1-5th-edition,j'habite à Londres,,,phrase,,personal-info,176
tricolore-1-5th-edition,jambon,le,,noun,,food,176
tricolore-1-5th-edition,janvier,,,noun,,time-dates,176
tricolore-1-5th-edition,je,,,other,,none,176
tricolore-1-5th-edition,je ne sais pas,,,phrase,,none,176
tricolore-1-5th-edition,jean,un,,noun,,shopping,176
tricolore-1-5th-edition,jogging,un,,noun,,shopping,176
tricolore-1-5th-edition,joli,,,adjective,,none,176
tricolore-1-5th-edition,"jouer (à + sports, de + instruments)",,,verb,,hobby,176
tricolore-1-5th-edition,jour de l'An,le,,noun,,vacation,176
tricolore-1-5th-edition,judo,le,,noun,,hobby,176
tricolore-1-5th-edition,juillet,,,noun,,time-dates,176
tricolore-1-5th-edition,juin,,,noun,,time-dates,176
tricolore-1-5th-edition,kilo,un,,noun,,shopping,176
tricolore-1-5th-edition,kilomètre (1 km),un,,noun,,travel,176
tricolore-1-5th-edition,kiwi,un,,noun,,food,176
tricolore-1-5th-edition,laboratoire,un,,noun,,school,176
tricolore-1-5th-edition,lait,le,,noun,,food,176
tricolore-1-5th-edition,langue,une,,noun,,school,176
tricolore-1-5th-edition,lapin,un,,noun,,none,176
tricolore-1-5th-edition,lecteur MP3,un,,noun,,communication,176
tricolore-1-5th-edition,lettre,une,,noun,,communication,176
tricolore-1-5th-edition,limonade,la,,noun,,food,176
tricolore-1-5th-edition,lis/lisez,,,verb,,school,176
tricolore-1-5th-edition,liste,une,,noun,,none,176
tricolore-1-5th-edition,long/longue,,,adjective,,none,176
tricolore-1-5th-edition,lundi,,,noun,,time-dates,176
tricolore-1-5th-edition,là-bas,,,adverb,,city-places,176
tricolore-1-5th-edition,M. (monsieur),,,other,,personal-info,176
tricolore-1-5th-edition,mai,,,noun,,time-dates,176
tricolore-1-5th-edition,maintenant,,,adverb,,time-dates,176
tricolore-1-5th-edition,maison,une,,noun,,home,176
tricolore-1-5th-edition,marché,le,,noun,,shopping,176
tricolore-1-5th-edition,mars,,,noun,,time-dates,176
tricolore-1-5th-edition,maths (f pl),les,,noun,,school,176
tricolore-1-5th-edition,matin,le,,noun,,time-dates,176
tricolore-1-5th-edition,melon,le,,noun,,food,176
tricolore-1-5th-edition,menu,le,,noun,,communication,176
tricolore-1-5th-edition,mettre,,,verb,,daily-routine,176
tricolore-1-5th-edition,midi,,,noun,,time-dates,176
tricolore-1-5th-edition,minuit,,,noun,,time-dates,176
tricolore-1-5th-edition,Mme (madame),,,other,,personal-info,176
tricolore-1-5th-edition,moi,,,other,,none,176
tricolore-1-5th-edition,moins,,,other,,none,176
tricolore-1-5th-edition,mois,le,,noun,,time-dates,176
tricolore-1-5th-edition,"mon, ma, mes",,,other,,none,176
tricolore-1-5th-edition,mosquée,une,,noun,,city-places,176
tricolore-1-5th-edition,musique,la,,noun,,hobby,176
tricolore-1-5th-edition,musée,un,,noun,,vacation,176
tricolore-1-5th-edition,mère,la,,noun,,family,176
tricolore-1-5th-edition,méchant,,,adjective,,none,176
tricolore-1-5th-edition,"ne … pas, pas",,,other,,none,176
tricolore-1-5th-edition,nom,un,,noun,,personal-info,176
tricolore-1-5th-edition,non,,,other,,none,176
tricolore-1-5th-edition,"notre, nos",,,other,,none,176
tricolore-1-5th-edition,nouveau (nouvel before masculine word beginning with a vowel) / nouvelle / nouveaux / nouvelle,,,adjective,,none,176
tricolore-1-5th-edition,novembre,,,noun,,time-dates,176
tricolore-1-5th-edition,nuit,la,,noun,,time-dates,176
tricolore-1-5th-edition,octobre,,,noun,,time-dates,176
tricolore-1-5th-edition,omelette,une,,noun,,food,176
tricolore-1-5th-edition,orange,une,,noun,,food,176
tricolore-1-5th-edition,orchestre,un,,noun,,hobby,176
tricolore-1-5th-edition,ordinateur portable,un,,noun,,communication,176
tricolore-1-5th-edition,ou,,,other,,none,176
tricolore-1-5th-edition,ouvert,,,adjective,,none,176
tricolore-1-5th-edition,ouvrir,,,verb,,none,176
tricolore-1-5th-edition,où habites-tu?,,,phrase,,personal-info,176
tricolore-1-5th-edition,parc,un,,noun,,city-places,176
tricolore-1-5th-edition,passe-temps,un,,noun,,hobby,176
tricolore-1-5th-edition,patinoire,une,,noun,,hobby,176
tricolore-1-5th-edition,perroquet,un,,noun,,none,176
tricolore-1-5th-edition,personne,une,,noun,,none,176
tricolore-1-5th-edition,petit,,,adjective,,none,176
tricolore-1-5th-edition,petits pois (m pl),des,,noun,,food,176
tricolore-1-5th-edition,peut-être,,,adverb,,none,176
tricolore-1-5th-edition,photographie,la,,noun,,hobby,176
tricolore-1-5th-edition,piano,un,,noun,,hobby,176
tricolore-1-5th-edition,plan de la ville,un,,noun,,travel,176
tricolore-1-5th-edition,plat principal,le,,noun,,restaurant,176
tricolore-1-5th-edition,plus tard,,,adverb,,time-dates,176
tricolore-1-5th-edition,poire,une,,noun,,food,176
tricolore-1-5th-edition,pomme de terre,une,,noun,,food,176
tricolore-1-5th-edition,portable,un,,noun,,communication,176
tricolore-1-5th-edition,poste,la,,noun,,city-places,176
tricolore-1-5th-edition,poster,un,,noun,,home,176
tricolore-1-5th-edition,près (de),,,preposition,,city-places,176
tricolore-1-5th-edition,préférer,,,verb,,none,176
tricolore-1-5th-edition,préparer,,,verb,,food,176
tricolore-1-5th-edition,pull,un,,noun,,shopping,176
tricolore-1-5th-edition,pyjama,un,,noun,,shopping,176
tricolore-1-5th-edition,pêche,une,,noun,,food,176
tricolore-1-5th-edition,quart,un,,noun,,time-dates,176
tricolore-1-5th-edition,quel âge as-tu?,,,phrase,,personal-info,176
tricolore-1-5th-edition,question,une,,noun,,school,176
tricolore-1-5th-edition,radio,une,,noun,,hobby,176
tricolore-1-5th-edition,regarder,,,verb,,none,176
tricolore-1-5th-edition,religion,la,,noun,,school,176
tricolore-1-5th-edition,rentrer,,,verb,,daily-routine,176
tricolore-1-5th-edition,repas,un,,noun,,food,176
tricolore-1-5th-edition,restaurant,un,,noun,,restaurant,176
tricolore-1-5th-edition,rouge,,,adjective,,none,176
tricolore-1-5th-edition,route,la,,noun,,city-places,176
tricolore-1-5th-edition,rue,la,,noun,,city-places,176
tricolore-1-5th-edition,répondre,,,verb,,none,176
tricolore-1-5th-edition,"s'il vous plaît, s'il te plaît",,,phrase,,communication,176
tricolore-1-5th-edition,sais,je,,verb,,none,176
tricolore-1-5th-edition,salade,la,,noun,,food,176
tricolore-1-5th-edition,salle de séjour,la,,noun,,home,176
tricolore-1-5th-edition,salon,le,,noun,,home,176
tricolore-1-5th-edition,salut!,,,phrase,,communication,176
tricolore-1-5th-edition,santé,la,,noun,,health,176
tricolore-1-5th-edition,seulement,,,adverb,,none,176
tricolore-1-5th-edition,soirée,une,,noun,,family,176
tricolore-1-5th-edition,"son, sa, ses",,,other,,none,176
tricolore-1-5th-edition,souris,une,,noun,,communication,176
tricolore-1-5th-edition,souvent,,,adverb,,none,176
tricolore-1-5th-edition,station d'accueil MP3,une,,noun,,communication,176
tricolore-1-5th-edition,stylo,un,,noun,,school,176
tricolore-1-5th-edition,sur,,,preposition,,none,176
tricolore-1-5th-edition,surligneur,un,,noun,,school,176
tricolore-1-5th-edition,surnom,un,,noun,,personal-info,176
tricolore-1-5th-edition,sympa,,,adjective,,none,176
tricolore-1-5th-edition,tableau interactif,un,,noun,,school,176
tricolore-1-5th-edition,taille-crayon,un,,noun,,school,176
tricolore-1-5th-edition,tapis d'ordinateur,un,,noun,,communication,176
tricolore-1-5th-edition,touche,une,,noun,,communication,176
tricolore-1-5th-edition,tout près,,,adverb,,city-places,176
tricolore-1-5th-edition,tricot,un,,noun,,shopping,176
tricolore-1-5th-edition,trombone,un,,noun,,school,176
tricolore-1-5th-edition,trousse,une,,noun,,school,176
tricolore-1-5th-edition,tête,la,,noun,,health,176
tricolore-1-5th-edition,un peu,,,adverb,,none,176
tricolore-1-5th-edition,vacances (f pl),les,,noun,,vacation,176
tricolore-1-5th-edition,veste,une,,noun,,shopping,176
tricolore-1-5th-edition,viande,la,,noun,,food,176
tricolore-1-5th-edition,"vieux (vieille, vieux, vieilles)",,,adjective,,none,176
tricolore-1-5th-edition,vite,,,adverb,,none,176
tricolore-1-5th-edition,voici,,,phrase,,none,176
tricolore-1-5th-edition,voudrais,je,,verb,,restaurant,176
tricolore-1-5th-edition,voyage,un,,noun,,travel,176
tricolore-1-5th-edition,vraiment,,,adverb,,none,176
tricolore-1-5th-edition,VTT (vélo tout terrain),le,,noun,,hobby,176
tricolore-1-5th-edition,à côté de,,,preposition,,none,176
tricolore-1-5th-edition,à droite,,,phrase,,city-places,176
tricolore-1-5th-edition,à gauche,,,phrase,,city-places,176
tricolore-1-5th-edition,à la maison,,,phrase,,home,176
tricolore-1-5th-edition,écouter,,,verb,,hobby,176
tricolore-1-5th-edition,éducation physique (f) (l'EPS),l',,noun,,school,176
tricolore-1-5th-edition,éducation religieuse (f),l',,noun,,school,176
tricolore-1-5th-edition,élève,un(e),,noun,,school,176
tricolore-1-5th-edition,(chaîne) stéréo,une,,noun,,hobby,177
tricolore-1-5th-edition,(faire de) la natation,,,phrase,,hobby,177
tricolore-1-5th-edition,(je suis) désolé(e),,,phrase,,communication,177
tricolore-1-5th-edition,(les cheveux) raide(s),,,adjective,,personal-info,177
tricolore-1-5th-edition,affaires (f pl),les,,noun,,none,177
tricolore-1-5th-edition,affreux,,,adjective,,none,177
tricolore-1-5th-edition,allumer,,,verb,,communication,177
tricolore-1-5th-edition,"alors, donc",,,other,,none,177
tricolore-1-5th-edition,"alors, puis",,,other,,none,177
tricolore-1-5th-edition,an,un,,noun,,time-dates,177
tricolore-1-5th-edition,année,une,,noun,,time-dates,177
tricolore-1-5th-edition,assieds-toi/asseyez-vous,,,phrase,,school,177
tricolore-1-5th-edition,attention!,,,phrase,,none,177
tricolore-1-5th-edition,au printemps,,,phrase,,weather,177
tricolore-1-5th-edition,auberge de jeunesse,une,,noun,,vacation,177
tricolore-1-5th-edition,aujourd'hui,,,adverb,,time-dates,177
tricolore-1-5th-edition,avec,,,preposition,,none,177
tricolore-1-5th-edition,baskets (f pl),des,,noun,,shopping,177
tricolore-1-5th-edition,beau-père,un,,noun,,family,177
tricolore-1-5th-edition,beaucoup,,,adverb,,none,177
tricolore-1-5th-edition,belle-mère,une,,noun,,family,177
tricolore-1-5th-edition,bien,,,adverb,,none,177
tricolore-1-5th-edition,bientôt,,,adverb,,time-dates,177
tricolore-1-5th-edition,blanc/blanche,,,adjective,,none,177
tricolore-1-5th-edition,bonbon,un,,noun,,food,177
tricolore-1-5th-edition,c'est,,,phrase,,none,177
tricolore-1-5th-edition,c'est faux,,,phrase,,none,177
tricolore-1-5th-edition,cartable,un,,noun,,school,177
tricolore-1-5th-edition,centre commercial,le,,noun,,shopping,177
tricolore-1-5th-edition,centre-ville,le,,noun,,city-places,177
tricolore-1-5th-edition,chanson,une,,noun,,hobby,177
tricolore-1-5th-edition,chanter,,,verb,,hobby,177
tricolore-1-5th-edition,chaussette,une,,noun,,shopping,177
tricolore-1-5th-edition,chaussure,une,,noun,,shopping,177
tricolore-1-5th-edition,chemise,une,,noun,,shopping,177
tricolore-1-5th-edition,chemisier,un,,noun,,shopping,177
tricolore-1-5th-edition,chose,une,,noun,,none,177
tricolore-1-5th-edition,ciseaux (m pl),des,,noun,,school,177
tricolore-1-5th-edition,clé USB,une,,noun,,communication,177
tricolore-1-5th-edition,collège,un,,noun,,school,177
tricolore-1-5th-edition,commencer,,,verb,,none,177
tricolore-1-5th-edition,comment?,,,phrase,,communication,177
tricolore-1-5th-edition,contrôle,un,,noun,,school,177
tricolore-1-5th-edition,cravate,une,,noun,,shopping,177
tricolore-1-5th-edition,de quelle couleur est-il?,,,phrase,,none,177
tricolore-1-5th-edition,de temps en temps,,,phrase,,time-dates,177
tricolore-1-5th-edition,demi-frère,un,,noun,,family,177
tricolore-1-5th-edition,demi-sœur,une,,noun,,family,177
tricolore-1-5th-edition,deuxième,,,adjective,,none,177
tricolore-1-5th-edition,dimanche,,,noun,,time-dates,177
tricolore-1-5th-edition,dis/dites,,,verb,,communication,177
tricolore-1-5th-edition,donc,,,other,,none,177
tricolore-1-5th-edition,eau (f),l',,noun,,food,177
tricolore-1-5th-edition,elle,,,other,,none,177
tricolore-1-5th-edition,emploi du temps,un,,noun,,school,177
tricolore-1-5th-edition,en hiver,,,phrase,,weather,177
tricolore-1-5th-edition,en ville,,,phrase,,city-places,177
tricolore-1-5th-edition,en été,,,phrase,,weather,177
tricolore-1-5th-edition,ensemble,,,adverb,,none,177
tricolore-1-5th-edition,escalier (m),l',,noun,,home,177
tricolore-1-5th-edition,Espagne (f),l',,noun,,travel,177
tricolore-1-5th-edition,espagnol,,,adjective,,school,177
tricolore-1-5th-edition,faire de la planche à voile,,,phrase,,hobby,177
tricolore-1-5th-edition,faire de la voile,,,phrase,,hobby,177
tricolore-1-5th-edition,faire des courses/du shopping,,,phrase,,shopping,177
tricolore-1-5th-edition,faire du roller,,,phrase,,hobby,177
tricolore-1-5th-edition,faire du ski,,,phrase,,hobby,177
tricolore-1-5th-edition,faire une promenade,,,phrase,,hobby,177
tricolore-1-5th-edition,fatigant,,,adjective,,none,177
tricolore-1-5th-edition,fatigué,,,adjective,,health,177
tricolore-1-5th-edition,femme,une,,noun,,none,177
tricolore-1-5th-edition,fenêtre,une,,noun,,home,177
tricolore-1-5th-edition,fils,un,,noun,,family,177
tricolore-1-5th-edition,fraise,une,,noun,,food,177
tricolore-1-5th-edition,gagner,,,verb,,hobby,177
tricolore-1-5th-edition,gallois,,,adjective,,none,177
tricolore-1-5th-edition,gare,la,,noun,,city-places,177
tricolore-1-5th-edition,gomme,une,,noun,,school,177
tricolore-1-5th-edition,goûter,le,,noun,,food,177
tricolore-1-5th-edition,grand,,,adjective,,personal-info,177
tricolore-1-5th-edition,grandes vacances (f pl),les,,noun,,vacation,177
tricolore-1-5th-edition,grave,,,adjective,,none,177
tricolore-1-5th-edition,histoire,une,,noun,,school,177
tricolore-1-5th-edition,hiver (m),l',,noun,,weather,177
tricolore-1-5th-edition,hors-d'œuvre,un,,noun,,restaurant,177
tricolore-1-5th-edition,hôtel de ville,l',,noun,,city-places,177
tricolore-1-5th-edition,il fait chaud,,,phrase,,weather,177
tricolore-1-5th-edition,il fait mauvais,,,phrase,,weather,177
tricolore-1-5th-edition,il neige,,,phrase,,weather,177
tricolore-1-5th-edition,il y a,,,phrase,,none,177
tricolore-1-5th-edition,il y a du soleil,,,phrase,,weather,177
tricolore-1-5th-edition,il y a du vent,,,phrase,,weather,177
tricolore-1-5th-edition,il/elle est comment?,,,phrase,,none,177
tricolore-1-5th-edition,ils/elles,,,other,,none,177
tricolore-1-5th-edition,jaune,,,adjective,,none,177
tricolore-1-5th-edition,je (ne) comprends (pas),,,phrase,,school,177
tricolore-1-5th-edition,jeu vidéo,un,,noun,,hobby,177
tricolore-1-5th-edition,jeudi,,,noun,,time-dates,177
tricolore-1-5th-edition,jumeau/jumelle,un/une,,noun,,family,177
tricolore-1-5th-edition,jupe,une,,noun,,shopping,177
tricolore-1-5th-edition,jusqu'à,,,preposition,,time-dates,177
tricolore-1-5th-edition,lentement,,,adverb,,none,177
tricolore-1-5th-edition,lunettes de soleil (f pl),des,,noun,,shopping,177
tricolore-1-5th-edition,lycée,un,,noun,,school,177
tricolore-1-5th-edition,là,,,adverb,,none,177
tricolore-1-5th-edition,légume,un,,noun,,food,177
tricolore-1-5th-edition,magasin,un,,noun,,shopping,177
tricolore-1-5th-edition,maillot de bain,un,,noun,,shopping,177
tricolore-1-5th-edition,mardi,,,noun,,time-dates,177
tricolore-1-5th-edition,mardi gras,,,noun,,vacation,177
tricolore-1-5th-edition,matière,une,,noun,,school,177
tricolore-1-5th-edition,mer,la,,noun,,vacation,177
tricolore-1-5th-edition,merci,,,phrase,,communication,177
tricolore-1-5th-edition,mercredi,,,noun,,time-dates,177
tricolore-1-5th-edition,mignon/mignonne,,,adjective,,none,177
tricolore-1-5th-edition,monde,le,,noun,,none,177
tricolore-1-5th-edition,mot,un,,noun,,school,177
tricolore-1-5th-edition,nom de famille,le,,noun,,personal-info,177
tricolore-1-5th-edition,normal,,,adjective,,none,177
tricolore-1-5th-edition,"normalement, d'habitude",,,adverb,,daily-routine,177
tricolore-1-5th-edition,nous,,,other,,none,177
tricolore-1-5th-edition,nul,,,adjective,,none,177
tricolore-1-5th-edition,office de tourisme,un,,noun,,travel,177
tricolore-1-5th-edition,ouest,l',,noun,,none,177
tricolore-1-5th-edition,oui,,,other,,none,177
tricolore-1-5th-edition,où,,,other,,none,177
tricolore-1-5th-edition,pantalon,un,,noun,,shopping,177
tricolore-1-5th-edition,parapluie,un,,noun,,weather,177
tricolore-1-5th-edition,parc d'attractions,un,,noun,,vacation,177
tricolore-1-5th-edition,pardon!,,,phrase,,communication,177
tricolore-1-5th-edition,parler,,,verb,,communication,177
tricolore-1-5th-edition,passer,,,verb,,time-dates,177
tricolore-1-5th-edition,patins à roulettes (m pl),des,,noun,,hobby,177
tricolore-1-5th-edition,pays de Galles,le,,noun,,travel,177
tricolore-1-5th-edition,penser,,,verb,,none,177
tricolore-1-5th-edition,petit,,,adjective,,none,177
tricolore-1-5th-edition,phrase,une,,noun,,school,177
tricolore-1-5th-edition,ping-pong,le,,noun,,hobby,177
tricolore-1-5th-edition,piscine,une,,noun,,vacation,177
tricolore-1-5th-edition,pièce,une,,noun,,home,177
tricolore-1-5th-edition,place,une,,noun,,city-places,177
tricolore-1-5th-edition,plusieurs,,,adjective,,none,177
tricolore-1-5th-edition,porter,,,verb,,shopping,177
tricolore-1-5th-edition,potage,le,,noun,,food,177
tricolore-1-5th-edition,pourquoi,,,adverb,,none,177
tricolore-1-5th-edition,prendre,,,verb,,none,177
tricolore-1-5th-edition,printemps,le,,noun,,weather,177
tricolore-1-5th-edition,professeur,un,,noun,,profession,177
tricolore-1-5th-edition,qu'est-ce que c'est?,,,phrase,,none,177
tricolore-1-5th-edition,quand,,,other,,time-dates,177
tricolore-1-5th-edition,"quel (quelle, quels, quelles)",,,adjective,,none,177
tricolore-1-5th-edition,quel temps fait-il?,,,phrase,,weather,177
tricolore-1-5th-edition,quelle est la date aujourd'hui?,,,phrase,,time-dates,177
tricolore-1-5th-edition,quelle heure est-il?,,,phrase,,time-dates,177
tricolore-1-5th-edition,quelque chose,,,other,,none,177
tricolore-1-5th-edition,quelquefois,,,adverb,,none,177
tricolore-1-5th-edition,qui,,,other,,none,177
tricolore-1-5th-edition,ranger,,,verb,,daily-routine,177
tricolore-1-5th-edition,regarder,,,verb,,hobby,177
tricolore-1-5th-edition,rester (à la maison),,,phrase,,daily-routine,177
tricolore-1-5th-edition,rollers (m pl),des,,noun,,hobby,177
tricolore-1-5th-edition,Royaume-Uni,le,,noun,,travel,177
tricolore-1-5th-edition,rue,une,,noun,,city-places,177
tricolore-1-5th-edition,rugby,le,,noun,,hobby,177
tricolore-1-5th-edition,règle,une,,noun,,school,177
tricolore-1-5th-edition,sac à dos,un,,noun,,school,177
tricolore-1-5th-edition,saison,une,,noun,,weather,177
tricolore-1-5th-edition,salade,une,,noun,,food,177
tricolore-1-5th-edition,salle,une,,noun,,school,177
tricolore-1-5th-edition,salle des profs,la,,noun,,school,177
tricolore-1-5th-edition,samedi,,,noun,,time-dates,177
tricolore-1-5th-edition,sandales (f pl),des,,noun,,shopping,177
tricolore-1-5th-edition,sandwich,un,,noun,,food,177
tricolore-1-5th-edition,sans,,,preposition,,none,177
tricolore-1-5th-edition,sauvegarder,,,verb,,communication,177
tricolore-1-5th-edition,sciences (f pl),les,,noun,,school,177
tricolore-1-5th-edition,sel,le,,noun,,food,177
tricolore-1-5th-edition,semaine,une,,noun,,time-dates,177
tricolore-1-5th-edition,septembre,,,noun,,time-dates,177
tricolore-1-5th-edition,serpent,un,,noun,,none,177
tricolore-1-5th-edition,short,un,,noun,,shopping,177
tricolore-1-5th-edition,site web,un,,noun,,communication,177
tricolore-1-5th-edition,situé,,,adjective,,city-places,177
tricolore-1-5th-edition,skate,un,,noun,,hobby,177
tricolore-1-5th-edition,smartphone,un,,noun,,communication,177
tricolore-1-5th-edition,soleil,le,,noun,,weather,177
tricolore-1-5th-edition,soupe,la,,noun,,food,177
tricolore-1-5th-edition,sous,,,preposition,,none,177
tricolore-1-5th-edition,sport,le,,noun,,hobby,177
tricolore-1-5th-edition,sportif/sportive,,,adjective,,none,177
tricolore-1-5th-edition,sucre,le,,noun,,food,177
tricolore-1-5th-edition,sucreries (f pl),des,,noun,,food,177
tricolore-1-5th-edition,sud,le,,noun,,none,177
tricolore-1-5th-edition,supermarché,un,,noun,,shopping,177
tricolore-1-5th-edition,surfer (sur le Net),,,verb,,communication,177
tricolore-1-5th-edition,SVT (Sciences de la Vie et de la Terre),,,noun,,school,177
tricolore-1-5th-edition,sweat,un,,noun,,shopping,177
tricolore-1-5th-edition,synagogue,une,,noun,,city-places,177
tricolore-1-5th-edition,syndicat d'initiative,un,,noun,,travel,177
tricolore-1-5th-edition,sœur,une,,noun,,family,177
tricolore-1-5th-edition,table,une,,noun,,home,177
tricolore-1-5th-edition,tablette,une,,noun,,communication,177
tricolore-1-5th-edition,taper,,,verb,,communication,177
tricolore-1-5th-edition,technologie,la,,noun,,school,177
tricolore-1-5th-edition,tee-shirt,un,,noun,,shopping,177
tricolore-1-5th-edition,temple,un,,noun,,city-places,177
tricolore-1-5th-edition,tennis,le,,noun,,hobby,177
tricolore-1-5th-edition,tennis de table,le,,noun,,hobby,177
tricolore-1-5th-edition,texto,un,,noun,,communication,177
tricolore-1-5th-edition,thé,le,,noun,,food,177
tricolore-1-5th-edition,théâtre,un,,noun,,city-places,177
tricolore-1-5th-edition,toast,le,,noun,,food,177
tricolore-1-5th-edition,toilettes (f pl),les,,noun,,home,177
tricolore-1-5th-edition,tomate,une,,noun,,food,177
tricolore-1-5th-edition,"ton, ta, tes; votre, vos",,,other,,none,177
tricolore-1-5th-edition,tout droit,,,adverb,,city-places,177
tricolore-1-5th-edition,train,un,,noun,,travel,177
tricolore-1-5th-edition,travailler,,,verb,,profession,177
tricolore-1-5th-edition,troisième,,,adjective,,none,177
tricolore-1-5th-edition,trompette,une,,noun,,hobby,177
tricolore-1-5th-edition,trop,,,adverb,,none,177
tricolore-1-5th-edition,très,,,adverb,,none,177
tricolore-1-5th-edition,"tu, toi, vous",,,other,,none,177
tricolore-1-5th-edition,télé,la,,noun,,hobby,177
tricolore-1-5th-edition,téléphoner,,,verb,,communication,177
tricolore-1-5th-edition,télévision,la,,noun,,hobby,177
tricolore-1-5th-edition,uniforme,un,,noun,,school,177
tricolore-1-5th-edition,utile,,,adjective,,none,177
tricolore-1-5th-edition,valise,une,,noun,,vacation,177
tricolore-1-5th-edition,vers,,,preposition,,none,177
tricolore-1-5th-edition,veux,je,,verb,,none,177
tricolore-1-5th-edition,veux,tu,,verb,,none,177
tricolore-1-5th-edition,vidéo,une,,noun,,hobby,177
tricolore-1-5th-edition,village,un,,noun,,city-places,177
tricolore-1-5th-edition,ville,une,,noun,,city-places,177
tricolore-1-5th-edition,vin,du,,noun,,food,177
tricolore-1-5th-edition,violon,un,,noun,,hobby,177
tricolore-1-5th-edition,visiter,,,verb,,vacation,177
tricolore-1-5th-edition,volley,le,,noun,,hobby,177
tricolore-1-5th-edition,voulez,vous,,verb,,none,177
tricolore-1-5th-edition,vrai,,,adjective,,none,177
tricolore-1-5th-edition,végétarien/végétarienne,,,adjective,,food,177
tricolore-1-5th-edition,weekend,le,,noun,,time-dates,177
tricolore-1-5th-edition,yaourt,un,,noun,,food,177
tricolore-1-5th-edition,zoo,un,,noun,,vacation,177
tricolore-1-5th-edition,à bientôt!,,,phrase,,communication,177
tricolore-1-5th-edition,école,une,,noun,,school,177
tricolore-1-5th-edition,écossais,,,adjective,,none,177
tricolore-1-5th-edition,Écosse (f),l',,noun,,travel,177
tricolore-1-5th-edition,écran,un,,noun,,communication,177
tricolore-1-5th-edition,écris/écrivez,,,verb,,school,177
tricolore-1-5th-edition,équipe,une,,noun,,hobby,177
tricolore-1-5th-edition,étudiant(e),un(e),,noun,,school,177
tricolore-1-5th-edition,été (m),l',,noun,,weather,177
tricolore-2-5th-edition,'envoi',,,noun,,none,154
tricolore-2-5th-edition,(à) mon avis,,,phrase,,none,154
tricolore-2-5th-edition,aider à la maison,,,phrase,,none,154
tricolore-2-5th-edition,allumer,,,verb,,none,154
tricolore-2-5th-edition,apprendre (par cœur),,,verb,,none,154
tricolore-2-5th-edition,argent,l',,noun,,shopping,154
tricolore-2-5th-edition,bic (m),,,noun,,none,154
tricolore-2-5th-edition,boissons,les,,noun,,food,154
tricolore-2-5th-edition,brancher,,,verb,,none,154
tricolore-2-5th-edition,cahier (m),,,noun,,school,154
tricolore-2-5th-edition,calculatrice (f),,,noun,,school,154
tricolore-2-5th-edition,cartable (m),,,noun,,school,154
tricolore-2-5th-edition,carte (f),,,noun,,none,154
tricolore-2-5th-edition,casse-croûtes,les,,noun,,food,154
tricolore-2-5th-edition,chaise (f),,,noun,,none,154
tricolore-2-5th-edition,charger,,,verb,,none,154
tricolore-2-5th-edition,chercher dans le dictionnaire,,,verb,,school,154
tricolore-2-5th-edition,chez une famille,,,phrase,,family,154
tricolore-2-5th-edition,choisir,,,verb,,none,154
tricolore-2-5th-edition,classeur (m),,,noun,,communication,154
tricolore-2-5th-edition,clavier (m),,,noun,,communication,154
tricolore-2-5th-edition,cliquer sur la souris,,,verb,,communication,154
tricolore-2-5th-edition,clé USB (f),,,noun,,none,154
tricolore-2-5th-edition,commencer,,,verb,,none,154
tricolore-2-5th-edition,corriger,,,verb,,none,154
tricolore-2-5th-edition,couper-coller,,,verb,,none,154
tricolore-2-5th-edition,curseur (m),,,noun,,communication,154
tricolore-2-5th-edition,descriptions,les,,noun,,none,154
tricolore-2-5th-edition,dessiner,,,verb,,none,154
tricolore-2-5th-edition,deviner,,,verb,,none,154
tricolore-2-5th-edition,distractions,les,,noun,,hobby,154
tricolore-2-5th-edition,distribuer,,,verb,,none,154
tricolore-2-5th-edition,effacer,,,verb,,none,154
tricolore-2-5th-edition,en classe,,,phrase,,school,154
tricolore-2-5th-edition,en ligne,,,phrase,,none,154
tricolore-2-5th-edition,en voyage,,,phrase,,none,154
tricolore-2-5th-edition,encore une fois,,,phrase,,none,154
tricolore-2-5th-edition,essayer,,,verb,,none,154
tricolore-2-5th-edition,excursion,une,,noun,,vacation,154
tricolore-2-5th-edition,expliquer,,,verb,,none,154
tricolore-2-5th-edition,famille,la,,noun,,family,154
tricolore-2-5th-edition,fermer,,,verb,,none,154
tricolore-2-5th-edition,feutre (m),,,noun,,none,154
tricolore-2-5th-edition,fichier (m),,,noun,,communication,154
tricolore-2-5th-edition,finir,,,verb,,none,154
tricolore-2-5th-edition,gagner,,,verb,,none,154
tricolore-2-5th-edition,glaces,les,,noun,,none,154
tricolore-2-5th-edition,gomme (f),,,noun,,school,154
tricolore-2-5th-edition,imprimante (f),,,noun,,communication,154
tricolore-2-5th-edition,informatique (f),l',,noun,,none,154
tricolore-2-5th-edition,iPod (m),,,noun,,none,154
tricolore-2-5th-edition,lecteur CD (m),,,noun,,none,154
tricolore-2-5th-edition,lecteur MP3 (m),,,noun,,none,154
tricolore-2-5th-edition,lecture,la,,noun,,hobby,154
tricolore-2-5th-edition,lien (m),,,noun,,communication,154
tricolore-2-5th-edition,magasins,les,,noun,,shopping,154
tricolore-2-5th-edition,marquer,,,verb,,none,154
tricolore-2-5th-edition,match,un,,noun,,hobby,154
tricolore-2-5th-edition,matières scolaires,les,,noun,,school,154
tricolore-2-5th-edition,matériel scolaire,le,,noun,,school,154
tricolore-2-5th-edition,menu (m),,,noun,,restaurant,154
tricolore-2-5th-edition,message (m),,,noun,,communication,154
tricolore-2-5th-edition,mettre dans le bon ordre,,,verb,,none,154
tricolore-2-5th-edition,moniteur (m),,,noun,,none,154
tricolore-2-5th-edition,mot de passe (m),,,noun,,communication,154
tricolore-2-5th-edition,noter,,,verb,,none,154
tricolore-2-5th-edition,on sort,,,phrase,,none,154
tricolore-2-5th-edition,ordinateur (m),,,noun,,communication,154
tricolore-2-5th-edition,oublier,,,verb,,none,154
tricolore-2-5th-edition,ouvrir,,,verb,,none,154
tricolore-2-5th-edition,parler,,,verb,,none,154
tricolore-2-5th-edition,parties du corps,les,,noun,,hobby,154
tricolore-2-5th-edition,pays et les continents,les,,noun,,travel,154
tricolore-2-5th-edition,penser,,,verb,,none,154
tricolore-2-5th-edition,plats d'un repas,les,,noun,,food,154
tricolore-2-5th-edition,poser une question,,,verb,,none,154
tricolore-2-5th-edition,quantités,les,,noun,,none,154
tricolore-2-5th-edition,ranger,,,verb,,none,154
tricolore-2-5th-edition,repas au restaurant,un,,noun,,restaurant,154
tricolore-2-5th-edition,routine journalière,la,,noun,,daily-routine,154
tricolore-2-5th-edition,règle (f),,,noun,,school,154
tricolore-2-5th-edition,répondre,,,verb,,none,154
tricolore-2-5th-edition,répéter,,,verb,,none,154
tricolore-2-5th-edition,sac de sports (m),,,noun,,hobby,154
tricolore-2-5th-edition,sac à dos (m),,,noun,,none,154
tricolore-2-5th-edition,santé,la,,noun,,health,154
tricolore-2-5th-edition,savoir,,,verb,,none,154
tricolore-2-5th-edition,souligner,,,verb,,none,154
tricolore-2-5th-edition,stylo à bille (m),,,noun,,none,154
tricolore-2-5th-edition,surligneur (m),,,noun,,none,154
tricolore-2-5th-edition,table (f),,,noun,,none,154
tricolore-2-5th-edition,tableau (m),,,noun,,none,154
tricolore-2-5th-edition,tableau interactif (m),,,noun,,none,154
tricolore-2-5th-edition,taille-crayon (m),,,noun,,school,154
tricolore-2-5th-edition,temps passé,le,,noun,,time-dates,154
tricolore-2-5th-edition,tourner,,,verb,,none,154
tricolore-2-5th-edition,transports,les,,noun,,travel,154
tricolore-2-5th-edition,travailler (en équipes),,,verb,,none,154
tricolore-2-5th-edition,trousse (f),,,noun,,school,154
tricolore-2-5th-edition,trouver,,,verb,,none,154
tricolore-2-5th-edition,télévision (f),,,noun,,none,154
tricolore-2-5th-edition,vie au collège,la,,noun,,school,154
tricolore-2-5th-edition,vérifier,,,verb,,none,154
tricolore-2-5th-edition,vêtements,les,,noun,,shopping,154
tricolore-2-5th-edition,à la gare,,,phrase,,travel,154
tricolore-2-5th-edition,écouter,,,verb,,none,154
tricolore-2-5th-edition,écran (m),,,noun,,communication,154
tricolore-2-5th-edition,écrire,,,verb,,none,154
tricolore-2-5th-edition,aller en discothèque/boîte (f),,,verb,,hobby,155
tricolore-2-5th-edition,animaux (m pl),les,,noun,,none,155
tricolore-2-5th-edition,assez,,,adverb,,none,155
tricolore-2-5th-edition,athlétisme (m),,,noun,,hobby,155
tricolore-2-5th-edition,auberge de jeunesse (f),,,noun,,vacation,155
tricolore-2-5th-edition,badminton (m),,,noun,,none,155
tricolore-2-5th-edition,banque (f),,,noun,,city-places,155
tricolore-2-5th-edition,batterie (f),,,noun,,hobby,155
tricolore-2-5th-edition,beau-frère (m),,,noun,,family,155
tricolore-2-5th-edition,belle-sœur (f),,,noun,,family,155
tricolore-2-5th-edition,bâtiments religieux (m pl),des,,noun,,none,155
tricolore-2-5th-edition,C'est amusant,,,phrase,,none,155
tricolore-2-5th-edition,C'est difficile,,,phrase,,none,155
tricolore-2-5th-edition,C'est ennuyeux,,,phrase,,none,155
tricolore-2-5th-edition,C'est facile,,,phrase,,none,155
tricolore-2-5th-edition,C'est intéressant,,,phrase,,none,155
tricolore-2-5th-edition,C'est nul,,,phrase,,none,155
tricolore-2-5th-edition,C'est super,,,phrase,,none,155
tricolore-2-5th-edition,C'est sympa,,,phrase,,none,155
tricolore-2-5th-edition,C'est utile,,,phrase,,none,155
tricolore-2-5th-edition,camping (m),,,noun,,vacation,155
tricolore-2-5th-edition,cathédrale (f),,,noun,,city-places,155
tricolore-2-5th-edition,centre-ville (m),,,noun,,city-places,155
tricolore-2-5th-edition,chambre (f),,,noun,,home,155
tricolore-2-5th-edition,chat (m),,,noun,,none,155
tricolore-2-5th-edition,chatte (f),,,noun,,none,155
tricolore-2-5th-edition,cheval (m),,,noun,,none,155
tricolore-2-5th-edition,chien (m),,,noun,,none,155
tricolore-2-5th-edition,cochon d'Inde (m),,,noun,,none,155
tricolore-2-5th-edition,collège (m),,,noun,,school,155
tricolore-2-5th-edition,concert (m),,,noun,,hobby,155
tricolore-2-5th-edition,cousin(e) (m/f),,,noun,,family,155
tricolore-2-5th-edition,cricket (m),,,noun,,hobby,155
tricolore-2-5th-edition,cuisine (f),,,noun,,home,155
tricolore-2-5th-edition,cyclisme (m),,,noun,,hobby,155
tricolore-2-5th-edition,d'autres loisirs,,,phrase,,hobby,155
tricolore-2-5th-edition,demi-frère (m),,,noun,,none,155
tricolore-2-5th-edition,demi-sœur (f),,,noun,,none,155
tricolore-2-5th-edition,en automne (m),,,phrase,,time-dates,155
tricolore-2-5th-edition,en hiver (m),,,phrase,,time-dates,155
tricolore-2-5th-edition,en ville,,,phrase,,city-places,155
tricolore-2-5th-edition,en été (m),,,phrase,,time-dates,155
tricolore-2-5th-edition,est,l',,noun,,travel,155
tricolore-2-5th-edition,exposition (f),,,noun,,hobby,155
tricolore-2-5th-edition,faire de la peinture,,,verb,,hobby,155
tricolore-2-5th-edition,faire des photos,,,verb,,hobby,155
tricolore-2-5th-edition,faire du dessin,,,verb,,hobby,155
tricolore-2-5th-edition,faire du théâtre,,,verb,,hobby,155
tricolore-2-5th-edition,famille,la,,noun,,family,155
tricolore-2-5th-edition,fenêtre (f),,,noun,,home,155
tricolore-2-5th-edition,feu d'artifice (m),,,noun,,hobby,155
tricolore-2-5th-edition,fille (unique) (f),,,noun,,family,155
tricolore-2-5th-edition,fils (unique) (m),,,noun,,family,155
tricolore-2-5th-edition,flûte (f),,,noun,,hobby,155
tricolore-2-5th-edition,flûte à bec (f),,,noun,,none,155
tricolore-2-5th-edition,football (m),,,noun,,hobby,155
tricolore-2-5th-edition,fromage (m),,,noun,,food,155
tricolore-2-5th-edition,frère (m),,,noun,,family,155
tricolore-2-5th-edition,fête (f),,,noun,,hobby,155
tricolore-2-5th-edition,fête foraine (f),,,noun,,none,155
tricolore-2-5th-edition,garage (m),,,noun,,home,155
tricolore-2-5th-edition,gare (f),,,noun,,travel,155
tricolore-2-5th-edition,golf (m),,,noun,,hobby,155
tricolore-2-5th-edition,grand-mère (f),,,noun,,family,155
tricolore-2-5th-edition,grand-père (m),,,noun,,family,155
tricolore-2-5th-edition,guitare (f),,,noun,,hobby,155
tricolore-2-5th-edition,gymnastique (f),,,noun,,hobby,155
tricolore-2-5th-edition,hamster (m),,,noun,,none,155
tricolore-2-5th-edition,hôpital (m),,,noun,,health,155
tricolore-2-5th-edition,hôtel (m),,,noun,,none,155
tricolore-2-5th-edition,hôtel de ville (m),,,noun,,city-places,155
tricolore-2-5th-edition,il fait beau,,,phrase,,weather,155
tricolore-2-5th-edition,il fait chaud,,,phrase,,weather,155
tricolore-2-5th-edition,il fait froid,,,phrase,,weather,155
tricolore-2-5th-edition,il fait mauvais,,,phrase,,weather,155
tricolore-2-5th-edition,il neige,,,phrase,,weather,155
tricolore-2-5th-edition,il pleut,,,phrase,,weather,155
tricolore-2-5th-edition,il y a du brouillard,,,phrase,,weather,155
tricolore-2-5th-edition,il y a du soleil,,,phrase,,weather,155
tricolore-2-5th-edition,il y a du vent,,,phrase,,weather,155
tricolore-2-5th-edition,jambon (m),,,noun,,food,155
tricolore-2-5th-edition,jardin (m),,,noun,,home,155
tricolore-2-5th-edition,je ne suis pas d'accord,,,phrase,,none,155
tricolore-2-5th-edition,je suis d'accord,,,phrase,,none,155
tricolore-2-5th-edition,je suis pour/contre,,,phrase,,none,155
tricolore-2-5th-edition,jouer aux cartes,,,verb,,hobby,155
tricolore-2-5th-edition,jouer aux jeux vidéo,,,verb,,hobby,155
tricolore-2-5th-edition,jouer aux échecs,,,verb,,hobby,155
tricolore-2-5th-edition,jouer à l'ordinateur,,,verb,,communication,155
tricolore-2-5th-edition,lapin (m),,,noun,,none,155
tricolore-2-5th-edition,lit (m),,,noun,,home,155
tricolore-2-5th-edition,loin de,,,phrase,,none,155
tricolore-2-5th-edition,marché (m),,,noun,,shopping,155
tricolore-2-5th-edition,mosquée (f),,,noun,,city-places,155
tricolore-2-5th-edition,musique,la,,noun,,none,155
tricolore-2-5th-edition,musée (m),,,noun,,city-places,155
tricolore-2-5th-edition,mère (f),,,noun,,family,155
tricolore-2-5th-edition,nord,le,,noun,,travel,155
tricolore-2-5th-edition,nourriture,la,,noun,,food,155
tricolore-2-5th-edition,office de tourisme (m),,,noun,,travel,155
tricolore-2-5th-edition,oiseau (m),,,noun,,none,155
tricolore-2-5th-edition,omelette (f),,,noun,,food,155
tricolore-2-5th-edition,oncle (m),,,noun,,family,155
tricolore-2-5th-edition,ouest,l',,noun,,travel,155
tricolore-2-5th-edition,parc (m),,,noun,,city-places,155
tricolore-2-5th-edition,parking (m),,,noun,,city-places,155
tricolore-2-5th-edition,patinoire (f),,,noun,,city-places,155
tricolore-2-5th-edition,perroquet (m),,,noun,,none,155
tricolore-2-5th-edition,perruche (f),,,noun,,none,155
tricolore-2-5th-edition,peu,un,,noun,,none,155
tricolore-2-5th-edition,piano (m),,,noun,,hobby,155
tricolore-2-5th-edition,piscine (f),,,noun,,city-places,155
tricolore-2-5th-edition,pizza (f),,,noun,,food,155
tricolore-2-5th-edition,place (f),,,noun,,city-places,155
tricolore-2-5th-edition,planche à voile (f),,,noun,,hobby,155
tricolore-2-5th-edition,points cardinaux,les,,noun,,none,155
tricolore-2-5th-edition,poisson (m),,,noun,,food,155
tricolore-2-5th-edition,poisson rouge (m),,,noun,,none,155
tricolore-2-5th-edition,portable (m),,,noun,,none,155
tricolore-2-5th-edition,porte (f),,,noun,,home,155
tricolore-2-5th-edition,poste (f),,,noun,,city-places,155
tricolore-2-5th-edition,potage (m),,,noun,,food,155
tricolore-2-5th-edition,poulet (m),,,noun,,food,155
tricolore-2-5th-edition,printemps (m),au,,phrase,,time-dates,155
tricolore-2-5th-edition,près d'ici,,,phrase,,none,155
tricolore-2-5th-edition,près de,,,phrase,,none,155
tricolore-2-5th-edition,pâté (m),,,noun,,food,155
tricolore-2-5th-edition,père (m),,,noun,,family,155
tricolore-2-5th-edition,Quelle direction?,,,phrase,,travel,155
tricolore-2-5th-edition,restaurant (m),,,noun,,restaurant,155
tricolore-2-5th-edition,roller (m),,,noun,,hobby,155
tricolore-2-5th-edition,rue (principale) (f),,,noun,,city-places,155
tricolore-2-5th-edition,rugby (m),,,noun,,hobby,155
tricolore-2-5th-edition,réfrigérateur (m),,,noun,,home,155
tricolore-2-5th-edition,saisons (f pl),les,,noun,,time-dates,155
tricolore-2-5th-edition,salle de bains (f),,,noun,,home,155
tricolore-2-5th-edition,salle à manger (f),,,noun,,home,155
tricolore-2-5th-edition,salon (m),,,noun,,home,155
tricolore-2-5th-edition,sauvegarder,,,verb,,none,155
tricolore-2-5th-edition,serpent (m),,,noun,,none,155
tricolore-2-5th-edition,site web (m),,,noun,,communication,155
tricolore-2-5th-edition,skate (m),,,noun,,none,155
tricolore-2-5th-edition,ski (m),,,noun,,hobby,155
tricolore-2-5th-edition,soirée (f),,,noun,,hobby,155
tricolore-2-5th-edition,souris (f),,,noun,,communication,155
tricolore-2-5th-edition,sports (m pl),les,,noun,,hobby,155
tricolore-2-5th-edition,stade (m),,,noun,,city-places,155
tricolore-2-5th-edition,sud,le,,noun,,travel,155
tricolore-2-5th-edition,surfer sur Internet,,,verb,,communication,155
tricolore-2-5th-edition,surligner,,,verb,,none,155
tricolore-2-5th-edition,synagogue (f),,,noun,,city-places,155
tricolore-2-5th-edition,sœur (f),,,noun,,family,155
tricolore-2-5th-edition,tablette (f),,,noun,,none,155
tricolore-2-5th-edition,tante (f),,,noun,,family,155
tricolore-2-5th-edition,taper,,,verb,,none,155
tricolore-2-5th-edition,tarentule (f),,,noun,,none,155
tricolore-2-5th-edition,temple (m),,,noun,,city-places,155
tricolore-2-5th-edition,temps,le,,noun,,weather,155
tricolore-2-5th-edition,tennis (m),,,noun,,hobby,155
tricolore-2-5th-edition,touche (f),,,noun,,none,155
tricolore-2-5th-edition,tout droit,,,phrase,,none,155
tricolore-2-5th-edition,tout près,,,phrase,,none,155
tricolore-2-5th-edition,très,,,adverb,,none,155
tricolore-2-5th-edition,viande (f),,,noun,,food,155
tricolore-2-5th-edition,violon (m),,,noun,,hobby,155
tricolore-2-5th-edition,visualiser,,,verb,,none,155
tricolore-2-5th-edition,voile (f),,,noun,,hobby,155
tricolore-2-5th-edition,VTT (vélo tout terrain) (m),,,noun,,vacation,155
tricolore-2-5th-edition,à droite,,,phrase,,none,155
tricolore-2-5th-edition,à gauche,,,phrase,,none,155
tricolore-2-5th-edition,à la maison,,,phrase,,none,155
tricolore-2-5th-edition,à mon avis,,,phrase,,none,155
tricolore-2-5th-edition,À quelle distance?,,,phrase,,none,155
tricolore-2-5th-edition,à … kilomètres de,,,phrase,,travel,155
tricolore-2-5th-edition,à … milles de,,,phrase,,travel,155
tricolore-2-5th-edition,école (f),,,noun,,school,155
tricolore-2-5th-edition,église (f),,,noun,,city-places,155
tricolore-2-5th-edition,équitation (f),,,noun,,none,155
tricolore-2-5th-edition,(bleu) clair (inv),,,adjective,,none,156
tricolore-2-5th-edition,(vert) foncé (inv),,,adjective,,none,156
tricolore-2-5th-edition,août,,,noun,,time-dates,156
tricolore-2-5th-edition,aujourd'hui,,,adverb,,time-dates,156
tricolore-2-5th-edition,aussi,,,adverb,,none,156
tricolore-2-5th-edition,avenir,l',,noun,,time-dates,156
tricolore-2-5th-edition,avril,,,noun,,time-dates,156
tricolore-2-5th-edition,banane (f),,,noun,,food,156
tricolore-2-5th-edition,beurre (m),,,noun,,food,156
tricolore-2-5th-edition,bientôt,,,adverb,,time-dates,156
tricolore-2-5th-edition,blanc (blanche),,,adjective,,none,156
tricolore-2-5th-edition,bleu,,,adjective,,none,156
tricolore-2-5th-edition,blond,,,adjective,,none,156
tricolore-2-5th-edition,boissons chaudes (f pl),des,,noun,,food,156
tricolore-2-5th-edition,boissons froides (f pl),des,,noun,,food,156
tricolore-2-5th-edition,Bon anniversaire,,,phrase,,none,156
tricolore-2-5th-edition,Bonne année,,,phrase,,time-dates,156
tricolore-2-5th-edition,Bonne fête,,,phrase,,time-dates,156
tricolore-2-5th-edition,brun,,,adjective,,none,156
tricolore-2-5th-edition,café (m),,,noun,,restaurant,156
tricolore-2-5th-edition,carottes (f pl),,,noun,,food,156
tricolore-2-5th-edition,ce matin,,,phrase,,time-dates,156
tricolore-2-5th-edition,ce soir,,,phrase,,time-dates,156
tricolore-2-5th-edition,cent,,,other,,none,156
tricolore-2-5th-edition,cet après-midi,,,phrase,,time-dates,156
tricolore-2-5th-edition,champignon (m),,,noun,,food,156
tricolore-2-5th-edition,chocolat chaud (m),,,noun,,food,156
tricolore-2-5th-edition,chou (m),,,noun,,food,156
tricolore-2-5th-edition,chou-fleur (m),,,noun,,food,156
tricolore-2-5th-edition,châtain,,,adjective,,none,156
tricolore-2-5th-edition,cinq,,,other,,none,156
tricolore-2-5th-edition,cinquante,,,other,,none,156
tricolore-2-5th-edition,cinquante-et-un,,,other,,none,156
tricolore-2-5th-edition,cinquième,,,other,,none,156
tricolore-2-5th-edition,citron (m),,,noun,,food,156
tricolore-2-5th-edition,coca (m),,,noun,,food,156
tricolore-2-5th-edition,confiture (f),,,noun,,food,156
tricolore-2-5th-edition,confiture d'oranges (f),,,noun,,food,156
tricolore-2-5th-edition,conjonctions,des,,noun,,none,156
tricolore-2-5th-edition,couleurs (f pl),les,,noun,,none,156
tricolore-2-5th-edition,croissants (m pl),,,noun,,food,156
tricolore-2-5th-edition,céréales (f pl),,,noun,,food,156
tricolore-2-5th-edition,d'abord,,,adverb,,none,156
tricolore-2-5th-edition,dans l'ordre,,,phrase,,none,156
tricolore-2-5th-edition,demain,,,adverb,,time-dates,156
tricolore-2-5th-edition,desserts (m pl),des,,noun,,food,156
tricolore-2-5th-edition,deux,,,other,,none,156
tricolore-2-5th-edition,deux-cent-cinquante,,,other,,none,156
tricolore-2-5th-edition,deux-cents,,,other,,none,156
tricolore-2-5th-edition,deuxième,,,other,,none,156
tricolore-2-5th-edition,dimanche,,,noun,,time-dates,156
tricolore-2-5th-edition,dimanche dernier,,,phrase,,time-dates,156
tricolore-2-5th-edition,dix,,,other,,none,156
tricolore-2-5th-edition,dix-huit,,,other,,none,156
tricolore-2-5th-edition,dix-neuf,,,other,,none,156
tricolore-2-5th-edition,dix-sept,,,other,,none,156
tricolore-2-5th-edition,donc,,,other,,none,156
tricolore-2-5th-edition,douze,,,other,,none,156
tricolore-2-5th-edition,décembre,,,noun,,time-dates,156
tricolore-2-5th-edition,eau (f),,,noun,,food,156
tricolore-2-5th-edition,eau minérale (f),,,noun,,food,156
tricolore-2-5th-edition,en ce moment,,,phrase,,none,156
tricolore-2-5th-edition,ensuite,,,adverb,,time-dates,156
tricolore-2-5th-edition,et,,,other,,none,156
tricolore-2-5th-edition,et demie,,,phrase,,time-dates,156
tricolore-2-5th-edition,et quart,,,phrase,,time-dates,156
tricolore-2-5th-edition,fraise (f),,,noun,,food,156
tricolore-2-5th-edition,frites (f pl),,,noun,,food,156
tricolore-2-5th-edition,fruits (m pl),des,,noun,,food,156
tricolore-2-5th-edition,février,,,noun,,time-dates,156
tricolore-2-5th-edition,fête du 14 juillet / la fête nationale,la,,noun,,time-dates,156
tricolore-2-5th-edition,fêtes et les vœux,les,,noun,,none,156
tricolore-2-5th-edition,gris,,,adjective,,none,156
tricolore-2-5th-edition,gâteau (m),,,noun,,food,156
tricolore-2-5th-edition,haricots verts (m pl),,,noun,,none,156
tricolore-2-5th-edition,heure (f),l',,noun,Il est une heure/deux heures/trois heures …,time-dates,156
tricolore-2-5th-edition,hier,,,adverb,,time-dates,156
tricolore-2-5th-edition,hier matin/après-midi,,,phrase,,time-dates,156
tricolore-2-5th-edition,hier soir,,,phrase,,none,156
tricolore-2-5th-edition,huit,,,other,,none,156
tricolore-2-5th-edition,Il est midi et demi.,,,phrase,,time-dates,156
tricolore-2-5th-edition,Il est minuit et demi.,,,phrase,,time-dates,156
tricolore-2-5th-edition,janvier,,,noun,,time-dates,156
tricolore-2-5th-edition,jaune,,,adjective,,none,156
tricolore-2-5th-edition,jeudi,,,noun,,time-dates,156
tricolore-2-5th-edition,jour de l'An,le,,noun,,time-dates,156
tricolore-2-5th-edition,jours de la semaine,les,,noun,,time-dates,156
tricolore-2-5th-edition,Joyeuses Pâques,,,phrase,,none,156
tricolore-2-5th-edition,Joyeux Noël,,,phrase,,none,156
tricolore-2-5th-edition,juillet,,,noun,,time-dates,156
tricolore-2-5th-edition,juin,,,noun,,time-dates,156
tricolore-2-5th-edition,jus de fruit (m),,,noun,,food,156
tricolore-2-5th-edition,kiwi (m),,,noun,,food,156
tricolore-2-5th-edition,lait (m),,,noun,,food,156
tricolore-2-5th-edition,limonade (f),,,noun,,food,156
tricolore-2-5th-edition,lundi,,,noun,,time-dates,156
tricolore-2-5th-edition,lundi prochain,,,phrase,,time-dates,156
tricolore-2-5th-edition,légumes (m pl),des,,noun,,food,156
tricolore-2-5th-edition,mai,,,noun,,time-dates,156
tricolore-2-5th-edition,maintenant,,,adverb,,time-dates,156
tricolore-2-5th-edition,mais,,,other,,none,156
tricolore-2-5th-edition,mardi,,,noun,,time-dates,156
tricolore-2-5th-edition,Mardi gras,,,phrase,,time-dates,156
tricolore-2-5th-edition,marron (inv),,,adjective,,none,156
tricolore-2-5th-edition,mars,,,noun,,time-dates,156
tricolore-2-5th-edition,melon (m),,,noun,,food,156
tricolore-2-5th-edition,mercredi,,,noun,,time-dates,156
tricolore-2-5th-edition,mille,,,other,,none,156
tricolore-2-5th-edition,moins cinq,,,phrase,,time-dates,156
tricolore-2-5th-edition,moins dix,,,phrase,,time-dates,156
tricolore-2-5th-edition,moins le quart,,,phrase,,time-dates,156
tricolore-2-5th-edition,moins vingt,,,phrase,,time-dates,156
tricolore-2-5th-edition,moins vingt-cinq,,,phrase,,time-dates,156
tricolore-2-5th-edition,mois de l'année,les,,noun,,time-dates,156
tricolore-2-5th-edition,neuf,,,other,,none,156
tricolore-2-5th-edition,noir,,,adjective,,none,156
tricolore-2-5th-edition,nombres (m pl),les,,noun,,none,156
tricolore-2-5th-edition,novembre,,,noun,,time-dates,156
tricolore-2-5th-edition,Noël,,,noun,,none,156
tricolore-2-5th-edition,octobre,,,noun,,time-dates,156
tricolore-2-5th-edition,onze,,,other,,none,156
tricolore-2-5th-edition,orange (f),,,noun,,food,156
tricolore-2-5th-edition,orange (inv),,,adjective,,food,156
tricolore-2-5th-edition,ou,,,other,,none,156
tricolore-2-5th-edition,pain (m),,,noun,,health,156
tricolore-2-5th-edition,passé,le,,noun,,time-dates,156
tricolore-2-5th-edition,petit déjeuner,le,,noun,,food,156
tricolore-2-5th-edition,petits pois (m pl),,,noun,,food,156
tricolore-2-5th-edition,plus tard,,,phrase,,time-dates,156
tricolore-2-5th-edition,poire (f),,,noun,,food,156
tricolore-2-5th-edition,pomme (f),,,noun,,food,156
tricolore-2-5th-edition,pommes de terre (f pl),,,noun,,food,156
tricolore-2-5th-edition,premier (première),,,other,,none,156
tricolore-2-5th-edition,présent,le,,noun,,shopping,156
tricolore-2-5th-edition,puis,,,other,,none,156
tricolore-2-5th-edition,Pâques,,,noun,,none,156
tricolore-2-5th-edition,pêche (f),,,noun,,food,156
tricolore-2-5th-edition,quarante,,,other,,none,156
tricolore-2-5th-edition,quarante-et-un,,,other,,none,156
tricolore-2-5th-edition,quatorze,,,other,,none,156
tricolore-2-5th-edition,quatre,,,other,,none,156
tricolore-2-5th-edition,quatre-vingt-deux,,,other,,none,156
tricolore-2-5th-edition,quatre-vingt-dix,,,other,,none,156
tricolore-2-5th-edition,quatre-vingt-onze,,,other,,none,156
tricolore-2-5th-edition,quatre-vingt-un,,,other,,none,156
tricolore-2-5th-edition,quatre-vingts,,,other,,none,156
tricolore-2-5th-edition,quatrième,,,other,,none,156
tricolore-2-5th-edition,Quelle heure est-il?,,,phrase,,time-dates,156
tricolore-2-5th-edition,quinze,,,other,,none,156
tricolore-2-5th-edition,raisin (m),,,noun,,food,156
tricolore-2-5th-edition,rose,,,adjective,,none,156
tricolore-2-5th-edition,rouge,,,adjective,,none,156
tricolore-2-5th-edition,roux,,,adjective,,none,156
tricolore-2-5th-edition,salade (f),,,noun,,food,156
tricolore-2-5th-edition,samedi,,,noun,,time-dates,156
tricolore-2-5th-edition,samedi matin,,,phrase,,time-dates,156
tricolore-2-5th-edition,seize,,,other,,none,156
tricolore-2-5th-edition,semaine dernière,la,,noun,,time-dates,156
tricolore-2-5th-edition,semaine prochaine,la,,noun,,time-dates,156
tricolore-2-5th-edition,sept,,,other,,none,156
tricolore-2-5th-edition,septembre,,,noun,,time-dates,156
tricolore-2-5th-edition,si,,,other,,none,156
tricolore-2-5th-edition,six,,,other,,none,156
tricolore-2-5th-edition,soixante,,,other,,none,156
tricolore-2-5th-edition,soixante-dix,,,other,,none,156
tricolore-2-5th-edition,soixante-douze,,,other,,none,156
tricolore-2-5th-edition,soixante-et-onze,,,other,,none,156
tricolore-2-5th-edition,soixante-et-un,,,other,,none,156
tricolore-2-5th-edition,sucre (m),,,noun,,food,156
tricolore-2-5th-edition,tarte aux pommes (f),,,noun,,food,156
tricolore-2-5th-edition,thé (m),,,noun,,food,156
tricolore-2-5th-edition,toasts (m pl),,,noun,,food,156
tricolore-2-5th-edition,tomate (f),,,noun,,food,156
tricolore-2-5th-edition,treize,,,other,,none,156
tricolore-2-5th-edition,trente,,,other,,none,156
tricolore-2-5th-edition,trente-et-un,,,other,,none,156
tricolore-2-5th-edition,trois,,,other,,none,156
tricolore-2-5th-edition,troisième,,,other,,none,156
tricolore-2-5th-edition,turquoise,,,adjective,,none,156
tricolore-2-5th-edition,un,,,other,,none,156
tricolore-2-5th-edition,vendredi,,,noun,,time-dates,156
tricolore-2-5th-edition,vert,,,adjective,,none,156
tricolore-2-5th-edition,vin (m),,,noun,,food,156
tricolore-2-5th-edition,vingt,,,other,,none,156
tricolore-2-5th-edition,vingt-deux,,,other,,none,156
tricolore-2-5th-edition,vingt-et-un,,,other,,none,156
tricolore-2-5th-edition,vingt-et-unième,,,other,,none,156
tricolore-2-5th-edition,vingt-trois,,,other,,none,156
tricolore-2-5th-edition,vingtième,,,other,,none,156
tricolore-2-5th-edition,weekend dernier,le,,noun,,none,156
tricolore-2-5th-edition,yaourt (m),,,noun,,food,156
tricolore-2-5th-edition,zéro,,,other,,none,156
tricolore-2-5th-edition,œuf (m),,,noun,,food,156
tricolore-2-5th-edition,œufs au bacon (m pl),,,noun,,food,156
tricolore-2-5th-edition,@ + (À plus tard),,,phrase,,communication,166
tricolore-2-5th-edition,abbaye (f),l',,noun,,none,166
tricolore-2-5th-edition,abolir,,,verb,,none,166
tricolore-2-5th-edition,abonné(e),un(e),,noun,,none,166
tricolore-2-5th-edition,abord,d',,phrase,,none,166
tricolore-2-5th-edition,abricot,un,,noun,,none,166
tricolore-2-5th-edition,abriter,,,verb,,none,166
tricolore-2-5th-edition,absolument,,,adverb,,none,166
tricolore-2-5th-edition,accepter,,,verb,,none,166
tricolore-2-5th-edition,accessoire,un,,noun,,none,166
tricolore-2-5th-edition,accord,d',,phrase,,none,166
tricolore-2-5th-edition,accès (m),l',,noun,,none,166
tricolore-2-5th-edition,acheter,,,verb,,shopping,166
tricolore-2-5th-edition,activité,une,,noun,,none,166
tricolore-2-5th-edition,addition (f),l',,noun,,restaurant,166
tricolore-2-5th-edition,adorer,,,verb,,none,166
tricolore-2-5th-edition,adresse,une,,noun,,personal-info,166
tricolore-2-5th-edition,adresse e-mail,une,,noun,,communication,166
tricolore-2-5th-edition,adulte,un(e),,noun,,family,166
tricolore-2-5th-edition,affaires (f pl),les,,noun,,none,166
tricolore-2-5th-edition,affiche,une,,noun,,none,166
tricolore-2-5th-edition,affronter,,,verb,,none,166
tricolore-2-5th-edition,Afrique (f),l',,noun,,none,166
tricolore-2-5th-edition,agréable,,,adjective,,none,166
tricolore-2-5th-edition,ai,j',,verb,,none,166
tricolore-2-5th-edition,aider,,,verb,,none,166
tricolore-2-5th-edition,aile,une,,noun,,none,166
tricolore-2-5th-edition,aimer,,,verb,,none,166
tricolore-2-5th-edition,aire de jeu,un,,noun,,none,166
tricolore-2-5th-edition,ajouter,,,verb,,none,166
tricolore-2-5th-edition,alcoolisé,,,adjective,,none,166
tricolore-2-5th-edition,Allemagne (f),l',,noun,,none,166
tricolore-2-5th-edition,allemand,,,adjective,,none,166
tricolore-2-5th-edition,aller,,,verb,,none,166
tricolore-2-5th-edition,aller simple,un,,noun,,travel,166
tricolore-2-5th-edition,aller à la pêche,,,verb,,none,166
tricolore-2-5th-edition,aller-retour,un,,noun,,travel,166
tricolore-2-5th-edition,allergique,,,adjective,,health,166
tricolore-2-5th-edition,allonger,s',,verb,,none,166
tricolore-2-5th-edition,allons-y,,,phrase,,none,166
tricolore-2-5th-edition,alors,,,adverb,,none,166
tricolore-2-5th-edition,alouette,une,,noun,,none,166
tricolore-2-5th-edition,Alpes (f pl),les,,noun,,none,166
tricolore-2-5th-edition,amande,une,,noun,,none,166
tricolore-2-5th-edition,amener,,,verb,,none,166
tricolore-2-5th-edition,ami(e),un(e),,noun,,family,166
tricolore-2-5th-edition,amical,,,adjective,,none,166
tricolore-2-5th-edition,amitiés (at end of letter),,,noun,,communication,166
tricolore-2-5th-edition,amusant,,,adjective,,none,166
tricolore-2-5th-edition,amuser,s',,verb,,time-dates,166
tricolore-2-5th-edition,américain,,,adjective,,none,166
tricolore-2-5th-edition,Amérique (f) du Nord/du Sud,l',,noun,,travel,166
tricolore-2-5th-edition,ananas,un,,noun,,none,166
tricolore-2-5th-edition,anglais,,,adjective,,none,166
tricolore-2-5th-edition,Angleterre (f),l',,noun,,none,166
tricolore-2-5th-edition,animal (pl animaux),un,animaux,noun,,none,166
tricolore-2-5th-edition,anneau (pl anneaux),un,anneaux,noun,,none,166
tricolore-2-5th-edition,anniversaire,un,,noun,,none,166
tricolore-2-5th-edition,année,une,,noun,,time-dates,166
tricolore-2-5th-edition,Antarctique (m),l',,noun,,none,166
tricolore-2-5th-edition,août,,,noun,,time-dates,166
tricolore-2-5th-edition,appareil,à l',,phrase,,communication,166
tricolore-2-5th-edition,appareil photo,un,,noun,,hobby,166
tricolore-2-5th-edition,appartement,un,,noun,,home,166
tricolore-2-5th-edition,appeler,,,verb,,none,166
tricolore-2-5th-edition,appeler,s',,verb,,none,166
tricolore-2-5th-edition,apporter,,,verb,,none,166
tricolore-2-5th-edition,apprendre,,,verb,,none,166
tricolore-2-5th-edition,approcher de,s',,verb,,none,166
tricolore-2-5th-edition,après,,,preposition,,none,166
tricolore-2-5th-edition,après-demain,,,adverb,,time-dates,166
tricolore-2-5th-edition,après-midi,un,,noun,,time-dates,166
tricolore-2-5th-edition,aquarium,un,,noun,,none,166
tricolore-2-5th-edition,arabe,,,adjective,,none,166
tricolore-2-5th-edition,arbitre,un,,noun,,profession,166
tricolore-2-5th-edition,arbre,un,,noun,,none,166
tricolore-2-5th-edition,argent (m),l',,noun,,shopping,166
tricolore-2-5th-edition,armoire,une,,noun,,home,166
tricolore-2-5th-edition,arobase,un,,noun,,none,166
tricolore-2-5th-edition,arriver,,,verb,,none,166
tricolore-2-5th-edition,arrivée (f),l',,noun,,travel,166
tricolore-2-5th-edition,arrêt (d'autobus),un,,noun,,none,166
tricolore-2-5th-edition,arrêter,s',,verb,,none,166
tricolore-2-5th-edition,art (m),l',,noun,,none,166
tricolore-2-5th-edition,article,un,,noun,,none,166
tricolore-2-5th-edition,arène,une,,noun,,none,166
tricolore-2-5th-edition,ascenseur,un,,noun,,none,166
tricolore-2-5th-edition,Asie (f),l',,noun,,none,166
tricolore-2-5th-edition,asperges (f pl),des,,noun,,none,166
tricolore-2-5th-edition,aspirateur,un,,noun,,none,166
tricolore-2-5th-edition,aspirine (f),l',,noun,,health,166
tricolore-2-5th-edition,asseoir,s',,verb,,none,166
tricolore-2-5th-edition,assez,,,adverb,,none,166
tricolore-2-5th-edition,assiette,une,,noun,,none,166
tricolore-2-5th-edition,assiette de charcuterie,,,phrase,,weather,166
tricolore-2-5th-edition,assis,,,adjective,,none,166
tricolore-2-5th-edition,assuré,,,adjective,,none,166
tricolore-2-5th-edition,asthmatique,,,adjective,,health,166
tricolore-2-5th-edition,astronaute,un(e),,noun,,profession,166
tricolore-2-5th-edition,athlétisme (m),l',,noun,,hobby,166
tricolore-2-5th-edition,atroce,,,adjective,,none,166
tricolore-2-5th-edition,attendre,,,verb,,none,166
tricolore-2-5th-edition,atterrir,,,verb,,none,166
tricolore-2-5th-edition,attraper,,,verb,,none,166
tricolore-2-5th-edition,au revoir,,,phrase,,communication,166
tricolore-2-5th-edition,aujourd'hui,,,adverb,,time-dates,166
tricolore-2-5th-edition,aussi,,,adverb,,none,166
tricolore-2-5th-edition,Australie (f),l',,noun,,none,166
tricolore-2-5th-edition,auteur,un,,noun,,profession,166
tricolore-2-5th-edition,automne (m),l',,noun,,time-dates,166
tricolore-2-5th-edition,autoroute,une,,noun,,travel,166
tricolore-2-5th-edition,autre,,,adjective,,none,166
tricolore-2-5th-edition,autrement,,,adverb,,none,166
tricolore-2-5th-edition,Autriche (f),l',,noun,,none,166
tricolore-2-5th-edition,avance,en,,phrase,,none,166
tricolore-2-5th-edition,avant,,,preposition,,none,166
tricolore-2-5th-edition,avant-hier,,,adverb,,time-dates,166
tricolore-2-5th-edition,avantage,un,,noun,,none,166
tricolore-2-5th-edition,avec,,,preposition,,none,166
tricolore-2-5th-edition,avenir (m),l',,noun,,time-dates,166
tricolore-2-5th-edition,aventure,une,,noun,,none,166
tricolore-2-5th-edition,avez-vous ...?,,,phrase,,none,166
tricolore-2-5th-edition,avion,un,,noun,,travel,166
tricolore-2-5th-edition,avis,un,,noun,,none,166
tricolore-2-5th-edition,avoir,,,verb,,none,166
tricolore-2-5th-edition,avril,,,noun,,time-dates,166
tricolore-2-5th-edition,aéroport,un,,noun,,travel,166
tricolore-2-5th-edition,aîné,,,adjective,,none,166
tricolore-2-5th-edition,bac(calauréat),le,,noun,,school,166
tricolore-2-5th-edition,badminton,le,,noun,,none,166
tricolore-2-5th-edition,bagages (m pl),les,,noun,,travel,166
tricolore-2-5th-edition,bagages à main,,,phrase,,health,166
tricolore-2-5th-edition,baguette,une,,noun,,none,166
tricolore-2-5th-edition,baigner,se,,verb,,hobby,166
tricolore-2-5th-edition,baisser,,,verb,,none,166
tricolore-2-5th-edition,bal,un,,noun,,none,166
tricolore-2-5th-edition,balade,une,,noun,,none,166
tricolore-2-5th-edition,baleine,une,,noun,,none,166
tricolore-2-5th-edition,balle,une,,noun,,none,166
tricolore-2-5th-edition,ballon,un,,noun,,none,166
tricolore-2-5th-edition,banane,une,,noun,,food,166
tricolore-2-5th-edition,banc,un,,noun,,none,166
tricolore-2-5th-edition,bande dessinée (BD),une,,noun,,hobby,166
tricolore-2-5th-edition,banque,une,,noun,,city-places,166
tricolore-2-5th-edition,barbe à papa,la,,noun,,none,166
tricolore-2-5th-edition,barquette,une,,noun,,food,166
tricolore-2-5th-edition,bas (basse),,,adjective,,none,166
tricolore-2-5th-edition,basket,le,,noun,,none,166
tricolore-2-5th-edition,baskets (f pl),les,,noun,,shopping,166
tricolore-2-5th-edition,bassin,un,,noun,,none,166
tricolore-2-5th-edition,bataille,une,,noun,,none,166
tricolore-2-5th-edition,bateau,un,,noun,,travel,166
tricolore-2-5th-edition,BD (bande dessinée),une,,noun,,hobby,166
tricolore-2-5th-edition,"beau (bel, belle, beaux, belles)",,,adjective,,none,166
tricolore-2-5th-edition,beau-frère,un,,noun,,family,166
tricolore-2-5th-edition,beau-père,un,,noun,,family,166
tricolore-2-5th-edition,beaucoup,,,adverb,,none,166
tricolore-2-5th-edition,beaucoup de ...,,,phrase,,none,166
tricolore-2-5th-edition,bec,le,,noun,,none,166
tricolore-2-5th-edition,belge,,,adjective,,none,166
tricolore-2-5th-edition,Belgique,la,,noun,,none,166
tricolore-2-5th-edition,belle-mère,une,,noun,,family,166
tricolore-2-5th-edition,belle-sœur,une,,noun,,family,166
tricolore-2-5th-edition,berger,un,,noun,,profession,166
tricolore-2-5th-edition,beurk!,,,phrase,,none,166
tricolore-2-5th-edition,beurre,le,,noun,,food,166
tricolore-2-5th-edition,bibliothèque,la,,noun,,city-places,166
tricolore-2-5th-edition,bien,,,adverb,,none,166
tricolore-2-5th-edition,bien sûr,,,phrase,,none,166
tricolore-2-5th-edition,bientôt,,,adverb,,time-dates,166
tricolore-2-5th-edition,bille,une,,noun,,none,166
tricolore-2-5th-edition,billet,un,,noun,,travel,166
tricolore-2-5th-edition,biologie,la,,noun,,school,166
tricolore-2-5th-edition,biscuit,un,,noun,,food,166
tricolore-2-5th-edition,bière,une,,noun,,none,166
tricolore-2-5th-edition,blanc (blanche),,,adjective,,none,166
tricolore-2-5th-edition,blessé,,,adjective,,health,166
tricolore-2-5th-edition,bleu,,,adjective,,none,166
tricolore-2-5th-edition,bleu marine (inv. does not change form),,,phrase,,none,166
tricolore-2-5th-edition,blog (m),un,,noun,,communication,166
tricolore-2-5th-edition,boire,,,verb,,food,166
tricolore-2-5th-edition,boisson,une,,noun,,food,166
tricolore-2-5th-edition,bol,un,,noun,,none,166
tricolore-2-5th-edition,bon (bonne),,,adjective,,none,166
tricolore-2-5th-edition,bon appétit,,,phrase,,food,166
tricolore-2-5th-edition,bon appétit!,,,phrase,,food,166
tricolore-2-5th-edition,bon voyage,,,phrase,,travel,166
tricolore-2-5th-edition,bonbon,un,,noun,,food,166
tricolore-2-5th-edition,bondir,,,verb,,none,166
tricolore-2-5th-edition,bonhomme de neige,un,,noun,,none,166
tricolore-2-5th-edition,bonjour,,,phrase,,communication,166
tricolore-2-5th-edition,bonne heure,de,,phrase,,none,166
tricolore-2-5th-edition,bord,à,,phrase,,none,166
tricolore-2-5th-edition,bord de la mer,au,,phrase,,vacation,166
tricolore-2-5th-edition,bottes (f pl),des,,noun,,shopping,166
tricolore-2-5th-edition,bouche,la,,noun,,health,166
tricolore-2-5th-edition,boucherie,une,,noun,,profession,166
tricolore-2-5th-edition,boue,la,,noun,,none,166
tricolore-2-5th-edition,bouger,,,verb,,none,166
tricolore-2-5th-edition,bouillabaisse,la,,noun,,food,166
tricolore-2-5th-edition,boulanger (boulangère),un(e),,noun,,profession,166
tricolore-2-5th-edition,boulangerie,une,,noun,,profession,166
tricolore-2-5th-edition,boule de glace,une,,noun,,none,166
tricolore-2-5th-edition,boum,une,,noun,,hobby,166
tricolore-2-5th-edition,bouteille,une,,noun,,none,166
tricolore-2-5th-edition,bouton,un,,noun,,none,166
tricolore-2-5th-edition,boîte,une,,noun,,hobby,166
tricolore-2-5th-edition,branche,une,,noun,,none,166
tricolore-2-5th-edition,brancher,,,verb,,none,166
tricolore-2-5th-edition,bras,le,,noun,,health,166
tricolore-2-5th-edition,"bras dessus, bras dessous",,,phrase,,health,166
tricolore-2-5th-edition,brique de,une,,noun,,none,166
tricolore-2-5th-edition,brouillard,le,,noun,,weather,166
tricolore-2-5th-edition,brouiller,,,verb,,none,166
tricolore-2-5th-edition,bruit,un,,noun,,none,166
tricolore-2-5th-edition,brun,,,adjective,,none,166
tricolore-2-5th-edition,Bruxelles,,,noun,,none,166
tricolore-2-5th-edition,Brésil,le,,noun,,none,166
tricolore-2-5th-edition,buffet,le,,noun,,none,166
tricolore-2-5th-edition,bulle,une,,noun,,none,166
tricolore-2-5th-edition,bureau,un,,noun,,city-places,166
tricolore-2-5th-edition,but,un,,noun,,none,166
tricolore-2-5th-edition,bâtiment,un,,noun,,none,166
tricolore-2-5th-edition,bâtonnet,un,,noun,,none,166
tricolore-2-5th-edition,bébé,un,,noun,,family,166
tricolore-2-5th-edition,cabane,une,,noun,,none,166
tricolore-2-5th-edition,cacher,,,verb,,none,166
tricolore-2-5th-edition,cadeau,un,,noun,,shopping,166
tricolore-2-5th-edition,café,un,,noun,,restaurant,166
tricolore-2-5th-edition,café crème,un,,noun,,restaurant,166
tricolore-2-5th-edition,cahier,un,,noun,,school,166
tricolore-2-5th-edition,caisse,la,,noun,,shopping,166
tricolore-2-5th-edition,en automne,,,phrase,,time-dates,166
tricolore-2-5th-edition,en bateau,,,phrase,,travel,166
tricolore-2-5th-edition,en bras de chemise,,,phrase,,shopping,166
tricolore-2-5th-edition,j'ai ... ans,,,phrase,,time-dates,166
tricolore-2-5th-edition,je m'appelle ...,,,phrase,,personal-info,166
tricolore-2-5th-edition,le bouton Aide,,,phrase,,communication,166
tricolore-2-5th-edition,marquer un but,,,verb,,none,166
tricolore-2-5th-edition,un bureau de tabac,,,phrase,,none,166
tricolore-2-5th-edition,un bureau des renseignements,,,phrase,,city-places,166
tricolore-2-5th-edition,un match amical,,,phrase,,hobby,166
tricolore-2-5th-edition,une boîte aux lettres,,,phrase,,none,166
tricolore-2-5th-edition,"à (au, à la, à l', aux)",,,preposition,,none,166
tricolore-2-5th-edition,à bientôt,,,phrase,,time-dates,166
tricolore-2-5th-edition,à mon avis,,,phrase,,none,166
tricolore-2-5th-edition,à voix basse,,,phrase,,none,166
tricolore-2-5th-edition,âgé,,,adjective,,none,166
tricolore-2-5th-edition,ça,,,other,,none,166
tricolore-2-5th-edition,ça dépend,,,phrase,,none,166
tricolore-2-5th-edition,ça ne fait rien,,,phrase,,none,166
tricolore-2-5th-edition,ça va?,,,phrase,,none,166
tricolore-2-5th-edition,(bien) équipé,,,adjective,,none,168
tricolore-2-5th-edition,(à) droite,,,phrase,,none,168
tricolore-2-5th-edition,au-dessus de,,,phrase,,none,168
tricolore-2-5th-edition,dessus,,,adverb,,none,168
tricolore-2-5th-edition,destination,une,,noun,,none,168
tricolore-2-5th-edition,deux,,,other,,none,168
tricolore-2-5th-edition,deuxième,,,other,,none,168
tricolore-2-5th-edition,devant,,,preposition,,none,168
tricolore-2-5th-edition,deviner,,,verb,,none,168
tricolore-2-5th-edition,devoir,,,verb,,none,168
tricolore-2-5th-edition,devoirs (m pl),les,,noun,,school,168
tricolore-2-5th-edition,dictionnaire,un,,noun,,school,168
tricolore-2-5th-edition,difficile,,,adjective,,none,168
tricolore-2-5th-edition,différent,,,adjective,,none,168
tricolore-2-5th-edition,dimanche,,,noun,,time-dates,168
tricolore-2-5th-edition,dinde,la,,noun,,food,168
tricolore-2-5th-edition,dinosaure,un,,noun,,none,168
tricolore-2-5th-edition,dire,,,verb,,none,168
tricolore-2-5th-edition,directement,,,adverb,,none,168
tricolore-2-5th-edition,discothèque,une,,noun,,hobby,168
tricolore-2-5th-edition,discussion,une,,noun,,none,168
tricolore-2-5th-edition,discuter,,,verb,,none,168
tricolore-2-5th-edition,disparaître,,,verb,,none,168
tricolore-2-5th-edition,distinguer,,,verb,,none,168
tricolore-2-5th-edition,dix,,,other,,none,168
tricolore-2-5th-edition,doigt,un,,noun,,health,168
tricolore-2-5th-edition,doigt de pied,un,,noun,,health,168
tricolore-2-5th-edition,donc,,,other,,none,168
tricolore-2-5th-edition,donner,,,verb,,none,168
tricolore-2-5th-edition,donnez-moi ...,,,phrase,,none,168
tricolore-2-5th-edition,dont,,,other,,none,168
tricolore-2-5th-edition,dormir,,,verb,,none,168
tricolore-2-5th-edition,dossier,un,,noun,,communication,168
tricolore-2-5th-edition,doucement,,,adverb,,none,168
tricolore-2-5th-edition,drapeau,un,,noun,,none,168
tricolore-2-5th-edition,dur,,,adjective,,none,168
tricolore-2-5th-edition,durer,,,verb,,none,168
tricolore-2-5th-edition,détail,un,,noun,,none,168
tricolore-2-5th-edition,détective,un(e),,noun,,profession,168
tricolore-2-5th-edition,détendre,,,verb,,none,168
tricolore-2-5th-edition,détester,,,verb,,none,168
tricolore-2-5th-edition,dîner,le,,noun,,food,168
tricolore-2-5th-edition,dîner,,,verb,,food,168
tricolore-2-5th-edition,e-mail,un,,noun,,communication,168
tricolore-2-5th-edition,eau (f),l',,noun,,food,168
tricolore-2-5th-edition,effacer,,,verb,,none,168
tricolore-2-5th-edition,effet de serre (m),l',,noun,,none,168
tricolore-2-5th-edition,effet optique,un,,noun,,none,168
tricolore-2-5th-edition,effrayant,,,adjective,,none,168
tricolore-2-5th-edition,emploi du temps,un,,noun,,school,168
tricolore-2-5th-edition,en,,,preposition,,none,168
tricolore-2-5th-edition,en Europe,,,phrase,,none,168
tricolore-2-5th-edition,en ville,,,phrase,,city-places,168
tricolore-2-5th-edition,en été,,,phrase,,time-dates,168
tricolore-2-5th-edition,encore,,,adverb,,none,168
tricolore-2-5th-edition,endormir,s',,verb,,none,168
tricolore-2-5th-edition,enfant,un(e),,noun,,family,168
tricolore-2-5th-edition,enlever,,,verb,,none,168
tricolore-2-5th-edition,ennemi(e),un(e),,noun,,none,168
tricolore-2-5th-edition,ennuyer,s',,verb,,none,168
tricolore-2-5th-edition,ennuyeux (ennuyeuse),,,adjective,,none,168
tricolore-2-5th-edition,enrouler,,,verb,,weather,168
tricolore-2-5th-edition,ensemble,,,adverb,,none,168
tricolore-2-5th-edition,ensuite,,,adverb,,time-dates,168
tricolore-2-5th-edition,entendre,,,verb,,none,168
tricolore-2-5th-edition,entier (entière),,,adjective,,none,168
tricolore-2-5th-edition,entraînement (m),l',,noun,,none,168
tricolore-2-5th-edition,entre,,,preposition,,none,168
tricolore-2-5th-edition,entrer,,,verb,,none,168
tricolore-2-5th-edition,entrée (f),une,,noun,,travel,168
tricolore-2-5th-edition,environ,,,adverb,,none,168
tricolore-2-5th-edition,envoyer,,,verb,,none,168
tricolore-2-5th-edition,EPS (éducation physique et sportive) (f),l',,noun,,none,168
tricolore-2-5th-edition,erreur,une,,noun,,none,168
tricolore-2-5th-edition,escalier,un,,noun,,home,168
tricolore-2-5th-edition,escargots (m pl),des,,noun,,food,168
tricolore-2-5th-edition,espace (m),l',,noun,,none,168
tricolore-2-5th-edition,Espagne (f),l',,noun,,none,168
tricolore-2-5th-edition,espagnol,,,adjective,,none,168
tricolore-2-5th-edition,essai,un,,noun,,none,168
tricolore-2-5th-edition,essayer,,,verb,,none,168
tricolore-2-5th-edition,essentiel (essentielle),,,adjective,,none,168
tricolore-2-5th-edition,est,il/elle,,verb,,none,168
tricolore-2-5th-edition,est (m),l',,noun,,travel,168
tricolore-2-5th-edition,est-ce qu'il y a ...?,,,phrase,,none,168
tricolore-2-5th-edition,est-ce que ...?,,,phrase,,none,168
tricolore-2-5th-edition,estragon,à l',,phrase,,none,168
tricolore-2-5th-edition,et,,,other,,none,168
tricolore-2-5th-edition,euro,un,,noun,,shopping,168
tricolore-2-5th-edition,Europe (f),l',,noun,,none,168
tricolore-2-5th-edition,européen (européenne),,,adjective,,none,168
tricolore-2-5th-edition,examen,un,,noun,,school,168
tricolore-2-5th-edition,excité,,,adjective,,none,168
tricolore-2-5th-edition,excursion,une,,noun,,vacation,168
tricolore-2-5th-edition,exemple,par,,phrase,,none,168
tricolore-2-5th-edition,exercice,un,,noun,,none,168
tricolore-2-5th-edition,exploser,,,verb,,none,168
tricolore-2-5th-edition,exposition,une,,noun,,hobby,168
tricolore-2-5th-edition,extrait,un,,noun,,none,168
tricolore-2-5th-edition,extraordinaire,,,adjective,,none,168
tricolore-2-5th-edition,il dort,,,phrase,,none,168
tricolore-2-5th-edition,jouer aux échecs,,,verb,,hobby,168
tricolore-2-5th-edition,l'eau minérale,,,phrase,,food,168
tricolore-2-5th-edition,le dimanche,,,phrase,,none,168
tricolore-2-5th-edition,par erreur,,,phrase,,none,168
tricolore-2-5th-edition,un escalier roulant,,,phrase,,none,168
tricolore-2-5th-edition,échapper,s',,verb,,none,168
tricolore-2-5th-edition,écharpe,une,,noun,,shopping,168
tricolore-2-5th-edition,échecs (m pl),les,,noun,,hobby,168
tricolore-2-5th-edition,éclair,un,,noun,,food,168
tricolore-2-5th-edition,école,une,,noun,,school,168
tricolore-2-5th-edition,Écosse (f),l',,noun,,none,168
tricolore-2-5th-edition,écouter,,,verb,,none,168
tricolore-2-5th-edition,écrire,,,verb,,none,168
tricolore-2-5th-edition,écrivain,un,,noun,,profession,168
tricolore-2-5th-edition,éducation physique (f),l',,noun,,school,168
tricolore-2-5th-edition,élève,un(e),,noun,,school,168
tricolore-2-5th-edition,élégant,,,adjective,,none,168
tricolore-2-5th-edition,éléphant,un,,noun,,none,168
tricolore-2-5th-edition,émission,une,,noun,,none,168
tricolore-2-5th-edition,énergie (f),l',,noun,,none,168
tricolore-2-5th-edition,épaule,une,,noun,,health,168
tricolore-2-5th-edition,épicerie,une,,noun,,profession,168
tricolore-2-5th-edition,épicier (épicière),un(e),,noun,,profession,168
tricolore-2-5th-edition,équipe,une,,noun,,none,168
tricolore-2-5th-edition,étage,un,,noun,,none,168
tricolore-2-5th-edition,étape,une,,noun,,none,168
tricolore-2-5th-edition,États-Unis (m pl),les,,noun,,none,168
tricolore-2-5th-edition,étrange,,,adjective,,none,168
tricolore-2-5th-edition,étranger,à l',,phrase,,travel,168
tricolore-2-5th-edition,étudiant(e),un(e),,noun,,school,168
tricolore-2-5th-edition,été (m),l',,noun,,time-dates,168
tricolore-2-5th-edition,évidemment,,,adverb,,none,168
tricolore-2-5th-edition,événement,un,,noun,,none,168
tricolore-2-5th-edition,être,,,verb,,none,168
tricolore-2-5th-edition,(pâté/gâteau) maison,,,adjective,,food,169
tricolore-2-5th-edition,avoir lieu,,,verb,,none,169
tricolore-2-5th-edition,chasse à l'intrus,,,phrase,,none,169
tricolore-2-5th-edition,de bonne heure,,,phrase,,none,169
tricolore-2-5th-edition,faire du lèche-vitrines,,,phrase,,shopping,169
tricolore-2-5th-edition,grand-mère,une,,noun,,family,169
tricolore-2-5th-edition,grand-père,un,,noun,,family,169
tricolore-2-5th-edition,grands-parents (m pl),les,,noun,,family,169
tricolore-2-5th-edition,gratuit,,,adjective,,none,169
tricolore-2-5th-edition,grec (grecque),,,adjective,,none,169
tricolore-2-5th-edition,grille,une,,noun,,none,169
tricolore-2-5th-edition,grimper,,,verb,,none,169
tricolore-2-5th-edition,gris,,,adjective,,none,169
tricolore-2-5th-edition,gros(se),,,adjective,,none,169
tricolore-2-5th-edition,grossir,,,verb,,none,169
tricolore-2-5th-edition,groupe,un,,noun,,none,169
tricolore-2-5th-edition,Grèce,la,,noun,,none,169
tricolore-2-5th-edition,guichet,un,,noun,,travel,169
tricolore-2-5th-edition,guide,un,,noun,,none,169
tricolore-2-5th-edition,guitare,une,,noun,,hobby,169
tricolore-2-5th-edition,gymnase,un,,noun,,none,169
tricolore-2-5th-edition,gymnastique,la,,noun,,hobby,169
tricolore-2-5th-edition,habiller,s',,verb,,daily-routine,169
tricolore-2-5th-edition,habiter,,,verb,,none,169
tricolore-2-5th-edition,habitude,d',,phrase,,daily-routine,169
tricolore-2-5th-edition,hand(ball),le,,noun,,health,169
tricolore-2-5th-edition,handicapé,,,adjective,,none,169
tricolore-2-5th-edition,hanté,,,adjective,,none,169
tricolore-2-5th-edition,haricots blancs (m pl),les,,noun,,none,169
tricolore-2-5th-edition,haricots verts (m pl),les,,noun,,none,169
tricolore-2-5th-edition,haut,un,,noun,,none,169
tricolore-2-5th-edition,haut,,,adjective,,none,169
tricolore-2-5th-edition,haut en bas,de,,phrase,,none,169
tricolore-2-5th-edition,haut les mains,,,phrase,,health,169
tricolore-2-5th-edition,hauteur,la,,noun,,none,169
tricolore-2-5th-edition,hectare,un,,noun,,none,169
tricolore-2-5th-edition,heure,une,,noun,,time-dates,169
tricolore-2-5th-edition,heure,à l',,phrase,,time-dates,169
tricolore-2-5th-edition,heureusement,,,adverb,,none,169
tricolore-2-5th-edition,hier,,,adverb,,time-dates,169
tricolore-2-5th-edition,hippopotame,un,,noun,,none,169
tricolore-2-5th-edition,histoire,une,,noun,,none,169
tricolore-2-5th-edition,histoire (f),l',,noun,,none,169
tricolore-2-5th-edition,hiver,en,,phrase,,time-dates,169
tricolore-2-5th-edition,hiver (m),l',,noun,,time-dates,169
tricolore-2-5th-edition,hockey,le,,noun,,none,169
tricolore-2-5th-edition,horaire,un,,noun,,school,169
tricolore-2-5th-edition,horloge,une,,noun,,none,169
tricolore-2-5th-edition,hors-d'œuvre,un,,noun,,restaurant,169
tricolore-2-5th-edition,hospitalité (f),l',,noun,,none,169
tricolore-2-5th-edition,hot-dog,un,,noun,,weather,169
tricolore-2-5th-edition,humain,,,adjective,,none,169
tricolore-2-5th-edition,huîtres (f pl),des,,noun,,food,169
tricolore-2-5th-edition,hâché,,,adjective,,none,169
tricolore-2-5th-edition,hélicoptère,un,,noun,,none,169
tricolore-2-5th-edition,hérisson,un,,noun,,none,169
tricolore-2-5th-edition,hôpital,un,,noun,,health,169
tricolore-2-5th-edition,hôtel,un,,noun,,none,169
tricolore-2-5th-edition,ici,,,adverb,,none,169
tricolore-2-5th-edition,identifier,,,verb,,none,169
tricolore-2-5th-edition,identique,,,adjective,,none,169
tricolore-2-5th-edition,idéal,,,adjective,,none,169
tricolore-2-5th-edition,idée,une,,noun,,none,169
tricolore-2-5th-edition,il a mal au dos,,,phrase,,health,169
tricolore-2-5th-edition,il y a,,,phrase,,none,169
tricolore-2-5th-edition,image,une,,noun,,none,169
tricolore-2-5th-edition,immédiatement,,,adverb,,none,169
tricolore-2-5th-edition,impatience,avec,,phrase,,none,169
tricolore-2-5th-edition,imper(méable),un,,noun,,none,169
tricolore-2-5th-edition,important,,,adjective,,none,169
tricolore-2-5th-edition,impossible,,,adjective,,none,169
tricolore-2-5th-edition,imprimante,une,,noun,,communication,169
tricolore-2-5th-edition,imprimer,,,verb,,none,169
tricolore-2-5th-edition,inconvénient,un,,noun,,none,169
tricolore-2-5th-edition,indice,une,,noun,,none,169
tricolore-2-5th-edition,indisponible,,,adjective,,none,169
tricolore-2-5th-edition,infirmier (infirmière),un(e),,noun,,profession,169
tricolore-2-5th-edition,informatique (f),l',,noun,,none,169
tricolore-2-5th-edition,ingrédients (m pl),les,,noun,,none,169
tricolore-2-5th-edition,inhalateur,un,,noun,,health,169
tricolore-2-5th-edition,inquiéter,s',,verb,,none,169
tricolore-2-5th-edition,inscrire (dans),s',,verb,,none,169
tricolore-2-5th-edition,installer,s',,verb,,none,169
tricolore-2-5th-edition,instruction civique (f),l',,noun,,school,169
tricolore-2-5th-edition,instruction religieuse (f),l',,noun,,school,169
tricolore-2-5th-edition,instrument (de musique),un,,noun,,none,169
tricolore-2-5th-edition,internat,un,,noun,,school,169
tricolore-2-5th-edition,Internet (m),l',,noun,,communication,169
tricolore-2-5th-edition,interview,une,,noun,,none,169
tricolore-2-5th-edition,intrus (m),l',,noun,,none,169
tricolore-2-5th-edition,intéressant,,,adjective,,none,169
tricolore-2-5th-edition,intéresser à,s',,verb,,none,169
tricolore-2-5th-edition,intérieur,à l',,phrase,,none,169
tricolore-2-5th-edition,inventeur,un,,noun,,profession,169
tricolore-2-5th-edition,invention,une,,noun,,none,169
tricolore-2-5th-edition,invitation,une,,noun,,none,169
tricolore-2-5th-edition,invité(e),un(e),,noun,,none,169
tricolore-2-5th-edition,irlandais,,,adjective,,none,169
tricolore-2-5th-edition,Irlande (du Nord) (f),l',,noun,,none,169
tricolore-2-5th-edition,Italie (f),l',,noun,,none,169
tricolore-2-5th-edition,italien (italienne),,,adjective,,none,169
tricolore-2-5th-edition,itinéraire,une,,noun,,none,169
tricolore-2-5th-edition,j'ai mal au ventre,,,phrase,,health,169
tricolore-2-5th-edition,j'ai mal à la gorge,,,phrase,,health,169
tricolore-2-5th-edition,jamais,ne ...,,adverb,,none,169
tricolore-2-5th-edition,jambe,une,,noun,,health,169
tricolore-2-5th-edition,jambon,le,,noun,,food,169
tricolore-2-5th-edition,jardin,un,,noun,,home,169
tricolore-2-5th-edition,jardin botanique,le,,noun,,home,169
tricolore-2-5th-edition,jaune,,,adjective,,none,169
tricolore-2-5th-edition,jean,un,,noun,,shopping,169
tricolore-2-5th-edition,jetable,,,adjective,,none,169
tricolore-2-5th-edition,jeter,,,verb,,none,169
tricolore-2-5th-edition,jeu (pl jeux),un,jeux,noun,,hobby,169
tricolore-2-5th-edition,jeu vidéo,un,,noun,,hobby,169
tricolore-2-5th-edition,jeudi,,,noun,,time-dates,169
tricolore-2-5th-edition,jeudi,le,,noun,,none,169
tricolore-2-5th-edition,jeune,,,adjective,,none,169
tricolore-2-5th-edition,jogging,un,,noun,,shopping,169
tricolore-2-5th-edition,joli,,,adjective,,none,169
tricolore-2-5th-edition,jouer,,,verb,,none,169
tricolore-2-5th-edition,joueur (joueuse),un(e),,noun,,none,169
tricolore-2-5th-edition,jour,un,,noun,,time-dates,169
tricolore-2-5th-edition,jour de fête,,,phrase,,hobby,169
tricolore-2-5th-edition,jour férié,,,phrase,,vacation,169
tricolore-2-5th-edition,journal (pl journaux),un,journaux,noun,,none,169
tricolore-2-5th-edition,journée,une,,noun,,time-dates,169
tricolore-2-5th-edition,judo,le,,noun,,none,169
tricolore-2-5th-edition,juillet,,,noun,,time-dates,169
tricolore-2-5th-edition,juin,,,noun,,time-dates,169
tricolore-2-5th-edition,jumeaux (jumelles),des,,noun,,family,169
tricolore-2-5th-edition,jumelles (f pl),des,,noun,,none,169
tricolore-2-5th-edition,jungle,un,,noun,,none,169
tricolore-2-5th-edition,jupe,une,,noun,,shopping,169
tricolore-2-5th-edition,jus de fruit,un,,noun,,food,169
tricolore-2-5th-edition,jusqu'à,,,preposition,,none,169
tricolore-2-5th-edition,kayak,un,,noun,,none,169
tricolore-2-5th-edition,ketchup,le,,noun,,food,169
tricolore-2-5th-edition,kilo,un,,noun,,none,169
tricolore-2-5th-edition,kiosque,un,,noun,,none,169
tricolore-2-5th-edition,kiwi,un,,noun,,food,169
tricolore-2-5th-edition,klaxonner,,,verb,,none,169
tricolore-2-5th-edition,laboratoire,un,,noun,,none,169
tricolore-2-5th-edition,lac,un,,noun,,none,169
tricolore-2-5th-edition,laisser,,,verb,,none,169
tricolore-2-5th-edition,laisser tomber,,,verb,,none,169
tricolore-2-5th-edition,lait,le,,noun,,food,169
tricolore-2-5th-edition,langue,une,,noun,,none,169
tricolore-2-5th-edition,langues vivantes,les,,noun,,none,169
tricolore-2-5th-edition,lapin,un,,noun,,none,169
tricolore-2-5th-edition,latin,le,,noun,,none,169
tricolore-2-5th-edition,laver,,,verb,,daily-routine,169
tricolore-2-5th-edition,lecteur (MP3/DVD),un,,noun,,none,169
tricolore-2-5th-edition,lecture,la,,noun,,hobby,169
tricolore-2-5th-edition,lentement,,,adverb,,none,169
tricolore-2-5th-edition,lettre,une,,noun,,communication,169
tricolore-2-5th-edition,lever,se,,verb,,daily-routine,169
tricolore-2-5th-edition,librairie,une,,noun,,none,169
tricolore-2-5th-edition,libre,,,adjective,,none,169
tricolore-2-5th-edition,lien,un,,noun,,communication,169
tricolore-2-5th-edition,lieu,un,,noun,,none,169
tricolore-2-5th-edition,limonade,la,,noun,,food,169
tricolore-2-5th-edition,lion,un,,noun,,none,169
tricolore-2-5th-edition,lire,,,verb,,none,169
tricolore-2-5th-edition,liseuse,une,,noun,,none,169
tricolore-2-5th-edition,lit,un,,noun,,home,169
tricolore-2-5th-edition,litre,un,,noun,,none,169
tricolore-2-5th-edition,livre,un,,noun,,none,169
tricolore-2-5th-edition,livre,une,,noun,,none,169
tricolore-2-5th-edition,location,la,,noun,,none,169
tricolore-2-5th-edition,loger,,,verb,,none,169
tricolore-2-5th-edition,logique,la,,noun,,none,169
tricolore-2-5th-edition,logo,un,,noun,,communication,169
tricolore-2-5th-edition,loin,,,adverb,,none,169
tricolore-2-5th-edition,long (longue),,,adjective,,none,169
tricolore-2-5th-edition,longtemps,,,adverb,,time-dates,169
tricolore-2-5th-edition,loterie,la,,noun,,none,169
tricolore-2-5th-edition,loupe,la,,noun,,none,169
tricolore-2-5th-edition,lourd,,,adjective,,none,169
tricolore-2-5th-edition,lumière,la,,noun,,none,169
tricolore-2-5th-edition,lundi,,,noun,,time-dates,169
tricolore-2-5th-edition,lundi,le,,noun,,none,169
tricolore-2-5th-edition,lunettes (f pl),les,,noun,,none,169
tricolore-2-5th-edition,lunettes de soleil,les,,noun,,none,169
tricolore-2-5th-edition,lycée,un,,noun,,school,169
tricolore-2-5th-edition,là-bas,,,adverb,,none,169
tricolore-2-5th-edition,légume,un,,noun,,food,169
tricolore-2-5th-edition,macaronis (m pl),les,,noun,,food,169
tricolore-2-5th-edition,machine,une,,noun,,none,169
tricolore-2-5th-edition,madame,,,noun,,none,169
tricolore-2-5th-edition,magasin,un,,noun,,shopping,169
tricolore-2-5th-edition,magazine,un,,noun,,none,169
tricolore-2-5th-edition,magazine d'informatique,un,,noun,,communication,169
tricolore-2-5th-edition,magnifique,,,adjective,,none,169
tricolore-2-5th-edition,maigrir,,,verb,,none,169
tricolore-2-5th-edition,maillot,un,,noun,,shopping,169
tricolore-2-5th-edition,maillot de bain,,,phrase,,hobby,169
tricolore-2-5th-edition,maintenant,,,adverb,,time-dates,169
tricolore-2-5th-edition,mais,,,other,,none,169
tricolore-2-5th-edition,maison,une,,noun,,home,169
tricolore-2-5th-edition,maison,à la,,phrase,,none,169
tricolore-2-5th-edition,maison des jeunes,une,,noun,,none,169
tricolore-2-5th-edition,mal,,,adverb,,none,169
tricolore-2-5th-edition,malade,,,adjective,,health,169
tricolore-2-5th-edition,malheur,le,,noun,,none,169
tricolore-2-5th-edition,malheureusement,,,adverb,,none,169
tricolore-2-5th-edition,malin (maligne),,,adjective,,none,169
tricolore-2-5th-edition,Malte,,,noun,,none,169
tricolore-2-5th-edition,Mamie,,,noun,,family,169
tricolore-2-5th-edition,mammifère,un,,noun,,none,169
tricolore-2-5th-edition,Manche,la,,noun,,none,169
tricolore-2-5th-edition,manger,,,verb,,none,169
tricolore-2-5th-edition,manquer,,,verb,,none,169
tricolore-2-5th-edition,manteau,un,,noun,,shopping,169
tricolore-2-5th-edition,manège à pédales,un,,noun,,none,169
tricolore-2-5th-edition,marchand(e),un(e),,noun,,profession,169
tricolore-2-5th-edition,marchand(e) de glaces,un(e),,noun,,profession,169
tricolore-2-5th-edition,marchand(e) de légumes,un(e),,noun,,none,169
tricolore-2-5th-edition,marche,une,,noun,,none,169
tricolore-2-5th-edition,marcher,,,verb,,none,169
tricolore-2-5th-edition,marché,un,,noun,,shopping,169
tricolore-2-5th-edition,mardi,,,noun,,time-dates,169
tricolore-2-5th-edition,mardi,le,,noun,,none,169
tricolore-2-5th-edition,mari,le,,noun,,family,169
tricolore-2-5th-edition,marié,,,adjective,,family,169
tricolore-2-5th-edition,Maroc,le,,noun,,none,169
tricolore-2-5th-edition,marque,une,,noun,,none,169
tricolore-2-5th-edition,marron (inv. does not change form),,,adjective,,none,169
tricolore-2-5th-edition,Martinique,la,,noun,,none,169
tricolore-2-5th-edition,match,un,,noun,,none,169
tricolore-2-5th-edition,match nul,un,,noun,,none,169
tricolore-2-5th-edition,maths (f pl),les,,noun,,none,169
tricolore-2-5th-edition,mathématiques (f pl),les,,noun,,none,169
tricolore-2-5th-edition,matin,un,,noun,,time-dates,169
tricolore-2-5th-edition,matin,le,,noun,,time-dates,169
tricolore-2-5th-edition,matinée,une,,noun,,time-dates,169
tricolore-2-5th-edition,matière,une,,noun,,school,169
tricolore-2-5th-edition,mauvais,,,adjective,,none,169
tricolore-2-5th-edition,maître,un,,noun,,none,169
tricolore-2-5th-edition,meilleur,,,adjective,,none,169
tricolore-2-5th-edition,melon,un,,noun,,food,169
tricolore-2-5th-edition,menthe,la,,noun,,none,169
tricolore-2-5th-edition,médecin,un,,noun,,profession,169
tricolore-2-5th-edition,médicament,un,,noun,,health,169
tricolore-2-5th-edition,médina,la,,noun,,shopping,169
tricolore-2-5th-edition,mélanger,,,verb,,none,169
tricolore-2-5th-edition,mémoire,la,,noun,,none,169
tricolore-2-5th-edition,même,,,adjective,,none,169
tricolore-2-5th-edition,quelle horreur,,,phrase,,none,169
tricolore-2-5th-edition,à voix haute,,,phrase,,none,169
tricolore-2-5th-edition,île,une,,noun,,none,169
tricolore-2-5th-edition,avoir le temps,,,verb,,time-dates,172
tricolore-2-5th-edition,c'est tout,,,phrase,,none,172
tricolore-2-5th-edition,de la tête aux pieds,,,phrase,,health,172
tricolore-2-5th-edition,de taille moyenne,,,phrase,,none,172
tricolore-2-5th-edition,de temps en temps,,,phrase,,time-dates,172
tricolore-2-5th-edition,en supplément,,,phrase,,none,172
tricolore-2-5th-edition,en tout,,,phrase,,none,172
tricolore-2-5th-edition,en vacances,,,phrase,,vacation,172
tricolore-2-5th-edition,en ville,,,phrase,,city-places,172
tricolore-2-5th-edition,faire de la voile,,,verb,,hobby,172
tricolore-2-5th-edition,la télé-réalité,,,phrase,,none,172
tricolore-2-5th-edition,la vie scolaire,,,phrase,,school,172
tricolore-2-5th-edition,la ville souterraine,,,phrase,,none,172
tricolore-2-5th-edition,le steak tartare,,,phrase,,food,172
tricolore-2-5th-edition,le tableau des horaires,,,phrase,,school,172
tricolore-2-5th-edition,le vendredi,,,phrase,,none,172
tricolore-2-5th-edition,le vol libre,,,phrase,,none,172
tricolore-2-5th-edition,le weekend,,,phrase,,none,172
tricolore-2-5th-edition,les transports en commun,,,phrase,,travel,172
tricolore-2-5th-edition,par terre,,,phrase,,none,172
tricolore-2-5th-edition,plus tard,,,phrase,,time-dates,172
tricolore-2-5th-edition,souvenir,un,,noun,,vacation,172
tricolore-2-5th-edition,souvent,,,adverb,,none,172
tricolore-2-5th-edition,spaghettis (m pl),les,,noun,,food,172
tricolore-2-5th-edition,spectacle,un,,noun,,none,172
tricolore-2-5th-edition,sport,le,,noun,,hobby,172
tricolore-2-5th-edition,sportif (sportive),,,adjective,,hobby,172
tricolore-2-5th-edition,spécialité,une,,noun,,none,172
tricolore-2-5th-edition,squelette,une,,noun,,none,172
tricolore-2-5th-edition,stade,un,,noun,,city-places,172
tricolore-2-5th-edition,stage,un,,noun,,none,172
tricolore-2-5th-edition,statue,une,,noun,,none,172
tricolore-2-5th-edition,steak,le,,noun,,food,172
tricolore-2-5th-edition,stupide,,,adjective,,none,172
tricolore-2-5th-edition,stylo,un,,noun,,none,172
tricolore-2-5th-edition,sucette,une,,noun,,none,172
tricolore-2-5th-edition,sucre,le,,noun,,food,172
tricolore-2-5th-edition,sucré,,,adjective,,food,172
tricolore-2-5th-edition,sud,le,,noun,,travel,172
tricolore-2-5th-edition,suisse,,,adjective,,none,172
tricolore-2-5th-edition,Suisse,la,,noun,,none,172
tricolore-2-5th-edition,super,,,adjective,,none,172
tricolore-2-5th-edition,superbe,,,adjective,,none,172
tricolore-2-5th-edition,supermarché,un,,noun,,shopping,172
tricolore-2-5th-edition,supplément,un,,noun,,none,172
tricolore-2-5th-edition,sur,,,preposition,,none,172
tricolore-2-5th-edition,surfer (sur le Net),,,verb,,none,172
tricolore-2-5th-edition,surligner,,,verb,,none,172
tricolore-2-5th-edition,surligneur,un,,noun,,none,172
tricolore-2-5th-edition,surnom,un,,noun,,none,172
tricolore-2-5th-edition,surprise,une,,noun,,none,172
tricolore-2-5th-edition,surtout,,,adverb,,none,172
tricolore-2-5th-edition,surveiller,,,verb,,none,172
tricolore-2-5th-edition,Suède,la,,noun,,none,172
tricolore-2-5th-edition,SVT (sciences de la vie et de la terre),les,,noun,,none,172
tricolore-2-5th-edition,sympa,,,adjective,,none,172
tricolore-2-5th-edition,sympathique,,,adjective,,none,172
tricolore-2-5th-edition,sûr,,,adjective,,none,172
tricolore-2-5th-edition,tabac,un,,noun,,none,172
tricolore-2-5th-edition,table,une,,noun,,none,172
tricolore-2-5th-edition,tableau,un,,noun,,none,172
tricolore-2-5th-edition,taille,la,,noun,,shopping,172
tricolore-2-5th-edition,tant pis,,,phrase,,none,172
tricolore-2-5th-edition,tante,une,,noun,,family,172
tricolore-2-5th-edition,taper,,,verb,,none,172
tricolore-2-5th-edition,tapis,un,,noun,,none,172
tricolore-2-5th-edition,tard,,,adverb,,none,172
tricolore-2-5th-edition,tarentule,une,,noun,,none,172
tricolore-2-5th-edition,tarif,le,,noun,,shopping,172
tricolore-2-5th-edition,tarte,une,,noun,,food,172
tricolore-2-5th-edition,tartine,une,,noun,,food,172
tricolore-2-5th-edition,taxi,un,,noun,,travel,172
tricolore-2-5th-edition,technologie,la,,noun,,none,172
tricolore-2-5th-edition,tee-shirt,un,,noun,,shopping,172
tricolore-2-5th-edition,tellement,,,adverb,,none,172
tricolore-2-5th-edition,temps,le,,noun,,time-dates,172
tricolore-2-5th-edition,tennis,le,,noun,,hobby,172
tricolore-2-5th-edition,tennis de table,le,,noun,,hobby,172
tricolore-2-5th-edition,tenue,une,,noun,,none,172
tricolore-2-5th-edition,terminus,un,,noun,,none,172
tricolore-2-5th-edition,terrain,un,,noun,,none,172
tricolore-2-5th-edition,terre,la,,noun,,none,172
tricolore-2-5th-edition,TGV (train à grande vitesse),le,,noun,,travel,172
tricolore-2-5th-edition,thon,le,,noun,,food,172
tricolore-2-5th-edition,thé,le,,noun,,food,172
tricolore-2-5th-edition,théorie,une,,noun,,none,172
tricolore-2-5th-edition,théâtre,un,,noun,,none,172
tricolore-2-5th-edition,tigre,un,,noun,,none,172
tricolore-2-5th-edition,timbre,un,,noun,,communication,172
tricolore-2-5th-edition,titre (m),le,,noun,,none,172
tricolore-2-5th-edition,toast,le,,noun,,food,172
tricolore-2-5th-edition,toboggan,un,,noun,,none,172
tricolore-2-5th-edition,toilettes (f pl),les,,noun,,none,172
tricolore-2-5th-edition,tomate,une,,noun,,food,172
tricolore-2-5th-edition,tomber,,,verb,,none,172
tricolore-2-5th-edition,tome,un,,noun,,none,172
tricolore-2-5th-edition,tort,avoir,,verb,,none,172
tricolore-2-5th-edition,tortue,une,,noun,,none,172
tricolore-2-5th-edition,toujours,,,adverb,,none,172
tricolore-2-5th-edition,tour,une,,noun,,none,172
tricolore-2-5th-edition,tour de rôle,à,,phrase,,none,172
tricolore-2-5th-edition,touriste,un(e),,noun,,none,172
tricolore-2-5th-edition,touristique,,,adjective,,none,172
tricolore-2-5th-edition,tournoi,un,,noun,,none,172
tricolore-2-5th-edition,tous les jours,,,phrase,,time-dates,172
tricolore-2-5th-edition,tout,,,other,,none,172
tricolore-2-5th-edition,tout de suite,,,phrase,,none,172
tricolore-2-5th-edition,tout le monde,,,phrase,,none,172
tricolore-2-5th-edition,toute l'année,,,phrase,,time-dates,172
tricolore-2-5th-edition,toutes sortes de …,,,phrase,,none,172
tricolore-2-5th-edition,traduire,,,verb,,none,172
tricolore-2-5th-edition,train,un,,noun,,travel,172
tricolore-2-5th-edition,trains au départ,,,phrase,,travel,172
tricolore-2-5th-edition,trajet,un,,noun,,travel,172
tricolore-2-5th-edition,tram/tramway (m),en,,phrase,,travel,172
tricolore-2-5th-edition,trampoline,une,,noun,,none,172
tricolore-2-5th-edition,tranche,une,,noun,,none,172
tricolore-2-5th-edition,transférer,,,verb,,none,172
tricolore-2-5th-edition,transports (m pl),les,,noun,,travel,172
tricolore-2-5th-edition,travail,le,,noun,,none,172
tricolore-2-5th-edition,travailler,,,verb,,none,172
tricolore-2-5th-edition,traverser,,,verb,,none,172
tricolore-2-5th-edition,trente,,,other,,none,172
tricolore-2-5th-edition,tribune,une,,noun,,none,172
tricolore-2-5th-edition,trilogie,une,,noun,,none,172
tricolore-2-5th-edition,triste,,,adjective,,none,172
tricolore-2-5th-edition,trois,,,other,,none,172
tricolore-2-5th-edition,troisième,,,other,,none,172
tricolore-2-5th-edition,trombone,un,,noun,,hobby,172
tricolore-2-5th-edition,trompette,une,,noun,,hobby,172
tricolore-2-5th-edition,troupeau,un,,noun,,none,172
tricolore-2-5th-edition,trouver,,,verb,,none,172
tricolore-2-5th-edition,trouver,se,,verb,,none,172
tricolore-2-5th-edition,truite,la,,noun,,none,172
tricolore-2-5th-edition,très,,,adverb,,none,172
tricolore-2-5th-edition,tutoyer,,,verb,,none,172
tricolore-2-5th-edition,télescope,un,,noun,,none,172
tricolore-2-5th-edition,télé,la,,noun,,none,172
tricolore-2-5th-edition,téléphone (portable),un,,noun,,communication,172
tricolore-2-5th-edition,tête,la,,noun,,health,172
tricolore-2-5th-edition,tôt,,,adverb,,none,172
tricolore-2-5th-edition,un(e),un(e),,noun,,none,172
tricolore-2-5th-edition,uniforme,un,,noun,,none,172
tricolore-2-5th-edition,uniquement,,,adverb,,none,172
tricolore-2-5th-edition,usine,une,,noun,,city-places,172
tricolore-2-5th-edition,utile,,,adjective,,none,172
tricolore-2-5th-edition,utiliser,,,verb,,none,172
tricolore-2-5th-edition,va (from aller),il/elle,,verb,,none,172
tricolore-2-5th-edition,vacances (f pl),les,,noun,,vacation,172
tricolore-2-5th-edition,vais (from aller),je,,verb,,none,172
tricolore-2-5th-edition,Val de Loire,le,,noun,,none,172
tricolore-2-5th-edition,valise,une,,noun,,none,172
tricolore-2-5th-edition,vampire,un(e),,noun,,none,172
tricolore-2-5th-edition,vanille,à la,,phrase,,none,172
tricolore-2-5th-edition,variété,une,,noun,,none,172
tricolore-2-5th-edition,veille,la,,noun,,time-dates,172
tricolore-2-5th-edition,vendeur (vendeuse),un(e),,noun,,profession,172
tricolore-2-5th-edition,vendre,,,verb,,shopping,172
tricolore-2-5th-edition,vendredi,,,noun,,time-dates,172
tricolore-2-5th-edition,venir,,,verb,,none,172
tricolore-2-5th-edition,vent,le,,noun,,weather,172
tricolore-2-5th-edition,vente,une,,noun,,none,172
tricolore-2-5th-edition,ventre,le,,noun,,health,172
tricolore-2-5th-edition,ver,un,,noun,,none,172
tricolore-2-5th-edition,verger,un,,noun,,none,172
tricolore-2-5th-edition,verre,un,,noun,,none,172
tricolore-2-5th-edition,vers,,,preposition,,none,172
tricolore-2-5th-edition,vert,,,adjective,,none,172
tricolore-2-5th-edition,veste,une,,noun,,shopping,172
tricolore-2-5th-edition,veux (from vouloir),je,,verb,,none,172
tricolore-2-5th-edition,viande,la,,noun,,food,172
tricolore-2-5th-edition,vie,la,,noun,,none,172
tricolore-2-5th-edition,"vieux (vieil, vieille, vieux, vieilles)",,,adjective,,none,172
tricolore-2-5th-edition,vif (vive),,,adjective,,none,172
tricolore-2-5th-edition,village,un,,noun,,none,172
tricolore-2-5th-edition,ville,une,,noun,,city-places,172
tricolore-2-5th-edition,vin,le,,noun,,food,172
tricolore-2-5th-edition,vingt,,,other,,none,172
tricolore-2-5th-edition,violon,un,,noun,,hobby,172
tricolore-2-5th-edition,violoncelle,un,,noun,,hobby,172
tricolore-2-5th-edition,visage,un,,noun,,none,172
tricolore-2-5th-edition,visiter,,,verb,,none,172
tricolore-2-5th-edition,vite,,,adverb,,none,172
tricolore-2-5th-edition,vitesse,la,,noun,,none,172
tricolore-2-5th-edition,vivre,,,verb,,none,172
tricolore-2-5th-edition,voie,une,,noun,,travel,172
tricolore-2-5th-edition,voile,la,,noun,,hobby,172
tricolore-2-5th-edition,voilà,le,,noun,,none,172
tricolore-2-5th-edition,voir,,,verb,,none,172
tricolore-2-5th-edition,voisin(e),un(e),,noun,,family,172
tricolore-2-5th-edition,voiture,une,,noun,,none,172
tricolore-2-5th-edition,voix,une,,noun,,none,172
tricolore-2-5th-edition,vol,un,,noun,,none,172
tricolore-2-5th-edition,voleur (voleuse),un(e),,noun,,none,172
tricolore-2-5th-edition,volley,le,,noun,,none,172
tricolore-2-5th-edition,vont (from aller),ils/elles,,verb,,none,172
tricolore-2-5th-edition,voudrais (from vouloir),je,,verb,,none,172
tricolore-2-5th-edition,vouloir,,,verb,,none,172
tricolore-2-5th-edition,voyage,un,,noun,,travel,172
tricolore-2-5th-edition,voyager,,,verb,,none,172
tricolore-2-5th-edition,vrai,,,adjective,,none,172
tricolore-2-5th-edition,vraiment,,,adverb,,none,172
tricolore-2-5th-edition,vue,la,,noun,,none,172
tricolore-2-5th-edition,végétarien(ne),un(e),,noun,,none,172
tricolore-2-5th-edition,vélo,un,,noun,,travel,172
tricolore-2-5th-edition,vélo tout terrain (VTT),un,,noun,,vacation,172
tricolore-2-5th-edition,vérifier,,,verb,,none,172
tricolore-2-5th-edition,vêtements (m pl),les,,noun,,shopping,172
tricolore-2-5th-edition,weekend,un,,noun,,none,172
tricolore-2-5th-edition,wifi (gratuit),le,,noun,,none,172
tricolore-2-5th-edition,yaourt,un,,noun,,food,172
tricolore-2-5th-edition,yeux (m pl),les,,noun,,none,172
tricolore-2-5th-edition,zoo,un,,noun,,none,172
tricolore-2-5th-edition,zut!,,,phrase,,none,172
tricolore-2-5th-edition,zèbre,un,,noun,,none,172
tricolore-2-5th-edition,à la télé,,,phrase,,none,172
tricolore-2-5th-edition,à tout à l'heure,,,phrase,,time-dates,172
tricolore-2-5th-edition,ça va?,,,phrase,,none,172
tricolore-2-5th-edition,abricot,un,,noun,,food,173
tricolore-2-5th-edition,activité,une,,noun,,hobby,173
tricolore-2-5th-edition,adorer,,,verb,,none,173
tricolore-2-5th-edition,adresse,une,,noun,,personal-info,173
tricolore-2-5th-edition,affreux (affreuse),,,adjective,,none,173
tricolore-2-5th-edition,Afrique (f),l',,noun,,travel,173
tricolore-2-5th-edition,ajouter,,,verb,,none,173
tricolore-2-5th-edition,allergique,,,adjective,,health,173
tricolore-2-5th-edition,amusant,,,adjective,,none,173
tricolore-2-5th-edition,Amérique (f),l',,noun,,travel,173
tricolore-2-5th-edition,Amérique du Nord,l',,noun,,travel,173
tricolore-2-5th-edition,Amérique du Sud,l',,noun,,travel,173
tricolore-2-5th-edition,animal,un,des animaux,noun,,none,173
tricolore-2-5th-edition,anorak,un,,noun,,shopping,173
tricolore-2-5th-edition,août,,,noun,,time-dates,173
tricolore-2-5th-edition,après,,,preposition,,none,173
tricolore-2-5th-edition,après-midi (m),l',,noun,,time-dates,173
tricolore-2-5th-edition,arobase,un,,noun,,communication,173
tricolore-2-5th-edition,arriver,,,verb,,travel,173
tricolore-2-5th-edition,article (m),un,,noun,,none,173
tricolore-2-5th-edition,Asie (f),l',,noun,,travel,173
tricolore-2-5th-edition,asthmatique,,,adjective,,health,173
tricolore-2-5th-edition,athlétisme (m),l',,noun,,hobby,173
tricolore-2-5th-edition,au-dessus de,,,phrase,,none,173
tricolore-2-5th-edition,aussi,,,adverb,,none,173
tricolore-2-5th-edition,aussi grand(e) que,,,phrase,,personal-info,173
tricolore-2-5th-edition,automne (m),l',,noun,,time-dates,173
tricolore-2-5th-edition,Autriche (f),l',,noun,,travel,173
tricolore-2-5th-edition,avantage,un,,noun,,none,173
tricolore-2-5th-edition,avion,un,,noun,,travel,173
tricolore-2-5th-edition,avril,,,noun,,time-dates,173
tricolore-2-5th-edition,aéroport,un,,noun,,travel,173
tricolore-2-5th-edition,c'est tout,,,phrase,,none,173
tricolore-2-5th-edition,cheville,une,,noun,,health,173
tricolore-2-5th-edition,comme,,,other,,none,173
tricolore-2-5th-edition,conseiller,,,verb,,none,173
tricolore-2-5th-edition,contre,,,preposition,,none,173
tricolore-2-5th-edition,d'accord,,,phrase,,none,173
tricolore-2-5th-edition,demander,,,verb,,none,173
tricolore-2-5th-edition,dessin,le,,noun,,school,173
tricolore-2-5th-edition,déjà,,,adverb,,none,173
tricolore-2-5th-edition,en automne,,,phrase,,time-dates,173
tricolore-2-5th-edition,en tout,,,phrase,,none,173
tricolore-2-5th-edition,encore,,,adverb,,none,173
tricolore-2-5th-edition,encore un(e) …,,,phrase,,none,173
tricolore-2-5th-edition,environ,,,adverb,,none,173
tricolore-2-5th-edition,et,,,other,,none,173
tricolore-2-5th-edition,et avec ça?,,,phrase,,shopping,173
tricolore-2-5th-edition,fauteuil,un,,noun,,home,173
tricolore-2-5th-edition,il y a,,,phrase,,none,173
tricolore-2-5th-edition,inquiet (inquiète),,,adjective,,none,173
tricolore-2-5th-edition,moyen(ne),,,adjective,,none,173
tricolore-2-5th-edition,pomme,une,,noun,,food,173
tricolore-2-5th-edition,poser une question,,,verb,,school,173
tricolore-2-5th-edition,pouvoir,,,verb,,none,173
tricolore-2-5th-edition,presque,,,adverb,,none,173
tricolore-2-5th-edition,rendez-vous,un,,noun,,none,173
tricolore-2-5th-edition,région,une,,noun,,travel,173
tricolore-2-5th-edition,répondre,,,verb,,school,173
tricolore-2-5th-edition,réponse,une,,noun,,none,173
tricolore-2-5th-edition,seul,,,adjective,,none,173
tricolore-2-5th-edition,solution,une,,noun,,none,173
tricolore-2-5th-edition,sont (from être),ils/elles,,verb,,none,173
tricolore-2-5th-edition,suis (from être),je,,verb,,none,173
tricolore-2-5th-edition,sur,,,preposition,,none,173
tricolore-2-5th-edition,surtout,,,adverb,,none,173
tricolore-2-5th-edition,tante,une,,noun,,family,173
tricolore-2-5th-edition,toujours,,,adverb,,none,173
tricolore-2-5th-edition,"tout (toute, tous, toutes)",,,other,,none,173
tricolore-2-5th-edition,"un, une",,,other,,none,173
tricolore-2-5th-edition,vers,,,preposition,,none,173
tricolore-2-5th-edition,à l'étranger,,,phrase,,travel,173
tricolore-2-5th-edition,à peu près,,,phrase,,none,173
tricolore-2-5th-edition,âge (m),l',,noun,,personal-info,173
tricolore-2-5th-edition,ça va?,,,phrase,,communication,173
tricolore-2-5th-edition,éviter,,,verb,,none,173
tricolore-2-5th-edition,(c'est) amusant,,,adjective,,none,174
tricolore-2-5th-edition,(les cheveux) roux,,,adjective,,none,174
tricolore-2-5th-edition,(premier) étage,au,,phrase,,none,174
tricolore-2-5th-edition,(vert) foncé,,,adjective,,none,174
tricolore-2-5th-edition,adresse e-mail,une,,noun,,communication,174
tricolore-2-5th-edition,aider,,,verb,,none,174
tricolore-2-5th-edition,alimentation générale,une,,noun,,food,174
tricolore-2-5th-edition,Allemagne (f),l',,noun,,none,174
tricolore-2-5th-edition,allemand,,,adjective,,none,174
tricolore-2-5th-edition,aller,,,verb,,none,174
tricolore-2-5th-edition,aller à la pêche,,,verb,,none,174
tricolore-2-5th-edition,"ami(e), un copain/une copine",un(e),,noun,,family,174
tricolore-2-5th-edition,anglais,,,adjective,,none,174
tricolore-2-5th-edition,Angleterre (f),l',,noun,,none,174
tricolore-2-5th-edition,appartement,un,,noun,,home,174
tricolore-2-5th-edition,assez,,,adverb,,none,174
tricolore-2-5th-edition,avoir,,,verb,,none,174
tricolore-2-5th-edition,avoir mal à la tête,,,verb,,health,174
tricolore-2-5th-edition,batterie,la,,noun,,hobby,174
tricolore-2-5th-edition,bien sûr,,,phrase,,none,174
tricolore-2-5th-edition,boire,,,verb,,food,174
tricolore-2-5th-edition,boisson,une,,noun,,food,174
tricolore-2-5th-edition,bon(ne),,,adjective,,none,174
tricolore-2-5th-edition,bonjour,,,phrase,,communication,174
tricolore-2-5th-edition,bravo! félicitations!,,,phrase,,none,174
tricolore-2-5th-edition,cadeau,un,,noun,,shopping,174
tricolore-2-5th-edition,cahier,un,,noun,,school,174
tricolore-2-5th-edition,campagne,la,,noun,,vacation,174
tricolore-2-5th-edition,carrefour,un,,noun,,none,174
tricolore-2-5th-edition,carte de crédit,une,,noun,,shopping,174
tricolore-2-5th-edition,casque,un,,noun,,none,174
tricolore-2-5th-edition,chapeau,un,,noun,,shopping,174
tricolore-2-5th-edition,charcuterie,une,,noun,,none,174
tricolore-2-5th-edition,cher,,,adjective,,shopping,174
tricolore-2-5th-edition,cher (chère),,,adjective,,none,174
tricolore-2-5th-edition,cheveux (m pl),les,,noun,,none,174
tricolore-2-5th-edition,cheveux blonds (m pl),les,,noun,,none,174
tricolore-2-5th-edition,cheveux frisés,les,,noun,,none,174
tricolore-2-5th-edition,chien,un,,noun,,none,174
tricolore-2-5th-edition,chips (m pl),des,,noun,,food,174
tricolore-2-5th-edition,classeur,un,,noun,,school,174
tricolore-2-5th-edition,client(e),un(e),,noun,,shopping,174
tricolore-2-5th-edition,cochon d'Inde,un,,noun,,none,174
tricolore-2-5th-edition,coin,le,,noun,,none,174
tricolore-2-5th-edition,compartiment,un,,noun,,none,174
tricolore-2-5th-edition,compliqué,,,adjective,,none,174
tricolore-2-5th-edition,compter,,,verb,,none,174
tricolore-2-5th-edition,concert,un,,noun,,hobby,174
tricolore-2-5th-edition,concombre,un,,noun,,food,174
tricolore-2-5th-edition,"content, heureux (heureuse)",,,phrase,,none,174
tricolore-2-5th-edition,coude,le,,noun,,health,174
tricolore-2-5th-edition,couloir,le,,noun,,none,174
tricolore-2-5th-edition,cousin(e),un(e),,noun,,family,174
tricolore-2-5th-edition,coûter,,,verb,,none,174
tricolore-2-5th-edition,cricket,le,,noun,,hobby,174
tricolore-2-5th-edition,crème,la,,noun,,none,174
tricolore-2-5th-edition,cuisinière,une,,noun,,none,174
tricolore-2-5th-edition,curseur,le,,noun,,communication,174
tricolore-2-5th-edition,cyclisme,le,,noun,,hobby,174
tricolore-2-5th-edition,célèbre,,,adjective,,none,174
tricolore-2-5th-edition,cœur,le,,noun,,none,174
tricolore-2-5th-edition,d'abord,,,adverb,,none,174
tricolore-2-5th-edition,Danemark,le,,noun,,none,174
tricolore-2-5th-edition,dangereux (dangereuse),,,adjective,,none,174
tricolore-2-5th-edition,danser,,,verb,,none,174
tricolore-2-5th-edition,date,la,,noun,,time-dates,174
tricolore-2-5th-edition,de,,,preposition,,none,174
tricolore-2-5th-edition,"de bonne heure, tôt",,,phrase,,none,174
tricolore-2-5th-edition,demi,,,adjective,,none,174
tricolore-2-5th-edition,demi-frère,un,,noun,,family,174
tricolore-2-5th-edition,demi-sœur,une,,noun,,family,174
tricolore-2-5th-edition,dentiste,un(e),,noun,,profession,174
tricolore-2-5th-edition,descendre de,,,verb,,travel,174
tricolore-2-5th-edition,dessin,le,,noun,,hobby,174
tricolore-2-5th-edition,dessiner,,,verb,,none,174
tricolore-2-5th-edition,devant,,,preposition,,none,174
tricolore-2-5th-edition,deviner,,,verb,,none,174
tricolore-2-5th-edition,devoir,,,verb,,none,174
tricolore-2-5th-edition,dictionnaire,un,,noun,,school,174
tricolore-2-5th-edition,difficile,,,adjective,,none,174
tricolore-2-5th-edition,discothèque,une,,noun,,hobby,174
tricolore-2-5th-edition,distraction,une,,noun,,none,174
tricolore-2-5th-edition,divorcé,,,adjective,,family,174
tricolore-2-5th-edition,donner,,,verb,,none,174
tricolore-2-5th-edition,drapeau,un,,noun,,none,174
tricolore-2-5th-edition,dur,,,adjective,,none,174
tricolore-2-5th-edition,décembre,,,noun,,time-dates,174
tricolore-2-5th-edition,délicieux (délicieuse),,,adjective,,none,174
tricolore-2-5th-edition,désert,un,,noun,,none,174
tricolore-2-5th-edition,détester,,,verb,,none,174
tricolore-2-5th-edition,dîner,le,,noun,,food,174
tricolore-2-5th-edition,"e-mail, un message (électronique), un mail",un,,noun,,communication,174
tricolore-2-5th-edition,effacer,,,verb,,none,174
tricolore-2-5th-edition,elle ne comprend pas,,,phrase,,none,174
tricolore-2-5th-edition,en retard,,,phrase,,none,174
tricolore-2-5th-edition,en vacances,,,phrase,,vacation,174
tricolore-2-5th-edition,entendre,,,verb,,none,174
tricolore-2-5th-edition,entrée,une,,noun,,travel,174
tricolore-2-5th-edition,est (m),l',,noun,,travel,174
tricolore-2-5th-edition,exercice,un,,noun,,none,174
tricolore-2-5th-edition,expliquer,,,verb,,none,174
tricolore-2-5th-edition,exposition,une,,noun,,hobby,174
tricolore-2-5th-edition,facile,,,adjective,,none,174
tricolore-2-5th-edition,faire,,,verb,,none,174
tricolore-2-5th-edition,faire du jardinage,,,verb,,none,174
tricolore-2-5th-edition,faire du théâtre,,,verb,,hobby,174
tricolore-2-5th-edition,faire la cuisine,,,verb,,none,174
tricolore-2-5th-edition,famille,la,,noun,,family,174
tricolore-2-5th-edition,faux,,,adjective,,none,174
tricolore-2-5th-edition,ferme,une,,noun,,none,174
tricolore-2-5th-edition,feu d'artifice,un,,noun,,hobby,174
tricolore-2-5th-edition,"feu, un incendie",un,,noun,,none,174
tricolore-2-5th-edition,feutre,un,,noun,,none,174
tricolore-2-5th-edition,fiche,une,,noun,,none,174
tricolore-2-5th-edition,fichier,un,,noun,,communication,174
tricolore-2-5th-edition,fille,une,,noun,,family,174
tricolore-2-5th-edition,film,un,,noun,,hobby,174
tricolore-2-5th-edition,fin,la,,noun,,none,174
tricolore-2-5th-edition,finir,,,verb,,none,174
tricolore-2-5th-edition,fleur,une,,noun,,none,174
tricolore-2-5th-edition,flûte,la,,noun,,hobby,174
tricolore-2-5th-edition,"football, le foot",le,,noun,,health,174
tricolore-2-5th-edition,frais (fraîche),,,adjective,,none,174
tricolore-2-5th-edition,France,la,,noun,,none,174
tricolore-2-5th-edition,français,,,adjective,,none,174
tricolore-2-5th-edition,frigo,un,,noun,,home,174
tricolore-2-5th-edition,fruit,un,,noun,,food,174
tricolore-2-5th-edition,février,,,noun,,time-dates,174
tricolore-2-5th-edition,fête,une,,noun,,hobby,174
tricolore-2-5th-edition,gant,un,,noun,,shopping,174
tricolore-2-5th-edition,garage,un,,noun,,home,174
tricolore-2-5th-edition,gardien(ne) de but,un(e),,noun,,profession,174
tricolore-2-5th-edition,gazeux (gazeuse),,,adjective,,none,174
tricolore-2-5th-edition,grand magasin,un,,noun,,shopping,174
tricolore-2-5th-edition,grand-mère,la,,noun,,family,174
tricolore-2-5th-edition,grand-père,le,,noun,,family,174
tricolore-2-5th-edition,grands-parents,les,,noun,,family,174
tricolore-2-5th-edition,gratuit,,,adjective,,none,174
tricolore-2-5th-edition,gris,,,adjective,,none,174
tricolore-2-5th-edition,gros(se),,,adjective,,none,174
tricolore-2-5th-edition,Grèce,la,,noun,,none,174
tricolore-2-5th-edition,guitare,une,,noun,,hobby,174
tricolore-2-5th-edition,gymnase,un,,noun,,none,174
tricolore-2-5th-edition,gymnastique,la,,noun,,hobby,174
tricolore-2-5th-edition,géographie,la,,noun,,school,174
tricolore-2-5th-edition,hamster,un,,noun,,none,174
tricolore-2-5th-edition,haut,,,adjective,,none,174
tricolore-2-5th-edition,heureusement,,,adverb,,none,174
tricolore-2-5th-edition,histoire (f),l',,noun,,none,174
tricolore-2-5th-edition,hockey,le,,noun,,none,174
tricolore-2-5th-edition,ici,,,adverb,,none,174
tricolore-2-5th-edition,il aime,,,phrase,,none,174
tricolore-2-5th-edition,il est fort en français,,,phrase,,none,174
tricolore-2-5th-edition,il est interdit de ...,,,phrase,,none,174
tricolore-2-5th-edition,il fait beau,,,phrase,,weather,174
tricolore-2-5th-edition,il y a du brouillard,,,phrase,,weather,174
tricolore-2-5th-edition,inconvénient,un,,noun,,none,174
tricolore-2-5th-edition,jambon,le,,noun,,food,174
tricolore-2-5th-edition,jardin,un,,noun,,home,174
tricolore-2-5th-edition,je n'aime pas,,,phrase,,none,174
tricolore-2-5th-edition,jeu,un,,noun,,hobby,174
tricolore-2-5th-edition,jeu vidéo (des jeux vidéo),un,,noun,,hobby,174
tricolore-2-5th-edition,jour,un,,noun,,time-dates,174
tricolore-2-5th-edition,jus de fruit,un,,noun,,food,174
tricolore-2-5th-edition,libre,,,adjective,,none,174
tricolore-2-5th-edition,loin,,,adverb,,none,174
tricolore-2-5th-edition,lourd,,,adjective,,none,174
tricolore-2-5th-edition,lunettes (f pl),des,,noun,,none,174
tricolore-2-5th-edition,main,la,,noun,,health,174
tricolore-2-5th-edition,Manche,la,,noun,,none,174
tricolore-2-5th-edition,manger,,,verb,,none,174
tricolore-2-5th-edition,match de football,un,,noun,,hobby,174
tricolore-2-5th-edition,match nul,un,,noun,,none,174
tricolore-2-5th-edition,mi-temps,la,,noun,,time-dates,174
tricolore-2-5th-edition,mode,la,,noun,,none,174
tricolore-2-5th-edition,monter,,,verb,,none,174
tricolore-2-5th-edition,mort(e),,,adjective,,none,174
tricolore-2-5th-edition,mourir,,,verb,,none,174
tricolore-2-5th-edition,médecin,un,,noun,,profession,174
tricolore-2-5th-edition,même,,,adjective,,none,174
tricolore-2-5th-edition,nourriture,la,,noun,,food,174
tricolore-2-5th-edition,obligatoire,,,adjective,,none,174
tricolore-2-5th-edition,ordi(nateur),un,,noun,,communication,174
tricolore-2-5th-edition,oublier,,,verb,,none,174
tricolore-2-5th-edition,par exemple,,,phrase,,none,174
tricolore-2-5th-edition,par terre,,,phrase,,none,174
tricolore-2-5th-edition,passe-temps,un,,noun,,hobby,174
tricolore-2-5th-edition,passionnant,,,adjective,,none,174
tricolore-2-5th-edition,pellicule,une,,noun,,hobby,174
tricolore-2-5th-edition,pendant,,,preposition,,none,174
tricolore-2-5th-edition,placard,un,,noun,,home,174
tricolore-2-5th-edition,plancher,le,,noun,,none,174
tricolore-2-5th-edition,plat du jour,le,,noun,,restaurant,174
tricolore-2-5th-edition,point,un,,noun,,none,174
tricolore-2-5th-edition,poisson,le,,noun,,food,174
tricolore-2-5th-edition,poisson rouge,un,,noun,,none,174
tricolore-2-5th-edition,porte,une,,noun,,home,174
tricolore-2-5th-edition,poupée,une,,noun,,none,174
tricolore-2-5th-edition,pour,,,preposition,,none,174
tricolore-2-5th-edition,premier (première),,,other,,none,174
tricolore-2-5th-edition,"préféré, favori(te)",,,phrase,,none,174
tricolore-2-5th-edition,"pupitre, un bureau",un,,noun,,none,174
tricolore-2-5th-edition,Pâques,,,noun,,none,174
tricolore-2-5th-edition,père,le,,noun,,family,174
tricolore-2-5th-edition,père Noël,le,,noun,,family,174
tricolore-2-5th-edition,quinze jours,,,phrase,,none,174
tricolore-2-5th-edition,raisin,un,,noun,,food,174
tricolore-2-5th-edition,"rapide, vite",,,phrase,,none,174
tricolore-2-5th-edition,regarder mes messages,,,verb,,communication,174
tricolore-2-5th-edition,remplir,,,verb,,none,174
tricolore-2-5th-edition,rendre,,,verb,,health,174
tricolore-2-5th-edition,revoir,au,,phrase,,communication,174
tricolore-2-5th-edition,rez-de-chaussée,au,,phrase,,none,174
tricolore-2-5th-edition,robe,une,,noun,,shopping,174
tricolore-2-5th-edition,s'amuser,,,verb,,none,174
tricolore-2-5th-edition,s'entendre avec,,,verb,,none,174
tricolore-2-5th-edition,s'habiller,,,verb,,daily-routine,174
tricolore-2-5th-edition,sale,,,adjective,,none,174
tricolore-2-5th-edition,salle à manger,la,,noun,,home,174
tricolore-2-5th-edition,salut!,,,phrase,,none,174
tricolore-2-5th-edition,santé,la,,noun,,health,174
tricolore-2-5th-edition,sauf,,,preposition,,none,174
tricolore-2-5th-edition,se débrouiller,,,verb,,none,174
tricolore-2-5th-edition,se lever,,,verb,,daily-routine,174
tricolore-2-5th-edition,soir,le,,noun,,time-dates,174
tricolore-2-5th-edition,"son, sa, ses",,,phrase,,family,174
tricolore-2-5th-edition,sortie,la,,noun,,none,174
tricolore-2-5th-edition,sortir,,,verb,,none,174
tricolore-2-5th-edition,surligner,,,verb,,none,174
tricolore-2-5th-edition,surligneur,un,,noun,,none,174
tricolore-2-5th-edition,surtout,,,adverb,,none,174
tricolore-2-5th-edition,TME (travail manuel éducatif),le,,noun,,none,174
tricolore-2-5th-edition,tomber,,,verb,,none,174
tricolore-2-5th-edition,tous les jours,,,phrase,,time-dates,174
tricolore-2-5th-edition,toute la journée,,,phrase,,time-dates,174
tricolore-2-5th-edition,traverser,,,verb,,none,174
tricolore-2-5th-edition,tu ne comprends pas?,,,phrase,,none,174
tricolore-2-5th-edition,tête,la,,noun,,health,174
tricolore-2-5th-edition,vacances (f pl),les,,noun,,vacation,174
tricolore-2-5th-edition,vendredi,,,noun,,time-dates,174
tricolore-2-5th-edition,verre,un,,noun,,none,174
tricolore-2-5th-edition,vert,,,adjective,,none,174
tricolore-2-5th-edition,visage,le,,noun,,none,174
tricolore-2-5th-edition,voici,,,phrase,,none,174
tricolore-2-5th-edition,vol,un,,noun,,none,174
tricolore-2-5th-edition,à la campagne,,,phrase,,vacation,174
tricolore-2-5th-edition,épicerie,une,,noun,,profession,174
tricolore-2-5th-edition,"épicier, une épicière",un,,noun,,profession,174
tricolore-2-5th-edition,œil (les yeux),un,,noun,,none,174
tricolore-2-5th-edition,œuf,un,,noun,,food,174
tricolore-2-5th-edition,œuf à la coque,un,,noun,,food,174
