collection,section,part,item,item_type,question,option_a,option_b,option_c,correct_answer,level,topic,source_page
cosmopolite-a1-methode,speaking,,1a,open-ended,Quels mots français vous connaissez ?,,,,,A1,communication,011
cosmopolite-a1-methode,speaking,,1b,matching,"Associez les langues aux dessins : l'anglais, l'allemand, l'espagnol, le français, le portugais, le polonais.",,,,,A1,communication,011
cosmopolite-a1-methode,speaking,,1c,open-ended,"Et dans votre langue, comment vous saluez au téléphone ?",,,,,A1,communication,011
cosmopolite-a1-methode,listening,,2,matching,Par deux. Écoutez. Associez les dialogues aux photos.,,,,,A1,personal-info,012
cosmopolite-a1-methode,speaking,À NOUS !,3,speaking-task,Nous faisons connaissance. En petits groupes. Dites bonjour et donnez votre prénom. Associez un geste à votre prénom. Demandez son prénom à un(e) étudiant(e). L'étudiant(e) dit bonjour et répète votre geste. Il/Elle associe un geste à son prénom.,,,,(open-ended),A1,personal-info,012
cosmopolite-a1-methode,listening,,1a,multiple-choice,Écoutez. Choisissez la réponse correcte. C'est…,une interview.,un dialogue.,une chanson.,,A1,communication,013
cosmopolite-a1-methode,listening,,1b,speaking-task,Réécoutez. Répétez l'alphabet.,,,,(open-ended),A1,communication,013
cosmopolite-a1-methode,listening,,2,matching,Par deux. Associez chaque lettre de l'alphabet à sa prononciation en français.,,,,,A1,communication,013
cosmopolite-a1-methode,listening,Sons du français,3a,speaking-task,Écoutez et répétez.,,,,(open-ended),A1,communication,014
cosmopolite-a1-methode,speaking,Sons du français,3b-1,matching,"En petits groupes. Associez un geste à chaque son voyelle : [a], [e], [ɛ], [i], [y], [o], [ə].",,,,,A1,communication,014
cosmopolite-a1-methode,speaking,Sons du français,3b-2,speaking-task,Présentez vos gestes à la classe.,,,,(open-ended),A1,communication,014
cosmopolite-a1-methode,speaking,,4,speaking-task,Nous présentons l'alphabet. En petits groupes. Imaginez une présentation originale de l'alphabet. Présentez votre alphabet à la classe.,,,,(open-ended),A1,communication,014
cosmopolite-a1-methode,reading,,5,short-answer,Lisez le forum. Répondez à la question de Viviana Jones.,,,,,A1,communication,014
cosmopolite-a1-methode,listening,,6a,short-answer,Comment elle s'appelle ?,,,,,A1,communication,014
cosmopolite-a1-methode,listening,,6b,short-answer,Comment ça s'écrit ?,,,,,A1,communication,014
cosmopolite-a1-methode,listening,,7,fill-in,Écoutez. Écrivez les prénoms.,,,,,A1,communication,014
cosmopolite-a1-methode,speaking,À NOUS !,8,speaking-task,Nous faisons notre première photo de classe. En petits groupes. Levez-vous. Demandez le prénom de votre voisin(e) de gauche et de votre voisin(e) de droite. Placez-vous par ordre alphabétique. Prenez une photo.,,,,(open-ended),A1,communication,014
cosmopolite-a1-methode,reading,,1,matching,Observez le classement. Associez. numéro un — l'Allemagne ; numéro deux — la Russie ; numéro trois — la Grande-Bretagne ; numéro quatre — les États-Unis ; numéro cinq — la Chine.,,,,numéro un = les États-Unis ; numéro deux = la Grande-Bretagne ; numéro trois = la Chine ; numéro quatre = la Russie ; numéro cinq = l'Allemagne (d'après le tableau de classement affiché sur la page),A1,travel,015
cosmopolite-a1-methode,grammar,,2,fill-in,"Par deux. Écoutez. Complétez avec le, la, l', les. 1. … États-Unis 2. … Grande-Bretagne 3. … Chine 4. … Russie 5. … Allemagne 6. … Japon 7. … France 8. … Corée du Sud 9. … Italie 10. … Australie 11. … Pays-Bas 12. … Hongrie 13. … Brésil 14. … Espagne 15. … Kenya 16. … Jamaïque 17. … Croatie 18. Ø Cuba 19. … Nouvelle-Zélande 20. … Canada",,,,1. les États-Unis 2. la Grande-Bretagne 3. la Chine 4. la Russie 5. l'Allemagne 6. le Japon 7. la France 8. la Corée du Sud 9. l'Italie 10. l'Australie 11. les Pays-Bas 12. la Hongrie 13. le Brésil 14. l'Espagne 15. le Kenya 16. la Jamaïque 17. la Croatie 18. Ø Cuba 19. la Nouvelle-Zélande 20. le Canada,A1,travel,015
cosmopolite-a1-methode,listening,,3,speaking-task,Réécoutez. Répétez le classement des pays de 1 à 10.,,,,(open-ended),A1,travel,015
cosmopolite-a1-methode,grammar,FOCUS LANGUE,genre-des-pays,fill-in,Observez. Complétez la règle. a. le Japon • le Brésil • le Liban • l'Iran. b. la Chine • la Hongrie • la Russie • l'Australie. c. les États-Unis • les Pays-Bas. Les noms de pays qui terminent par la lettre … sont féminins. Les noms de pays qui terminent par la lettre … sont pluriels.,,,,Les noms de pays qui terminent par la lettre e sont féminins ; les noms de pays qui terminent par la lettre s sont pluriels.,A1,travel,015
cosmopolite-a1-methode,grammar,,4,fill-in,Par deux. Observez les nombres en vert et en bleu. Complétez le tableau. Écoutez pour vérifier.,,,,21 vingt et un ; 32 trente-deux ; 37 trente-sept ; 41 quarante et un ; 44 quarante-quatre ; 49 quarante-neuf ; 53 cinquante-trois ; 56 cinquante-six ; 58 cinquante-huit ; 61 soixante et un ; 66 soixante-six,A1,travel,016
cosmopolite-a1-methode,listening,,5,short-answer,Par deux. Écoutez. Repérez dans le tableau le nombre entendu.,,,,,A1,travel,016
cosmopolite-a1-methode,speaking,À NOUS !,6,speaking-task,Nous comptons. En groupe. Chaque étudiant écrit un chiffre de 1 à 20 sur trois papiers différents. Le professeur écrit ou dit un nombre. Exemple : 26. Les étudiants forment un groupe pour totaliser 26. Ils disent « vingt-six ». Un(e) étudiant(e) écrit ou dit un nombre. L'activité continue.,,,,(open-ended),A1,travel,016
cosmopolite-a1-methode,grammar,FOCUS LANGUE,article-defini,fill-in,"Observez. Complétez avec le, la, l', les. Masculin singulier : … Brésil, … Liban. Féminin singulier : … Chine, … France. Pluriel : … États-Unis, … Pays-Bas. Devant une voyelle : … Iran, … Espagne.",,,,"le Brésil, le Liban ; la Chine, la France ; les États-Unis, les Pays-Bas ; l'Iran, l'Espagne",A1,travel,016
cosmopolite-a1-methode,reading,,1a,short-answer,En petits groupes. Observez le calendrier des cours. Repérez : 1. les quatre sessions de cours ; 2. les mois pour chaque session.,,,,"Automne (septembre, octobre, novembre) ; Hiver (décembre, janvier, février) ; Printemps (mars, avril, mai) ; Été (juin, juillet, août)",A1,time-dates,017
cosmopolite-a1-methode,grammar,,1b,fill-in,"Complétez avec les mois de l'année. 1. Le printemps : mars, … 2. L'été : juin, … 3. L'automne : septembre, … 4. L'hiver : décembre, …",,,,"Printemps : mars, avril, mai ; Été : juin, juillet, août ; Automne : septembre, octobre, novembre ; Hiver : décembre, janvier, février",A1,time-dates,017
cosmopolite-a1-methode,speaking,,1c,open-ended,Comparez avec les saisons de votre pays.,,,,,A1,time-dates,017
cosmopolite-a1-methode,listening,,2a,fill-in,Écoutez la chanson. Complétez les jours de la semaine. lun… • mar… • mer… • jeu… • ven… • same… • dim…,,,,"lundi, mardi, mercredi, jeudi, vendredi, samedi, dimanche",A1,time-dates,018
cosmopolite-a1-methode,writing,,2b,short-answer,"Écrivez la date : Aujourd'hui, c'est le…",,,,(open-ended),A1,time-dates,018
cosmopolite-a1-methode,speaking,,2c,open-ended,Comparez les jours de la semaine en français et dans votre langue.,,,,,A1,time-dates,018
cosmopolite-a1-methode,speaking,,3,open-ended,Par deux. Observez l'affiche. Qui parle : le professeur ou l'étudiante ? Faites des hypothèses.,,,,,A1,time-dates,018
cosmopolite-a1-methode,listening,,4,short-answer,Écoutez pour vérifier vos réponses.,,,,,A1,time-dates,018
cosmopolite-a1-methode,speaking,À NOUS !,5,speaking-task,"Nous communiquons en classe. En petits groupes. Choisissez deux phrases de l'affiche. Illustrez avec une photo, un dessin ou un mime. Présentez vos phrases à la classe. La classe trouve quelles phrases vous présentez.",,,,(open-ended),A1,time-dates,018
cosmopolite-a1-methode,grammar,FOCUS LANGUE,jours-mois-saisons-a,fill-in,"Complétez. Les jours de la semaine : lundi, … Les mois de l'année : janvier, février, mars, … Les saisons : l'été, …",,,,"lundi, mardi, mercredi, jeudi, vendredi, samedi, dimanche ; janvier, février, mars, avril, mai, juin, juillet, août, septembre, octobre, novembre, décembre ; l'été, l'automne, l'hiver, le printemps",A1,time-dates,018
cosmopolite-a1-methode,speaking,FOCUS LANGUE,jours-mois-saisons-b,open-ended,En petits groupes. Trouvez un moyen de mémoriser les jours de la semaine et les mois de l'année. Partagez vos idées avec la classe.,,,,,A1,time-dates,018
cosmopolite-a1-methode,speaking,,①,open-ended,En petits groupes. Répondez. À votre avis… Les Français se saluent comment ? Et les habitants de votre pays ?,,,,,A1,communication,019
cosmopolite-a1-methode,speaking,,②,open-ended,Les Français utilisent tu ou vous ? Et les habitants de votre pays ?,,,,,A1,communication,019
cosmopolite-a1-methode,speaking,,comparaison,open-ended,En groupe. Comparez vos réponses.,,,,,A1,communication,020
cosmopolite-a1-methode,speaking,PROJETS,projet-classe,speaking-task,Un projet de classe : Réaliser un diaporama de présentation des étudiants de la classe pour faire connaissance.,,,,(open-ended),A1,communication,020
cosmopolite-a1-methode,speaking,PROJETS,projet-monde,speaking-task,Et un projet ouvert sur le monde : Réaliser une présentation audio ou vidéo de la classe.,,,,(open-ended),A1,communication,020
cosmopolite-a1-methode,speaking,,③,open-ended,"On parle français en : Europe, Asie, Afrique, Amérique, Océanie. Et la langue de votre pays ?",,,,,A1,communication,020
cosmopolite-a1-methode,speaking,,④,open-ended,Parler français est utile pour : a. communiquer. b. travailler. c. voyager. Et la langue de votre pays ?,,,,,A1,communication,020
cosmopolite-a1-methode,speaking,,1a,short-answer,Observez les photos. Identifiez chaque situation : formelle ou informelle ?,,,,,A1,communication,021
cosmopolite-a1-methode,listening,,1b,short-answer,Écoutez les dialogues (doc. 1). Vérifiez vos réponses.,,,,,A1,communication,021
cosmopolite-a1-methode,speaking,,2,matching,"Par deux. Associez les phrases aux photos. a. Salut Ivana ! Ça va ? b. Je vais bien, merci. Et vous ? c. Bonjour madame ! d. Le cours commence ! À plus tard ! e. Au revoir. Bonne journée ! f. Salut Juan ! Oui, ça va, et toi ? Tu vas bien ? g. Excusez-moi ! Je suis en retard ! Au revoir ! h. Bonjour monsieur ! i. Salut ! j. Bien, merci. k. Comment allez-vous ? l. Je vais très bien. m. À demain !",,,,a. → Dialogue 1 (seule association donnée en exemple dans le texte ; les autres ne sont pas résolues sans audio),A1,communication,021
cosmopolite-a1-methode,speaking,,3,ordering,Par deux. Reconstituez les dialogues. Réécoutez (doc. 1) pour vérifier.,,,,,A1,communication,021
cosmopolite-a1-methode,listening,Sons du français,4a,short-answer,"Fermez les yeux. Écoutez les phrases. Vous entendez [y] dans la première syllabe, montrez 1 ; dans la deuxième syllabe, montrez 2 ; dans la troisième syllabe, montrez 3. Exemple : Salut Anne ! → 2",,,,,A1,communication,021
cosmopolite-a1-methode,listening,Sons du français,4b,speaking-task,"Écoutez. Vous entendez [y], saluez de manière informelle. Vous entendez [u], saluez de manière formelle.",,,,(open-ended),A1,communication,021
cosmopolite-a1-methode,grammar,FOCUS LANGUE,formules-saluer,fill-in,Les formules pour se saluer. Complétez avec les phrases de l'activité 2 : Saluer / Prendre congé / Demander comment ça va / Dire comment ça va (situation formelle / situation informelle).,,,,,A1,communication,021
cosmopolite-a1-methode,grammar,FOCUS LANGUE,tu-vous,fill-in,Tu ou vous pour s'adresser à une ou des personnes. Complétez avec tu ou vous. Comment allez-…? / …vas bien ? / Comment allez-vous ? Vous allez bien ?,,,,Comment allez-vous ? (situation formelle) ; Tu vas bien ? (situation informelle),A1,communication,021
cosmopolite-a1-methode,speaking,,5,speaking-task,En groupe. Choisissez une situation : formelle ou informelle. Levez-vous et marchez dans la classe. Au signal du professeur : vous saluez ; vous demandez et dites comment ça va ; vous prenez congé.,,,,(open-ended),A1,personal-info,022
cosmopolite-a1-methode,reading,,6a,true-false,C'est une invitation pour la Journée internationale des droits de l'enfant.,,,,Vrai,A1,personal-info,022
cosmopolite-a1-methode,reading,,6b,true-false,La Journée internationale des droits de l'enfant est le 20 novembre.,,,,Vrai,A1,personal-info,022
cosmopolite-a1-methode,reading,,6c,true-false,Le cocktail est à Paris.,,,,Faux (l'invitation indique l'Ambassade de France à Stockholm),A1,personal-info,022
cosmopolite-a1-methode,reading,,6d,true-false,"L'identité, c'est : un nom, un prénom, une adresse.",,,,"Faux (l'invitation dit : un nom, un prénom et une nationalité)",A1,personal-info,022
cosmopolite-a1-methode,listening,,7a,short-answer,Écoutez la conversation (doc. 3). Identifiez la situation : formelle ou informelle ?,,,,,A1,personal-info,022
cosmopolite-a1-methode,listening,,7b,short-answer,Qui parle ? À qui ? Où ?,,,,,A1,personal-info,022
cosmopolite-a1-methode,listening,,8,short-answer,"Par deux. Réécoutez (doc. 3). Relevez les phrases pour : a. se saluer ; b. se présenter (nom, prénom) ; c. demander et dire comment ça va.",,,,,A1,personal-info,022
cosmopolite-a1-methode,speaking,À NOUS !,9,speaking-task,"Nous nous présentons. Par deux. Vous vous saluez, vous demandez comment ça va, vous vous présentez (nom, prénom) et vous prenez congé. La classe vote pour le meilleur dialogue.",,,,(open-ended),A1,personal-info,022
cosmopolite-a1-methode,grammar,FOCUS LANGUE,articles-indefinis,fill-in,"Les articles indéfinis pour nommer des choses ou des personnes non identifiées. Complétez avec un, une, des. Singulier masculin : … nom, … prénom, … cocktail. Singulier féminin : … nationalité, une invitation, … identité. Pluriel masculin : … droits, … professionnels. Pluriel féminin : des personnes, … rencontres.",,,,"un nom, un prénom, un cocktail ; une nationalité, une invitation, une identité ; des droits, des professionnels ; des personnes, des rencontres",A1,personal-info,022
cosmopolite-a1-methode,listening,,1,matching,Écoutez. Associez les sons aux photos.,,,,,A1,travel,023
cosmopolite-a1-methode,reading,,2a,matching,Observez les photos. Identifiez les situations. Où ? 1. une gare 2. une route 3. un aéroport 4. une gare routière,,,,1. une gare → Photo a (exemple donné dans le texte),A1,travel,023
cosmopolite-a1-methode,reading,,2b,matching,Qui ? 1. une dame 2. un jeune homme et une jeune femme 3. des hommes et des femmes 4. une femme et un homme,,,,,A1,travel,023
cosmopolite-a1-methode,reading,,2c,matching,Quelle saison ? 1. l'automne 2. le printemps 3. l'hiver 4. l'été,,,,,A1,travel,023
cosmopolite-a1-methode,reading,,2d,matching,Quand ? 1. le matin 2. à midi 3. l'après-midi 4. le soir,,,,,A1,travel,023
cosmopolite-a1-methode,listening,,3,matching,Par deux. Écoutez les dialogues (doc. 1). Associez les dialogues aux photos de l'activité 1.,,,,,A1,travel,023
cosmopolite-a1-methode,listening,,4,matching,Par deux. Réécoutez (doc. 1). Ils parlent de quoi ? Associez. dialogue 1 / a. un train ; dialogue 2 / b. une voiture ; dialogue 3 / c. un billet d'avion ; dialogue 4 / d. un bus,,,,,A1,travel,023
cosmopolite-a1-methode,grammar,FOCUS LANGUE,mots-interrogatifs,fill-in,"Les mots interrogatifs pour demander des informations. Complétez avec d'autres exemples. a. Où ? Un lieu : une gare routière, … b. Qui ? Une personne identifiée : Nicolas Pron, Véronique Lönnerblad. Une ou des personnes non identifiées : une dame, … c. Quand ? Un moment de la journée, une date, une saison : le matin, … d. Quoi ? L'objet d'une conversation : un billet d'avion, …",,,,,A1,travel,023
cosmopolite-a1-methode,listening,FOCUS LANGUE,politesse,short-answer,"Les formules de politesse pour demander ou donner des informations. Écoutez encore (doc. 1). Retrouvez les deux autres formules de politesse. Exemple : Je voudrais un billet d'avion pour Nice, s'il vous plaît.",,,,,A1,travel,023
cosmopolite-a1-methode,writing,,5,writing-task,En petits groupes. Imaginez une situation (qui ? où ? quand ? quoi ?). Cherchez une photo pour illustrer la situation. Écrivez la légende de la photo.,,,,(open-ended),A1,personal-info,024
cosmopolite-a1-methode,listening,,6a,true-false,Corina demande le numéro de téléphone d'Azad.,,,,,A1,personal-info,024
cosmopolite-a1-methode,listening,,6b,true-false,Azad épelle son prénom et son nom.,,,,,A1,personal-info,024
cosmopolite-a1-methode,listening,,6c,true-false,Le numéro de téléphone d'Azad est le 06 70 81 90 95.,,,,,A1,personal-info,024
cosmopolite-a1-methode,listening,,6d,true-false,Il s'appelle Azad Sasi.,,,,,A1,personal-info,024
cosmopolite-a1-methode,listening,,7,matching,Par deux. Réécoutez le numéro de téléphone d'Azad (doc. 2). Associez. a. 70 b. 80 c. 81 d. 95 / 1. quatre-vingt-quinze 2. quatre-vingt-un 3. quatre-vingts 4. soixante-dix,,,,a-4 (70 = soixante-dix) ; b-3 (80 = quatre-vingts) ; c-2 (81 = quatre-vingt-un) ; d-1 (95 = quatre-vingt-quinze),A1,personal-info,024
cosmopolite-a1-methode,listening,Sons du français,8a,true-false,"Écoutez et observez : soixante • soixante et un • soixante-huit • soixante-dix • soixante et onze • soixante-quatorze. Vrai ou faux ? Dans « soixante et un », on entend une pause après « soixante » et après « et ».",,,,,A1,personal-info,024
cosmopolite-a1-methode,listening,Sons du français,8b,speaking-task,Écoutez et répétez. Tapez sur la table avec le doigt pour chaque syllabe. Tapez plus fort pour la dernière syllabe.,,,,(open-ended),A1,personal-info,024
cosmopolite-a1-methode,speaking,À NOUS !,9,speaking-task,Nous imaginons une situation. En petits groupes. Échangez votre photo et sa légende (activité 5). Imaginez un dialogue entre les personnes. Présentez la photo et la situation à la classe. Jouez le dialogue.,,,,(open-ended),A1,personal-info,024
cosmopolite-a1-methode,grammar,FOCUS LANGUE,nombres2-a,fill-in,"Observez et complétez. 1. 70, c'est … + … . 2. 80, c'est … x … . 3. 90, c'est quatre-vingts + … .",,,,70 = soixante + dix ; 80 = quatre x vingt ; 90 = quatre-vingts + dix,A1,personal-info,024
cosmopolite-a1-methode,grammar,FOCUS LANGUE,nombres2-b,fill-in,"Complétez avec et ou –. 1. J'utilise … pour 21, 31, 41, 51, 61 et 71. 2. J'utilise … pour 81 et 91.",,,,1. et ; 2. – (tiret),A1,personal-info,024
cosmopolite-a1-methode,listening,FOCUS LANGUE,nombres2-c,fill-in,Écoutez. Écrivez les numéros de téléphone. Exemple : 07 – 62 – 88 – 93 – 70.,,,,,A1,personal-info,024
cosmopolite-a1-methode,reading,,1,multiple-choice,Observez l'affiche (doc. 1). Choisissez la réponse correcte. C'est une affiche pour :,des cours de français.,un festival francophone.,la Journée européenne des langues.,un festival francophone.,A1,personal-info,025
cosmopolite-a1-methode,reading,,2,true-false,"Les cinq continents (l'Afrique, l'Amérique, l'Asie, l'Europe, l'Océanie) sont présents au festival.",,,,,A1,personal-info,025
cosmopolite-a1-methode,listening,,3,fill-in,Par deux. Écoutez le dialogue 1 (doc. 2). Complétez le programme (doc. 3) avec les professions et les nationalités.,,,,,A1,personal-info,025
cosmopolite-a1-methode,listening,,4,fill-in,"Écoutez le dialogue 2 (doc. 2). Complétez les badges. Badge 1 : Nom : ANH, Prénom : Thu, Nationalité : ___, Profession : ___. Badge 2 : Nom : POPOV, Prénom : Vladimir, Nationalité : ___, Profession : ___.",,,,,A1,personal-info,026
cosmopolite-a1-methode,listening,,5,short-answer,Réécoutez les dialogues 1 et 2 (doc. 2). Quelles langues parlent Xavier et Thu ? japonais • français • anglais • vietnamien,,,,,A1,personal-info,026
cosmopolite-a1-methode,writing,,6,writing-task,"Créez votre badge pour un festival francophone (nom, prénom, nationalité, langues parlées).",,,,(open-ended),A1,personal-info,026
cosmopolite-a1-methode,listening,Sons du français,7,speaking-task,"L'intonation montante et descendante. Écoutez. La voix monte, levez le bras. La voix descend, baissez le bras.",,,,(open-ended),A1,personal-info,026
cosmopolite-a1-methode,speaking,À NOUS !,8,speaking-task,"Nous échangeons des informations personnelles. Par deux. Situation informelle. Imaginez votre identité artistique (nom, prénom, nationalité, profession). Vous vous saluez, vous vous présentez et vous prenez congé.",,,,(open-ended),A1,personal-info,026
cosmopolite-a1-methode,reading,FOCUS LANGUE,etre-a,short-answer,"Lisez les présentations. Qui est-ce ? [1] Je suis canadien. Je suis acteur et réalisateur. Et vous, vous êtes français ? [2] Elle est vietnamienne. Elle est musicienne. Et toi ? Tu es musicien ?",,,,,A1,personal-info,026
cosmopolite-a1-methode,grammar,FOCUS LANGUE,etre-b,fill-in,Complétez avec le verbe être. Je … canadien. Tu … musicien ? Il est russe. Elle … vietnamienne. Nous sommes francophones. Vous … français ? Ils sont musiciens. Elles sont musiciennes.,,,,suis ; es ; est ; êtes,A1,personal-info,026
cosmopolite-a1-methode,grammar,FOCUS LANGUE,nationalite-a,short-answer,En petits groupes. Observez les nationalités dans le programme (doc. 3) et dans les cercles. Que remarquez-vous ?,,,,,A1,personal-info,026
cosmopolite-a1-methode,grammar,FOCUS LANGUE,nationalite-b,fill-in,Complétez. Il est chinois. Elle est chinois… . Il est français. Elle est français… . Il est américain. Elle est américain… . Il est brésilien. Elle est brésilien… .,,,,chinoise ; française ; américaine ; brésilienne,A1,personal-info,026
cosmopolite-a1-methode,reading,FOCUS LANGUE,profession-b,short-answer,Trouvez un exemple de profession pour chaque catégorie dans le programme du festival (doc. 3). Exemple : -teur → réalisateur. Xavier Dolan est réalisateur.,,,,,A1,personal-info,026
cosmopolite-a1-methode,reading,,1a,short-answer,Observez l'affiche du film (doc. 1). Lisez la présentation. Répondez. Comment s'appelle la réalisatrice ?,,,,Anne Fontaine,A1,personal-info,027
cosmopolite-a1-methode,reading,,1b,short-answer,Qui sont les acteurs ?,,,,Gemma Arterton et Fabrice Luchini,A1,personal-info,027
cosmopolite-a1-methode,reading,,1c,short-answer,Où se passe le film ?,,,,Dans un petit village en Normandie,A1,personal-info,027
cosmopolite-a1-methode,reading,,1d,short-answer,Comment s'appellent les personnages du film ?,,,,"Martin, Gemma et Charles Bovery",A1,personal-info,027
cosmopolite-a1-methode,listening,,2a-1,true-false,Elle est anglaise.,,,,Vrai,A1,personal-info,027
cosmopolite-a1-methode,listening,,2a-2,true-false,Elle est réalisatrice.,,,,Faux (elle est actrice ; la réalisatrice est Anne Fontaine),A1,personal-info,027
cosmopolite-a1-methode,listening,,2a-3,true-false,Elle est actrice.,,,,Vrai,A1,personal-info,027
cosmopolite-a1-methode,listening,,2a-4,true-false,Elle est belge.,,,,Faux (elle est anglaise),A1,personal-info,027
cosmopolite-a1-methode,listening,,2a-5,true-false,Elle parle anglais et français.,,,,,A1,personal-info,027
cosmopolite-a1-methode,listening,,2b,short-answer,Réécoutez (doc. 2). Vérifiez vos réponses avec la transcription (livret p. 3).,,,,,A1,personal-info,027
cosmopolite-a1-methode,grammar,FOCUS LANGUE,parler,fill-in,Complétez avec le verbe parler. Je … français. Tu … anglais. Il parle russe. Elle … japonais. Nous parlons français. Vous … français. Ils … anglais. Elles parlent français.,,,,parle ; parles ; parle ; parlez ; parlent,A1,personal-info,027
cosmopolite-a1-methode,grammar,FOCUS LANGUE,sappeler,fill-in,"Complétez avec s'appellent, m'appelle, t'appelles, vous appelez, s'appelle. 1. Je … Gemma. 2. Tu … comment ? 3. Il … Martin. 4. Elle … Thu Anh. 5. Nous nous appelons Xavier et Saïdou. 6. Vous … comment ? 7. Ils … Gemma et Charles. 8. Elles … Gemma et Véronique.",,,,1. m'appelle ; 2. t'appelles ; 3. s'appelle ; 4. s'appelle ; 6. vous appelez ; 7. s'appellent ; 8. s'appellent,A1,personal-info,027
cosmopolite-a1-methode,listening,Sons du français,3,short-answer,Par deux. Écoutez les verbes parler et écouter. Répétez. Que remarquez-vous ?,,,,,A1,personal-info,028
cosmopolite-a1-methode,speaking,,4,speaking-task,"En petits groupes. Cherchez des personnes célèbres qui parlent français. Présentez les personnes aux autres groupes (prénom, nom, nationalité, profession, langues parlées). Illustrez votre présentation avec une photo.",,,,(open-ended),A1,personal-info,028
cosmopolite-a1-methode,reading,,5,multiple-choice,Observez le document 3. Choisissez la réponse correcte. C'est :,un mél.,un blog.,un tweet.,un blog.,A1,personal-info,028
cosmopolite-a1-methode,reading,,6a,multiple-choice,Lisez le document 3. Choisissez la réponse correcte. Michelle est :,professeure à l'université.,étudiante à l'université.,étudiante à l'Alliance française.,étudiante à l'Alliance française.,A1,personal-info,028
cosmopolite-a1-methode,reading,,6b,multiple-choice,Mingze étudie :,en Chine.,en France.,en Équateur.,en Équateur.,A1,personal-info,028
cosmopolite-a1-methode,writing,,7,fill-in,Par deux. Complétez le formulaire d'inscription de Mingze à l'université. Nom / Prénom / Langues parlées / Nationalité(s) / Profession.,,,,"Nom : NI ; Prénom : Mingze ; Langues parlées : chinois, espagnol, anglais ; Nationalité(s) : chinoise et équatorienne ; Profession : étudiant",A1,personal-info,028
cosmopolite-a1-methode,writing,À NOUS !,8,writing-task,"Nous présentons notre groupe. En petits groupes. Prenez une photo de votre groupe. Écrivez une légende pour présenter vos camarades (prénoms, professions, nationalités, langues parlées…). Affichez votre production dans la classe.",,,,(open-ended),A1,personal-info,028
cosmopolite-a1-methode,grammar,FOCUS LANGUE,cest-a,matching,"Relisez le portrait de Mingze (doc. 3). Associez Il est / Elle est / C'est à un groupe de mots. Groupe 1 : acteur, coréen, chinois, réalisateur, russe, chanteur, équatorien, humoriste. Groupe 2 : Mingze, Vladimir, Xavier Dolan, mon ami, Gemma, Thu Anh, une secrétaire, une actrice. Groupe 3 : secrétaire, étudiante, réalisatrice, actrice, japonaise, chinoise, humoriste, roumaine.",,,,"Il est/Elle est + groupe 1 et groupe 3 (profession/nationalité sans article) ; C'est + groupe 2 (nom, prénom, ou déterminant + nom)",A1,personal-info,028
cosmopolite-a1-methode,grammar,FOCUS LANGUE,cest-b,fill-in,Complétez la règle avec C'est ou Il est / Elle est. Pour présenter / identifier : – … + nom ou prénom (exemple : Vladimir) ; – … + profession (exemple : humoriste) ; – … + déterminant + un nom (exemple : mon ami) ; – … + nationalité (exemple : chinois(e)).,,,,C'est + nom/prénom ; Il est/Elle est + profession ; C'est + déterminant + nom ; Il est/Elle est + nationalité,A1,personal-info,028
cosmopolite-a1-methode,listening,,1a,short-answer,Écoutez le dialogue (doc. 1). Répondez. Qui parle ? À qui ? Où ? Pourquoi ?,,,,,A1,personal-info,029
cosmopolite-a1-methode,listening,,1b,fill-in,Complétez la fiche d'inscription. Nom / Prénom / Numéro de téléphone / Nationalité(s) / Âge / Langues.,,,,,A1,personal-info,029
cosmopolite-a1-methode,listening,,1c,short-answer,Vérifiez vos réponses avec la transcription (livret p. 3).,,,,,A1,personal-info,029
cosmopolite-a1-methode,listening,,2,matching,Par deux. Réécoutez (doc. 1). Retrouvez les questions de l'employé. a. Quel est votre numéro de téléphone ? b. Quelles langues vous parlez ? c. Quelle est votre adresse ? d. Quelle est votre nationalité ? e. Quelles sont vos coordonnées ? f. Quel est votre nom ? g. Quel âge vous avez ? h. Quels sont vos numéros de téléphone ?,,,,,A1,personal-info,029
cosmopolite-a1-methode,listening,Sons du français,3a,speaking-task,"Le son [z] et la liaison verbale avec nous, vous, ils, elles. En groupe. Écoutez. Vous entendez le son [z], levez-vous. Exemple : Vous avez quel âge ? → Vous entendez [z], levez-vous.",,,,(open-ended),A1,personal-info,029
cosmopolite-a1-methode,listening,Sons du français,3b,speaking-task,Écoutez et répétez.,,,,(open-ended),A1,personal-info,029
cosmopolite-a1-methode,speaking,,4,speaking-task,"Par deux. Posez des questions à votre voisin(e) (nom, prénom, âge, nationalité, profession, téléphone, mél). Écrivez les réponses. Présentez votre voisin(e) à la classe.",,,,(open-ended),A1,personal-info,029
cosmopolite-a1-methode,grammar,FOCUS LANGUE,avoir-a,fill-in,Le verbe avoir pour dire l'âge. Complétez. J'… 18 ans. Tu as quel âge ? Il/Elle a 18 ans. Nous avons 22 et 23 ans. Vous … quel âge ? Ils/Elles ont 18 ans.,,,,J'ai 18 ans. Vous avez quel âge ?,A1,personal-info,029
cosmopolite-a1-methode,listening,FOCUS LANGUE,avoir-b,speaking-task,"Écoutez et répétez. nous avons [nuzavõ], vous avez [vuzave], ils ont / elles ont [ilzɔ̃ / ɛlzɔ̃].",,,,(open-ended),A1,personal-info,029
cosmopolite-a1-methode,grammar,FOCUS LANGUE,etre-avoir-c,fill-in,Les verbes être et avoir pour donner des informations personnelles. Complétez. Je m'appelle Camille Alimanesco. Je … française. Je … roumaine. J'… dix-huit ans.,,,,Je suis française. Je suis roumaine. J'ai dix-huit ans.,A1,personal-info,029
cosmopolite-a1-methode,grammar,FOCUS LANGUE,quel,fill-in,"L'adjectif interrogatif quel(s) / quelle(s) pour questionner sur l'identité. Complétez avec quel, quels, quelle, quelles. Masculin singulier : … est votre nom ? Féminin singulier : … est votre nationalité ? Masculin pluriel : … sont vos numéros de téléphone ? Féminin pluriel : … sont vos coordonnées ?",,,,Quel est votre nom ? Quelle est votre nationalité ? Quels sont vos numéros de téléphone ? Quelles sont vos coordonnées ?,A1,personal-info,029
cosmopolite-a1-methode,reading,,5,multiple-choice,Observez le document 2. Choisissez la réponse correcte. C'est :,une conversation instantanée (chat).,un courrier électronique (mél).,un commentaire sur un blog.,une conversation instantanée (chat).,A1,school,030
cosmopolite-a1-methode,reading,,6a,short-answer,Lisez le document 2. Qui écrit ? À qui ?,,,,Sissi et Lucas s'écrivent (échange entre les deux amis),A1,school,030
cosmopolite-a1-methode,reading,,6b-1,true-false,Lucas et Sissi sont amis.,,,,Vrai,A1,school,030
cosmopolite-a1-methode,reading,,6b-2,true-false,Sissi étudie le français à Lyon.,,,,Vrai,A1,school,030
cosmopolite-a1-methode,reading,,6b-3,true-false,Il y a treize étudiants dans sa classe.,,,,Faux (douze étudiants : trois garçons et neuf filles),A1,school,030
cosmopolite-a1-methode,reading,,6b-4,true-false,Lucas et Sten sont amis.,,,,Vrai (« C'est un ami ! »),A1,school,030
cosmopolite-a1-methode,reading,,6b-5,true-false,Sten a trente ans.,,,,Faux (il a environ 40 ans),A1,school,030
cosmopolite-a1-methode,reading,,6b-6,true-false,Sissi envoie la photo de son professeur à Lucas.,,,,"Vrai (« Attends, j'ai sa photo ! Regarde… »)",A1,school,030
cosmopolite-a1-methode,listening,,7a-1,short-answer,Franz parle de sa classe. Écoutez Franz (doc. 3). Répondez. Comment est son professeur ?,,,,,A1,school,030
cosmopolite-a1-methode,listening,,7a-2,short-answer,Quelles sont les nationalités des élèves ?,,,,,A1,school,030
cosmopolite-a1-methode,listening,,7a-3,short-answer,Pourquoi il y a des projets dans sa classe ?,,,,,A1,school,030
cosmopolite-a1-methode,listening,,7a-4,short-answer,Pourquoi il y a des téléphones et des tablettes ?,,,,,A1,school,030
cosmopolite-a1-methode,grammar,,7c,multiple-choice,Choisissez la réponse correcte. « Il y a » exprime :,la présence d'une chose ou d'une personne.,l'absence d'une chose ou d'une personne.,,la présence d'une chose ou d'une personne.,A1,school,030
cosmopolite-a1-methode,writing,À NOUS !,8,writing-task,Nous présentons notre classe de français. En petits groupes. Écrivez un tweet de présentation de votre classe. La classe vote pour le meilleur tweet.,,,,(open-ended),A1,school,030
cosmopolite-a1-methode,grammar,FOCUS LANGUE,possessifs,fill-in,"Les adjectifs possessifs (1) pour parler de sa classe de français. Relisez la conversation (doc. 2). Complétez le tableau des possessifs pour je, tu, il/elle, nous, vous, ils/elles (professeur, ami, camarade).",,,,,A1,school,030
cosmopolite-a1-methode,reading,Activite 1,1,matching,Lisez le document. Associez chaque phrase a une personne.,,,,,A1,mixed,031
cosmopolite-a1-methode,reading,Activite 2,2,matching,Par deux. Lisez et associez. Je parle francais : a. pour lire... b. parce que le francais est une langue facile... c. parce que le francais est une langue... d. parce que le francais... e. parce que le francais est la langue officielle... (1. des jeux Olympiques 2. latine 3. Asterix et Obelix 4. c'est chic ! 5. a apprendre.),,,,,A1,school,032
cosmopolite-a1-methode,speaking,Activite 3,3,speaking-task,En petits groupes. Dites pourquoi vous etudiez le francais.,,,,(open-ended),A1,school,032
cosmopolite-a1-methode,writing,Activite 6,6,writing-task,"Nous presentons des objectifs d'apprentissage. En petits groupes : choisissez une langue du monde (sauf le francais), listez six raisons de parler cette langue, preparez une affiche avec les six raisons et six illustrations.",,,,(open-ended),A1,school,032
cosmopolite-a1-methode,listening,Activite 4a,a,short-answer,Ecoutez. Dites si la voix monte ou descend a la fin de la question.,,,,,A1,school,032
cosmopolite-a1-methode,listening,Activite 2b,b,short-answer,Ecoutez. Identifiez l'objectif d'apprentissage.,,,,,A1,school,032
cosmopolite-a1-methode,grammar,Activite 5b,b,matching,"Par deux. Associez. 1. / -> a. . (point) ; 2. // -> b. , (virgule)",,,,1-b (virgule); 2-a (point),A1,school,032
cosmopolite-a1-methode,writing,Activite 5c,c,writing-task,Ecrivez le texte avec la ponctuation.,,,,(open-ended),A1,school,032
cosmopolite-a1-methode,reading,Activite 1,a1,short-answer,Il y a des prenoms francais a l'etranger ?,,,,Oui,A1,personal-info,033
cosmopolite-a1-methode,reading,Activite 1,a2,short-answer,Pourquoi ?,,,,Parce que les etrangers aiment le cinema francais et les prenoms des acteurs ; certaines series anglophones utilisent aussi des prenoms francais.,A1,personal-info,033
cosmopolite-a1-methode,speaking,Activite 1b,b,speaking-task,Par groupes de trois ou quatre. Repondez. 1. Avez-vous des amis avec des prenoms francais ? 2. Les prenoms francais sont-ils populaires dans votre pays ? Pourquoi ? 3. Vous etes d'accord avec Nina ? Pourquoi ? 4. Vous etes d'accord avec Valeo ? Pourquoi ?,,,,(open-ended),A1,personal-info,033
cosmopolite-a1-methode,reading,Activite 3b,b,matching,"Associez les Francais de la liste aux dessins de la couverture. (Daft Punk, Michel Houellebecq, Gerard Depardieu, Marc Veyrat, Franck Ribery)",,,,,A1,mixed,034
cosmopolite-a1-methode,reading,Activite 2c,c,matching,Associez les questions aux reponses. 1. Nombre de pays avec le francais comme langue officielle ? 2. Un pays francophone ? 3. Nombre de personnes (qui lisent et ecrivent le francais) ? 4. On parle francais sur combien de continents ? 5. Le francais est la langue des arts et... ? (a. Le Gabon. b. des affaires. c. 5. d. 29. e. 220 millions.),,,,1-d; 2-a; 3-e; 4-c; 5-b,A1,mixed,034
cosmopolite-a1-methode,reading,Activite 3c,c,short-answer,Classez les personnes. 1. Musique : ... 2. Cinema : ... 3. Gastronomie : ... 4. Politique : ... 5. Sport : ...,,,,,A1,mixed,034
cosmopolite-a1-methode,writing,Carnet culturel,carnet,writing-task,"Completez votre carnet culturel : prenoms francophones dans mon pays, personnes s'exprimant en francais, nombre de locuteurs, Francais celebres dans mon pays.",,,,(open-ended),A1,mixed,034
cosmopolite-a1-methode,reading,Activite 1,1,matching,"Observez la carte mentale « Nous apprenons le francais pour... ». Associez les numeros 1 a 6 aux fonctions : a. informer sur un objectif d'apprentissage b. presenter et identifier une personne c. demander des informations d. saluer, se presenter et prendre conge e. questionner sur l'identite f. donner des informations personnelles.",,,,1-d; 2-b; 3-f; 4-c; 5-e; 6-a,A1,personal-info,035
cosmopolite-a1-methode,speaking,Activite 5,5,speaking-task,"Par deux. Choisissez sept questions. Posez les questions a votre camarade, ecrivez les reponses, prenez une photo, realisez sa diapositive.",,,,(open-ended),A1,personal-info,035
cosmopolite-a1-methode,writing,Exercice 1,1,writing-task,"Remplir un formulaire : Remplissez cette fiche d'inscription a un cours de langue francaise (NOM, Prenom, Age, Langue(s) parlee(s), Pourquoi vous etudiez le francais ?, Pays, Nationalite(s), Numero de telephone).",,,,(open-ended),A1,personal-info,036
cosmopolite-a1-methode,writing,Exercice 2,2,writing-task,"Ecrire un message court : Vous ecrivez a un(e) ami(e) francais(e) pour parler de votre classe (votre professeur, les eleves, l'ambiance). Vous saluez et vous prenez conge. (40 mots minimum)",,,,(open-ended),A1,personal-info,036
cosmopolite-a1-methode,listening,Comprehension de l'oral,dialogues,matching,Regardez les dessins. Ecoutez deux fois les dialogues. Notez le numero du dialogue sous le dessin correspondant (a-f).,,,,,A1,personal-info,036
cosmopolite-a1-methode,speaking,Activite 1,1,speaking-task,Les Francais voyagent : a. en France. b. en Europe. c. dans le monde. Et les habitants de votre pays ?,,,,(open-ended),A1,travel,037
cosmopolite-a1-methode,speaking,Activite 2,2,speaking-task,On rencontre des francophones : a. en Italie. b. aux Etats-Unis. c. en Turquie. d. au Bresil. Et dans votre pays ?,,,,(open-ended),A1,travel,037
cosmopolite-a1-methode,speaking,Activite 3,3,speaking-task,"En France, il est possible de : a. visiter gratuitement une ville avec un guide. b. couchsurfer. c. faire connaissance avec des habitants du pays. Et dans votre pays ? En groupe, comparez vos reponses.",,,,(open-ended),A1,travel,038
cosmopolite-a1-methode,reading,Activite 1,1,short-answer,Observez le document. Identifiez : a. le titre ; b. l'auteur ; c. les photos ; d. les rubriques ; e. les informations.,,,,,A1,travel,039
cosmopolite-a1-methode,reading,Activite 2,2,matching,Par deux. Lisez le carnet de voyage d'Anne. Associez chaque photo a une rubrique : « Ma ville » ou « Mon conseil ».,,,,,A1,travel,039
cosmopolite-a1-methode,reading,Activite 3,3,matching,Par deux. Relisez. Associez les activites ou les lieux aux villes. a. Ou ecouter de la musique ? b. Ou est la plage de Bondi ? c. Ou prendre le tuk-tuk ? d. Ou visiter une cathedrale ? (1. Sydney 2. Cusco 3. La Nouvelle-Orleans 4. Bangkok),,,,a-3; b-1; c-4; d-2,A1,travel,039
cosmopolite-a1-methode,grammar,FOCUS LANGUE a,a,fill-in,Completez : 1. la Thailande -> en Thailande 2. l'Australie -> ... Australie 3. les Etats-Unis -> ... Etats-Unis 4. le Perou -> ... Perou 5. le Bresil -> ... Bresil 6. Sydney -> ... Sydney 7. Rio -> ... Rio 8. Singapour -> ... Singapour,,,,2. en Australie; 3. aux Etats-Unis; 4. au Perou; 5. au Bresil; 6. a Sydney; 7. a Rio; 8. a Singapour,A1,travel,039
cosmopolite-a1-methode,grammar,FOCUS LANGUE b,b,fill-in,Completez la regle. J'utilise : en avec un nom de pays feminin et un nom de pays commencant par une voyelle ; ... avec un nom de pays masculin ; ... avec un nom de pays pluriel ; ... avec une ville et une ville-etat.,,,,au (pays masculin); aux (pays pluriel); a (ville et ville-etat),A1,travel,039
cosmopolite-a1-methode,listening,Activite 4,4,speaking-task,"Fermez les yeux. Ecoutez, imaginez... a. Ou etes-vous ? Dans quel pays ? Dans quelle ville ? Sur une plage ? Il y a de la musique ? b. En petits groupes : racontez vos reves ; presentez un reve a la classe.",,,,(open-ended),A1,travel,040
cosmopolite-a1-methode,writing,Activite 6,6,writing-task,"Nous creons le carnet de voyage de la classe. Par deux : choisissez un pays et ecrivez votre carnet de voyage (pays, ma ville, mon conseil). En groupe : mettez en commun, creez une affiche, illustrez chaque ville avec une photo et un son.",,,,(open-ended),A1,travel,040
cosmopolite-a1-methode,listening,Sons du francais a,a,short-answer,Ecoutez. Vous pensez a...,,,,,A1,travel,040
cosmopolite-a1-methode,listening,Sons du francais b,b,short-answer,"Ecoutez les noms de pays. Vous entendez « le » [le] (masculin singulier), montrez 1. Vous entendez « les » [le] (pluriel), montrez 2.",,,,,A1,travel,040
cosmopolite-a1-methode,grammar,Sons du francais c,c,fill-in,"Ecoutez. Completez la regle. le Bresil, le Perou, les Pays-Bas, les Philippines, les Etats-Unis. 1. Dans le mot ..., la lettre e se prononce [e]. 2. Dans le mot ..., les lettres es se prononcent [e].",,,,1. le Bresil / le Perou; 2. les Pays-Bas / les Philippines / les Etats-Unis,A1,travel,040
cosmopolite-a1-methode,listening,Activite 1,1,short-answer,Ecoutez l'introduction de l'audioguide (doc. 1). Identifiez : a. le pays ; b. la ville ; c. le quartier ; d. les moments de la journee.,,,,,A1,city-places,041
cosmopolite-a1-methode,reading,Activite 2,2,matching,Par deux. Observez le menu de l'audioguide. Associez les lieux aux dessins. a. un fleuve b. un cafe c. un marche d. une rue e. une cathedrale f. un parc g. un hotel h. des galeries d'art i. une avenue j. un restaurant k. des musees l. un club de jazz,,,,,A1,city-places,041
cosmopolite-a1-methode,listening,Activite 3,3,matching,Ecoutez (doc. 1). Associez les noms aux lieux. a. la cathedrale b. le restaurant c. l'avenue d. le fleuve e. la rue f. les musees (1. Mississippi 2. Ursulines 3. Decatur 4. Louisiana Bistro 5. Cabildo et Presbytere 6. Saint-Louis),,,,a-6; b-4; c-2; d-1; e-3; f-5,A1,city-places,041
cosmopolite-a1-methode,speaking,Activite 4,4,speaking-task,En petits groupes. a. Choisissez une ville que vous connaissez. b. Choisissez un quartier de la ville. c. Listez cinq lieux a voir dans ce quartier.,,,,(open-ended),A1,city-places,041
cosmopolite-a1-methode,reading,Activite 5b,5b,matching,"Par deux. Lisez l'extrait de l'audioguide (doc. 2). Associez les indications de direction aux fleches. 1. Tourner a droite dans l'avenue Ursulines. 2. Tourner a gauche dans la rue Dauphine. 3. Continuer tout droit. (fleches a, b, c)",,,,1-a; 2-c; 3-b,A1,city-places,041
cosmopolite-a1-methode,grammar,FOCUS LANGUE,table,fill-in,"Observez les activites 2 et 3. Completez la regle des articles definis et indefinis (masculin singulier, feminin singulier, singulier devant voyelle, pluriel).",,,,"indefini: un, une, un/une, des; defini: le, la, l', les",A1,city-places,041
cosmopolite-a1-methode,speaking,Activite 6,6,speaking-task,"Nous realisons l'audioguide d'un quartier. En petits groupes : dessinez le plan de votre quartier, situez vos cinq lieux, prenez des notes, enregistrez-vous, presentez votre visite guidee, votez pour le meilleur audioguide.",,,,(open-ended),A1,city-places,042
cosmopolite-a1-methode,reading,Activite 5a,a,matching,"Observez les photos du document 2. Associez les phrases aux photos. 1. Selfie en face de la cathedrale. 2. Nous deux, pres du fleuve. 3. Marie, a droite de l'hotel. 4. Paola, pres des musees Cabildo et Presbytere.",,,,,A1,city-places,042
cosmopolite-a1-methode,speaking,Activite 5b,b,speaking-task,En petits groupes. Choisissez deux prepositions de lieu. Prenez des photos de vous dans la classe ou a l'exterieur pour illustrer les prepositions. Ecrivez la legende des photos.,,,,(open-ended),A1,city-places,042
cosmopolite-a1-methode,reading,Activite 1,1,short-answer,Lisez la page Internet de l'office de tourisme (doc. 1). Repondez. a. Quelle region est presentee ? Dans quel pays elle se trouve ? b. Quelles sont les langues parlees dans la region ? c. Quelle est la ville principale de la region ?,,,,"a. La Vallee d'Aoste, en Italie; b. le francais et l'italien; c. Aoste",A1,travel,043
cosmopolite-a1-methode,listening,Activite 3,3,short-answer,"Ecoutez le flash info tourisme (doc. 2). Situez sur la carte p. 220 : la France, Chamonix, la Suisse et l'Italie.",,,,,A1,travel,043
cosmopolite-a1-methode,reading,Activite 2,a,true-false,"En Vallee d'Aoste, il y a des chateaux.",,,,,A1,travel,043
cosmopolite-a1-methode,grammar,FOCUS LANGUE a,a,fill-in,"Reecoutez (doc. 2). Completez. La Vallee d'Aoste se trouve ... est de la France, ... sud de la Suisse et ... nord de l'Italie. ... aller ... thermes de Pre-Saint-Didier ; partir ... conquete du Grand Paradis.",,,,,A1,travel,043
cosmopolite-a1-methode,grammar,Sons du francais,a-d,fill-in,"Ecoutez. Completez avec le, la ou l'. a. J'habite pres de ... Suisse et pres de ... Italie. b. Je travaille loin de ... Belgique et loin de ... Allemagne. c. C'est un beau parc. C'est ... parc du Grand Paradis. d. C'est une belle eglise. C'est ... eglise Saint-Didier d'Aoste.",,,,"a: la Suisse, l'Italie; b: la Belgique, l'Allemagne; c: le parc; d: l'eglise",A1,travel,043
cosmopolite-a1-methode,reading,Activite 2,b,true-false,"En Vallee d'Aoste, il y a des musees.",,,,,A1,travel,043
cosmopolite-a1-methode,grammar,FOCUS LANGUE b,b,fill-in,Completez le tableau : a + le = ... ; a + la = ... ; a + l' = ... ; a + les = ...,,,,a + le = au; a + la = a la; a + l' = a l'; a + les = aux,A1,travel,043
cosmopolite-a1-methode,reading,Activite 2,c,true-false,"En Vallee d'Aoste, il y a des parcs nationaux.",,,,Vrai,A1,travel,043
cosmopolite-a1-methode,reading,Activite 2,d,true-false,"En Vallee d'Aoste, il y a des montagnes.",,,,Vrai,A1,travel,043
cosmopolite-a1-methode,reading,Activite 2,e,true-false,"En Vallee d'Aoste, il y a des thermes.",,,,Vrai,A1,travel,043
cosmopolite-a1-methode,reading,Activite 2,f,true-false,"En Vallee d'Aoste, il y a des cathedrales.",,,,,A1,travel,043
cosmopolite-a1-methode,speaking,Activite 5,5,speaking-task,"Par deux. Choisissez une region que vous aimez. Presentez la region a la classe sans la nommer (pays, localisation, choses a voir/faire). La classe devine la region.",,,,(open-ended),A1,travel,044
cosmopolite-a1-methode,reading,Activite 6,6,short-answer,Lisez la discussion (doc. 3). Repondez. a. Ou habite Youmy ? b. Pourquoi elle ecrit sur le forum ? c. Associez les lieux proposes par Campone aux photos du document 1. d. Relevez les moyens de transport.,,,,"a. Chamonix; b. pour chercher des activites et des lieux a visiter a Aoste; d. le bus, le velo, a pied",A1,travel,044
cosmopolite-a1-methode,writing,Activite 7,7,writing-task,"Nous ecrivons un message pour un forum de voyage. Par deux : choisissez deux lieux a visiter, illustrez avec des photos, expliquez par ecrit quels moyens de transport prendre. Publiez le meilleur message sur un forum de voyage.",,,,(open-ended),A1,travel,044
cosmopolite-a1-methode,grammar,FOCUS LANGUE aller/prendre a,a,fill-in,Relisez (doc. 3). Completez : je ... / tu ... / il/elle va / nous allons / vous allez / ils/elles ...,,,,je vais; tu vas; ils/elles vont,A1,travel,044
cosmopolite-a1-methode,grammar,FOCUS LANGUE deplacement b,b,fill-in,Completez avec en ou a. 1. J'utilise ... quand je suis dans le moyen de transport. 2. J'utilise ... quand je suis sur le moyen de transport.,,,,1. en; 2. a,A1,travel,044
cosmopolite-a1-methode,grammar,FOCUS LANGUE deplacement c,c,fill-in,"Classez les moyens de transport. en : ... a : ... (avion, metro, pied, bateau, taxi, voiture, bus, train, velo, moto, cheval)",,,,"en : avion, metro, bateau, taxi, voiture, bus, train; a : pied, velo, moto, cheval",A1,travel,044
cosmopolite-a1-methode,reading,Activite 1,1,short-answer,Lisez la page 12 de l'article (doc. 1). Repondez. a. Qui sont les personnes sur la photo ? b. Elles sont ou ? c. Elles se rencontrent quand ? d. Quel est l'objectif de leur rencontre ?,,,,"b. au Cafe Mila, a Istanbul (quartier de Kadikoy); c. le lundi soir; d. prendre un cafe, boire un verre et parler francais",A1,communication,045
cosmopolite-a1-methode,reading,Activite 2,2,matching,Lisez les temoignages des quatre francophones (doc. 1). Associez chaque personne a une photo (a-d).,,,,,A1,communication,045
cosmopolite-a1-methode,speaking,Activite 3,3,speaking-task,Par deux. Cherchez dans votre ville des lieux de rencontres francophones. Decrivez les lieux (ou ? qui ? quand ? pourquoi ?). Comparez vos resultats avec les autres groupes.,,,,(open-ended),A1,communication,045
cosmopolite-a1-methode,listening,Activite 4,4,short-answer,Ecoutez la conversation (doc. 2). Identifiez : a. le lieu de rencontre francophone ; b. le prenom et la nationalite des personnes.,,,,,A1,communication,045
cosmopolite-a1-methode,speaking,Activite 8,8,speaking-task,"Nous faisons connaissance. Par deux : choisissez une fleur (Damla ou Joelle), ecrivez les questions correspondant aux informations, posez les questions a votre camarade avec une fleur a quatre petales.",,,,(open-ended),A1,personal-info,046
cosmopolite-a1-methode,listening,Activite 5a,a,matching,"Lisez le tableau. Associez les questions aux reponses. 1. Tu es d'ou ? De Paris ? 2. Tu es nee ici ? 3. Tu es en vacances en Turquie ? 4. Tu habites ou ? Dans le quartier ? 5. Tu habites ou ? 6. Qu'est-ce que tu fais dans la vie ? (a. Je suis etudiante en traduction. b. Non. Je n'habite pas dans le quartier. c. Non, je ne suis pas parisienne. d. J'habite dans le quartier. e. Oui, je suis nee a Istanbul. f. Non, je ne suis pas en vacances.)",,,,,A1,personal-info,046
cosmopolite-a1-methode,listening,Activite 5b,b,short-answer,A qui correspondent les reponses : Joelle ou Damla ?,,,,,A1,personal-info,046
cosmopolite-a1-methode,grammar,Activite 7c,c,short-answer,Apprenons ensemble ! Lisez la presentation de Vittoria. Corrigez les erreurs : « Je ne suis mariee pas. » / « je ne habite pas au Mexique. » / « Je ne suis sportive. »,,,,Je ne suis pas mariee. / je n'habite pas au Mexique. / Je ne suis pas sportive.,A1,personal-info,046
cosmopolite-a1-methode,grammar,FOCUS LANGUE negation,table,fill-in,Observez et completez la negation : sujet + ... + verbe conjugue + ... ; avec un verbe qui commence par une voyelle ou un h muet : sujet + ... + verbe conjugue + ...,,,,ne...pas; n'...pas,A1,personal-info,046
cosmopolite-a1-methode,reading,Activite 1,1,short-answer,Lisez l'article (doc. 1). Repondez. a. Quel est le theme de l'article ? b. Vous connaissez ce type d'hebergement ? c. Pourquoi ce type d'hebergement est populaire ?,,,,a. le couchsurfing; c. parce que c'est un hebergement interculturel et gratuit,A1,home,047
cosmopolite-a1-methode,reading,Activite 2a,a,true-false,C'est possible de couchsurfer dans les villes et les pays francophones.,,,,Vrai,A1,home,047
cosmopolite-a1-methode,grammar,FOCUS LANGUE,a,fill-in,"Lisez encore (doc. 1). Completez le schema avec ce, cet, cette, ces (site/canape, hebergement, banquette/pratique, villes/pays).",,,,ce site/canape; cet hebergement; cette banquette/pratique; ces villes/pays,A1,home,047
cosmopolite-a1-methode,reading,Activite 2b,b,true-false,Il existe differents types de couchsurfing.,,,,Vrai,A1,home,047
cosmopolite-a1-methode,reading,Activite 2c,c,true-false,"Le couchsurfing, c'est une association, une pratique et un site web.",,,,Vrai,A1,home,047
cosmopolite-a1-methode,listening,Activite 3,3,short-answer,Ecoutez l'introduction du reportage sur le couchsurfing (doc. 2). Indiquez : a. la ville ou se trouve la journaliste ; b. le lieu de la rencontre entre les couchsurfeurs.,,,,,A1,home,048
cosmopolite-a1-methode,listening,Activite 4,4,fill-in,"Ecoutez le reportage (doc. 2). Completez le tableau (Steffi, Antoine, Kostas : age, ville d'origine, pourquoi le couchsurfing, impressions).",,,,,A1,home,048
cosmopolite-a1-methode,listening,Activite 5,5,short-answer,Reecoutez (doc. 2). D'ou viennent les couchsurfeurs heberges chez Antoine (pays et/ou continents d'origine) ?,,,,,A1,home,048
cosmopolite-a1-methode,speaking,Activite 8,8,speaking-task,"Nous parlons du couchsurfing a la radio. Par groupes de quatre (trois couchsurfers et un journaliste) : redigez l'introduction, preparez les temoignages, presentez et enregistrez le reportage.",,,,(open-ended),A1,home,048
cosmopolite-a1-methode,grammar,FOCUS LANGUE venir a,a,fill-in,Associez les terminaisons aux personnes du verbe venir : je vien... / tu vien... / il/elle vient / nous ven... / vous ven... / ils/elles vienn...,,,,je viens; tu viens; nous venons; vous venez; ils/elles viennent,A1,home,048
cosmopolite-a1-methode,grammar,FOCUS LANGUE venir c,c,fill-in,Completez la regle : Ils viennent - ... + pays masculin - ... + pays feminin - ... + pays qui commence par une voyelle - ... + pays au pluriel,,,,du (pays masculin); de (pays feminin); d' (pays commencant par une voyelle); des (pays au pluriel),A1,home,048
cosmopolite-a1-methode,listening,Activite 1,1,short-answer,Ecoutez le debut de la conversation (doc. 1). Repondez. a. Qui est Magnus ? b. Qu'est-ce qu'il cherche ? c. Que propose Cyril ?,,,,,A1,home,049
cosmopolite-a1-methode,listening,Activite 2,2,short-answer,Ecoutez la deuxieme partie de la conversation (doc. 1). Quelles photos correspondent a la proposition de Cyril ? Pourquoi ?,,,,,A1,home,049
cosmopolite-a1-methode,grammar,Activite 3a,a,ordering,annonce - libre - chambre - est - de - Est-ce que - l' - la - ?,,,,Est-ce que l'annonce de la chambre est libre ?,A1,home,049
cosmopolite-a1-methode,grammar,FOCUS LANGUE a,a,matching,"Classez les questions de l'activite 3. Questions fermees (reponse oui/non) : a, ... Questions ouvertes : b, ...",,,,"Fermees: a, c, e, f; Ouvertes: b, d",A1,home,049
cosmopolite-a1-methode,grammar,Activite 3b,b,ordering,ou - L' - est - appartement - ?,,,,L'appartement est ou ?,A1,home,049
cosmopolite-a1-methode,grammar,Activite 3c,c,ordering,dans - Est-ce qu'il - centre - le - est - ?,,,,Est-ce qu'il est dans le centre ?,A1,home,049
cosmopolite-a1-methode,grammar,Activite 3d,d,ordering,japonais - Qu'est-ce que - jardin - le - c'est - ?,,,,Qu'est-ce que c'est le jardin japonais ?,A1,home,049
cosmopolite-a1-methode,grammar,Activite 3e,e,ordering,Wi-Fi - as - connexion - Tu - une - ?,,,,Tu as une connexion Wi-Fi ?,A1,home,049
cosmopolite-a1-methode,grammar,Activite 3f,f,ordering,cuisine - possible - la - de - faire - C'est - ?,,,,C'est possible de faire la cuisine ?,A1,home,049
cosmopolite-a1-methode,speaking,Activite 4,4,speaking-task,"En petits groupes. Preparez cinq questions pour vous informer sur un hebergement (trois fermees, deux ouvertes). Comparez avec les autres groupes. Choisissez les trois questions les plus importantes.",,,,(open-ended),A1,travel,050
cosmopolite-a1-methode,listening,Activite 6,6,short-answer,"Ecoutez les temoignages de Caroline, Christopher et Thomas (doc. 2). Par deux, aidez Magnus a choisir son greeter.",,,,,A1,travel,050
cosmopolite-a1-methode,writing,Activite 7,7,writing-task,Nous proposons ou nous cherchons un hebergement. Groupes A : ecrivez une annonce (presentation + cinq caracteristiques). Groupes B : ecrivez un message (presentation + cinq questions).,,,,(open-ended),A1,travel,050
cosmopolite-a1-methode,reading,Activite 5a,a,true-false,Un greeter est un professionnel du tourisme.,,,,Faux,A1,travel,050
cosmopolite-a1-methode,reading,Activite 5b,b,true-false,Un greeter heberge des visiteurs.,,,,Faux,A1,travel,050
cosmopolite-a1-methode,reading,Activite 5c,c,true-false,Un greeter propose des visites gratuites.,,,,Vrai,A1,travel,050
cosmopolite-a1-methode,speaking,Activite 1a,a,speaking-task,En petits groupes. Repondez : 1. Deja parti(e) ? 2. Pourquoi partir ? 3. Partir pour aller ou ?,,,,(open-ended),A1,profession,051
cosmopolite-a1-methode,reading,Activite 2b,b,matching,"Associez les photos aux portraits (Valerie Tutaz, Emmanuelle Assenza, Christian Legay, Benoit Duchateau-Arminjon, Tanguy Rambaud, Christian Bayon).",,,,,A1,profession,051
cosmopolite-a1-methode,listening,Activite 1c,c,short-answer,"Regardez la video. Notez : les pays et les villes que ces Francais connaissent, pourquoi ils partent, ou ils revent de partir.",,,,,A1,profession,051
cosmopolite-a1-methode,reading,Activite 2c,c,matching,Associez les trophees aux portraits : 1. artisanat 2. entreprise 3. humanitaire 4. enseignement 5. environnement 6. Art,,,,,A1,profession,051
cosmopolite-a1-methode,reading,Activite a,a,multiple-choice,Ce prospectus propose des rencontres pour :,la Suede,la France,le monde entier,la Suede,A1,hobby,052
cosmopolite-a1-methode,reading,Activite b,b,matching,"Associez. Quelle activite pour quoi faire ? 1. Soiree du jeudi 2. Ecole du coin 3. Touch STHLM 4. Soiree du vendredi 5. B-B STHLM (a. sport b. soiree dansante c. apprentissage du francais - activites pour les enfants d. rugby e. ecouter de la musique, faire des jeux)",,,,1-e; 2-c; 3-d; 4-b; 5-a,A1,hobby,052
cosmopolite-a1-methode,speaking,Activite c,c,speaking-task,Choisissez vos activites preferees dans les rendez-vous de « Un petit coin de France ».,,,,(open-ended),A1,hobby,052
cosmopolite-a1-methode,writing,Carnet culturel,carnet,writing-task,"Completez votre carnet culturel : Francais dans ma ville/mon pays, que font les Francais, sites et lieux de rencontres francophones.",,,,(open-ended),A1,hobby,052
cosmopolite-a1-methode,reading,Activite initiale,1,matching,Associez les titres aux phrases (a. Faire connaissance b. Indispensable c. Aller au stade d. Se loger) avec les quatre rubriques du kit de survie (1-4).,,,,1-b (Indispensable); 2-a (Faire connaissance); 3-d (Se loger); 4-c (Aller au stade),A1,communication,053
cosmopolite-a1-methode,writing,Activite 1,1b,short-answer,"En groupe. Trouvez un titre pour les rubriques b, c et d.",,,,b: Faire connaissance; c: Se loger; d: Aller au stade,A1,communication,053
cosmopolite-a1-methode,speaking,Activite 2,2,speaking-task,Par groupes de quatre. Choisissez une rubrique. Completez et presentez votre rubrique a la classe.,,,,(open-ended),A1,communication,053
cosmopolite-a1-methode,writing,Activite 3,3,writing-task,"En groupe. Realisez le kit de survie en francais (presentation du kit, choix des illustrations et du support).",,,,(open-ended),A1,communication,053
cosmopolite-a1-methode,reading,Activite 1,1,multiple-choice,"Pour aller place Manzetti, vous prenez...",un taxi,un bus,un tramway,un bus,A1,city-places,054
cosmopolite-a1-methode,speaking,Exercice 1,1,speaking-task,"Production orale, entretien dirige : Vous vous presentez et vous parlez de vous (nom, prenom, age, nationalite, pays, etc.).",,,,(open-ended),A1,city-places,054
cosmopolite-a1-methode,reading,Activite 2,2,short-answer,Tracez sur le plan le chemin pour aller a la Porte pretorienne.,,,,(open-ended),A1,city-places,054
cosmopolite-a1-methode,speaking,Exercice 2,2,speaking-task,"Production orale, monologue suivi : Vous posez des questions a un(e) etudiant(e) a partir des mots suivants (Prenom ? Age ? Habiter ? Pays ? Centre-ville ? Visiter ? Bus ? Cafe ? Francais ?).",,,,(open-ended),A1,city-places,054
cosmopolite-a1-methode,reading,Activite 3,3,short-answer,Ou est-ce que vous allez a midi ?,,,,"Au restaurant Le Bar a vin, rue Porta Pretoria",A1,city-places,054
cosmopolite-a1-methode,reading,Activite 4,4,short-answer,Vous allez a L'Atelier du chocolat a quel moment de la journee ?,,,,L'apres-midi,A1,city-places,054
cosmopolite-a1-methode,speaking,Activite 1,1,speaking-task,"La famille en France, c'est : a / b / c (photos). Et dans votre pays ?",,,,(open-ended),A1,family,055
cosmopolite-a1-methode,speaking,Activite 2,2,speaking-task,Les Francais sont : a / b / c (photos). Et les habitants de votre pays ?,,,,(open-ended),A1,family,055
cosmopolite-a1-methode,speaking,Activite 3,3,speaking-task,"La France, c'est : a / b / c (photos). Et votre pays ? En groupe, comparez vos reponses.",,,,(open-ended),A1,family,056
cosmopolite-a1-methode,reading,Activite 1,1,multiple-choice,Observez la page d'accueil du site Internet (doc. 1). Choisissez la reponse correcte. C'est le site :,d'une agence de voyage,d'une agence au pair,d'une agence pour l'emploi,d'une agence au pair,A1,family,057
cosmopolite-a1-methode,speaking,Activite 3,3,speaking-task,En petits groupes. Repondez. a. Est-ce qu'il y a des familles d'accueil dans votre pays ? b. Est-ce qu'il y a des jeunes de votre pays qui sont au pair a l'etranger ? Dans quels pays ?,,,,(open-ended),A1,family,057
cosmopolite-a1-methode,reading,Activite 4,4,short-answer,"Lisez la rubrique « Temoignages » (doc. 1). Repondez. a. Qui sont Severine, Marie et Carine ? b. Qui sont Elodie, Paul, Veronique et Jeanne ? c. Pourquoi ils ecrivent sur le site ?",,,,a. des meres d'accueil en France; b. des jeunes au pair a l'etranger,A1,family,057
cosmopolite-a1-methode,listening,Activite 5,5,matching,Ecoutez les meres d'accueil (doc. 2). Associez un temoignage (doc. 1) a une mere d'accueil.,,,,,A1,family,057
cosmopolite-a1-methode,listening,Activite 6,6,matching,"Par deux. Reecoutez (doc. 2). Associez les phrases suivantes a Severine, Marie ou Carine. a. Un conseil pour vos problemes de garde d'enfants : aupairworld.com. b. Notre fille est nee cet hiver. c. L'objectif pour mes enfants : communiquer en italien avec leurs cousins. d. Ses grands-parents habitent pres de la mer Mediterranee, nos freres et soeurs habitent a Paris. e. Mon oncle et ma tante habitent dans notre village. Ils sont ages et fatigues.",,,,,A1,family,057
cosmopolite-a1-methode,reading,Activite 2a,a,true-false,Les « au pair » sont des jeunes femmes.,,,,Faux,A1,family,057
cosmopolite-a1-methode,reading,Activite 2b,b,true-false,Il n'y a pas d'age maximum pour etre au pair.,,,,Faux,A1,family,057
cosmopolite-a1-methode,reading,Activite 2c,c,true-false,Les jeunes au pair gardent les enfants d'une famille d'accueil.,,,,Vrai,A1,family,057
cosmopolite-a1-methode,reading,Activite 2d,d,true-false,Ils habitent et travaillent a l'etranger.,,,,Vrai,A1,family,057
cosmopolite-a1-methode,reading,Activite 2e,e,true-false,Ils parlent la langue de leur pays d'accueil.,,,,Faux,A1,family,057
cosmopolite-a1-methode,speaking,Activite 9,9,speaking-task,Nous rencontrons notre famille ou notre jeune au pair. Divisez la classe en deux groupes (familles d'accueil / au pair) et repondez aux questions pour preparer la rencontre.,,,,(open-ended),A1,family,058
cosmopolite-a1-methode,speaking,FOCUS LANGUE famille b,b,speaking-task,"En petits groupes. Aidez Simon a presenter sa famille a Marcelo, son jeune homme au pair (grands-parents, parents, oncle, tante, frere, soeur, cousin, cousine).",,,,(open-ended),A1,family,058
cosmopolite-a1-methode,grammar,FOCUS LANGUE possessifs,table,fill-in,Completez le tableau des adjectifs possessifs. (je) ... / ... / mes enfants; (tu) ton frere / ta soeur / tes enfants; (il/elle) son oncle / sa tante / ... ; (nous) ... / ... / ...; (vous) votre mere d'accueil / ... / ... ; (ils/elles) leur famille d'accueil / ... / ...,,,,"je: mon (masc.), ma (fem.); il/elle: ses (pluriel); nous: notre, notre, nos; vous: votre, vos; ils/elles: leur, leurs",A1,family,058
cosmopolite-a1-methode,reading,Activite 1,1,short-answer,Observez la page Internet (doc. 1). Qui propose quoi ?,,,,,A1,personal-info,060
cosmopolite-a1-methode,reading,Activite 2,2,matching,"Lisez la rubrique « Comment participer ? » (doc. 1). Associez les quatre instructions aux elements (a. tweet Comme des freres, b. profil Instagram AF French Film Festival NZ, c. perche a selfie, d. capture Instagram Comme des freres avec description et « 410 car. »).",,,,,A1,personal-info,060
cosmopolite-a1-methode,speaking,Activite 3,3,speaking-task,Par deux. Observez les selfies (doc. 2). Pour quel selfie vous votez ? Pourquoi ?,,,,(open-ended),A1,personal-info,060
cosmopolite-a1-methode,listening,Activite 4,4,matching,Lisez la description du selfie Comme des freres (doc. 2). Ecoutez la conversation du jury. Associez les mots de sens equivalent. a. sincere b. decontractes c. droles (1. cool 2. amusantes 3. authentique),,,,a-3; b-1; c-2,A1,personal-info,060
cosmopolite-a1-methode,reading,Activite 5,5,short-answer,Par deux. Lisez les selfies (doc. 2). Reperez les mots pour caracteriser une personne : a. physiquement ; b. psychologiquement.,,,,"a. grand, blonde, brune, brunes; b. optimistes, decontractes, genereux, romantique, intelligentes, droles, sportives, calme, elegante, cultivee, independante, adorables, sympathiques, gentils, agites, bruyants, bavards",A1,personal-info,060
cosmopolite-a1-methode,speaking,Activite 6,6,speaking-task,"En petits groupes. Choisissez un adjectif, faites un selfie de votre groupe, trouvez un titre pour votre selfie.",,,,(open-ended),A1,personal-info,060
cosmopolite-a1-methode,writing,Activite 9,9,writing-task,"Nous decrivons nos camarades. En petits groupes : observez le selfie de votre groupe, ecrivez une description des personnes, presentez votre selfie a la classe.",,,,(open-ended),A1,personal-info,060
cosmopolite-a1-methode,grammar,FOCUS LANGUE a,a,matching,"Associez. 1. La fille blonde, c'est Emma. 2. Elles sont intelligentes. 3. Le pere est grand. 4. Les enfants sont bruyants et bavards. (a. masculin singulier b. feminin singulier c. masculin pluriel d. feminin pluriel)",,,,1-b; 2-d; 3-a; 4-c,A1,personal-info,060
cosmopolite-a1-methode,grammar,FOCUS LANGUE b,b,fill-in,Completez la regle. Masculin singulier + ... = feminin singulier. Masculin singulier ou feminin singulier + ... = masculin pluriel ou feminin pluriel.,,,,+e = feminin singulier; +s = pluriel,A1,personal-info,060
cosmopolite-a1-methode,grammar,FOCUS LANGUE c,c,matching,"Associez. 1. Leur amitie est sincere. 2. Bruce et Alex sont optimistes. 3. Jo, Lara et Clara sont droles. 4. Le pere est calme. (a. masculin et feminin singulier b. masculin et feminin pluriels)",,,,1-a; 2-b; 3-b; 4-a,A1,personal-info,060
cosmopolite-a1-methode,grammar,FOCUS LANGUE d,d,fill-in,Completez la regle. Le masculin singulier et le feminin singulier sont ... . Le masculin pluriel et le feminin pluriel sont ... .,,,,identiques (invariables a l'oral),A1,personal-info,060
cosmopolite-a1-methode,reading,Activité 2,1,short-answer,Pourquoi la France est la première destination touristique mondiale ?,,,,,A1,travel,061
cosmopolite-a1-methode,reading,Activité 1,a,short-answer,Relevez les éléments qui représentent la France.,,,,,A1,travel,061
cosmopolite-a1-methode,reading,Activité 3,a,matching,Associez les photos aux témoignages.,,,,,A1,travel,061
cosmopolite-a1-methode,reading,Activité 1,b,short-answer,Identifiez l'information principale.,,,,,A1,travel,061
cosmopolite-a1-methode,writing,Activité 3,b,fill-in,Complétez.,,,,,A1,travel,061
cosmopolite-a1-methode,grammar,FOCUS LANGUE — Des verbes pour exprimer ses goûts (1),1,fill-in,Complétez avec les témoignages (doc. 2).,,,,,A1,travel,062
cosmopolite-a1-methode,speaking,Activité 4,1,speaking-task,En petits groupes. Dites quels sont vos goûts.,,,,(open-ended),A1,travel,062
cosmopolite-a1-methode,writing,Activité 8 (À NOUS),1,writing-task,Nous imaginons les témoignages de touristes français sur notre pays.,,,,(open-ended),A1,travel,062
cosmopolite-a1-methode,listening,Activité 5,a,short-answer,Identifiez la situation : qui parle ? De quoi ?,,,,,A1,travel,062
cosmopolite-a1-methode,listening,Activité 6,a,short-answer,Dites ce que les étudiants aiment.,,,,,A1,travel,062
cosmopolite-a1-methode,grammar,FOCUS LANGUE — Des expressions pour exprimer ses goûts (2),a,ordering,Classez les expressions (de − à +).,,,,,A1,travel,062
cosmopolite-a1-methode,listening,Activité 5,b,short-answer,Relevez les caractéristiques de la ville.,,,,,A1,travel,062
cosmopolite-a1-methode,listening,Activité 6,b,short-answer,Dites ce que les étudiants n'aiment pas.,,,,,A1,travel,062
cosmopolite-a1-methode,speaking,FOCUS LANGUE — Des expressions pour exprimer ses goûts (2),b,speaking-task,Par deux. Parlez de vos goûts.,,,,(open-ended),A1,travel,062
cosmopolite-a1-methode,reading,Activité 1c,1,short-answer,Qui est à l'origine du concept à Los Angeles ?,,,,Bruce Smith,A1,profession,063
cosmopolite-a1-methode,speaking,Activité 2,1,speaking-task,En petits groupes. Vous connaissez le concept du speak dating linguistique ? Vous aimez ce concept ? Pourquoi ?,,,,(open-ended),A1,profession,063
cosmopolite-a1-methode,listening,Activité 3,1,matching,"Par deux, associez les photos à Pierre ou à Suzan.",,,,,A1,profession,063
cosmopolite-a1-methode,listening,Activité 5a,1,short-answer,Dites comment Suzan et Pierre expriment leur rêve.,,,,,A1,profession,063
cosmopolite-a1-methode,reading,Activité 1c,2,short-answer,Quel est le rêve de cette personne ?,,,,Créer des contacts entre les francophones expatriés à Los Angeles et les Californiens francophiles.,A1,profession,063
cosmopolite-a1-methode,listening,Activité 5a,2,short-answer,Dites comment Suzan et Pierre expriment leur passion.,,,,,A1,profession,063
cosmopolite-a1-methode,reading,Activité 1c,3,short-answer,Quels sont les thèmes de la soirée ?,,,,Travail et loisirs.,A1,profession,063
cosmopolite-a1-methode,reading,Activité 1,a,short-answer,Identifiez le type de soirée.,,,,,A1,profession,063
cosmopolite-a1-methode,listening,Activité 4,a,true-false,Suzan n'aime pas son travail.,,,,,A1,profession,063
cosmopolite-a1-methode,reading,Activité 1,b,short-answer,"Relevez la date, le lieu et l'objectif de la soirée.",,,,,A1,profession,063
cosmopolite-a1-methode,listening,Activité 4,b,true-false,"Aux urgences, les médecins sauvent la vie des enfants.",,,,,A1,profession,063
cosmopolite-a1-methode,listening,Activité 4,c,true-false,Pierre informe la presse américaine.,,,,,A1,profession,063
cosmopolite-a1-methode,listening,Activité 4,d,true-false,"La passion de Pierre, c'est le théâtre.",,,,,A1,profession,063
cosmopolite-a1-methode,listening,Activité 4,e,true-false,"Après le travail, Suzan étudie la médecine.",,,,,A1,profession,063
cosmopolite-a1-methode,listening,Activité 4,f,true-false,Suzan rêve de faire du théâtre.,,,,,A1,profession,063
cosmopolite-a1-methode,speaking,Activité 6,1,speaking-task,En petits groupes. Cherchez s'il existe des soirées linguistiques dans votre ville ou dans votre pays.,,,,(open-ended),A1,profession,064
cosmopolite-a1-methode,speaking,Activité 8 (À NOUS),1,speaking-task,Préparez votre rencontre avec un(e) inconnu(e) francophone.,,,,(open-ended),A1,profession,064
cosmopolite-a1-methode,grammar,FOCUS LANGUE — Le présent des verbes en -er (synthèse),a,fill-in,"Observez la conjugaison des verbes travailler, aimer, informer, rêver et sauver. Complétez le tableau.",,,,,A1,profession,064
cosmopolite-a1-methode,grammar,FOCUS LANGUE — Le présent des verbes en -er (synthèse),b,fill-in,Complétez la règle.,,,,,A1,profession,064
cosmopolite-a1-methode,grammar,FOCUS LANGUE — Le masculin et le féminin des professions (2),b,matching,Par deux. Associez chaque profession au numéro correspondant dans l'activité a.,,,,,A1,profession,064
cosmopolite-a1-methode,grammar,FOCUS LANGUE — Le présent des verbes en -er (synthèse),c,short-answer,Trouvez un maximum de verbes en -er. Comparez avec les autres groupes.,,,,(open-ended),A1,profession,064
cosmopolite-a1-methode,reading,Activité 1,a,short-answer,Identifiez le logo et le slogan.,,,,,A1,vacation,065
cosmopolite-a1-methode,reading,Activité 2,a,short-answer,Qu'est-ce que Quartier Libre ?,,,,Une association qui organise des colonies de vacances « à la française ».,A1,vacation,065
cosmopolite-a1-methode,reading,Activité 3,a,short-answer,Identifiez les deux types de séjours et de week-ends.,,,,,A1,vacation,065
cosmopolite-a1-methode,reading,Activité 1,b,short-answer,Identifiez les contacts.,,,,,A1,vacation,065
cosmopolite-a1-methode,reading,Activité 2,b,short-answer,Qu'est-ce que Quartier Libre propose ?,,,,,A1,vacation,065
cosmopolite-a1-methode,reading,Activité 3,b,short-answer,Relevez les activités proposées.,,,,,A1,vacation,065
cosmopolite-a1-methode,reading,Activité 1,c,short-answer,Identifiez les photos.,,,,,A1,vacation,065
cosmopolite-a1-methode,reading,Activité 2,c,short-answer,À qui ?,,,,Aux enfants et adolescents de 6 à 16 ans de la communauté française.,A1,vacation,065
cosmopolite-a1-methode,reading,Activité 3,c,matching,Associez les activités aux photos.,,,,,A1,vacation,065
cosmopolite-a1-methode,reading,Activité 1,d,short-answer,Identifiez le titre et l'introduction.,,,,,A1,vacation,065
cosmopolite-a1-methode,reading,Activité 2,d,short-answer,Dans quel pays ?,,,,En Thaïlande.,A1,vacation,065
cosmopolite-a1-methode,reading,Activité 1,e,short-answer,Identifiez les séjours et les week-ends.,,,,,A1,vacation,065
cosmopolite-a1-methode,listening,Activité 5,1,short-answer,Par deux. Réécoutez (doc. 2). Relevez les activités.,,,,,A1,hobby,066
cosmopolite-a1-methode,speaking,Activité 6,1,speaking-task,"Divisez la classe en deux groupes : groupe 1, activités sportives ; groupe 2, activités culturelles et artistiques. Chaque groupe échange sur ses pratiques.",,,,(open-ended),A1,hobby,066
cosmopolite-a1-methode,listening,Activité 8,1,fill-in,Réécoutez (doc. 3). Complétez.,,,,,A1,hobby,066
cosmopolite-a1-methode,grammar,FOCUS LANGUE — Les pronoms toniques,1,fill-in,Observez vos réponses à l'activité 8. Complétez.,,,,,A1,hobby,066
cosmopolite-a1-methode,speaking,Activité 9 (À NOUS),1,speaking-task,Nous présentons des activités.,,,,(open-ended),A1,hobby,066
cosmopolite-a1-methode,listening,Activité 4,a,true-false,Quartier Libre propose des activités pour les enfants de toutes les nationalités.,,,,,A1,hobby,066
cosmopolite-a1-methode,grammar,FOCUS LANGUE — faire + du/de la/de l'/des,a,fill-in,Observez vos réponses à l'activité 5. Complétez la règle.,,,,,A1,hobby,066
cosmopolite-a1-methode,listening,Activité 7,a,short-answer,Qui est Chayan ?,,,,Un animateur de Quartier Libre.,A1,hobby,066
cosmopolite-a1-methode,listening,Activité 4,b,true-false,Les enfants communiquent en anglais.,,,,,A1,hobby,066
cosmopolite-a1-methode,grammar,FOCUS LANGUE — faire + du/de la/de l'/des,b,matching,Écoutez le verbe faire. Associez à la prononciation correspondante.,,,,,A1,hobby,066
cosmopolite-a1-methode,listening,Activité 7,b,short-answer,Chayan présente combien d'enfants ?,,,,Quatre enfants.,A1,hobby,066
cosmopolite-a1-methode,listening,Activité 4,c,true-false,"À Quartier Libre, des enfants de cultures différentes se rencontrent.",,,,,A1,hobby,066
cosmopolite-a1-methode,listening,Activité 7,c,short-answer,Que font les enfants ce matin ?,,,,Ils font de la voile avec Thierry.,A1,hobby,066
cosmopolite-a1-methode,listening,Activité 4,d,true-false,Quartier Libre propose des cours de langue.,,,,,A1,hobby,066
cosmopolite-a1-methode,reading,Activité 1,1,short-answer,Observez la page Internet (doc. 1). Identifiez le type de site et le thème de la discussion.,,,,,A1,health,067
cosmopolite-a1-methode,reading,Activité 2,a,short-answer,Où est Julien ?,,,,"Il est en vacances à Bucarest, en Roumanie.",A1,health,067
cosmopolite-a1-methode,reading,Activité 2,b,short-answer,Quel est son problème ?,,,,"Il est malade, il a de la fièvre et mal à la tête.",A1,health,067
cosmopolite-a1-methode,reading,Activité 2,c,short-answer,Pourquoi il écrit sur le forum ?,,,,Pour trouver un médecin car il ne parle pas roumain.,A1,health,067
cosmopolite-a1-methode,reading,Activité 2,d,short-answer,Qu'est-ce que Vlad propose à Julien ?,,,,"Le site de l'Ambassade de France, avec une liste de médecins francophones.",A1,health,067
cosmopolite-a1-methode,writing,Activité 4,1,writing-task,Par deux. Cherchez des médecins qui parlent français dans votre ville. Rédigez une fiche.,,,,(open-ended),A1,health,068
cosmopolite-a1-methode,listening,Activité 5,1,short-answer,Écoutez la conversation (doc. 3). Identifiez la situation.,,,,,A1,health,068
cosmopolite-a1-methode,listening,Activité 6,1,short-answer,Par deux. Réécoutez (doc. 3). Relevez les questions de la secrétaire médicale sur l'état de santé de Julien.,,,,,A1,health,068
cosmopolite-a1-methode,listening,Activité 7,1,fill-in,Écoutez encore (doc. 3). Complétez la fiche de la secrétaire médicale.,,,,,A1,health,068
cosmopolite-a1-methode,writing,Activité 8 (À NOUS),1,writing-task,Nous créons un kit de survie : « Chez le médecin ».,,,,(open-ended),A1,health,068
cosmopolite-a1-methode,reading,Activité 3,a,matching,Qui fait quoi ? Associez.,,,,,A1,health,068
cosmopolite-a1-methode,grammar,FOCUS LANGUE — Avoir mal à + parties du corps,a,matching,Observez la fiche (activité 7). Associez.,,,,,A1,health,068
cosmopolite-a1-methode,reading,Activité 3,b,short-answer,Quel médecin conseillez-vous à Julien ? Pourquoi ?,,,,(open-ended),A1,health,068
cosmopolite-a1-methode,grammar,FOCUS LANGUE — Avoir mal à + parties du corps,b,fill-in,Complétez avec les parties du corps.,,,,,A1,health,068
cosmopolite-a1-methode,listening,Activité 1a,1,matching,Regardez les vidéos sans le son. Où se passent les interviews ? Associez.,,,,,A1,travel,069
cosmopolite-a1-methode,listening,Activité 1b,1,short-answer,Regardez les vidéos avec le son. Quel verbe est utilisé dans les trois interviews ? Pourquoi ?,,,,,A1,travel,069
cosmopolite-a1-methode,listening,Activité 1c,1,matching,Associez les informations sur les langues parlées aux lieux.,,,,,A1,travel,069
cosmopolite-a1-methode,listening,Activité 1d,1,matching,Associez le pourcentage (%) de touristes étrangers aux lieux.,,,,,A1,travel,069
cosmopolite-a1-methode,listening,Activité 1e,1,matching,Qui dit quoi ? Associez.,,,,,A1,travel,069
cosmopolite-a1-methode,speaking,Activité 2a,1,speaking-task,"Dans votre pays, on parle plusieurs langues dans les hôtels et les restaurants ? Si oui, lesquelles ? Il y a des dépliants et des audioguides en plusieurs langues dans les monuments à visiter ?",,,,(open-ended),A1,travel,069
cosmopolite-a1-methode,reading,Activité 1b (Cultures),1,matching,Par deux. Lisez cette page d'un guide touristique. Associez les caractéristiques de chaque nationalité à une émoticône.,,,,,A1,travel,070
cosmopolite-a1-methode,reading,Activité 1c (Cultures),1,fill-in,Par deux. Relisez. Complétez avec les nationalités.,,,,,A1,travel,070
cosmopolite-a1-methode,writing,Carnet culturel,1,short-answer,Mes lieux préférés dans une ville étrangère : …,,,,(open-ended),A1,travel,070
cosmopolite-a1-methode,writing,Carnet culturel,2,short-answer,"Quand je voyage à l'étranger, j'aime : …",,,,(open-ended),A1,travel,070
cosmopolite-a1-methode,writing,Carnet culturel,3,short-answer,Je pense que les Français sont (deux adjectifs) : … parce que…,,,,(open-ended),A1,travel,070
cosmopolite-a1-methode,reading,Activité 2a,1,short-answer,"Identifiez le nombre de photos, le nombre de bulles de parole et le nombre de bulles de pensée.",,,,,A1,mixed,071
cosmopolite-a1-methode,reading,Activité 2b,1,multiple-choice,Qu'est-ce qu'un roman-photo ?,Une histoire racontée avec du son.,Une histoire racontée avec des photos et du texte.,Une histoire racontée avec des dessins et du texte.,Une histoire racontée avec des photos et du texte.,A1,mixed,071
cosmopolite-a1-methode,writing,Projet de classe 2c,1,writing-task,Réalisez le story-board de votre roman-photo (six photos).,,,,(open-ended),A1,mixed,071
cosmopolite-a1-methode,writing,Projet de classe 2d,1,writing-task,Montez les photos et intégrez les bulles (avec PowerPoint ou Word).,,,,(open-ended),A1,mixed,071
cosmopolite-a1-methode,speaking,Projet de classe 3,1,speaking-task,Présentez votre roman-photo à la classe.,,,,(open-ended),A1,mixed,071
cosmopolite-a1-methode,listening,I Compréhension de l'oral,1,short-answer,Quelle est la nationalité de Bérangère ?,,,,,A1,mixed,072
cosmopolite-a1-methode,speaking,II Production orale — Exercice 1,1,speaking-task,"Vous vous présentez (nom, prénom, âge, nationalité, pays). Vous parlez de vous (goûts / passions, caractéristiques psychologiques). Vous parlez de votre famille (combien de personnes, nombre de frères et sœurs, caractéristiques physiques).",,,,(open-ended),A1,mixed,072
cosmopolite-a1-methode,speaking,II Production orale — Exercice 2,1,speaking-task,Vous posez des questions à un(e) étudiant(e) de votre cours à partir des mots suivants : Fromage ? Détester ? Adorer ? Activités ? Passion ? Sport ?,,,,(open-ended),A1,mixed,072
cosmopolite-a1-methode,writing,III Production écrite,1,writing-task,Vous voulez partir au pair. Vous remplissez cette fiche pour une agence de séjours au pair.,,,,(open-ended),A1,mixed,072
cosmopolite-a1-methode,listening,I Compréhension de l'oral,2,short-answer,Que pense Bérangère de la France ?,,,,,A1,mixed,072
cosmopolite-a1-methode,listening,I Compréhension de l'oral,3,multiple-choice,"Pour Bérangère, les Français sont…",gentils.,désagréables.,décontractés.,,A1,mixed,072
cosmopolite-a1-methode,listening,I Compréhension de l'oral,4,short-answer,Bérangère déteste quel produit français ?,,,,,A1,mixed,072
cosmopolite-a1-methode,listening,I Compréhension de l'oral,5,short-answer,"En France, où est-ce que Bérangère adore marcher ?",,,,,A1,mixed,072
cosmopolite-a1-methode,speaking,Activité 2,1,speaking-task,En petits groupes. Dites avec qui vous êtes d'accord et avec qui vous n'êtes pas d'accord. Pourquoi ?,,,,(open-ended),A1,daily-routine,073
cosmopolite-a1-methode,speaking,Discussion,1,speaking-task,En groupe. Comparez vos réponses.,,,,(open-ended),A1,daily-routine,074
cosmopolite-a1-methode,reading,Activité 2,1,matching,Lisez le programme du safari (doc. 1). Associez les photos aux étapes du programme.,,,,,A1,travel,075
cosmopolite-a1-methode,listening,Activité 3,1,short-answer,Écoutez (doc. 2). Qui parle ? De quoi ?,,,,,A1,travel,075
cosmopolite-a1-methode,listening,Activité 4a,1,fill-in,"Légendez les photos a, c et d (doc. 1). Notez l'heure quand vous l'entendez.",,,,,A1,travel,075
cosmopolite-a1-methode,listening,Activité 4b,1,fill-in,"Légendez les photos e, f et g. Notez l'heure entendue.",,,,,A1,travel,075
cosmopolite-a1-methode,listening,Activité 4c,1,ordering,"Mettez les photos a, b, c, d (doc. 1) et e, f, g (doc. 2) dans l'ordre chronologique.",,,,,A1,travel,075
cosmopolite-a1-methode,grammar,FOCUS LANGUE — articulateurs de progression,1,fill-in,"Réécoutez cet extrait du document 2. Complétez avec puis, ensuite, après, d'abord.",,,,,A1,travel,075
cosmopolite-a1-methode,reading,Activité 1,a,short-answer,Que propose l'agence Trace Directe ? Dans quel pays ?,,,,Un safari ; en Tanzanie.,A1,travel,075
cosmopolite-a1-methode,reading,Activité 1,b,short-answer,Quelles informations trouve-t-on sur cette page ?,,,,,A1,travel,075
cosmopolite-a1-methode,speaking,Activité 5,1,ordering,En petits groupes. Dites dans quel ordre vous faites ces activités.,,,,(open-ended),A1,time-dates,076
cosmopolite-a1-methode,listening,Activité 7,1,matching,Écoutez le répondeur de l'agence Trace Directe (doc. 3). Associez les jours aux horaires d'ouverture.,,,,,A1,time-dates,076
cosmopolite-a1-methode,speaking,Activité 9 (À NOUS),1,speaking-task,Nous racontons notre journée.,,,,(open-ended),A1,time-dates,076
cosmopolite-a1-methode,grammar,FOCUS LANGUE — heure formelle et informelle,a,fill-in,Observez et complétez avec l'heure informelle (activité 4).,,,,,A1,time-dates,076
cosmopolite-a1-methode,listening,Activité 8,a,short-answer,Relevez les heures et les activités de Mikaël.,,,,,A1,time-dates,076
cosmopolite-a1-methode,speaking,FOCUS LANGUE — heure formelle et informelle,b,short-answer,Comment dites-vous l'heure dans votre langue ? Existe-t-il une heure informelle ? Formelle ?,,,,(open-ended),A1,time-dates,076
cosmopolite-a1-methode,listening,Activité 8,b,short-answer,Deux heures sont incorrectes. Pourquoi ?,,,,,A1,time-dates,076
cosmopolite-a1-methode,reading,Activité 1,1,short-answer,Observez l'article (doc. 1). Identifiez la région présentée. Situez la région sur la carte p. 220.,,,,La Normandie.,A1,daily-routine,077
cosmopolite-a1-methode,reading,Activité 3,1,short-answer,"Par deux. Lisez l'article (doc. 1). Relevez les habitudes quotidiennes de Marc et de sa famille : le matin, à midi, l'après-midi, le soir.",,,,,A1,daily-routine,077
cosmopolite-a1-methode,reading,Activité 4,1,matching,Par deux. Associez les habitudes de Marc aux photos de l'article (doc. 1).,,,,,A1,daily-routine,077
cosmopolite-a1-methode,writing,Activité 5,1,writing-task,"Listez et illustrez (dessins, photos) les activités quotidiennes de votre journée type (huit activités). Précisez les heures.",,,,(open-ended),A1,daily-routine,077
cosmopolite-a1-methode,reading,Activité 2,a,short-answer,Quel est le thème de l'article ? Qui est Marc ?,,,,,A1,daily-routine,077
cosmopolite-a1-methode,listening,Activité 6,a,true-false,Natasha est l'auteure d'un blog.,,,,,A1,daily-routine,077
cosmopolite-a1-methode,reading,Activité 2,b,short-answer,Quel est le lien entre Marc et le thème de l'article ?,,,,,A1,daily-routine,077
cosmopolite-a1-methode,listening,Activité 6,b,true-false,"Elle décrit sa journée entière, comme Marc.",,,,,A1,daily-routine,077
cosmopolite-a1-methode,reading,Activité 2,c,short-answer,Comment découvre-t-on Marc dans cet article ?,,,,,A1,daily-routine,077
cosmopolite-a1-methode,listening,Activité 6,c,true-false,Elle explique comment elle commence et termine sa journée.,,,,,A1,daily-routine,077
cosmopolite-a1-methode,listening,Activité 7,1,matching,Par deux. Réécoutez (doc. 2). Associez les photos aux moments de la journée.,,,,,A1,daily-routine,078
cosmopolite-a1-methode,listening,Activité 8,a,fill-in,"Le matin, …, …, je sors sur le balcon, …, …, … .",,,,,A1,daily-routine,078
cosmopolite-a1-methode,grammar,FOCUS LANGUE — verbes pronominaux (1),a,fill-in,Complétez la conjugaison du verbe se doucher au présent.,,,,,A1,daily-routine,078
cosmopolite-a1-methode,speaking,Activité 10 (À NOUS),a,speaking-task,Observez la journée type d'un autre groupe (activité 5). Identifiez les bonnes habitudes pour bien commencer et bien terminer la journée.,,,,(open-ended),A1,daily-routine,078
cosmopolite-a1-methode,listening,Activité 8,b,fill-in,"Le soir, …, je lis, j'écris, …, …, … .",,,,,A1,daily-routine,078
cosmopolite-a1-methode,speaking,FOCUS LANGUE — verbes pronominaux (1),b,speaking-task,Comparez vos habitudes quotidiennes avec les habitudes de Marc et de Natasha.,,,,(open-ended),A1,daily-routine,078
cosmopolite-a1-methode,writing,Activité 10 (À NOUS),c,short-answer,Listez les habitudes de la classe pour bien commencer et bien terminer la journée.,,,,(open-ended),A1,daily-routine,078
cosmopolite-a1-methode,listening,Activité 1,1,short-answer,Écoutez l'introduction du micro-trottoir (doc. 1). Identifiez le prénom et la profession de chaque personne.,,,,,A1,daily-routine,079
cosmopolite-a1-methode,listening,Activité 2,1,fill-in,En petits groupes. Écoutez le micro-trottoir (doc. 1). Repérez les activités quotidiennes de chaque personne.,,,,,A1,daily-routine,079
cosmopolite-a1-methode,speaking,Activité 3a,1,speaking-task,En petits groupes : groupes « fonctionnaire » et groupes « médecin ». Décrivez la journée type d'un fonctionnaire et d'un médecin dans votre pays.,,,,(open-ended),A1,daily-routine,079
cosmopolite-a1-methode,speaking,Activité 5,1,short-answer,Vous utilisez Instagram ? Twitter ? Pour partager quoi ? Avec qui ?,,,,(open-ended),A1,daily-routine,079
cosmopolite-a1-methode,reading,Activité 4,a,short-answer,"Qui publie (nom, prénom, profession) ?",,,,,A1,daily-routine,079
cosmopolite-a1-methode,reading,Activité 6,a,true-false,Elle a trois enfants : deux garçons et une fille.,,,,Faux,A1,daily-routine,079
cosmopolite-a1-methode,reading,Activité 4,b,short-answer,Qu'est-ce qu'elle publie ? Est-elle populaire ?,,,,,A1,daily-routine,079
cosmopolite-a1-methode,reading,Activité 6,b,true-false,Ses enfants vont à l'école.,,,,Vrai,A1,daily-routine,079
cosmopolite-a1-methode,reading,Activité 6,c,true-false,Elle fait du sport tous les jours.,,,,,A1,daily-routine,079
cosmopolite-a1-methode,reading,Activité 6,d,true-false,Elle s'occupe de ses enfants le matin et le soir.,,,,Vrai,A1,daily-routine,079
cosmopolite-a1-methode,reading,Activité 6,e,true-false,Elle se connecte à Internet le soir.,,,,Vrai,A1,daily-routine,079
cosmopolite-a1-methode,reading,Activité 6,f,true-false,L'article raconte une journée exceptionnelle pour Émilie.,,,,Faux,A1,daily-routine,079
cosmopolite-a1-methode,grammar,FOCUS LANGUE — Exprimer l'habitude et la fréquence,a,short-answer,Relisez ces extraits de témoignages. Relevez les mots qui expriment l'habitude et la fréquence.,,,,,A1,daily-routine,080
cosmopolite-a1-methode,writing,Activité 7 (À NOUS),a,writing-task,"À la manière d'Émilie Frèche, rédigez la journée type d'une personne de votre pays.",,,,(open-ended),A1,daily-routine,080
cosmopolite-a1-methode,grammar,FOCUS LANGUE — Exprimer l'habitude et la fréquence,b,ordering,Classez ces quatre adverbes selon leur fréquence (de 0 à 100 % du temps) : parfois • souvent • jamais • toujours.,,,,"jamais, parfois, souvent, toujours",A1,daily-routine,080
cosmopolite-a1-methode,writing,Activité 7 (À NOUS),b,short-answer,Citez les différences et les similitudes avec les journées des Français.,,,,(open-ended),A1,daily-routine,080
cosmopolite-a1-methode,speaking,Activité 7 (À NOUS),c,speaking-task,Présentez la journée type de la personne choisie à la classe.,,,,(open-ended),A1,daily-routine,080
cosmopolite-a1-methode,reading,Activité 1,1,short-answer,"Observez les photos (doc. 1). À votre avis, dans quel pays se trouve l'auteur du message ?",,,,Pologne.,A1,profession,081
cosmopolite-a1-methode,reading,Activité 3,1,short-answer,"Par deux. Lisez le mél (doc. 1). Relevez les informations correspondant aux trois photos, sur le travail de Romain et son apprentissage de la langue.",,,,,A1,profession,081
cosmopolite-a1-methode,reading,Activité 4,1,matching,Par deux. Classez ces extraits du mél de Romain dans la colonne qui convient.,,,,,A1,profession,081
cosmopolite-a1-methode,speaking,Activité 5,1,speaking-task,"En petits groupes. Cherchez s'il existe des entreprises ou des sociétés françaises dans votre ville ou dans votre pays. Dans quel secteur (commerce, industrie, culture, etc.) ?",,,,(open-ended),A1,profession,081
cosmopolite-a1-methode,reading,Activité 2,a,short-answer,Qui écrit ? À qui ?,,,,Romain écrit à ses amis.,A1,profession,081
cosmopolite-a1-methode,listening,Activité 6,a,short-answer,Qui téléphone à Romain ? Pourquoi ?,,,,,A1,profession,081
cosmopolite-a1-methode,reading,Activité 2,b,short-answer,Où ?,,,,"En Pologne, à Wroclaw.",A1,profession,081
cosmopolite-a1-methode,listening,Activité 6,b,multiple-choice,Quel est le sujet principal de cette conversation ? Choisissez et justifiez.,l'apprentissage de la langue,l'emploi du temps au travail,les moyens de transport,,A1,profession,081
cosmopolite-a1-methode,reading,Activité 2,c,short-answer,Pourquoi il écrit ?,,,,Pour donner de ses nouvelles / premières impressions.,A1,profession,081
cosmopolite-a1-methode,listening,Activité 6,c,short-answer,Est-ce qu'il y a des Français dans l'entreprise de Romain ?,,,,,A1,profession,081
cosmopolite-a1-methode,listening,Activité 7,1,matching,Par deux. Réécoutez (doc. 2). Retrouvez les caractéristiques de la journée de Romain.,,,,,A1,profession,082
cosmopolite-a1-methode,grammar,FOCUS LANGUE — Le pronom on,1,fill-in,Classez les phrases de l'activité 7. On = Les gens : … On = Nous : …,,,,,A1,profession,082
cosmopolite-a1-methode,writing,Activité 9 (À NOUS),1,writing-task,Nous imaginons une semaine de travail idéale au bureau.,,,,(open-ended),A1,profession,082
cosmopolite-a1-methode,grammar,"FOCUS LANGUE — pouvoir, devoir, vouloir",a,fill-in,Complétez.,,,,,A1,profession,082
cosmopolite-a1-methode,speaking,"FOCUS LANGUE — pouvoir, devoir, vouloir",b,speaking-task,"En petits groupes. Dites ce que vous pouvez, devez ou voulez faire en classe de français. Chaque groupe propose six phrases.",,,,(open-ended),A1,profession,082
cosmopolite-a1-methode,speaking,Activité 3,1,speaking-task,"En petits groupes. Répondez aux questions a, b, c et f de l'enquête (doc. 1).",,,,(open-ended),A1,hobby,083
cosmopolite-a1-methode,listening,Activité 5,1,short-answer,Par deux. Réécoutez (doc. 2). Relevez les questions de l'enquête posées par la journaliste (doc. 1).,,,,,A1,hobby,083
cosmopolite-a1-methode,reading,Activité 1,a,short-answer,À qui s'adresse ce magazine en ligne ?,,,,La Gazette de Berlin.,A1,hobby,083
cosmopolite-a1-methode,reading,Activité 2,a,short-answer,Relevez l'information principale de chaque partie.,,,,,A1,hobby,083
cosmopolite-a1-methode,listening,Activité 4,a,short-answer,Où se trouve la journaliste ?,,,,À Berlin.,A1,hobby,083
cosmopolite-a1-methode,reading,Activité 1,b,short-answer,Identifiez le thème de l'article.,,,,,A1,hobby,083
cosmopolite-a1-methode,reading,Activité 2,b,matching,Associez les éléments des deux parties.,,,,,A1,hobby,083
cosmopolite-a1-methode,listening,Activité 4,b,short-answer,À qui elle parle ? De quoi ?,,,,,A1,hobby,083
cosmopolite-a1-methode,reading,Activité 1,c,short-answer,Repérez le nombre de parties.,,,,,A1,hobby,083
cosmopolite-a1-methode,grammar,Activité 7c,1,ordering,Classez ces questions.,,,,,A1,hobby,084
cosmopolite-a1-methode,grammar,Activité 7d,1,matching,Associez : le mot interrogatif est au début / à la fin de la phrase ; le sujet se place avant / après le verbe.,,,,,A1,hobby,084
cosmopolite-a1-methode,writing,Activité 8 (À NOUS),1,writing-task,Nous enquêtons sur les sorties de la classe.,,,,(open-ended),A1,hobby,084
cosmopolite-a1-methode,listening,Activité 6,a,matching,Pourquoi vous sortez « à la française » ?,,,,2,A1,hobby,084
cosmopolite-a1-methode,listening,Activité 6,b,matching,Vous sortez avec qui ? Vous faites quoi ?,,,,3,A1,hobby,084
cosmopolite-a1-methode,listening,Activité 6,c,matching,Cette librairie a une particularité ?,,,,4,A1,hobby,084
cosmopolite-a1-methode,listening,Activité 6,d,matching,Et c'est où ?,,,,5,A1,hobby,084
cosmopolite-a1-methode,listening,Activité 6,e,matching,Pourquoi vous venez à la médiathèque ? Qu'est-ce que vous appréciez ?,,,,6,A1,hobby,084
cosmopolite-a1-methode,listening,Activité 6,f,matching,Qu'est-ce que c'est ?,,,,1,A1,hobby,084
cosmopolite-a1-methode,listening,Activité 2,1,fill-in,Par deux. Réécoutez (doc. 1). Complétez l'agenda partagé de Barbara.,,,,,A1,communication,085
cosmopolite-a1-methode,listening,FOCUS LANGUE — Proposer/accepter/refuser une sortie,1,matching,Par deux. Écoutez encore (doc. 1). Classez les extraits de la conversation.,,,,,A1,communication,085
cosmopolite-a1-methode,speaking,Activité 3,1,speaking-task,"En petits groupes. Répondez. Dans votre pays, on invite à quel type d'événement ? Pour quoi faire ? Comment invite-t-on ?",,,,(open-ended),A1,communication,085
cosmopolite-a1-methode,reading,Activité 4,1,short-answer,En petits groupes. Lisez les invitations (doc. 2a et b). Repérez les deux soirées dans l'agenda de Barbara (doc. 1).,,,,,A1,communication,085
cosmopolite-a1-methode,listening,Activité 1,a,short-answer,Pourquoi Endris téléphone à Barbara ?,,,,,A1,communication,085
cosmopolite-a1-methode,listening,Activité 1,b,multiple-choice,Ils parlent de quels artistes ?,Benjamin Clementine.,Asaf Avidan.,Kurt Elling.,Benjamin Clementine et Grégory Privat.,A1,communication,085
cosmopolite-a1-methode,reading,Activité 5,1,matching,Relisez (doc. 2a et b). Dites si on trouve les informations suivantes dans chaque message.,,,,,A1,communication,086
cosmopolite-a1-methode,speaking,Activité 7b,1,speaking-task,"Par deux. Saluez un(e) camarade de classe. Demandez : « Salut ! Samedi, tu viens en bus ou en voiture ? »",,,,(open-ended),A1,communication,086
cosmopolite-a1-methode,writing,Activité 8 (À NOUS),1,writing-task,Nous proposons une sortie.,,,,(open-ended),A1,communication,086
cosmopolite-a1-methode,grammar,FOCUS LANGUE — L'impératif présent (1),a,short-answer,Par deux. Reprenez les phrases relevées dans l'activité 6.,,,,,A1,communication,086
cosmopolite-a1-methode,reading,Activité 6,a,short-answer,"Repérez les éléments suivants dans l'invitation personnalisée (doc. 2a) : l'objet, la formule d'appel, l'introduction, le développement, la conclusion, la formule de prise de congé, la signature.",,,,,A1,communication,086
cosmopolite-a1-methode,grammar,FOCUS LANGUE — L'impératif présent (1),b,fill-in,Complétez avec des exemples.,,,,,A1,communication,086
cosmopolite-a1-methode,reading,Activité 6,b,short-answer,Quelles sont les différences entre une invitation personnalisée (doc. 2a) et une invitation non personnalisée (doc. 2b) ?,,,,,A1,communication,086
cosmopolite-a1-methode,listening,Activité 1a,1,short-answer,Qui sont les deux personnes ? Qu'est-ce qu'elles font ?,,,,,A1,home,087
cosmopolite-a1-methode,listening,Activité 1c,1,matching,Associez chaque tâche ménagère à un dessin.,,,,,A1,home,087
cosmopolite-a1-methode,listening,Activité 1d,1,matching,Associez chaque personne à son opinion.,,,,,A1,home,087
cosmopolite-a1-methode,listening,Activité 1e,1,short-answer,Qui sont les deux femmes ? Où sont-elles ? De quoi parlent-elles ?,,,,,A1,home,087
cosmopolite-a1-methode,listening,Activité 1c,2,short-answer,Les personnes interrogées réalisent quelles tâches ?,,,,,A1,home,087
cosmopolite-a1-methode,listening,Activité 1g,1,true-false,Les hommes et les femmes se partagent les tâches ménagères.,,,,,A1,daily-routine,088
cosmopolite-a1-methode,speaking,Activité 1h,1,speaking-task,En petits groupes. Et dans votre pays ? Les femmes et les hommes partagent les tâches ménagères ? Vous partagez les tâches ménagères chez vous ?,,,,(open-ended),A1,daily-routine,088
cosmopolite-a1-methode,reading,Activité 2a,1,short-answer,"Observez le document. Identifiez le type de document, le titre du document, les pays concernés, ce qui permet de mesurer l'activité des personnes.",,,,,A1,daily-routine,088
cosmopolite-a1-methode,reading,Activité 2b,1,short-answer,Qui se lève tôt ?,,,,Les Américains.,A1,daily-routine,088
cosmopolite-a1-methode,listening,Activité 1g,2,true-false,Les femmes s'occupent de la maison quatre heures et sept minutes par jour.,,,,,A1,daily-routine,088
cosmopolite-a1-methode,reading,Activité 2b,2,short-answer,Qui se lève tard ?,,,,Les Français.,A1,daily-routine,088
cosmopolite-a1-methode,listening,Activité 1g,3,true-false,Les hommes s'occupent un peu plus des tâches ménagères aujourd'hui.,,,,,A1,daily-routine,088
cosmopolite-a1-methode,reading,Activité 2b,3,short-answer,Qui déjeune à midi ?,,,,Tous les pays.,A1,daily-routine,088
cosmopolite-a1-methode,reading,Activité 2b,4,short-answer,Qui sort du travail tard le soir ?,,,,Les Français.,A1,daily-routine,088
cosmopolite-a1-methode,writing,Projet de classe 1a,1,short-answer,Identifiez les Français ou les francophones de votre ville.,,,,(open-ended),A1,communication,089
cosmopolite-a1-methode,writing,Projet de classe 1b,1,short-answer,Choisissez la personne à inviter.,,,,(open-ended),A1,communication,089
cosmopolite-a1-methode,writing,Projet de classe 2d,1,writing-task,Contactez le/la Français(e) ou le/la francophone par mél. Rédigez un mél.,,,,(open-ended),A1,communication,089
cosmopolite-a1-methode,writing,Projet de classe 2f,1,writing-task,Préparez des questions pour le/la Français(e) ou le/la francophone. Rédigez une liste de questions à poser.,,,,(open-ended),A1,communication,089
cosmopolite-a1-methode,writing,Projet de classe 2g,1,writing-task,Accueillez le/la Français(e) ou le/la francophone et les invités. Rédigez un mot de bienvenue.,,,,(open-ended),A1,communication,089
cosmopolite-a1-methode,reading,I Compréhension des écrits,1,short-answer,Pourquoi Gauthier est à Bruxelles cette semaine ?,,,,Pour le travail.,A1,daily-routine,090
cosmopolite-a1-methode,writing,II Production écrite — Exercice 1,1,writing-task,Remplir un formulaire : Vous êtes en France. Vous voulez rencontrer de nouveaux amis. Vous complétez cette fiche d'inscription pour vous présenter.,,,,(open-ended),A1,daily-routine,090
cosmopolite-a1-methode,writing,II Production écrite — Exercice 2,1,writing-task,"Écrire un message court : Vous étudiez dans une école de langue française de Bordeaux. Vous recevez ce message de Cédric, un ami français. Vous lui répondez.",,,,(open-ended),A1,daily-routine,090
cosmopolite-a1-methode,reading,I Compréhension des écrits,2,short-answer,Gauthier se lève à quelle heure le matin ?,,,,6 h 30.,A1,daily-routine,090
cosmopolite-a1-methode,reading,I Compréhension des écrits,3,multiple-choice,"À 7 h 30, Gauthier…",prend son petit déjeuner.,va au travail.,est au bureau.,prend son petit déjeuner.,A1,daily-routine,090
cosmopolite-a1-methode,reading,I Compréhension des écrits,4,multiple-choice,Quel moyen de transport prend Gauthier pour aller travailler ?,une rangée de vélos en libre-service,une rangée de taxis blancs,un bus articulé blanc et orange,une rangée de vélos en libre-service,A1,daily-routine,090
cosmopolite-a1-methode,reading,I Compréhension des écrits,5,multiple-choice,"Le soir, Gauthier…",va au restaurant.,mange un sandwich.,n'a pas le temps de dîner.,mange un sandwich.,A1,daily-routine,090
cosmopolite-a1-methode,speaking,,1,open-ended,Vous pouvez voir ou écouter quels médias en langue française dans votre pays ?,,,,(open-ended),A1,communication,091
cosmopolite-a1-methode,speaking,,2,open-ended,Est-ce qu'il y a des journaux ou des magazines francophones en Asie ? En Europe ? En Amérique ? En Afrique ? En Océanie ?,,,,(open-ended),A1,communication,091
cosmopolite-a1-methode,reading,,3,matching,Ces auteurs étrangers écrivent en français ou leurs livres sont traduits en français ?,,,,,A1,mixed,092
cosmopolite-a1-methode,reading,,1,short-answer,Lisez le titre de l'article (doc. 1). Identifiez l'institution et le lieu où elle se trouve.,,,,,A1,school,093
cosmopolite-a1-methode,reading,,2a,short-answer,Qui est Sachiko ?,,,,,A1,school,093
cosmopolite-a1-methode,reading,,2b,short-answer,Pourquoi parle-t-on de Sachiko ?,,,,,A1,school,093
cosmopolite-a1-methode,reading,,2c,short-answer,Quel est l'objectif de son projet ?,,,,,A1,school,093
cosmopolite-a1-methode,speaking,,3,open-ended,Vous connaissez le principe du journal d'apprentissage ? Vous aimez l'idée ? Pourquoi ?,,,,(open-ended),A1,school,093
cosmopolite-a1-methode,reading,,4a,short-answer,Repérez la semaine présentée dans les deux journaux.,,,,,A1,school,093
cosmopolite-a1-methode,reading,,4b,matching,Relevez l'action qui correspond à chaque photo.,,,,,A1,school,093
cosmopolite-a1-methode,writing,,5,writing-task,Listez ce que vous avez fait la semaine dernière pour progresser en français.,,,,(open-ended),A1,school,094
cosmopolite-a1-methode,listening,,6a,short-answer,Qui est la personne interviewée ?,,,,,A1,school,094
cosmopolite-a1-methode,listening,,6b,short-answer,Relevez deux expressions du journaliste pour caractériser cette personne.,,,,,A1,school,094
cosmopolite-a1-methode,listening,,7a,matching,Sélectionnez les activités des étudiants. a. des exercices de phonétique b. des interviews c. de la traduction d. des enquêtes e. des mots croisés f. de la cuisine g. un quiz,,,,,A1,school,094
cosmopolite-a1-methode,listening,,7b,short-answer,Relevez le moment précis pour chaque activité sélectionnée.,,,,,A1,school,094
cosmopolite-a1-methode,writing,,8,writing-task,Nous créons notre journal d'apprentissage. Écrivez ce que vous avez fait la semaine dernière pour progresser en français.,,,,(open-ended),A1,school,094
cosmopolite-a1-methode,grammar,Focus langue,a,fill-in,Observez ces extraits des journaux d'apprentissage (doc. 2). Aidez Chizu à compléter la règle.,,,,,A1,school,094
cosmopolite-a1-methode,grammar,Focus langue,b,fill-in,Observez encore les extraits. Complétez.,,,,,A1,school,094
cosmopolite-a1-methode,grammar,Focus langue,c,fill-in,Observez ces phrases. Repérez la place de la négation. Complétez la règle.,,,,,A1,school,094
cosmopolite-a1-methode,grammar,Focus langue,d,ordering,Classez les expressions de l'activité 7b dans l'ordre chronologique.,,,,,A1,school,094
cosmopolite-a1-methode,reading,,1,short-answer,Observez le site (doc. 1). Identifiez le nom du journal et le titre de l'article.,,,,,A1,profession,095
cosmopolite-a1-methode,reading,,2a,short-answer,Dans quel pays se trouve l'Acadie ?,,,,,A1,profession,095
cosmopolite-a1-methode,reading,,2b,short-answer,Quels sont les points communs entre ces personnes ?,,,,,A1,profession,095
cosmopolite-a1-methode,reading,,2c,matching,Associez les photos aux personnes.,,,,,A1,profession,095
cosmopolite-a1-methode,reading,,3,matching,Associez chaque phrase à une personne du top 5. a. Elles vont chanter dans plusieurs pays. b. Il écrit des articles scientifiques. c. Elle chante en français et en anglais. d. Elles viennent de sortir un album. e. C'est une sportive reconnue. f. Il est très jeune et va participer à un grand match. g. Elle va représenter son pays aux JO.,,,,,A1,profession,095
cosmopolite-a1-methode,reading,,4,fill-in,Pourquoi ces jeunes sont dans le top 5 ? Complétez.,,,,,A1,profession,095
cosmopolite-a1-methode,speaking,,5,speaking-task,"Faites le top 5 des jeunes talents de votre pays. Pensez à différentes professions (sportifs, artistes, scientifiques, écrivains, ingénieurs, médecins, etc.).",,,,(open-ended),A1,profession,095
cosmopolite-a1-methode,listening,,6a,short-answer,Quel est le thème de l'émission ?,,,,,A1,profession,096
cosmopolite-a1-methode,listening,,6b,short-answer,Combien de personnes s'expriment ?,,,,,A1,profession,096
cosmopolite-a1-methode,listening,,6c,short-answer,Qui sont-elles ?,,,,,A1,profession,096
cosmopolite-a1-methode,listening,,6d,short-answer,Quelles appréciations sont positives ? Négatives ? Pourquoi ?,,,,,A1,profession,096
cosmopolite-a1-methode,listening,,7,matching,"Réécoutez (doc. 2). Reconstituez les témoignages. a. Alors moi, je dis bravo les jeunes ! b. Moi, je dis vive le Canada ! c. Nous disons félicitations les jeunes ! d. On dit souvent : e. Nous travaillons dans une entreprise… 1. C'est un pays où les jeunes peuvent s'exprimer. 2. Et bravo au journal pour l'article ! 3. les jeunes ne sont pas courageux. 4. et nos collègues disent parfois du mal des jeunes. 5. Ils vont avoir une carrière super !",,,,,A1,profession,096
cosmopolite-a1-methode,listening,,8a,short-answer,"Écoutez. Vous entendez [vjɛ̃], montrez 1. Vous entendez [vjɛn], montrez 2.",,,,,A1,profession,096
cosmopolite-a1-methode,writing,,9,writing-task,Nous créons le top 5 des jeunes talents de notre pays. Présentez chaque jeune de votre top 5. Expliquez pourquoi ils sont dans le top 5 avec des événements passés et des projets.,,,,(open-ended),A1,profession,096
cosmopolite-a1-methode,grammar,Focus langue,a,fill-in,"Par deux. Associez les événements dans le passé et les projets de l'activité 4 au temps qui correspond : passé composé, passé récent, futur proche.",,,,,A1,profession,096
cosmopolite-a1-methode,grammar,Focus langue,b,fill-in,Observez les phrases. Complétez la règle.,,,,,A1,profession,096
cosmopolite-a1-methode,grammar,Focus langue,c,fill-in,Observez les phrases de l'activité 7. Complétez.,,,,,A1,profession,096
cosmopolite-a1-methode,listening,,1a,short-answer,De quels écrivains ils parlent ?,,,,,A1,personal-info,097
cosmopolite-a1-methode,listening,,1b,short-answer,Quel est le point commun entre ces deux écrivains ?,,,,,A1,personal-info,097
cosmopolite-a1-methode,listening,,2,multiple-choice,Pourquoi ils parlent de ces écrivains ? Choisissez. (Plusieurs réponses possibles.),Ils ont lu leurs livres.,Ils ont vu un reportage.,Ils ont participé au jury du Goncourt des lycéens.,,A1,personal-info,097
cosmopolite-a1-methode,listening,,3,fill-in,Par deux. Écoutez encore (doc. 1). Complétez la biographie d'Ahmadou Kourouma.,,,,,A1,personal-info,097
cosmopolite-a1-methode,speaking,,4,speaking-task,En petits groupes. Listez les écrivains de votre pays qui ont eu des prix littéraires. Cherchez s'ils sont francophones.,,,,(open-ended),A1,personal-info,097
cosmopolite-a1-methode,grammar,Sons du français,5a,fill-in,Recopiez ces extraits (doc. 1). Soulignez la lettre e quand elle n'est pas prononcée.,,,,,A1,personal-info,097
cosmopolite-a1-methode,reading,,6a,short-answer,Observez les deux sites Internet (doc. 2 et 3). Relevez les rubriques consultées.,,,,,A1,personal-info,098
cosmopolite-a1-methode,reading,,6b,short-answer,Identifiez le nom des personnes en photo.,,,,,A1,personal-info,098
cosmopolite-a1-methode,reading,,7a,short-answer,Lisez les deux biographies (doc. 2 et 3). Relevez un maximum de points communs entre les deux écrivains.,,,,,A1,personal-info,098
cosmopolite-a1-methode,reading,,7b,ordering,"Repérez, dans chaque texte, l'ordre d'apparition des éléments suivants. Justifiez. naissance • études • prix • installation en France • écriture en français",,,,,A1,personal-info,098
cosmopolite-a1-methode,reading,,7c,fill-in,"Notez, pour chaque élément, les indications de temps (date, année ou âge de l'écrivain.)",,,,,A1,personal-info,098
cosmopolite-a1-methode,speaking,,8,speaking-task,En petits groupes. Parlez des événements importants de votre vie. Situez ces événements dans le temps. naissance • études • diplômes / prix • centres d'intérêt • apprentissage du français,,,,(open-ended),A1,personal-info,098
cosmopolite-a1-methode,writing,,9,writing-task,Nous rédigeons la biographie d'un écrivain de notre pays. Choisissez un écrivain dans la liste de l'activité 4. Rédigez sa biographie à la manière de celle de Tahar Ben Jelloun ou d'Andreï Makine.,,,,(open-ended),A1,personal-info,098
cosmopolite-a1-methode,grammar,Focus langue,a,fill-in,Par deux. Complétez avec les indications de temps relevées dans l'activité 7c.,,,,,A1,personal-info,098
cosmopolite-a1-methode,grammar,Focus langue,b,short-answer,Retrouvez dans les biographies (doc. 2 et 3) les sept autres verbes conjugués avec être.,,,,,A1,personal-info,098
cosmopolite-a1-methode,grammar,Focus langue,c,fill-in,Mettez ces verbes à l'infinitif. Complétez la liste.,,,,,A1,personal-info,098
cosmopolite-a1-methode,reading,,1a,short-answer,Quel est le titre de l'émission diffusée du lundi au vendredi après-midi ?,,,,,A1,personal-info,099
cosmopolite-a1-methode,reading,,1b,short-answer,Quel est le titre de l'émission diffusée le jeudi matin ?,,,,,A1,personal-info,099
cosmopolite-a1-methode,reading,,1c,short-answer,Quel est le titre de l'émission diffusée le samedi après-midi ?,,,,,A1,personal-info,099
cosmopolite-a1-methode,speaking,,2,open-ended,En petits groupes. Quel est le thème commun à ces trois émissions ? Ce type d'émissions existe dans votre pays ?,,,,(open-ended),A1,personal-info,099
cosmopolite-a1-methode,listening,,3a,short-answer,De quel écrivain parle le journaliste ?,,,,,A1,personal-info,099
cosmopolite-a1-methode,listening,,3b,short-answer,Quel est son pays d'origine ?,,,,,A1,personal-info,099
cosmopolite-a1-methode,listening,,3c,short-answer,Quel est le prénom du personnage principal ?,,,,,A1,personal-info,099
cosmopolite-a1-methode,listening,,4a,short-answer,Réécoutez (doc. 2). Quand se passe l'histoire ? Quel est son sujet ?,,,,,A1,personal-info,099
cosmopolite-a1-methode,reading,,4b,matching,"Associez chaque personnage à sa description. Geneviève • Caroline • maman Martine • Yaya Gaston • Michel 1. C'est une jolie jeune femme aux grands yeux verts. 2. C'est un petit garçon. Il a les cheveux frisés, les yeux noirs. 3. Elle est belle. Elle a les cheveux longs et bouclés. 4. Il est musclé. 5. Ses cheveux sont longs et blancs.",,,,,A1,personal-info,099
cosmopolite-a1-methode,speaking,,5,speaking-task,"En petits groupes. Parlez de vos livres préférés et choisissez un livre. Présentez le livre à la manière de Un livre, un jour.",,,,(open-ended),A1,personal-info,099
cosmopolite-a1-methode,reading,,6,matching,"Lisez les extraits littéraires (doc. 3). Associez chaque extrait à son titre. 1. Cette femme qui dit être ma mère, Judith Uyterlinde. 2. Un roman français, Frédéric Beigbeder. 3. Les Femmes aux cheveux courts, Patrice Leconte.",,,,,A1,personal-info,099
cosmopolite-a1-methode,reading,,7,matching,"Par deux. Associez chaque avatar à un personnage. 1. Papa a l'œil vert perçant. 2. Sandrine, sérieuse, les cheveux châtains, attachés en chignon. 3. La femme de ma vie, elle a les cheveux courts, elle est brune, elle a la peau mate. 4. Maman, très jeune, une blonde. 5. Louise, elle est rigolote, plutôt jolie, brune, les cheveux longs, mais toujours attachée.",,,,,A1,personal-info,099
cosmopolite-a1-methode,reading,,8,short-answer,Relisez l'extrait c (doc. 3). De qui parle l'auteur ? Pourquoi ?,,,,,A1,personal-info,099
cosmopolite-a1-methode,writing,,9,writing-task,"Nous faisons des portraits « à la manière de ». Formez quatre groupes et décrivez : la femme/l'homme de nos rêves, Michel et nous, un roman espagnol/brésilien/russe, nos ressemblances.",,,,(open-ended),A1,personal-info,100
cosmopolite-a1-methode,grammar,Focus langue,a,fill-in,Complétez avec les extraits littéraires (doc. 3) et la description des personnages du roman de Mabanckou (activité 4b).,,,,,A1,personal-info,100
cosmopolite-a1-methode,reading,,1a,short-answer,Observez l'article (doc. 1). Identifiez le nom du magazine.,,,,,A1,restaurant,101
cosmopolite-a1-methode,reading,,1b,short-answer,Identifiez la rubrique.,,,,,A1,restaurant,101
cosmopolite-a1-methode,reading,,1c,short-answer,Identifiez le titre de l'article.,,,,,A1,restaurant,101
cosmopolite-a1-methode,reading,,1d,short-answer,Identifiez le thème de l'article.,,,,,A1,restaurant,101
cosmopolite-a1-methode,reading,,2a,short-answer,"Relevez les éléments qui caractérisent Keisuke Matsushima : sa profession, sa nationalité, son type de cuisine, son niveau de français.",,,,,A1,restaurant,101
cosmopolite-a1-methode,reading,,2b,short-answer,Retrouvez la définition de la cuisine fusion.,,,,,A1,restaurant,101
cosmopolite-a1-methode,speaking,,3,open-ended,En petits groupes. Vous connaissez la cuisine fusion ? Vous aimez ? Vous n'aimez pas ? Pourquoi ?,,,,(open-ended),A1,restaurant,101
cosmopolite-a1-methode,reading,,4,matching,"Par deux. Relisez (doc. 1). Associez chaque affirmation au(x) pays qui correspond(ent). a. Il a ouvert son premier restaurant en 2002. b. Il partage son temps entre deux villes. c. Il a appris les classiques de la cuisine française. d. Aujourd'hui, son restaurant est très connu. e. Il a commencé à travailler au restaurant Vincennes. f. Il recrée le goût de la cuisine française avec des produits japonais.",,,,,A1,restaurant,101
cosmopolite-a1-methode,speaking,,6,speaking-task,"En petits groupes. Quels chefs de votre pays ont du succès (dans le monde) ? Listez ces chefs. Précisez qui ils sont, où est leur restaurant, quel est leur type de cuisine, etc.",,,,(open-ended),A1,restaurant,101
cosmopolite-a1-methode,grammar,Focus langue,a,fill-in,Classez les phrases de l'activité 4 dans le tableau.,,,,,A1,restaurant,101
cosmopolite-a1-methode,writing,,10,writing-task,Nous racontons la vie professionnelle d'un chef. Choisissez un chef dans la liste de l'activité 6. Listez les événements de sa vie professionnelle. Caractérisez sa cuisine. Rédigez l'article.,,,,(open-ended),A1,restaurant,102
cosmopolite-a1-methode,listening,,7,short-answer,Écoutez l'émission (doc. 2). Quel est le lien avec l'article (doc. 1) ?,,,,,A1,restaurant,102
cosmopolite-a1-methode,listening,,8a,true-false,Les deux chefs se sont rencontrés à Nice.,,,,,A1,restaurant,102
cosmopolite-a1-methode,listening,,8b,true-false,Les deux chefs font le même type de cuisine.,,,,,A1,restaurant,102
cosmopolite-a1-methode,listening,,8c,true-false,La cuisine fusion est nouvelle.,,,,,A1,restaurant,102
cosmopolite-a1-methode,listening,,8d,true-false,Il existe plusieurs types de cuisine fusion.,,,,,A1,restaurant,102
cosmopolite-a1-methode,listening,,9a,short-answer,Écoutez Rachel. Repérez pourquoi elle a choisi d'apprendre le français.,,,,,A1,restaurant,102
cosmopolite-a1-methode,listening,,9b,short-answer,Repérez ce qu'elle pense du français.,,,,,A1,restaurant,102
cosmopolite-a1-methode,listening,,9c,fill-in,Aidez Rachel à corriger ses erreurs.,,,,,A1,restaurant,102
cosmopolite-a1-methode,grammar,Focus langue,b,open-ended,En petits groupes. Trouvez un exemple personnel pour chaque colonne.,,,,(open-ended),A1,restaurant,102
cosmopolite-a1-methode,reading,,1a,short-answer,Observez la page Internet (doc. 1). Quel est le nom du site ?,,,,,A1,communication,103
cosmopolite-a1-methode,reading,,1b,short-answer,Quelle est sa fonction ?,,,,,A1,communication,103
cosmopolite-a1-methode,reading,,2,short-answer,Lisez les rubriques (doc. 1). Identifiez trois types de presse.,,,,,A1,communication,103
cosmopolite-a1-methode,reading,,3,short-answer,Par deux. Lisez la rubrique « Suivez le guide ! » (doc. 1). Relevez les conseils donnés.,,,,,A1,communication,103
cosmopolite-a1-methode,reading,,4a,short-answer,Lisez la rubrique « Votre carnet » (doc. 1). Identifiez la fonction du carnet.,,,,,A1,communication,103
cosmopolite-a1-methode,reading,,4b,short-answer,Relevez les trois conseils donnés.,,,,,A1,communication,103
cosmopolite-a1-methode,speaking,,5a,open-ended,En petits groupes. Vous vous intéressez à la presse francophone ? Quels titres connaissez-vous ?,,,,(open-ended),A1,communication,103
cosmopolite-a1-methode,speaking,,5b,speaking-task,En groupe. Listez les médias francophones de la classe.,,,,(open-ended),A1,communication,103
cosmopolite-a1-methode,reading,,6a,short-answer,Lisez la page Internet (doc. 2). Quel est l'objectif de l'Académie France 24 ?,,,,,A1,communication,104
cosmopolite-a1-methode,reading,,6b,short-answer,Quelle est la formation proposée ?,,,,,A1,communication,104
cosmopolite-a1-methode,listening,,7a,true-false,C'est une émission de radio de RFI.,,,,,A1,communication,104
cosmopolite-a1-methode,listening,,7b,true-false,Le thème de la formation est : comment réaliser un bon reportage.,,,,,A1,communication,104
cosmopolite-a1-methode,listening,,7c,true-false,Le formateur liste dix conseils ou commandements.,,,,,A1,communication,104
cosmopolite-a1-methode,listening,,8,ordering,"En petits groupes. Classez les conseils dans la colonne qui convient. A. Avant la réalisation du reportage B. Pendant la réalisation du reportage. 1. Fais-toi plaisir ! 2. Rends-toi sur place ! 3. Documente-toi ! 4. Vérifie ton matériel ! 5. Implique-toi, vis le reportage ! 6. N'hésite pas à donner ton opinion ! 7. Échange avec tes contacts ! 8. Prépare ton questionnaire ! 9. Concentre-toi sur les informations ! 10. Raconte une histoire !",,,,,A1,communication,104
cosmopolite-a1-methode,writing,,9,writing-task,Nous imaginons dix commandements pour progresser en français. Rédigez vos commandements. Mettez en commun. Présentez-les à la classe.,,,,(open-ended),A1,communication,104
cosmopolite-a1-methode,grammar,Focus langue,b,fill-in,Répondez aux questions. Partagez vos réponses avec la classe.,,,,,A1,communication,104
cosmopolite-a1-methode,listening,,1a,short-answer,Observez ces trois images extraites de la vidéo. Faites des hypothèses. Où se passe cette émission ?,,,,,A1,hobby,105
cosmopolite-a1-methode,listening,,1a2,short-answer,Quel est son sujet ?,,,,,A1,hobby,105
cosmopolite-a1-methode,listening,,1a3,short-answer,Qui sont les personnes ?,,,,,A1,hobby,105
cosmopolite-a1-methode,listening,,1b1,short-answer,"Regardez l'émission avec le son du début jusqu'à 1'04"". Quelles sont les particularités de cette librairie ?",,,,,A1,hobby,105
cosmopolite-a1-methode,listening,,1b2,short-answer,Qui la librairie accueille-t-elle ?,,,,,A1,hobby,105
cosmopolite-a1-methode,listening,,1c,short-answer,"Regardez l'émission avec le son de 1'04"" à 1'20"" : Quel est l'objectif de la propriétaire de la librairie ?",,,,,A1,hobby,105
cosmopolite-a1-methode,listening,,1d1,true-false,Ce livre raconte l'histoire de la création d'une librairie.,,,,,A1,hobby,105
cosmopolite-a1-methode,listening,,1d2,true-false,La littérature a joué un rôle essentiel dans la vie de Yohanna Uzan.,,,,,A1,hobby,105
cosmopolite-a1-methode,speaking,,1e,open-ended,En petits groupes. Que pensez-vous du concept de cette librairie ? Vous aimeriez y aller ? Est-ce qu'il existe des librairies de ce type dans votre ville ?,,,,(open-ended),A1,hobby,105
cosmopolite-a1-methode,writing,Carnet culturel,1,fill-in,Complétez votre carnet culturel. Je connais déjà : des journaux ou des magazines francophones ; des chaînes de télévision françaises ou francophones ; des radios françaises ou francophones.,,,,,A1,communication,106
cosmopolite-a1-methode,reading,,2a1,short-answer,Par deux. Observez cette page Internet. Répondez. Quel est le média présenté ?,,,,,A1,communication,106
cosmopolite-a1-methode,reading,,2a2,short-answer,Cette page donne quelles informations ?,,,,,A1,communication,106
cosmopolite-a1-methode,reading,,2b1,true-false,"France 24, c'est une seule chaîne de télévision.",,,,,A1,communication,106
cosmopolite-a1-methode,reading,,2b2,true-false,Les programmes de France 24 sont seulement en langue française.,,,,,A1,communication,106
cosmopolite-a1-methode,reading,,2b3,true-false,France 24 diffuse tous les jours et toute la journée.,,,,,A1,communication,106
cosmopolite-a1-methode,reading,,2b4,true-false,Les journalistes de France 24 viennent de trois chaînes différentes mais ils travaillent ensemble.,,,,,A1,communication,106
cosmopolite-a1-methode,reading,,2c,matching,Associez les rubriques du programme du jeudi aux images.,,,,,A1,communication,106
cosmopolite-a1-methode,speaking,,2d,open-ended,"En petits groupes. Vous connaissez France 24 ? Vous regardez ce média ? À la télévision, quels sont les programmes que vous préférez ? Pourquoi ?",,,,(open-ended),A1,communication,106
cosmopolite-a1-methode,reading,,1,short-answer,Lisez le portrait. Identifiez la personnalité présentée.,,,,,A1,personal-info,107
cosmopolite-a1-methode,reading,,2,matching,"Associez les éléments au portrait : a. Lieu et date de naissance, enfance, description physique. b. Langues parlées et centres d'intérêt. c. Prix. d. Événements importants.",,,,,A1,personal-info,107
cosmopolite-a1-methode,speaking,,3,short-answer,"Choisissez une personnalité étrangère (écrivain, artiste, scientifique, politique, etc.).",,,,,A1,personal-info,107
cosmopolite-a1-methode,writing,,4,writing-task,Rédigez le portrait de votre personnalité. Donnez des précisions sur son actualité (projets récents et projets à venir).,,,,(open-ended),A1,personal-info,107
cosmopolite-a1-methode,speaking,,5,speaking-task,Présentez votre portrait à la classe. Les autres groupes devinent de qui vous parlez.,,,,(open-ended),A1,personal-info,107
cosmopolite-a1-methode,writing,,6,writing-task,Illustrez votre portrait avec une photo.,,,,(open-ended),A1,personal-info,107
cosmopolite-a1-methode,reading,Compréhension des écrits,1,short-answer,Amin Maalouf est né en quelle année ?,,,,1949,A1,personal-info,108
cosmopolite-a1-methode,speaking,Production orale - Exercice 1,1,speaking-task,"Vous vous présentez : vous parlez de vous et de votre famille (caractéristiques physiques, événements passés et actuels, projets).",,,,(open-ended),A1,personal-info,108
cosmopolite-a1-methode,speaking,Production orale - Exercice 2,1,speaking-task,Vous posez des questions à un(e) étudiant(e) de votre cours à partir des mots suivants. ( Hier ? ) ( Livres ? ) ( Demain ? ) ( Langues ? ) ( Apprendre ? ) ( Améliorer ? ),,,,(open-ended),A1,personal-info,108
cosmopolite-a1-methode,reading,Compréhension des écrits,2,multiple-choice,Quelle est la profession des parents d'Amin Maalouf ?,Écrivains.,Reporters.,Enseignants.,Enseignants.,A1,personal-info,108
cosmopolite-a1-methode,reading,Compréhension des écrits,3,short-answer,Qu'est-ce qu'Amin Maalouf a fait en 1976 ?,,,,Il est parti s'installer en France avec sa femme et ses enfants.,A1,personal-info,108
cosmopolite-a1-methode,reading,Compréhension des écrits,4,multiple-choice,Quel est le titre du premier roman d'Amin Maalouf ?,Jeune Afrique.,Léon l'Africain.,Le Rocher de Tanios.,Léon l'Africain.,A1,personal-info,108
cosmopolite-a1-methode,reading,Compréhension des écrits,5,short-answer,"D'après la biographie, qu'est-ce qui s'est passé en 1993 ?",,,,Il a obtenu le prix Goncourt pour Le Rocher de Tanios.,A1,personal-info,108
cosmopolite-a1-methode,speaking,,1,open-ended,Que représente cette carte ?,,,,(open-ended),A1,travel,109
cosmopolite-a1-methode,speaking,,2,open-ended,Quelles photos représentent la francophonie ? Pourquoi ?,,,,(open-ended),A1,travel,109
cosmopolite-a1-methode,speaking,,3,open-ended,À quoi correspond la couleur rouge sur cette carte ?,,,,,A1,travel,110
cosmopolite-a1-methode,reading,,1a,short-answer,Observez la page Internet (doc. 1). Identifiez le nom de l'agence et le type de voyages proposé.,,,,,A1,travel,111
cosmopolite-a1-methode,reading,,1b,short-answer,Identifiez la destination proposée.,,,,,A1,travel,111
cosmopolite-a1-methode,reading,,1c,short-answer,Identifiez le programme du séjour.,,,,,A1,travel,111
cosmopolite-a1-methode,reading,,1d,short-answer,Identifiez les informations pratiques.,,,,,A1,travel,111
cosmopolite-a1-methode,reading,,1e,short-answer,Identifiez comment demander des informations.,,,,,A1,travel,111
cosmopolite-a1-methode,reading,,2a,true-false,Madagascar est une île asiatique.,,,,Faux,A1,travel,111
cosmopolite-a1-methode,reading,,2b,true-false,Madagascar est une île francophone.,,,,Vrai,A1,travel,111
cosmopolite-a1-methode,reading,,2c,true-false,Le nombre de voyageurs est limité.,,,,Vrai,A1,travel,111
cosmopolite-a1-methode,reading,,2d,true-false,Un photographe accompagne les voyageurs et partage ses techniques.,,,,Vrai,A1,travel,111
cosmopolite-a1-methode,reading,,2e,true-false,Le voyage photo s'adresse à des photographes professionnels.,,,,Faux,A1,travel,111
cosmopolite-a1-methode,reading,,2f,true-false,L'agence conseille d'acheter un guide de voyage avant le séjour photo.,,,,Vrai,A1,travel,111
cosmopolite-a1-methode,reading,,2g,true-false,Les voyageurs peuvent facilement rencontrer les habitants de l'île.,,,,Vrai,A1,travel,111
cosmopolite-a1-methode,speaking,,3,open-ended,En petits groupes. Que pensez-vous de ce type de voyages ? Êtes-vous intéressés ?,,,,(open-ended),A1,travel,111
cosmopolite-a1-methode,reading,,4a,short-answer,Relevez les informations sur le programme des voyageurs.,,,,,A1,travel,111
cosmopolite-a1-methode,reading,,4b,short-answer,Relevez les informations sur le travail du photographe.,,,,,A1,travel,111
cosmopolite-a1-methode,reading,,4c,short-answer,Relevez les informations sur les échanges entre les voyageurs et les Malgaches.,,,,,A1,travel,111
cosmopolite-a1-methode,writing,,5,writing-task,Choisissez une destination francophone. Listez différentes formules de voyage. Rédigez la rubrique « Mon séjour » à la manière de l'agence de voyage Aguila (doc. 1).,,,,(open-ended),A1,travel,112
cosmopolite-a1-methode,listening,,6,short-answer,Écoutez la conversation téléphonique (doc. 2). Identifiez la situation.,,,,,A1,travel,112
cosmopolite-a1-methode,listening,,7a,short-answer,Par deux. Réécoutez (doc. 2). Relevez le programme des trois premiers jours.,,,,,A1,travel,112
cosmopolite-a1-methode,listening,,7b,short-answer,Relevez le programme des quatre derniers jours.,,,,,A1,travel,112
cosmopolite-a1-methode,listening,,7c,short-answer,Relevez le programme de la fin de la première semaine.,,,,,A1,travel,112
cosmopolite-a1-methode,listening,,8,multiple-choice,Écoutez encore (doc. 2). Choisissez dans la liste ce qui est obligatoire pour partir à Madagascar. être un professionnel de la photo ● avoir un visa ● avoir un appareil photo ● faire des vaccins,avoir un visa,avoir un appareil photo,faire des vaccins,avoir un visa,A1,travel,112
cosmopolite-a1-methode,writing,,9,writing-task,"Nous imaginons le programme d'un voyage. Choisissez une destination francophone, une formule de voyage et sa rubrique « mon séjour ».",,,,(open-ended),A1,travel,112
cosmopolite-a1-methode,grammar,Focus langue,a,fill-in,Observez ces extraits (doc. 2). Il faut avoir un visa. Vous devez avoir un visa. Choisissez.,,,,,A1,travel,112
cosmopolite-a1-methode,grammar,Focus langue,b,fill-in,Lisez ces extraits du programme (doc. 1). Complétez avec les verbes à l'infinitif.,,,,,A1,travel,112
cosmopolite-a1-methode,grammar,Focus langue,c,fill-in,Complétez la règle.,,,,,A1,travel,112
cosmopolite-a1-methode,grammar,Focus langue,d,fill-in,Complétez avec les terminaisons du futur simple.,,,,,A1,travel,112
cosmopolite-a1-methode,grammar,Focus langue,e,fill-in,"Par deux. Observez le verbe faire. Conjuguez les verbes pouvoir, avoir et être.",,,,,A1,travel,112
cosmopolite-a1-methode,reading,,1a,short-answer,Par deux. Observez le site Internet (doc. 1). Identifiez le nom de l'agence de voyage.,,,,,A1,travel,113
cosmopolite-a1-methode,reading,,1b,short-answer,Identifiez les deux types de voyage proposés.,,,,,A1,travel,113
cosmopolite-a1-methode,reading,,1c,short-answer,Identifiez les trois destinations.,,,,,A1,travel,113
cosmopolite-a1-methode,reading,,2a,matching,"À quel type de voyage (en mission, en immersion ou les deux) correspondent les phrases suivantes ? Pourquoi ? 1. Je découvre la culture du pays. 2. Je travaille avec la communauté locale. 3. Je partage la vie des gens. 4. Je fais aussi du tourisme.",,,,,A1,travel,113
cosmopolite-a1-methode,reading,,2b,short-answer,Expliquez le slogan « Voyager autrement ».,,,,,A1,travel,113
cosmopolite-a1-methode,speaking,,3,open-ended,En petits groupes. Quelle formule vous préférez ? Pourquoi ?,,,,(open-ended),A1,travel,113
cosmopolite-a1-methode,listening,,10,short-answer,Dites pourquoi chaque voyageur a choisi de faire un voyage pas comme les autres.,,,,,A1,city-places,114
cosmopolite-a1-methode,listening,,11a,short-answer,Marcelo a enregistré son témoignage pour l'émission Aller-Retour. Écoutez. Où est-il allé ?,,,,,A1,city-places,114
cosmopolite-a1-methode,grammar,,11b,fill-in,Par deux. Aidez Marcelo à corriger ses erreurs.,,,,,A1,city-places,114
cosmopolite-a1-methode,writing,,12,writing-task,Nous rédigeons le descriptif d'une formule de voyage pour une destination francophone. Reprenez la présentation de votre pays francophone (activité 7).,,,,(open-ended),A1,city-places,114
cosmopolite-a1-methode,reading,,4,multiple-choice,Observez le document 2. À quelle destination il correspond ? Choisissez.,Amérique du Sud.,Afrique.,Asie.,Afrique.,A1,city-places,114
cosmopolite-a1-methode,reading,,5,short-answer,Par deux. Lisez le document 2. Relevez les formules qui permettent de situer et de localiser le pays.,,,,,A1,city-places,114
cosmopolite-a1-methode,reading,,6a,short-answer,Relisez (doc. 2). Relevez les particularités du Burkina Faso.,,,,,A1,city-places,114
cosmopolite-a1-methode,speaking,,6b,open-ended,Quelles particularités vous préférez ?,,,,(open-ended),A1,city-places,114
cosmopolite-a1-methode,speaking,,7,speaking-task,"En petits groupes. Choisissez un pays francophone : le Niger, le Togo, la Côte d'Ivoire ou le Mali. Situez votre pays à l'aide d'une carte.",,,,(open-ended),A1,city-places,114
cosmopolite-a1-methode,listening,,8,short-answer,Écoutez l'émission (doc. 3). Est-ce que la journaliste interroge les voyageurs avant ou après leur voyage ?,,,,,A1,city-places,114
cosmopolite-a1-methode,listening,,9a,short-answer,"Par deux. Réécoutez (doc. 3). Pour chaque voyageur, relevez les informations sur les régions et le pays visités.",,,,,A1,city-places,114
cosmopolite-a1-methode,listening,,9b,short-answer,"Pour chaque voyageur, relevez la formule de voyage choisie.",,,,,A1,city-places,114
cosmopolite-a1-methode,grammar,Focus langue,a,fill-in,Complétez avec les formules relevées dans l'activité 5.,,,,,A1,city-places,114
cosmopolite-a1-methode,grammar,Focus langue,y-a,fill-in,Par deux. Relisez vos réponses aux activités 6a et 10. Répondez et complétez avec des exemples. Que remplace le pronom y dans ces phrases ?,,,,,A1,city-places,114
cosmopolite-a1-methode,reading,,1a,short-answer,Lisez le document 1. Répondez. Qu'est-ce qu'une carte postale sonore ? Faites des hypothèses.,,,,,A1,city-places,115
cosmopolite-a1-methode,reading,,1b,short-answer,Qu'est-ce qu'on peut gagner ?,,,,,A1,city-places,115
cosmopolite-a1-methode,listening,,2a,short-answer,Écoutez (doc. 1). Vérifiez vos hypothèses.,,,,,A1,city-places,115
cosmopolite-a1-methode,listening,,2b,short-answer,Quels éléments sonores composent la carte postale ?,,,,,A1,city-places,115
cosmopolite-a1-methode,listening,,3a,short-answer,Par deux. Réécoutez (doc. 1). Répondez. Quelles sont les trois villes citées dans la carte postale sonore ?,,,,,A1,city-places,115
cosmopolite-a1-methode,listening,,3b,matching,"Quelle ville correspond à chaque description ? 1. On y trouve des stations de métro, le centre Pompidou et la tour Eiffel. 2. C'est une ancienne ville industrielle et une ville célèbre pour son club de football. 3. Elle a inspiré une chanson à Claude Nougaro.",,,,,A1,city-places,115
cosmopolite-a1-methode,listening,,4,matching,Par deux. Écoutez encore (doc. 1). Identifiez les villes. Repérez les couleurs pour chaque ville.,,,,,A1,city-places,115
cosmopolite-a1-methode,speaking,,5,speaking-task,En petits groupes. Choisissez trois villes. Caractérisez ces villes avec des couleurs. Précisez les lieux.,,,,(open-ended),A1,city-places,115
cosmopolite-a1-methode,reading,,6,short-answer,Observez le flyer (doc. 2). Identifiez la source et le thème.,,,,,A1,city-places,115
cosmopolite-a1-methode,reading,,7a,short-answer,Par deux. Observez le top 5 (doc. 2). Vous connaissez quelles villes ?,,,,,A1,city-places,115
cosmopolite-a1-methode,reading,,7b,short-answer,"Observez la carte de France p. 220. Retrouvez les villes au bord de la mer, dans le Nord, dans le Sud, à l'Ouest et à l'Est de la France.",,,,,A1,city-places,115
cosmopolite-a1-methode,writing,,10,writing-task,Nous créons la carte postale sonore de nos trois villes préférées. Choisissez comment caractériser vos villes. Rédigez le texte. Enregistrez votre texte.,,,,(open-ended),A1,city-places,116
cosmopolite-a1-methode,reading,,8a,short-answer,En petits groupes. Lisez le flyer (doc. 2). Notez les choses à voir dans chaque ville.,,,,,A1,city-places,116
cosmopolite-a1-methode,reading,,8b,short-answer,"Relevez comment sont caractérisés les villes, les choses à voir et les lieux.",,,,,A1,city-places,116
cosmopolite-a1-methode,speaking,,9,open-ended,En petits groupes. Votez pour votre ville préférée. Expliquez votre choix.,,,,(open-ended),A1,city-places,116
cosmopolite-a1-methode,grammar,Focus langue,a,fill-in,Par deux. Relisez vos réponses à l'activité 8b. Complétez avec des adjectifs.,,,,,A1,city-places,116
cosmopolite-a1-methode,grammar,Focus langue,b,ordering,Classez les adjectifs. Groupe 1 : avant le nom. Groupe 2 : après le nom.,,,,,A1,city-places,116
cosmopolite-a1-methode,reading,,1a1,true-false,C'est la page Internet d'un hôtel.,,,,Faux,A1,home,117
cosmopolite-a1-methode,reading,,1a2,true-false,La Kasbah se trouve en Afrique du Nord.,,,,Vrai,A1,home,117
cosmopolite-a1-methode,reading,,1a3,true-false,La Kasbah a reçu un prix.,,,,Vrai,A1,home,117
cosmopolite-a1-methode,reading,,1b,short-answer,Qui sont les personnes en photo ? Faites des hypothèses.,,,,,A1,home,117
cosmopolite-a1-methode,reading,,2,short-answer,En petits groupes. Lisez l'article (doc. 1). Vérifiez vos hypothèses.,,,,,A1,home,117
cosmopolite-a1-methode,reading,,3,short-answer,Relisez (doc. 1). Quelles sont les caractéristiques d'un séjour à Timidarte ?,,,,,A1,home,117
cosmopolite-a1-methode,reading,,4,open-ended,"Par deux. Observez les photos de la Kasbah Timidarte (doc. 2). Êtes-vous d'accord avec l'affirmation : « Avec la Kasbah, vous choisissez un hébergement pas comme les autres » ? Pourquoi ?",,,,(open-ended),A1,home,117
cosmopolite-a1-methode,speaking,,5,speaking-task,En petits groupes. Quelle(s) pièce(s) de la Kasbah Timidarte vous préférez ? Pourquoi ? Présentez votre pièce préférée à la classe.,,,,(open-ended),A1,home,117
cosmopolite-a1-methode,listening,,6,short-answer,TV5 Canada est allée à la Kasbah Timidarte interviewer des voyageurs. Écoutez Françoise et Benoît (doc. 3). Pourquoi ont-ils choisi cette formule d'hébergement ?,,,,,A1,home,118
cosmopolite-a1-methode,listening,,7,short-answer,Réécoutez (doc. 3). Relevez dans les commentaires de Françoise et Benoît les points positifs de ce séjour.,,,,,A1,home,118
cosmopolite-a1-methode,writing,,8,writing-task,Nous choisissons une formule d'hébergement originale. Choisissez une formule d'hébergement originale dans votre ville ou votre pays. Écrivez un article (trois paragraphes).,,,,(open-ended),A1,home,118
cosmopolite-a1-methode,grammar,Focus langue,a,fill-in,Lisez ces extraits de l'article (doc. 1). Retrouvez l'infinitif des verbes.,,,,,A1,home,118
cosmopolite-a1-methode,grammar,Focus langue,a2,short-answer,Relisez les commentaires de Françoise et Benoît (activité 7). Listez les adjectifs utilisés.,,,,,A1,home,118
cosmopolite-a1-methode,grammar,Focus langue,b2,fill-in,Par deux. Complétez la liste.,,,,,A1,home,118
cosmopolite-a1-methode,grammar,Focus langue,c,fill-in,Classez chaque verbe de l'activité a dans la colonne qui correspond.,,,,,A1,home,118
cosmopolite-a1-methode,reading,,1a,short-answer,Lisez la page Internet (doc. 1). Répondez. Quel est le nom du site ?,,,,,A1,weather,119
cosmopolite-a1-methode,reading,,1b,short-answer,Qu'est-ce qu'il propose ?,,,,,A1,weather,119
cosmopolite-a1-methode,reading,,1c,short-answer,En fonction de quels critères ?,,,,,A1,weather,119
cosmopolite-a1-methode,speaking,,2,open-ended,En petits groupes. Connaissez-vous ce type de site ? Est-ce que le climat et la saison sont des critères importants pour préparer vos voyages ?,,,,(open-ended),A1,weather,119
cosmopolite-a1-methode,reading,,3a,short-answer,Observez la rubrique Coups de cœur (doc. 2). Identifiez les quatre destinations préférées du site.,,,,"le Maroc, la Tunisie, le Canada, le Sénégal",A1,weather,119
cosmopolite-a1-methode,reading,,3b,short-answer,Quel est le point commun entre ces quatre destinations ?,,,,,A1,weather,119
cosmopolite-a1-methode,reading,,4a1,short-answer,En petits groupes. Lisez la rubrique Coups de cœur (doc. 2). Pourquoi ce site conseille de partir au Maroc et au Sénégal en hiver ?,,,,,A1,weather,120
cosmopolite-a1-methode,reading,,4a2,short-answer,Pourquoi ce site conseille de partir en Tunisie et au Canada au printemps ?,,,,,A1,weather,120
cosmopolite-a1-methode,speaking,,4b,open-ended,"Parmi les destinations proposées, où et quand aimeriez-vous partir ? Pourquoi ?",,,,(open-ended),A1,weather,120
cosmopolite-a1-methode,speaking,,5,speaking-task,"En petits groupes. Cherchez des informations sur le climat de votre pays : les températures minimales et maximales, le nombre de jours de pluie (mois et saisons). Partagez vos résultats avec les autres groupes.",,,,(open-ended),A1,weather,120
cosmopolite-a1-methode,listening,,6,short-answer,Par deux. Écoutez. Identifiez le média et le thème de l'émission.,,,,,A1,weather,120
cosmopolite-a1-methode,listening,,7a,short-answer,"En petits groupes. Réécoutez (doc. 3). Choisissez une zone géographique : l'ouest, le sud, l'est.",,,,,A1,weather,120
cosmopolite-a1-methode,listening,,7b,short-answer,Relevez les expressions utilisées pour parler de la météo.,,,,,A1,weather,120
cosmopolite-a1-methode,listening,,7c,matching,Associez ces expressions aux pictogrammes de la carte.,,,,,A1,weather,120
cosmopolite-a1-methode,listening,Sons du français,8,short-answer,Écoutez ces informations sur le climat. Indiquez combien de fois vous entendez le son [ɑ̃].,,,,,A1,weather,120
cosmopolite-a1-methode,writing,,9,writing-task,Nous rédigeons la rubrique Coups de cœur de notre pays. Répondez. Quelle est la meilleure saison pour visiter votre pays ? Quelle est la saison à éviter absolument ?,,,,(open-ended),A1,weather,120
cosmopolite-a1-methode,grammar,Focus langue,a,fill-in,Par deux. Légendez les pictogrammes. Utilisez les expressions relevées dans les activités 4 et 7b.,,,,,A1,weather,120
cosmopolite-a1-methode,grammar,Focus langue,b,multiple-choice,"Lisez les expressions utilisées pour parler du climat et faire des prévisions météo (activité a). Choisissez. Pour parler du climat, j'utilise :",le présent,le futur simple,,le présent,A1,weather,120
cosmopolite-a1-methode,grammar,Focus langue,c,multiple-choice,"Choisissez. Pour parler du temps et des températures (Il … chaud et beau. Il … 30 °C.), j'utilise :",le verbe être,le verbe faire,,le verbe faire,A1,weather,120
cosmopolite-a1-methode,listening,,1,short-answer,Écoutez cet extrait de carnet sonore (doc. 1). Dans quel pays se passe le voyage ? Pourquoi ?,,,,,A1,travel,121
cosmopolite-a1-methode,listening,,2a,short-answer,Par deux. Réécoutez (doc. 1). Expliquez pourquoi l'auteur est triste et pourquoi il est content.,,,,,A1,travel,121
cosmopolite-a1-methode,listening,,2b,short-answer,Par deux. Réécoutez (doc. 1). Expliquez pourquoi l'auteur dit : 1. J'ai un peu peur. 2. Je suis curieux. 3. Je suis surpris. 4. Je suis heureux.,,,,,A1,travel,121
cosmopolite-a1-methode,none,,3a,matching,J'écoute de la musique.,la vue,l'odorat,l'ouïe,l'ouïe,A1,travel,121
cosmopolite-a1-methode,none,,3b,matching,J'entends parler ukrainien et russe.,la vue,l'odorat,l'ouïe,l'ouïe,A1,travel,121
cosmopolite-a1-methode,none,,3c,matching,"Il y a beaucoup de bruits, d'odeurs.",la vue,l'odorat,l'ouïe,,A1,travel,121
cosmopolite-a1-methode,none,,3d,matching,Je sens la bonne odeur du pain chaud.,la vue,l'odorat,l'ouïe,l'odorat,A1,travel,121
cosmopolite-a1-methode,none,,3e,matching,Je vois des gens sourire.,la vue,l'odorat,l'ouïe,la vue,A1,travel,121
cosmopolite-a1-methode,none,Focus Langue,a,fill-in,"Complétez avec des émotions (activité 2) : Positives : être content, être … ; Négatives : être triste, être malheureux, être … ; Positives et négatives : être étonné / …, être curieux, être intéressé.",,,,,A1,travel,121
cosmopolite-a1-methode,speaking,Focus Langue,b,speaking-task,En petits groupes : 1. Choisissez trois émotions. 2. Réalisez un selfie pour illustrer chaque émotion. 3. Partagez vos photos avec un autre groupe. 4. Chaque groupe retrouve les émotions photographiées.,,,,(open-ended),A1,travel,121
cosmopolite-a1-methode,speaking,,4,open-ended,"En petits groupes. En voyage, avez-vous déjà vécu une expérience surprenante ? Positive ? Négative ? Comment racontez-vous vos voyages ?",,,,(open-ended),A1,travel,122
cosmopolite-a1-methode,reading,,5a,short-answer,Identifiez le nom de l'auteur et le titre (doc. 2).,,,,Daniel Frère — Carnet d'un toubab en Afrique,A1,travel,122
cosmopolite-a1-methode,reading,,5b,open-ended,Faites des hypothèses sur le contenu du livre (doc. 2).,,,,(open-ended),A1,travel,122
cosmopolite-a1-methode,reading,,5c,short-answer,Donnez un titre à chaque paragraphe (doc. 2).,,,,,A1,travel,122
cosmopolite-a1-methode,reading,,6a.1,short-answer,Relisez le premier paragraphe (doc. 2). Relevez l'élément qui caractérise une image.,,,,"des levers et des couchers de soleil magiques, des arbres immenses, des couleurs",A1,travel,122
cosmopolite-a1-methode,reading,,6a.2,short-answer,Relevez l'élément qui caractérise une odeur.,,,,les odeurs d'épices et de poisson,A1,travel,122
cosmopolite-a1-methode,reading,,6a.3,short-answer,"Relevez l'élément qui caractérise un son, une musique.",,,,"le son des djembés, la musique traditionnelle",A1,travel,122
cosmopolite-a1-methode,reading,,6a.4,short-answer,Relevez l'élément qui caractérise un bruit.,,,,"le bruit de la rue, le son des klaxons",A1,travel,122
cosmopolite-a1-methode,reading,,6a.5,short-answer,Relevez l'élément qui caractérise un goût.,,,,une cuisine pimentée,A1,travel,122
cosmopolite-a1-methode,reading,,6a.6,short-answer,Relevez l'élément qui caractérise un objet.,,,,les tissus colorés des marchés,A1,travel,122
cosmopolite-a1-methode,writing,,6b,writing-task,"À l'aide des éléments relevés, légendez les dessins de ce carnet de voyage.",,,,(open-ended),A1,travel,122
cosmopolite-a1-methode,none,,7a.1,matching,Ils sont contents.,Ils sont indifférents.,Ils sont tristes.,Ils sont déçus.,Ils sont tristes.,A1,travel,122
cosmopolite-a1-methode,none,,7a.2,matching,Ils sont satisfaits.,Ils sont indifférents.,Ils sont tristes.,Ils sont déçus.,Ils sont déçus.,A1,travel,122
cosmopolite-a1-methode,none,,7a.3,matching,Ils sont intéressés.,Ils sont indifférents.,Ils sont tristes.,Ils sont déçus.,Ils sont indifférents.,A1,travel,122
cosmopolite-a1-methode,reading,,7b,short-answer,Ces touristes vivent une expérience positive ou négative ? Pourquoi ?,,,,"Négative (ils sont indifférents, déçus et tristes).",A1,travel,122
cosmopolite-a1-methode,reading,,8a,short-answer,"Sons du français. Lisez encore l'extrait (doc. 2). Cherchez les mots avec des groupes consonantiques (fr, br, tr).",,,,"Afrique (fr), arbres (br), extrait (tr)",A1,travel,122
cosmopolite-a1-methode,speaking,,8b,open-ended,Connaissez-vous des mots avec des groupes consonantiques dans d'autres langues ?,,,,(open-ended),A1,travel,122
cosmopolite-a1-methode,listening,,8c,speaking-task,"Écoutez les phrases. Essayez de les répéter le plus vite possible : 1. J'ai très très très froid. 2. Les arbres sont tristes en hiver. 3. En Afrique, il y a trop de bruit dans les grandes rues. 4. C'est une vraie surprise d'être là et de vivre ici.",,,,(open-ended),A1,travel,122
cosmopolite-a1-methode,writing,À NOUS,9,writing-task,Nous rédigeons un extrait de carnet de voyage. En petits groupes : a. Choisissez une destination que vous connaissez ou que vous aimez. b. Choisissez un titre. c. Parlez de vos sensations. d. Décrivez vos émotions. e. Rédigez votre extrait. f. Lisez votre extrait à la classe.,,,,(open-ended),A1,travel,122
cosmopolite-a1-methode,none,Focus Langue,a,fill-in,"Complétez le tableau des cinq sens avec les verbes et les sensations correspondants (la vue : voir ; l'ouïe : entendre ; l'odorat, le toucher, le goût : …).",,,,,A1,travel,122
cosmopolite-a1-methode,speaking,,1a,open-ended,Regardez le générique de l'émission. Faites des hypothèses sur : 1. le sujet de l'émission ; 2. les pays concernés ; 3. les personnes réunies.,,,,(open-ended),A1,communication,123
cosmopolite-a1-methode,listening,,1b.1,short-answer,Quel est le titre de l'émission ?,,,,Planète francophonie,A1,communication,123
cosmopolite-a1-methode,listening,,1b.2,short-answer,Le présentateur montre quel document ?,,,,,A1,communication,123
cosmopolite-a1-methode,listening,,1c,matching,"Associez les pourcentages de la répartition des francophones dans le monde (54,7 % ; 36,4 % ; 7,6 % ; 0,9 % ; 0,6 %) aux continents : le Moyen-Orient, l'Asie, l'Afrique, l'Europe, l'Amérique et la Caraïbe.",,,,,A1,communication,123
cosmopolite-a1-methode,listening,,1d,open-ended,Regardez l'émission en entier. Vérifiez vos réponses à l'activité c. Êtes-vous surpris(e) par ces résultats ? Pourquoi ?,,,,(open-ended),A1,communication,123
cosmopolite-a1-methode,listening,,1e.1,matching,"Associez « la place du français sur Internet » à la bonne donnée parmi : 274 millions, 4e, 49 millions, 5e.",,,,4e,A1,communication,123
cosmopolite-a1-methode,listening,,1e.2,matching,"Associez « le nombre de francophones dans le monde » à la bonne donnée parmi : 274 millions, 4e, 49 millions, 5e.",,,,274 millions,A1,communication,123
cosmopolite-a1-methode,listening,,1e.3,matching,"Associez « la place de la langue française dans le monde » à la bonne donnée parmi : 274 millions, 4e, 49 millions, 5e.",,,,5e,A1,communication,123
cosmopolite-a1-methode,listening,,1e.4,matching,"Associez « le nombre d'apprenants de français dans le monde » à la bonne donnée parmi : 274 millions, 4e, 49 millions, 5e.",,,,49 millions,A1,communication,123
cosmopolite-a1-methode,speaking,,1f,open-ended,"Comparez les informations de l'émission avec la situation dans votre pays. Faites des recherches sur le nombre de francophones dans votre pays, le nombre d'apprenants de français, etc.",,,,(open-ended),A1,communication,123
cosmopolite-a1-methode,reading,,2a.1,short-answer,Observez cette infographie. Relevez les chiffres que vous connaissez déjà.,,,,(open-ended),A1,communication,124
cosmopolite-a1-methode,reading,,2a.2,short-answer,Relevez l'augmentation du nombre de francophones entre 2010 et 2014.,,,,"De 220 millions (2010) à 274 millions (2014), soit une augmentation de 54 millions.",A1,communication,124
cosmopolite-a1-methode,reading,,2a.3,short-answer,Relevez la place de l'apprentissage de la langue française dans le monde.,,,,2e langue la plus apprise dans le monde.,A1,communication,124
cosmopolite-a1-methode,reading,,2a.4,short-answer,Relevez le nombre de francophones dans le monde en 2050.,,,,715 millions.,A1,communication,124
cosmopolite-a1-methode,reading,,2a.5,short-answer,Relevez le pourcentage de francophones qui seront africains.,,,,85 %.,A1,communication,124
cosmopolite-a1-methode,reading,,2b,ordering,"Classez de 1 (+) à 5 (−) les continents où on parle français, d'après l'infographie (doc. 2).",,,,1. Europe ; 2. Afrique subsaharienne et océan Indien ; 3. Afrique du Nord et Moyen-Orient ; 4. Amériques et Caraïbes ; 5. Asie et Océanie.,A1,communication,124
cosmopolite-a1-methode,writing,,2c,writing-task,En petits groupes. Réalisez une infographie sur l'état des lieux de votre langue. Affichez vos infographies sur les murs de la classe. Commentez-les en groupe.,,,,(open-ended),A1,communication,124
cosmopolite-a1-methode,writing,,carnet,writing-task,Complétez votre carnet culturel : 1. La place du français dans mon pays. 2. Le nombre d'apprenants de français dans mon pays. 3. Les pays francophones que je connais. 4. Le nombre de personnes que je connais qui parlent français.,,,,(open-ended),A1,communication,124
cosmopolite-a1-methode,reading,,1a,short-answer,Lisez ces informations sur le projet Francophotour. Que propose Francophotour ?,,,,"Explorer à distance 18 pays d'Afrique francophones, organiser en ligne son voyage, dessiner son parcours dans l'espace francophone, avoir toutes les informations touristiques possibles.",A1,travel,125
cosmopolite-a1-methode,reading,,1b,open-ended,Que pensez-vous du concept ?,,,,(open-ended),A1,travel,125
cosmopolite-a1-methode,reading,,1c,open-ended,Aimeriez-vous utiliser ce type de plate-forme pour préparer un voyage ?,,,,(open-ended),A1,travel,125
cosmopolite-a1-methode,speaking,,2,speaking-task,Organisez votre voyage virtuel à l'aide du tableau : a. Choisissez votre destination francophone. b. Dites quelles villes vous souhaitez visiter (5 villes maximum). c. Choisissez votre formule de voyage. d. Précisez quel type d'activités vous souhaitez faire. e. Indiquez le type d'hébergement et les moyens de transport. f. Précisez à quelle période/saison vous souhaitez voyager.,,,,(open-ended),A1,travel,125
cosmopolite-a1-methode,writing,,3,writing-task,Localisez votre destination. Rédigez le descriptif détaillé des activités prévues.,,,,(open-ended),A1,travel,125
cosmopolite-a1-methode,writing,,4,writing-task,Rédigez votre programme de voyage pour 7 jours et 6 nuits.,,,,(open-ended),A1,travel,125
cosmopolite-a1-methode,speaking,,5,speaking-task,Présentez votre voyage virtuel à la classe sous forme de diaporama.,,,,(open-ended),A1,travel,125
cosmopolite-a1-methode,listening,Compréhension de l'oral,1,short-answer,Vous avez rendez-vous avec Aurélie Suédois quel jour ?,,,,,A1,travel,126
cosmopolite-a1-methode,speaking,Exercice 1,1,speaking-task,"Vous vous présentez. Vous parlez de votre pays (situation géographique, capitale, climat et particularités).",,,,(open-ended),A1,travel,126
cosmopolite-a1-methode,speaking,Exercice 2,1,speaking-task,Vous posez des questions à un(e) étudiant(e) de votre cours à partir des mots suivants : Climat ? Saison ? Destination ? Couleur ? Séjour ? Temps ?,,,,(open-ended),A1,travel,126
cosmopolite-a1-methode,speaking,Exercice 3,1,speaking-task,"À deux. Dans une agence de voyage en France. Un(e) étudiant(e) joue le rôle du client, l'autre celui de l'agent. Le client pose des questions à l'agent pour choisir une destination de voyage et une formule de séjour.",,,,(open-ended),A1,travel,126
cosmopolite-a1-methode,listening,Compréhension de l'oral,2,multiple-choice,Vous devez aller à l'agence de voyages à quelle heure ?,15 h 30.,16 h 30.,17 h 30.,,A1,travel,126
cosmopolite-a1-methode,listening,Compréhension de l'oral,3,multiple-choice,"Pour votre voyage en Malaisie, Aurélie vous présentera quelle formule ?",Photo a : randonnée,Photo b : spa / bien-être,Photo c : visite culturelle guidée,,A1,travel,126
cosmopolite-a1-methode,listening,Compréhension de l'oral,4,short-answer,"D'après Aurélie Suédois, qu'est-ce que vous devez avoir pour entrer en Malaisie ?",,,,,A1,travel,126
cosmopolite-a1-methode,speaking,①,a,true-false,Les baguettes sont un produit alimentaire d'origine française.,,,,Vrai,A1,mixed,127
cosmopolite-a1-methode,speaking,②,a,true-false,Les Galeries Lafayette sont un magasin français.,,,,Vrai,A1,mixed,127
cosmopolite-a1-methode,speaking,①,b,true-false,Les fromages sont un produit alimentaire d'origine française.,,,,Vrai,A1,mixed,127
cosmopolite-a1-methode,speaking,②,b,true-false,Celio est un magasin français.,,,,Vrai,A1,mixed,127
cosmopolite-a1-methode,speaking,①,c,true-false,La paella est un plat d'origine française.,,,,Faux (la paella est d'origine espagnole),A1,mixed,127
cosmopolite-a1-methode,speaking,②,c,true-false,H&M est un magasin français.,,,,Faux (H&M est une marque suédoise),A1,mixed,127
cosmopolite-a1-methode,speaking,①,d,true-false,Les rouleaux de printemps sont un plat d'origine française.,,,,Faux (les rouleaux de printemps sont d'origine vietnamienne/asiatique),A1,mixed,127
cosmopolite-a1-methode,speaking,②,d,true-false,ZARA est un magasin français.,,,,Faux (Zara est une marque espagnole),A1,mixed,127
cosmopolite-a1-methode,speaking,①,e,true-false,La moutarde est un produit alimentaire d'origine française.,,,,Vrai,A1,mixed,127
cosmopolite-a1-methode,speaking,③,1,short-answer,"Quels événements français peut-on fêter à l'étranger ? Identifiez les dates : Goût de France/Good France, la Fête de la musique, la fête nationale.",,,,Goût de France/Good France : 21 mars ; la Fête de la musique : 21 juin ; la fête nationale : 14 juillet.,A1,mixed,128
cosmopolite-a1-methode,reading,,1a,short-answer,Observez les photos publiées sur le site TripAdvisor (doc. 1). Identifiez le nom du restaurant.,,,,Sant Just,A1,restaurant,129
cosmopolite-a1-methode,reading,,1b,short-answer,Identifiez le type de restaurant (doc. 1).,,,,Restaurant français (traiteur - tapas - gastronomie) à Bogotá,A1,restaurant,129
cosmopolite-a1-methode,reading,,1c,short-answer,Identifiez les commentaires des internautes (doc. 1).,,,,"« Excellente cuisine ! », « Un petit goût de France à Bogotá », « Au top ! »",A1,restaurant,129
cosmopolite-a1-methode,reading,,1d,short-answer,"Identifiez les photos des internautes : la cuisine, la salle du restaurant, les plats (doc. 1).",,,,(open-ended),A1,restaurant,129
cosmopolite-a1-methode,reading,,2a,true-false,Il y a trois parties dans le menu.,,,,"Faux (il y a cinq parties : entrées, viandes, poissons, accompagnement de légumes, desserts)",A1,restaurant,129
cosmopolite-a1-methode,reading,,2b,true-false,Il y a de la viande dans tous les plats.,,,,Faux (il y a aussi une partie poissons),A1,restaurant,129
cosmopolite-a1-methode,reading,,2c,true-false,Chaque plat est accompagné de légumes.,,,,Vrai (purée de pommes de terre ou poêlée de légumes),A1,restaurant,129
cosmopolite-a1-methode,reading,,2d,true-false,"Pour le dessert, le restaurant propose des fruits.",,,,Vrai (salade de fruits rouges),A1,restaurant,129
cosmopolite-a1-methode,reading,,3.1,matching,Photo 1 : purée de pommes de terre — à quelle partie du menu correspond-elle ?,,,,Accompagnement de légumes,A1,restaurant,129
cosmopolite-a1-methode,reading,,3.2,matching,Photo 2 : soupe à l'oignon gratinée — à quelle partie du menu correspond-elle ?,,,,Entrées,A1,restaurant,129
cosmopolite-a1-methode,reading,,3.3,matching,Photo 3 : mousse au chocolat — à quelle partie du menu correspond-elle ?,,,,Desserts,A1,restaurant,129
cosmopolite-a1-methode,reading,,3.4,matching,Photo 4 : plat de viande/volaille rôtie — à quelle partie du menu correspond-elle ?,,,,Viandes,A1,restaurant,129
cosmopolite-a1-methode,grammar,Focus Langue,1,fill-in,Complétez la règle des articles indéfinis et partitifs : devant un nom masculin (quantité indéterminée) : … ; devant un nom féminin : de la purée de pommes de terre ; devant un nom commençant par une voyelle : … ; devant un nom pluriel : des rillettes.,,,,devant un nom masculin : du (ex. du fromage) ; devant un nom commençant par une voyelle : de l' (ex. de l'huile),A1,food,130
cosmopolite-a1-methode,speaking,,5a,open-ended,Listez les restaurants français dans votre ville ou dans votre pays. Ils proposent quelles spécialités ?,,,,(open-ended),A1,food,130
cosmopolite-a1-methode,speaking,,5b,open-ended,"Avez-vous déjeuné ou dîné dans ces restaurants ? Si oui, à quelle(s) occasion(s) ?",,,,(open-ended),A1,food,130
cosmopolite-a1-methode,listening,,6,multiple-choice,Écoutez l'interview (doc. 2). Choisissez les réponses correctes. Les clients :,parlent des plats et donnent leurs avis.,parlent des plats et expriment leurs goûts.,"parlent des plats, de l'accueil et du service.","parlent des plats, de l'accueil et du service.",A1,food,130
cosmopolite-a1-methode,listening,,7a,short-answer,"Réécoutez (doc. 2). Relevez les plats choisis par le client n°1 et le client n°2 (entrées, plats, desserts).",,,,,A1,food,130
cosmopolite-a1-methode,listening,,7b,short-answer,Les avis du client n°1 sont-ils positifs ou négatifs ?,,,,Mitigés : il exprime aussi un avis négatif (« Dommage ! »).,A1,food,130
cosmopolite-a1-methode,listening,,7c,short-answer,Les avis du client n°2 sont-ils positifs ou négatifs ?,,,,"Très positifs : « J'ai adoré ! L'équipe est super ! », aucun avis négatif.",A1,food,130
cosmopolite-a1-methode,speaking,À NOUS,8,speaking-task,Nous présentons nos plats français préférés : a. Composez votre menu idéal. b. Présentez votre menu à la classe et expliquez vos choix. c. La classe vote pour son menu préféré.,,,,(open-ended),A1,food,130
cosmopolite-a1-methode,reading,,1,short-answer,Observez l'article (doc. 1). Comment est-il composé ?,,,,"Il comprend un texte de présentation, une interview du propriétaire, une photo du magasin et du propriétaire, et une liste d'ingrédients (« Mes ingrédients »).",A1,shopping,131
cosmopolite-a1-methode,grammar,Focus Langue,1,fill-in,"Complétez la règle : pour préciser la quantité avec une partie d'un élément, des objets ou une unité de mesure, j'utilise la préposition … .",,,,"de (ex. un bocal de foie gras, 300 grammes de foie gras)",A1,shopping,131
cosmopolite-a1-methode,reading,,2a,short-answer,"Où est le magasin (pays, ville, lieu de la ville) ?",,,,"En Hongrie, à Budapest, à l'Institut français de Budapest.",A1,shopping,131
cosmopolite-a1-methode,reading,,2b,short-answer,Qu'est-ce qu'on y trouve ?,,,,"Des produits du Sud-Ouest et d'autres régions de France (pâtés, soupes, plats cuisinés, légumes, fromage, desserts, crèmes).",A1,shopping,131
cosmopolite-a1-methode,reading,,2c,short-answer,Qui sont les clients ?,,,,"Surtout une clientèle hongroise, mais aussi des étrangers et des Français.",A1,shopping,131
cosmopolite-a1-methode,reading,,2d,short-answer,Qui est l'homme en photo ? Que propose-t-il dans la rubrique « Mes ingrédients » ?,,,,"Clarence Joubert du Cellier, le propriétaire ; il propose une liste d'ingrédients pour réaliser un menu pour quatre personnes.",A1,shopping,131
cosmopolite-a1-methode,reading,,3,short-answer,"Classez les ingrédients (doc. 1) : Fromages, Pâtés, Plats principaux, Assaisonnements, Desserts et boissons.",,,,"Fromages : un morceau de cantal, un saint-marcellin, 100 g de tomme de brebis ; Pâtés : un bocal de foie gras ; Plats principaux : un paquet de pâtes, une boîte de mouton aux haricots, une salade ; Assaisonnements : une bouteille d'huile, une bouteille de vinaigre, un pot de moutarde ; Desserts et boissons : un pot de crème caramel, un demi-litre de sirop de pamplemousse, du pain.",A1,shopping,131
cosmopolite-a1-methode,grammar,Focus Langue,1,fill-in,Complétez la règle du pronom en : 1. Il remplace une quantité déterminée ou indéterminée. 2. Il se place en général … le verbe. 3. Il se place après le verbe à l'impératif affirmatif.,,,,Le pronom en se place avant le verbe (ex. J'en prends deux) ; après le verbe à l'impératif affirmatif (ex. Prenez-en deux pots !) ; avant l'infinitif quand il y a deux verbes (ex. Je vais en prendre deux cents grammes).,A1,shopping,132
cosmopolite-a1-methode,speaking,,4a,open-ended,Cherchez des magasins d'alimentation qui vendent des produits français dans votre ville ou votre pays.,,,,(open-ended),A1,shopping,132
cosmopolite-a1-methode,speaking,,4b,open-ended,Quels produits souhaitez-vous acheter ? Pourquoi ?,,,,(open-ended),A1,shopping,132
cosmopolite-a1-methode,listening,,6a,short-answer,Écoutez la conversation (doc. 2). Observez les trois paniers. Quel est le panier de la cliente ?,,,,Panier 1,A1,shopping,132
cosmopolite-a1-methode,none,,6b.1,matching,Ce sera tout ?,le vendeur,la cliente,,le vendeur,A1,shopping,132
cosmopolite-a1-methode,none,,6b.2,matching,Je vais en prendre deux cents grammes.,le vendeur,la cliente,,la cliente,A1,shopping,132
cosmopolite-a1-methode,none,,6b.3,matching,Prenez-en deux pots !,le vendeur,la cliente,,le vendeur,A1,shopping,132
cosmopolite-a1-methode,none,,6b.4,matching,J'en prends deux.,le vendeur,la cliente,,la cliente,A1,shopping,132
cosmopolite-a1-methode,none,,6b.5,matching,"Je suis désolé, je n'en ai plus.",le vendeur,la cliente,,le vendeur,A1,shopping,132
cosmopolite-a1-methode,none,,6b.6,matching,J'en aurai la semaine prochaine.,le vendeur,la cliente,,le vendeur,A1,shopping,132
cosmopolite-a1-methode,none,,6b.7,matching,J'en ai reçu un nouveau. Vous voulez en goûter un morceau ?,le vendeur,la cliente,,le vendeur,A1,shopping,132
cosmopolite-a1-methode,none,,6b.8,matching,Je veux bien.,le vendeur,la cliente,,la cliente,A1,shopping,132
cosmopolite-a1-methode,speaking,À NOUS,7,speaking-task,"Nous préparons un repas français : a. Choisissez un menu (entrée, plat, dessert). b. Listez les ingrédients. c. Précisez les quantités. d. Achetez les ingrédients. e. Préparez votre repas.",,,,(open-ended),A1,shopping,132
cosmopolite-a1-methode,grammar,Focus Langue,1,fill-in,"Écoutez encore et complétez le tableau des échanges libraire-client (entrer en contact, conseiller, indiquer le prix, confirmer l'achat).",,,,,A1,hobby,133
cosmopolite-a1-methode,listening,,1a,short-answer,Écoutez la conversation (doc. 1). Qui parle ? À qui ? Où ? Pour quoi faire ?,,,,"Un libraire parle à un client, dans une librairie, pour l'aider à choisir/acheter un livre.",A1,hobby,133
cosmopolite-a1-methode,listening,,1b,short-answer,Relevez les points communs entre ces trois livres.,,,,,A1,hobby,133
cosmopolite-a1-methode,listening,,2a,short-answer,Réécoutez (doc. 1). Notez les informations du libraire sur chaque livre.,,,,,A1,hobby,133
cosmopolite-a1-methode,listening,,2b,short-answer,Le client est-il intéressé par ces livres ? Pourquoi ?,,,,,A1,hobby,133
cosmopolite-a1-methode,listening,,2c,short-answer,Notez les deux critiques du client sur les livres aujourd'hui.,,,,,A1,hobby,133
cosmopolite-a1-methode,listening,,2d,short-answer,Notez le titre du livre acheté et son prix.,,,,,A1,hobby,133
cosmopolite-a1-methode,reading,,3,open-ended,Observez les photos (doc. 2). Faites des hypothèses sur le contenu de l'article.,,,,(open-ended),A1,hobby,133
cosmopolite-a1-methode,reading,,4,short-answer,Par deux. Lisez l'article et vérifiez vos hypothèses (doc. 2). Donnez-lui un titre.,,,,"(open-ended, titre libre)",A1,hobby,133
cosmopolite-a1-methode,reading,,5a,multiple-choice,Ils lisent moins qu'avant.,les Français,les jeunes,,les Français,A1,hobby,133
cosmopolite-a1-methode,reading,,5b,multiple-choice,Ils n'ont pas le temps de lire.,les Français,les jeunes,,les Français,A1,hobby,133
cosmopolite-a1-methode,reading,,5c,multiple-choice,Ils lisent moins de romans.,les Français,les jeunes,,les jeunes,A1,hobby,133
cosmopolite-a1-methode,reading,,5d,multiple-choice,"Ils lisent des bandes dessinées, de la presse en ligne, de la philo.",les Français,les jeunes,,les jeunes,A1,hobby,133
cosmopolite-a1-methode,grammar,Focus Langue,1,fill-in,Complétez les structures pour comparer : verbe + plus/moins ; verbe + plus/moins + que ; plus/moins + adjectif + que ; plus/moins de + nom + que ; plus/moins de + nom.,,,,"Ex. : Les femmes lisent plus que les hommes. Plus féminin que masculin, moins jeune qu'avant. Les Français achètent plus de livres dans les magasins que sur Internet.",A1,hobby,134
cosmopolite-a1-methode,reading,,6a,fill-in,Complétez le portrait-robot du lecteur de livre papier : C'est … âgée de … ans. Elle est … . Elle est … .,,,,C'est une femme âgée de 46 ans. Elle est parisienne. Elle est diplômée.,A1,hobby,134
cosmopolite-a1-methode,writing,,6b,writing-task,Créez le portrait-robot du lecteur de livre numérique.,,,,"Plus féminin que masculin, plus de 40 ans, moins parisien que le lecteur de livre papier.",A1,hobby,134
cosmopolite-a1-methode,reading,,6c,open-ended,Comparez les deux portraits (lecteur de livre papier et lecteur de livre numérique).,,,,(open-ended),A1,hobby,134
cosmopolite-a1-methode,speaking,,7a,open-ended,"Que lisez-vous (romans, BD, presse) ? Papier ou numérique ? Combien de livres lisez-vous par mois / an ? Où achetez-vous vos livres ?",,,,(open-ended),A1,hobby,134
cosmopolite-a1-methode,writing,,7b,writing-task,Créez le portrait-robot du lecteur moyen de votre groupe.,,,,(open-ended),A1,hobby,134
cosmopolite-a1-methode,reading,,8a,matching,"Associez les réponses de Petra aux questions 1 à 5 (aimez-vous lire, que lisez-vous, combien de livres par mois, où achetez-vous vos livres, comment choisissez-vous vos livres).",,,,Réponses données dans l'ordre des questions 1 à 5.,A1,hobby,134
cosmopolite-a1-methode,reading,,8b,short-answer,Corrigez les erreurs dans le témoignage de Petra : « Je lis plus que quatre livres par mois. » et « Je lis moins des bandes dessinées. »,,,,« Je lis plus de quatre livres par mois. » et « Je lis moins de bandes dessinées. »,A1,hobby,134
cosmopolite-a1-methode,writing,À NOUS,9,writing-task,Nous comparons nos pratiques de lecture : a. Faites des recherches sur le lecteur moyen de votre pays. b. Créez son portrait-robot. c. Comparez avec le portrait-robot de votre groupe. d. Partagez vos résultats avec la classe.,,,,(open-ended),A1,hobby,134
cosmopolite-a1-methode,grammar,Focus Langue,1,fill-in,"Complétez la conjugaison de l'imparfait du verbe vouloir (base : nous voulons) : je …, tu voulais, il/elle …, nous voulions, vous vouliez, ils/elles … . Et le verbe être : j'étais, tu …, il/elle/on …, nous …, vous …, ils/elles … .",,,,"vouloir : je voulais, il/elle voulait, ils/elles voulaient. être : tu étais, il/elle/on était, nous étions, vous étiez, ils/elles étaient.",A1,profession,135
cosmopolite-a1-methode,reading,,1a,short-answer,Observez la page Internet (doc. 1). Où se trouve l'école Ferrandi ? De quelle école s'agit-il ?,,,,"À Paris ; c'est l'école FERRANDI Paris, école française de gastronomie fondée en 1920.",A1,profession,135
cosmopolite-a1-methode,reading,,1b,short-answer,Quels types de formation elle propose ? Pour préparer à quelles professions ?,,,,"Formation initiale et Bachelors, pour devenir cuisinier, professionnel du service et des arts de la table, manager de restaurant, boulanger, pâtissier.",A1,profession,135
cosmopolite-a1-methode,reading,,2a,short-answer,Lisez l'introduction de la rubrique « Presse » (doc. 1). Identifiez le thème des articles.,,,,"Des professionnels de domaines différents (journalistes, artistes, infirmières) changent de vie pour devenir chefs cuisiniers.",A1,profession,135
cosmopolite-a1-methode,speaking,,2b,open-ended,Est-ce que ce phénomène existe dans votre pays ? Le métier de « chef » est-il populaire ?,,,,(open-ended),A1,profession,135
cosmopolite-a1-methode,reading,,3a,short-answer,Lisez les articles (doc. 1). Repérez les domaines professionnels.,,,,"Journalisme, art contemporain, soins infirmiers (infirmière).",A1,profession,135
cosmopolite-a1-methode,reading,,3b.1,short-answer,"Pourquoi Lucie, Sophie et Morgane ont-elles changé de travail ?",,,,Lucie (infirmière) s'ennuyait et n'était pas heureuse ; Sophie (journaliste) n'aimait pas vraiment son travail ; Morgane (art contemporain) avait depuis son enfance une passion pour la cuisine.,A1,profession,135
cosmopolite-a1-methode,reading,,3b.2,short-answer,"Que font Lucie, Sophie et Morgane aujourd'hui ?",,,,Lucie travaille dans un restaurant 3 étoiles en Bourgogne ; Sophie est chef d'un restaurant à Paris ; Morgane veut ouvrir un restaurant français à l'étranger.,A1,profession,135
cosmopolite-a1-methode,speaking,,4,open-ended,"En petits groupes. Vous connaissez des écoles ou des cours de cuisine française ? Il y en a dans votre ville, dans votre pays ? Listez ces écoles ou ces cours et ce qu'on y propose.",,,,(open-ended),A1,profession,135
cosmopolite-a1-methode,grammar,Focus Langue,1,writing-task,"Donnez un exemple personnel pour chaque marqueur temporel du passé : il y a, pendant, depuis, avant, quand.",,,,(open-ended),A1,profession,136
cosmopolite-a1-methode,listening,,5,short-answer,Écoutez le reportage (doc. 2). Qui parle ? Où ? De quoi ?,,,,"Un article du Huffington Post sur Morgane, qui a changé de vie de l'art contemporain à la cuisine ; et sur l'association Village de chefs (fondatrice Marie-Anne Page).",A1,profession,136
cosmopolite-a1-methode,listening,,6,fill-in,Réécoutez (doc. 2). Complétez la carte d'identité de « Village de chefs » : Création : … Fondatrice : Marie-Anne Page. Objectif : … Site web : www.villagedechefs.com.,,,,,A1,profession,136
cosmopolite-a1-methode,listening,,7,multiple-choice,Choisissez dans la liste ci-dessous le(s) commentaire(s) négatif(s) sur la cuisine française en Argentine.,une cuisine trop riche,un manque de formation des chefs,des prix trop élevés / peu de restaurants authentiques / une cuisine très différente,,A1,profession,136
cosmopolite-a1-methode,writing,À NOUS,8,writing-task,"Nous rédigeons un article sur la gastronomie française, hier et aujourd'hui : a. Reprenez vos listes de restaurants, magasins et écoles. b. Échangez sur la présence de la gastronomie française dans votre pays. c. Rédigez un article sur l'évolution de cette présence. d. Affichez vos articles. e. Envoyez votre article à « Villages de chefs ».",,,,(open-ended),A1,profession,136
cosmopolite-a1-methode,none,Focus Langue,1,matching,Associez chaque univers de vêtements/accessoires (sacs et chapeaux ; lunettes et bijoux ; veste et pantalon ; costume et cravate ; manteau et robe ; jupe ; bottes et chaussures à talons ; chaussures de sport) aux personnes interviewées (activité 3). Justifiez vos choix.,,,,"Qian (accessoires) : sacs, chapeaux, lunettes, bijoux ; Zhijang (mode homme) : veste, pantalon, costume, cravate ; Peng et Liu (mode femme) : manteau, robe, jupe ; Mei (chaussures) : bottes, chaussures à talons, chaussures de sport.",A1,shopping,137
cosmopolite-a1-methode,reading,,1a,short-answer,Observez les photos (doc. 1). Identifiez le type de magasin.,,,,Un grand magasin (magasin de mode/luxe français).,A1,shopping,137
cosmopolite-a1-methode,reading,,1b,open-ended,Connaissez-vous les Galeries Lafayette ? Dans quelles villes ou quels pays trouve-t-on ce magasin ?,,,,(open-ended),A1,shopping,137
cosmopolite-a1-methode,reading,,2a,short-answer,Lisez l'introduction de l'article (doc. 1). Relevez la ville et l'année d'ouverture.,,,,"Pékin, fin 2013.",A1,shopping,137
cosmopolite-a1-methode,reading,,2b,short-answer,Relevez la question posée par les journalistes.,,,,Que pensent les Chinois de ce grand magasin « à la française » ?,A1,shopping,137
cosmopolite-a1-methode,reading,,2c,short-answer,À qui les journalistes ont-ils posé cette question ?,,,,À des clients et des vendeurs francophones des Galeries Lafayette.,A1,shopping,137
cosmopolite-a1-methode,reading,,3a,short-answer,Lisez l'article (doc. 1). Quelles sont les professions des personnes interrogées ?,,,,Mei : assistante de direction ; Zhijang : traducteur-interprète ; Peng et Liu : étudiantes ; Qian : vendeuse.,A1,shopping,137
cosmopolite-a1-methode,reading,,3b,matching,Associez chaque personne à une photo. Justifiez votre choix.,,,,,A1,shopping,137
cosmopolite-a1-methode,reading,,4a,short-answer,Relisez (doc. 1). Relevez ce que chaque personne pense des Galeries Lafayette.,,,,Mei : « c'est formidable » ; Zhijang : apprécie le style et les marques françaises ; Peng et Liu : « on adore » ; Qian : les clients aiment les accessoires.,A1,shopping,137
cosmopolite-a1-methode,reading,,4b,short-answer,Pourquoi chaque personne fréquente-t-elle ce magasin ?,,,,Mei pour les chaussures ; Zhijang pour bien s'habiller pour le travail ; Peng et Liu pour le plaisir (rayon mode femme) ; Qian y travaille au rayon accessoires.,A1,shopping,137
cosmopolite-a1-methode,grammar,Focus Langue,1,fill-in,"Complétez le tableau des formules pour bien recevoir le client et comprendre le client (entrer en contact, informer, demander le prix, demander comment/où payer).",,,,,A1,shopping,138
cosmopolite-a1-methode,speaking,,5,open-ended,Faites des recherches pour trouver des magasins avec des marques françaises de vêtements et/ou d'accessoires dans votre ville ou votre pays.,,,,(open-ended),A1,shopping,138
cosmopolite-a1-methode,listening,,7a,short-answer,Écoutez l'interview de l'AFP (doc. 2). Qui est la personne interviewée ? De quoi elle parle ?,,,,"Qian, vendeuse au rayon accessoires des Galeries Lafayette ; elle parle de sa formation.",A1,shopping,138
cosmopolite-a1-methode,listening,,7b,multiple-choice,Choisissez dans la liste ci-dessous les formations reçues aux Galeries Lafayette.,bien parler français,bien recevoir les clients / bien informer les clients,bien s'habiller / bien connaître le magasin,bien recevoir les clients ; bien informer les clients,A1,shopping,138
cosmopolite-a1-methode,speaking,À NOUS,8,speaking-task,"Nous nous habillons « à la française » : a. Choisissez votre « Français » (travail, vacances, voyage). b. Listez les vêtements et accessoires nécessaires. c. Allez dans un magasin adapté ou choisissez parmi vos vêtements. d. Habillez-vous et prenez une photo. e. Affichez vos photos. f. Votez pour la photo la plus française. g. Partagez vos photos sur Facebook.",,,,(open-ended),A1,shopping,138
cosmopolite-a1-methode,reading,,1a,short-answer,Lisez l'article (doc. 1). Quelles sont les deux villes citées ? Dans quel pays elles se trouvent ?,,,,Addis-Abeba (Éthiopie) et Philadelphie (États-Unis).,A1,city-places,139
cosmopolite-a1-methode,reading,,1b,short-answer,Quel est le lien entre ces deux villes et le titre de l'article ?,,,,"Ce sont des « petits coins de France » à l'étranger — elles ont des lieux, commerces ou éléments culturels qui rappellent la France.",A1,city-places,139
cosmopolite-a1-methode,reading,,2a,matching,On y produit du foie gras et des fleurs.,Addis-Abeba,Philadelphie,les deux,Addis-Abeba,A1,city-places,139
cosmopolite-a1-methode,reading,,2b,matching,On peut y manger français.,Addis-Abeba,Philadelphie,les deux,les deux,A1,city-places,139
cosmopolite-a1-methode,reading,,2c,matching,On peut y acheter des meubles français.,Addis-Abeba,Philadelphie,les deux,Philadelphie,A1,city-places,139
cosmopolite-a1-methode,reading,,2d,matching,On y trouve de nombreux monuments à la française.,Addis-Abeba,Philadelphie,les deux,Philadelphie,A1,city-places,139
cosmopolite-a1-methode,reading,,2e,matching,Les touristes francophones peuvent y lire des textes écrits par de grands écrivains français.,Addis-Abeba,Philadelphie,les deux,Philadelphie,A1,city-places,139
cosmopolite-a1-methode,reading,,2f,matching,Les habitants y pratiquent un jeu originaire du Sud de la France.,Addis-Abeba,Philadelphie,les deux,Addis-Abeba,A1,city-places,139
cosmopolite-a1-methode,reading,,3,short-answer,"Formez deux groupes (Addis-Abeba / Philadelphie). Relevez les appréciations du journaliste et classez-les : surprise, appréciation positive, appréciation négative.",,,,"Addis-Abeba — surprise : « C'est incroyable » ; positif : « On apprécie, on trouve l'ensemble franchement original » ; négatif : « Les jeunes Éthiopiens trouvent ce jeu ridicule ». Philadelphie — surprise : « Les boutiques sont assez inhabituelles » ; positif : « L'architecture est franchement incroyable », « On trouve ce monument génial ».",A1,city-places,139
cosmopolite-a1-methode,grammar,Focus Langue,1,fill-in,"Complétez le tableau des appréciations et des adverbes de nuance (franchement, vraiment, assez, …) avec les réponses de l'activité 3.",,,,,A1,mixed,140
cosmopolite-a1-methode,speaking,À NOUS,10,speaking-task,Nous parlons de nos coups de cœur : a. Faites des appréciations pour justifier vos coups de cœur. b. Présentez vos coups de cœur aux autres groupes. c. La classe donne son appréciation. d. Organisez la visite du coup de cœur de la classe.,,,,(open-ended),A1,mixed,140
cosmopolite-a1-methode,writing,Focus Langue,2,writing-task,"Listez cinq actions importantes en classe en utilisant des verbes pronominaux réciproques (ex. se présenter, se parler, se rencontrer).",,,,(open-ended),A1,mixed,140
cosmopolite-a1-methode,speaking,,4,open-ended,En petits groupes. a. Listez des monuments ou des quartiers que vous aimez dans votre ville ou votre pays. b. Choisissez vos deux coups de cœur.,,,,(open-ended),A1,mixed,140
cosmopolite-a1-methode,reading,,5,open-ended,Lisez le titre de cette émission de radio. Faites des hypothèses sur son concept.,,,,(open-ended),A1,mixed,140
cosmopolite-a1-methode,listening,,6a,short-answer,Écoutez la présentation de l'émission (doc. 2). Identifiez les questions posées par le journaliste.,,,,,A1,mixed,140
cosmopolite-a1-methode,listening,,6b,short-answer,Identifiez le contexte de l'émission.,,,,,A1,mixed,140
cosmopolite-a1-methode,listening,,7a,short-answer,Écoutez l'émission (doc. 2). Relevez les trois événements cités et les pays.,,,,"Goût de France/Good France, la Fête de la musique, la fête nationale — événements français célébrés dans le monde.",A1,mixed,140
cosmopolite-a1-methode,listening,,7b.1,matching,Goût de France / Good France,21 mars,14 juillet,21 juin,21 mars,A1,mixed,140
cosmopolite-a1-methode,listening,,7b.2,matching,La fête nationale,21 mars,14 juillet,21 juin,14 juillet,A1,mixed,140
cosmopolite-a1-methode,listening,,7b.3,matching,La Fête de la musique,21 mars,14 juillet,21 juin,21 juin,A1,mixed,140
cosmopolite-a1-methode,listening,,8a,short-answer,En petits groupes (un groupe par événement). Réécoutez (doc. 2). Quelles sont les caractéristiques de chaque événement ? Qu'est-ce qu'on y fait ?,,,,,A1,mixed,140
cosmopolite-a1-methode,listening,,8b,short-answer,Qu'est-ce que les personnes interrogées pensent de l'événement ? Pourquoi apprécient-elles l'événement ?,,,,,A1,mixed,140
cosmopolite-a1-methode,listening,,1a.1,short-answer,Regardez ces trois images extraites d'un reportage de BFMTV. Dans quel pays se passe ce reportage ?,,,,Au Japon (Tokyo),A1,shopping,141
cosmopolite-a1-methode,listening,,1a.2,short-answer,Que représente l'image c ?,,,,Des boutiques/enseignes avec des noms français (vitrines de magasins à Tokyo),A1,shopping,141
cosmopolite-a1-methode,listening,,1b.1,true-false,"Dans le métro de Tokyo, une boutique sur deux a un nom français.",,,,,A1,shopping,141
cosmopolite-a1-methode,listening,,1b.2,true-false,Ces boutiques sont françaises.,,,,Faux (elles portent des noms à consonance française mais ne sont pas françaises),A1,shopping,141
cosmopolite-a1-methode,listening,,1b.3,true-false,Les marques françaises se trouvent dans le quartier de Ginza.,,,,,A1,shopping,141
cosmopolite-a1-methode,listening,,1c.1,short-answer,"Regardez la vidéo avec le son (de 0'28"" à 1'14""). Quelles enseignes trouve-t-on en bas des immeubles ? En haut des immeubles ?",,,,,A1,shopping,141
cosmopolite-a1-methode,listening,,1c.2,short-answer,De quel restaurant parle-t-on ?,,,,,A1,shopping,141
cosmopolite-a1-methode,listening,,1c.3,short-answer,Où a étudié son chef ?,,,,,A1,shopping,141
cosmopolite-a1-methode,listening,,1c.4,short-answer,"(De 1'15"" à 1'28"".) Que voit-on ?",,,,,A1,shopping,141
cosmopolite-a1-methode,listening,,1c.5,open-ended,"À votre avis, quelle est la spécialité de ce restaurant ?",,,,(open-ended),A1,shopping,141
cosmopolite-a1-methode,listening,,1c.6,short-answer,S'agit-il d'un restaurant gastronomique ? Comment s'appelle ce type de restaurant ?,,,,,A1,shopping,141
cosmopolite-a1-methode,listening,,1c.7,short-answer,Est-ce qu'il a du succès ? Pourquoi ?,,,,,A1,shopping,141
cosmopolite-a1-methode,speaking,,1d,open-ended,"En petits groupes. Dans votre pays, on aime beaucoup les marques françaises ? La gastronomie française ? Quelle image de la France ont les habitants de votre pays ?",,,,(open-ended),A1,shopping,141
cosmopolite-a1-methode,reading,,2a,open-ended,Lisez ces slogans. Quelles enseignes vous connaissez ?,,,,(open-ended),A1,shopping,142
cosmopolite-a1-methode,speaking,,2b,open-ended,"Ces enseignes sont-elles présentes dans votre ville ou votre pays ? Avez-vous déjà acheté des produits ou utilisé les services de ces marques ? Si oui, lesquels ?",,,,(open-ended),A1,shopping,142
cosmopolite-a1-methode,reading,,2c,matching,"Associez chaque slogan (FNAC, Carrefour, Celio, Fauchon, L'Occitane, Dessanges) à une photo et à une légende parmi : salon de coiffure, supermarché, produits de beauté, magasin de vêtements hommes, magasin de produits culturels, épicerie fine.",,,,"Exemple donné : L'Occitane → légende C (produits de beauté, parfums et soins).",A1,shopping,142
cosmopolite-a1-methode,writing,,carnet,writing-task,Complétez votre carnet culturel : 1. Je connais des enseignes françaises et/ou des « petits coins de France » dans ma ville/mon pays. 2. Faites des recherches sur Internet pour les compléter. 3. Construisez le carnet de la classe.,,,,(open-ended),A1,shopping,142
cosmopolite-a1-methode,speaking,,1,multiple-choice,Choisissez le thème de votre rallye-découverte.,Rallye gastronomique,Rallye des enseignes,Rallye photo,(open-ended),A1,city-places,143
cosmopolite-a1-methode,writing,,2-4,writing-task,"Listez trois lieux à découvrir pour votre rallye, puis préparez votre carnet de route (lieu, adresse, horaires, contact, questions, réponses, appréciation) pour chacun.",,,,(open-ended),A1,city-places,143
cosmopolite-a1-methode,writing,,5-6,writing-task,"Partez à la découverte de votre ville, complétez votre carnet de route, puis réalisez l'album rallye de la classe.",,,,(open-ended),A1,city-places,143
cosmopolite-a1-methode,speaking,Exercice 1,1,speaking-task,Vous vous présentez : vous parlez de vous. Vous dites où vous vivez. Vous expliquez depuis combien de temps vous étudiez le français. Vous dites ce que vous faisiez il y a deux ans et ce que vous faites aujourd'hui.,,,,(open-ended),A1,mixed,144
cosmopolite-a1-methode,speaking,Exercice 2,1,speaking-task,Vous posez des questions à un(e) étudiant(e) de votre cours à partir des mots suivants : Vêtements ? Gastronomie ? Lire ? Rayon ? Accessoires ? Repas ?,,,,(open-ended),A1,mixed,144
cosmopolite-a1-methode,speaking,Exercice 3,1,speaking-task,"À deux : un client et un vendeur dans un magasin de vêtements. Le client demande où se trouvent les articles (pantalon, jupe, cravate, lunettes de soleil, sac à main, chapeau), le prix de trois articles et où il peut payer.",,,,(open-ended),A1,mixed,144
cosmopolite-a1-methode,listening,Compréhension de l'oral,a,matching,Illustration a : une jeune femme parle avec un jeune homme dans la rue ; bulle de pensée montrant un jeune homme lisant un livre allongé sur un canapé.,,,,Dialogue n°1 (exemple donné),A1,mixed,144
cosmopolite-a1-methode,listening,Compréhension de l'oral,b,matching,"Illustration b : un homme et une femme dans une librairie, devant un présentoir « Coups de Coeur ».",,,,,A1,mixed,144
cosmopolite-a1-methode,listening,Compréhension de l'oral,c,matching,Illustration c : une femme dans une charcuterie/fromagerie coupant un fromage face à un client.,,,,,A1,mixed,144
cosmopolite-a1-methode,listening,Compréhension de l'oral,d,matching,"Illustration d : un homme et une femme attablés dans un restaurant, menus à la main.",,,,,A1,mixed,144
cosmopolite-a1-methode,listening,Compréhension de l'oral,e,matching,"Illustration e : un vendeur parle à une cliente dans un rayon, bulle montrant un panneau « 2e étage » avec ballon et raquette.",,,,,A1,mixed,144
cosmopolite-a1-methode,listening,Compréhension de l'oral,f,matching,"Illustration f : une femme en robe jaune assise sur un canapé rouge à côté d'un homme, avec manteau et vêtements posés entre eux.",,,,,A1,mixed,144
cosmopolite-a1-methode,speaking,,1,open-ended,"Quels types de soirées organisent les Français (soirées déguisées, soirées internationales, soirées jeux de société) ? Et les habitants de votre pays ?",,,,(open-ended),A1,mixed,145
cosmopolite-a1-methode,speaking,,2,open-ended,"Vous faites du tourisme en France : que pouvez-vous faire (dîner chez des Français, prendre un petit déjeuner chez des Français, visiter un marché avec des Français) ? Et dans votre pays ?",,,,(open-ended),A1,mixed,145
cosmopolite-a1-methode,speaking,,3,open-ended,"Que proposent les écoles de français en France aux étudiants étrangers (cours individuels et collectifs, accueil chaleureux, activités culturelles) ?",,,,(open-ended),A1,school,146
cosmopolite-a1-methode,listening,,1,short-answer,Écoutez les témoignages (doc. 1). Identifiez le thème.,,,,L'apprentissage du français à l'étranger (histoires d'étudiants étrangers venus étudier le français en France).,A1,school,147
cosmopolite-a1-methode,listening,,2a,short-answer,Réécoutez (doc. 1). Relevez la nationalité de Mauricio et de Léanne.,,,,,A1,school,147
cosmopolite-a1-methode,listening,,2b,short-answer,Relevez le nom et la ville de leur école de langue.,,,,Mauricio : école à Cannes ; Léanne : école à Paris (noms d'écoles non précisés).,A1,school,147
cosmopolite-a1-methode,listening,,3,fill-in,"Écoutez encore (doc. 1). Complétez le tableau (choix de la ville, choix de la langue française, ce qu'il/elle pense des cours et de l'enseignement).",,,,,A1,school,147
cosmopolite-a1-methode,speaking,,4,open-ended,Pourquoi étudiez-vous le français ? Que pensez-vous des cours et de l'apprentissage ?,,,,(open-ended),A1,school,147
cosmopolite-a1-methode,reading,,5a,short-answer,Observez les deux pages de sites Internet (doc. 2 et 3). Quel est le point commun entre Stralang (doc. 2) et l'AFPIF (doc. 3) ?,,,,"Ce sont toutes les deux des écoles/institutions de langue française pour étudiants étrangers (Stralang à Strasbourg, Alliance Française Paris Ile-de-France).",A1,school,147
cosmopolite-a1-methode,reading,,5b,short-answer,Qui sont Mirjana et Matthew ?,,,,Mirjana est une ancienne étudiante serbe de Stralang ; Matthew est un ancien étudiant anglais de l'Alliance Française Paris Ile-de-France.,A1,school,147
cosmopolite-a1-methode,reading,,6a,true-false,Lisez les témoignages de Mirjana et Matthew (doc. 2 et 3). De quoi ils parlent : de leur vie avant d'arriver en France ?,,,,Vrai,A1,school,147
cosmopolite-a1-methode,reading,,6b,true-false,De quoi ils parlent : de leur enfance ?,,,,Faux,A1,school,147
cosmopolite-a1-methode,reading,,6c,true-false,De quoi ils parlent : de leur changement de vie ?,,,,Vrai,A1,school,147
cosmopolite-a1-methode,reading,,6d,true-false,De quoi ils parlent : de leurs projets ?,,,,Faux,A1,school,147
cosmopolite-a1-methode,reading,,6e,true-false,De quoi ils parlent : de leur situation actuelle ?,,,,Vrai,A1,school,147
cosmopolite-a1-methode,reading,,6f,true-false,De quoi ils parlent : de leur apprentissage ?,,,,Vrai,A1,school,147
cosmopolite-a1-methode,speaking,À NOUS,7,speaking-task,Nous interviewons nos camarades sur leur apprentissage du français : a. Trouvez un maximum de questions. b. Choisissez cinq questions. c. Interviewez-vous en groupes A et B. d. Rédigez un article. e. Affichez les témoignages.,,,,(open-ended),A1,school,148
cosmopolite-a1-methode,grammar,Focus Langue,a,fill-in,"Complétez avec des extraits du témoignage de Mirjana (doc. 2) : avant (situation initiale), événement(s) qui change(nt) la situation, situation actuelle.",,,,Avant : Je vivais à Belgrade et j'étais débutante en français. Événement : Je suis arrivée à Strasbourg et j'ai étudié à Stralang. Situation actuelle : Je travaille pour une entreprise française dans mon pays.,A1,school,148
cosmopolite-a1-methode,grammar,Focus Langue,c,fill-in,"Complétez : pour parler des changements dans le temps, je décris une situation initiale au passé avec … ; je précise les événements qui changent cette situation au passé avec … ; je décris une situation actuelle avec … .",,,,l'imparfait ; le passé composé ; le présent.,A1,school,148
cosmopolite-a1-methode,writing,Focus Langue,d,writing-task,"Donnez un exemple personnel pour chaque personne de votre groupe (imparfait, passé composé, présent).",,,,(open-ended),A1,school,148
cosmopolite-a1-methode,grammar,Focus Langue,1,matching,"Classez les adjectifs et expressions de l'activité 3 dans le tableau (plats, lieu, atmosphère, service, personnel, prix) selon qu'ils sont positifs ou négatifs.",,,,"Positifs : exceptionnelle, sympa, accueillant ; Négatifs : bruyant, cher.",A1,restaurant,149
cosmopolite-a1-methode,reading,,1a,open-ended,Observez les photos du restaurant (doc. 1). Faites des hypothèses sur le type de restaurant.,,,,(open-ended),A1,restaurant,149
cosmopolite-a1-methode,reading,,1b,matching,Associez les mots aux photos : les plats • la salle • la décoration • le personnel.,,,,"le personnel (photo du serveur), les plats (sandwich, calamars), la salle/la décoration (intérieur du restaurant).",A1,restaurant,149
cosmopolite-a1-methode,reading,,2.1,short-answer,"Lisez les deux avis (doc. 1). L'avis de Brigitte (5/5 cercles) est-il très positif, positif, négatif ou très négatif ?",,,,"Très positif (5 cercles verts pleins ; « cuisine exceptionnelle », « je recommande vivement »).",A1,restaurant,149
cosmopolite-a1-methode,reading,,2.2,short-answer,"L'avis de PjPj2015 (3/5 cercles) est-il très positif, positif, négatif ou très négatif ?",,,,"Mitigé/plutôt négatif (« sympa mais cher », « BOF… »).",A1,restaurant,149
cosmopolite-a1-methode,reading,,3,short-answer,"Relisez (doc. 1). Relevez comment Brigitte et PjPj2015 caractérisent les plats, le lieu, la décoration, l'atmosphère, le personnel, le service et le prix.",,,,"Brigitte (positif) : cuisine exceptionnelle, lieu chaleureux, décoration agréable, personnel accueillant, bon rapport qualité-prix. PjPj2015 (négatif) : tapas variées mais pas originales, salle bruyante, accueil froid, serveurs peu disponibles, prix élevé.",A1,restaurant,149
cosmopolite-a1-methode,speaking,,4,open-ended,Est-ce que ces deux avis vous donnent envie de découvrir ce restaurant ?,,,,(open-ended),A1,restaurant,149
cosmopolite-a1-methode,grammar,Focus Langue,1,fill-in,"Complétez le tableau des formules pour passer commande au restaurant (prendre la commande des plats, demander/préciser le type de cuisson, prendre/commander les boissons, s'informer sur la satisfaction, demander l'addition).",,,,"Ex. : Vous avez choisi ? / Quelle cuisson pour la viande ? / Plate ou gazeuse ? / Tout s'est bien passé ? / L'addition, s'il vous plaît.",A1,restaurant,150
cosmopolite-a1-methode,speaking,À NOUS,10,speaking-task,"Nous imaginons le restaurant de nos rêves et de nos cauchemars : groupes A imaginent le restaurant de leurs rêves, groupes B le restaurant de leurs cauchemars. Mettez en scène la situation (serveur/clients). La classe vote pour le meilleur et le pire restaurant.",,,,(open-ended),A1,restaurant,150
cosmopolite-a1-methode,speaking,,5,open-ended,Quel type de restaurant préférez-vous ? Lisez-vous les avis des internautes pour choisir vos restaurants ? Pourquoi ? Donnez-vous parfois votre avis ?,,,,(open-ended),A1,restaurant,150
cosmopolite-a1-methode,listening,,6a,true-false,Écoutez la première partie de la conversation au restaurant (doc. 2). Le client s'appelle M. Grain.,,,,,A1,restaurant,150
cosmopolite-a1-methode,listening,,6b,true-false,Il a réservé une table.,,,,,A1,restaurant,150
cosmopolite-a1-methode,listening,,6c,true-false,Le serveur accueille les clients puis il les place.,,,,,A1,restaurant,150
cosmopolite-a1-methode,listening,,7a,short-answer,Observez le menu du restaurant. Écoutez la deuxième partie (doc. 2). Relevez les plats et les boissons choisis.,,,,,A1,restaurant,150
cosmopolite-a1-methode,listening,,7b,short-answer,Relevez les questions posées par le serveur pour les plats et les boissons.,,,,,A1,restaurant,150
cosmopolite-a1-methode,listening,,8,short-answer,Réécoutez la deuxième partie (doc. 2). Notez les impressions des clients.,,,,,A1,restaurant,150
cosmopolite-a1-methode,reading,1,a,short-answer,À qui s'adresse ce site ?,,,,,A1,shopping,151
cosmopolite-a1-methode,reading,2,a,short-answer,Quels sont les trois magasins choisis par le site ?,,,,"Century Fiesta, Costumes Empire, Costumes N Parties",A1,shopping,151
cosmopolite-a1-methode,reading,3,a,short-answer,Erin cherche un costume unique.,,,,,A1,shopping,151
cosmopolite-a1-methode,speaking,4,a,speaking-task,Listez un maximum de thèmes pour une soirée déguisée.,,,,(open-ended),A1,shopping,151
cosmopolite-a1-methode,reading,1,b,short-answer,"Identifiez le thème de l'article, la ville et le pays.",,,,,A1,shopping,151
cosmopolite-a1-methode,reading,2,b,short-answer,Quel est le coup de cœur du site ? Pourquoi ?,,,,"Century Fiesta, pour sa sélection de costumes du monde.",A1,shopping,151
cosmopolite-a1-methode,reading,3,b,short-answer,Dinah n'a pas beaucoup de temps pour trouver un costume.,,,,,A1,shopping,151
cosmopolite-a1-methode,reading,2,c,matching,À quel déguisement correspond chaque photo ?,,,,,A1,shopping,151
cosmopolite-a1-methode,reading,3,c,short-answer,Nirmala va à une soirée Erasmus.,,,,,A1,shopping,151
cosmopolite-a1-methode,reading,3,d,short-answer,Tan cherche des accessoires pour une fête.,,,,,A1,shopping,151
cosmopolite-a1-methode,grammar,FOCUS LANGUE a,1,short-answer,Ils l'ont !,,,,le costume d'Astérix,A1,shopping,152
cosmopolite-a1-methode,grammar,FOCUS LANGUE b,1,fill-in,"Pour retrouver le pronom COD, je pose la question « qui ? » ou « quoi ? ».",,,,qui ? / quoi ?,A1,shopping,152
cosmopolite-a1-methode,listening,6b,1,matching,Je peux l'essayer ?,J'ai de très jolies chaussures vernies !,"La location du costume, de la chemise et du nœud papillon, c'est soixante euros et dix euros pour les chaussures.","Oui, bien sûr.",c,A1,shopping,152
cosmopolite-a1-methode,grammar,FOCUS LANGUE a,2,short-answer,Vous le trouverez là-bas !,,,,le déguisement du « Français typique »,A1,shopping,152
cosmopolite-a1-methode,grammar,FOCUS LANGUE b,2,fill-in,"Les pronoms COD remplacent : – une personne (exemple : phrase 4) ; – … (exemples : phrases 1, 2, 3).",,,,une chose (des choses),A1,shopping,152
cosmopolite-a1-methode,listening,6b,2,matching,Vous avez des chaussures pour aller avec ?,J'ai de très jolies chaussures vernies !,Du quarante et un.,"Oui, bien sûr.",a,A1,shopping,152
cosmopolite-a1-methode,grammar,FOCUS LANGUE a,3,short-answer,Vous rêvez déjà de la porter !,,,,la petite robe rétro années cinquante,A1,shopping,152
cosmopolite-a1-methode,grammar,FOCUS LANGUE b,3,fill-in,J'utilise : … → nom masculin ; … → nom féminin ; … → devant une voyelle ; … → nom pluriel.,,,,le → masculin ; la → féminin ; l' → devant une voyelle ; les → pluriel,A1,shopping,152
cosmopolite-a1-methode,listening,6b,3,matching,Vous faites quelle pointure ?,J'ai de très jolies chaussures vernies !,Du quarante et un.,"Oui, bien sûr.",b,A1,shopping,152
cosmopolite-a1-methode,grammar,FOCUS LANGUE a,4,short-answer,N'hésitez pas à les contacter pour un conseil ou un devis.,,,,Costumes Empire (les vendeurs),A1,shopping,152
cosmopolite-a1-methode,grammar,FOCUS LANGUE b,4,fill-in,Le pronom COD se place en général … le verbe.,,,,avant,A1,shopping,152
cosmopolite-a1-methode,listening,6b,4,matching,Je vais prendre l'ensemble. Ça fait combien ?,Du quarante et un.,"La location du costume, de la chemise et du nœud papillon, c'est soixante euros et dix euros pour les chaussures.","Oui, bien sûr.",b,A1,shopping,152
cosmopolite-a1-methode,listening,5,a,short-answer,Pourquoi le client cherche un vêtement ?,,,,,A1,shopping,152
cosmopolite-a1-methode,listening,6,a,short-answer,Observez le catalogue du magasin. La vendeuse conseille quel costume au client ? Pourquoi ?,,,,,A1,shopping,152
cosmopolite-a1-methode,listening,7,a,true-false,Écoutez. Dites si vous entendez le son [ɔ]. Exemple : notre [nɔtʁ] → oui,,,,,A1,shopping,152
cosmopolite-a1-methode,speaking,8,a,speaking-task,Préparez votre soirée : choisissez votre thème et répondez. Quels déguisements choisissez-vous ? Pourquoi ? Vous les louez ? Vous les achetez ? Vous les fabriquez ? Vous les trouvez où ? Combien ça coûte ? Est-ce que le magasin propose votre taille ?,,,,(open-ended),A1,shopping,152
cosmopolite-a1-methode,listening,5,b,short-answer,Quel est le thème de la soirée ?,,,,,A1,shopping,152
cosmopolite-a1-methode,listening,7,b,short-answer,Écoutez. Dans quelle syllabe est le son [ɔ] ? Quelle consonne arrive après le son [ɔ] ? Exemple : espagnol [ɛspaɲɔl] → Syllabe 3. Consonne « l ».,,,,,A1,shopping,152
cosmopolite-a1-methode,speaking,8,b,speaking-task,Présentez vos choix à la classe.,,,,(open-ended),A1,shopping,152
cosmopolite-a1-methode,speaking,7,c,speaking-task,Réécoutez et répétez.,,,,(open-ended),A1,shopping,152
cosmopolite-a1-methode,reading,1,1,short-answer,"Observez la page Internet (doc. 1). À l'aide des photos, faites des hypothèses sur le thème du site.",,,,,A1,food,153
cosmopolite-a1-methode,grammar,FOCUS LANGUE a,1,fill-in,J'utilise les pronoms relatifs qui et que pour relier deux phrases simples et ne pas répéter … .,,,,un mot (un nom),A1,food,153
cosmopolite-a1-methode,grammar,FOCUS LANGUE b,1,matching,Que représente …,le sujet,le complément (COD),,le complément (COD),A1,food,153
cosmopolite-a1-methode,grammar,FOCUS LANGUE a,2,fill-in,"Pour donner des informations, des précisions sur une ou des chose(s) (exemple : phrase …).",,,,1,A1,food,153
cosmopolite-a1-methode,grammar,FOCUS LANGUE b,2,matching,Qui représente …,le sujet,le complément (COD),,le sujet,A1,food,153
cosmopolite-a1-methode,grammar,FOCUS LANGUE a,3,fill-in,"Pour donner des informations, des précisions sur une ou des personne(s) (exemples : phrases 2 et …).",,,,3,A1,food,153
cosmopolite-a1-methode,reading,2,a,short-answer,Que propose le site VizEat ?,,,,Un site de réservation de repas chez l'habitant dans plus de 60 pays.,A1,food,153
cosmopolite-a1-methode,reading,3,a,short-answer,Relevez ce que les visiteurs peuvent faire avec VizEat. Exemple : réserver un repas chez l'habitant dans plus de 60 pays.,,,,,A1,food,153
cosmopolite-a1-methode,speaking,4,a,speaking-task,"Que pensez-vous du concept de ce site ? Êtes-vous intéressés par cette expérience ? Si oui, comme voyageurs ou comme hôtes ? Dans quel(s) pays ? Pourquoi ?",,,,(open-ended),A1,food,153
cosmopolite-a1-methode,reading,2,b,short-answer,À quel type de voyageur s'adresse ce site ?,,,,Aux voyageurs du monde entier qui s'intéressent aux contacts avec les locaux.,A1,food,153
cosmopolite-a1-methode,reading,3,b,short-answer,Relevez ce que les visiteurs peuvent vivre avec VizEat. Exemple : une expérience qu'ils n'oublieront jamais.,,,,,A1,food,153
cosmopolite-a1-methode,speaking,4,b,speaking-task,Est-ce que les repas chez l'habitant existent dans votre pays ?,,,,(open-ended),A1,food,153
cosmopolite-a1-methode,listening,6,1,short-answer,Écoutez l'interview de Camille Rumani (doc. 2). Identifiez le thème.,,,,VizEat,A1,food,154
cosmopolite-a1-methode,grammar,FOCUS LANGUE a,1,fill-in,"Alors, VizEat, …, c'est le réseau du social dining, c'est bien ça ?",,,,pour vous,A1,food,154
cosmopolite-a1-methode,grammar,FOCUS LANGUE b,1,fill-in,"Complétez les exemples. J'utilise les pronoms toniques après une préposition. Exemples : pour vous, …, …, … .",,,,"chez eux, avec eux, pour eux",A1,food,154
cosmopolite-a1-methode,grammar,FOCUS LANGUE a,2,fill-in,Les hôtes reçoivent les invités … et cuisinent … .,,,,chez eux / pour eux,A1,food,154
cosmopolite-a1-methode,grammar,FOCUS LANGUE a,3,fill-in,"Quand j'habitais en Chine, j'ai eu la chance d'être invitée par des collègues chinois. J'ai partagé quelques repas … .",,,,avec eux,A1,food,154
cosmopolite-a1-methode,speaking,5,a,speaking-task,Choisissez un site découvert dans le livre.,,,,(open-ended),A1,food,154
cosmopolite-a1-methode,listening,7,a,short-answer,Comment Camille Rumani définit-elle VizEat ?,,,,,A1,food,154
cosmopolite-a1-methode,writing,9,a,writing-task,"Définissez votre profil pour le site VizEat : type de repas, type de cuisine, titre de votre repas, description de votre menu, prix, horaires, ambiance, photo pour illustrer votre profil.",,,,(open-ended),A1,food,154
cosmopolite-a1-methode,speaking,5,b,speaking-task,"Caractérisez ce site. Exemple : couchsurfing.com, c'est un site sur un type d'hébergement gratuit qui permet de rencontrer des habitants du pays.",,,,(open-ended),A1,food,154
cosmopolite-a1-methode,listening,7,b,short-answer,Comment est née l'idée de VizEat ?,,,,,A1,food,154
cosmopolite-a1-methode,speaking,8,b,speaking-task,Trouvez des techniques pour aider Tiago à ne pas confondre qui et que.,,,,(open-ended),A1,food,154
cosmopolite-a1-methode,speaking,9,b,speaking-task,Affichez vos profils dans la classe. Chaque groupe choisit son profil préféré et explique pourquoi.,,,,(open-ended),A1,food,154
cosmopolite-a1-methode,speaking,5,c,speaking-task,Présentez votre site à la classe.,,,,(open-ended),A1,food,154
cosmopolite-a1-methode,listening,7,c,short-answer,Quel est l'objectif de VizEat ?,,,,,A1,food,154
cosmopolite-a1-methode,listening,7,d,short-answer,Quelle est sa position en Europe ?,,,,,A1,food,154
cosmopolite-a1-methode,grammar,FOCUS LANGUE a,1,matching,"Relisez les avis de Raimundo et Naira. Classez-les dans le tableau : Je n'ai pas aimé non plus. Ce film n'est pas assez réaliste. / Le film est assez réussi, j'ai bien aimé.",,,,,A1,hobby,155
cosmopolite-a1-methode,grammar,FOCUS LANGUE b,1,fill-in,Relisez les avis de Rafael et de son professeur. Complétez le tableau : On n'entend que des chansons de Michel Sardou. Ce chanteur est trop vieux ! Les jeunes n'écoutent plus Michel Sardou. / Il y a trop de chansons de Michel Sardou !,,,,,A1,hobby,155
cosmopolite-a1-methode,writing,FOCUS LANGUE c,1,writing-task,Donnez un exemple personnel pour chaque colonne des tableaux a et b.,,,,(open-ended),A1,hobby,155
cosmopolite-a1-methode,reading,4,1,short-answer,Observez le document 2. Quel est le thème de cette discussion ?,,,,Conseiller/recommander un spectacle français à voir à Madrid.,A1,hobby,155
cosmopolite-a1-methode,listening,1,a,short-answer,De quoi parlent les membres du ciné-club ?,,,,Du film La Famille Bélier.,A1,hobby,155
cosmopolite-a1-methode,listening,2,a,short-answer,"Pour chaque membre, relevez les avis sur le film. Exemple : Je n'ai pas beaucoup aimé. C'est trop sentimental. (Adriana)",,,,,A1,hobby,155
cosmopolite-a1-methode,speaking,3,a,speaking-task,"Listez les derniers films (français ou francophones, si possible) que vous avez vus.",,,,(open-ended),A1,hobby,155
cosmopolite-a1-methode,listening,1,b,short-answer,Identifiez les membres qui ont aimé le film et ceux qui n'ont pas aimé le film. Donnez les prénoms.,,,,,A1,hobby,155
cosmopolite-a1-methode,listening,2,b,short-answer,"Pour chaque membre, relevez les avis sur les personnages.",,,,,A1,hobby,155
cosmopolite-a1-methode,speaking,3,b,speaking-task,Donnez votre appréciation sur ces films.,,,,(open-ended),A1,hobby,155
cosmopolite-a1-methode,listening,1,c,multiple-choice,Choisissez les réponses correctes. Les critiques portent sur… le film • les lieux et les décors • les chansons • l'histoire • les personnages • les acteurs • la photographie,,,,"le film, les personnages, les acteurs, les chansons",A1,hobby,155
cosmopolite-a1-methode,listening,2,c,short-answer,"Pour chaque membre, relevez les avis sur les acteurs.",,,,,A1,hobby,155
cosmopolite-a1-methode,speaking,3,c,speaking-task,Listez les films préférés de la classe.,,,,(open-ended),A1,hobby,155
cosmopolite-a1-methode,listening,2,d,short-answer,"Pour chaque membre, relevez les avis sur les chansons. Exemple : Les jeunes n'écoutent plus Michel Sardou. (Rafael)",,,,,A1,hobby,155
cosmopolite-a1-methode,grammar,FOCUS LANGUE,1,fill-in,Observez. Complétez à l'aide des conseils de Christel1 (activité 6) : impératif présent / pouvoir + infinitif / il faut + infinitif / conseiller + de + infinitif / si + présent + impératif.,,,,,A1,hobby,156
cosmopolite-a1-methode,reading,5,a,short-answer,Quelle est la demande d'Archi1 ? Pourquoi ?,,,,"Il demande de conseiller un spectacle français à voir à Madrid, car il est passionné de culture française.",A1,hobby,156
cosmopolite-a1-methode,reading,6,a,fill-in,Complétez le tableau : Pour le choix du spectacle — Christel2 donne des conseils : … / … Ça vaut vraiment le coup !,,,,"Je te conseille de tout faire ! / Choisis la pièce de théâtre, Un dîner d'adieu. Elle est géniale.",A1,hobby,156
cosmopolite-a1-methode,speaking,7,a,speaking-task,Choisissez le dernier film ou spectacle que vous avez vu (activité 3).,,,,(open-ended),A1,hobby,156
cosmopolite-a1-methode,reading,5,b,short-answer,Est-ce que Christel2 répond à la demande d'Archi1 ?,,,,"Oui, elle lui conseille l'agenda culturel de l'Institut français de Madrid.",A1,hobby,156
cosmopolite-a1-methode,reading,6,b,fill-in,Complétez le tableau : Sur la réservation — Archi1 demande des conseils : …,,,,"À ton avis, il faut réserver ?",A1,hobby,156
cosmopolite-a1-methode,reading,6,c,fill-in,Complétez le tableau : Sur la réservation — Christel2 donne des conseils : …,,,,"Oui, il faut absolument réserver !",A1,hobby,156
cosmopolite-a1-methode,speaking,7,c,speaking-task,Donnez votre opinion. Justifiez.,,,,(open-ended),A1,hobby,156
cosmopolite-a1-methode,reading,6,d,fill-in,Complétez le tableau : Quand réserver ? — Archi1 demande des conseils : …,,,,"Et pour réserver, je fais comment ?",A1,hobby,156
cosmopolite-a1-methode,speaking,7,d,speaking-task,Présentez ce film ou ce spectacle à la classe. Conseillez ou déconseillez d'aller le voir.,,,,(open-ended),A1,hobby,156
cosmopolite-a1-methode,reading,6,e,fill-in,Complétez le tableau : Quand réserver ? — Christel2 donne des conseils : Évite de réserver sur Internet. …,,,,Tu peux faire ta réservation par téléphone.,A1,hobby,156
cosmopolite-a1-methode,reading,6,f,fill-in,Complétez le tableau : Le soir du spectacle — Christel2 donne des conseils : …,,,,"N'hésite pas à arriver une demi-heure avant le début, tu attendras moins !",A1,hobby,156
cosmopolite-a1-methode,reading,1a,1,short-answer,Qu'est-ce qu'il propose ?,,,,Un site de brainstorming pour trouver un thème de soirée original.,A1,hobby,157
cosmopolite-a1-methode,reading,1b,1,matching,Associez les photos aux soirées.,,,,1=Paola (jeux de société) ; 2=Faustine (déguisée en équipes) ; 3=Nicolas (gages) ; 4=Jack (internationale) ; 5=Wandrille (fête foraine),A1,hobby,157
cosmopolite-a1-methode,reading,3,1,short-answer,Relisez (doc. 1). Relevez les conseils et les instructions pour proposer un thème de soirée original.,,,,,A1,hobby,157
cosmopolite-a1-methode,reading,1a,2,short-answer,Quelle est la question posée ?,,,,Quel est pour vous un thème de soirée vraiment original ?,A1,hobby,157
cosmopolite-a1-methode,reading,1a,3,short-answer,Quel est le prix à gagner ?,,,,Un repas pour deux dans un super resto.,A1,hobby,157
cosmopolite-a1-methode,reading,2,a,matching,Daniel aime participer à des jeux et gagner des cadeaux.,,,,Wandrille : soirée fête foraine,A1,hobby,157
cosmopolite-a1-methode,reading,2,b,matching,Damien et Emmanuelle organisent une fête avec leurs amis étrangers.,,,,Jack : soirée internationale,A1,hobby,157
cosmopolite-a1-methode,reading,2,c,matching,Smitha a invité ses amis et leurs enfants.,,,,Paola : soirée jeux de société,A1,hobby,157
cosmopolite-a1-methode,reading,2,d,matching,Romina adore les déguisements.,,,,Faustine : soirée déguisée en équipes,A1,hobby,157
cosmopolite-a1-methode,reading,2,e,matching,Joao veut faire la fête toute la nuit.,,,,Nicolas : soirée « gages »,A1,hobby,157
cosmopolite-a1-methode,listening,5,1,short-answer,Écoutez la conversation entre amis (doc. 2). Identifiez le thème de la soirée et les personnes concernées.,,,,"Anniversaire (surprise) de Max, organisé par François et ses amis.",A1,hobby,158
cosmopolite-a1-methode,listening,6,1,short-answer,"Réécoutez (doc. 2). Aidez François à prendre des notes pour préparer la soirée (date, lieu, musique, invités, cadeau).",,,,,A1,hobby,158
cosmopolite-a1-methode,grammar,FOCUS LANGUE a,1,short-answer,On lui organise un anniversaire surprise ?,,,,Max,A1,hobby,158
cosmopolite-a1-methode,grammar,FOCUS LANGUE b,1,fill-in,"Complétez la règle : 1. Les pronoms COI remplacent … . 2. J'utilise le pronom … pour remplacer la 3ᵉ personne du singulier et … pour remplacer la 3ᵉ personne du pluriel. 3. Le pronom COI se place en général … le verbe. Avec deux verbes, le pronom se place … l'infinitif.",,,,1. des personnes ; 2. lui / leur ; 3. avant le verbe ; avant l'infinitif,A1,hobby,158
cosmopolite-a1-methode,grammar,FOCUS LANGUE c,1,fill-in,"À l'impératif affirmatif, le pronom COI se place … le verbe. Exemple : Dites-leur de venir habillés en tenue traditionnelle.",,,,après,A1,hobby,158
cosmopolite-a1-methode,grammar,FOCUS LANGUE a,2,short-answer,Je veux bien lui envoyer un texto pour lui poser la question.,,,,Sarah,A1,hobby,158
cosmopolite-a1-methode,grammar,FOCUS LANGUE a,3,short-answer,Je peux leur parler de notre surprise.,,,,les voisins,A1,hobby,158
cosmopolite-a1-methode,grammar,FOCUS LANGUE a,4,short-answer,On lui offre quoi ?,,,,Max,A1,hobby,158
cosmopolite-a1-methode,grammar,FOCUS LANGUE a,5,short-answer,On leur offre un cadeau pour quatre ?,,,,la famille de Max,A1,hobby,158
cosmopolite-a1-methode,speaking,4,a,speaking-task,Vous votez pour quelle idée du document 1 ? Pourquoi ?,,,,(open-ended),A1,hobby,158
cosmopolite-a1-methode,listening,7,a,true-false,"Écoutez. Dites si vous entendez le son [w]. Exemple : Et toi, tu t'occupes de quoi ? → oui",,,,,A1,hobby,158
cosmopolite-a1-methode,speaking,8,a,speaking-task,Proposez des idées de thèmes de soirée (une idée par personne) (activité 4).,,,,(open-ended),A1,hobby,158
cosmopolite-a1-methode,speaking,4,b,speaking-task,"À votre avis, qu'est-ce qu'un thème de soirée original ? Quels sont les thèmes de soirée qui ont du succès dans votre pays ?",,,,(open-ended),A1,hobby,158
cosmopolite-a1-methode,listening,7,b,true-false,"Écoutez. Dites si vous entendez le son [ɥ]. Exemple : Son anniversaire, c'est bien le huit ? → oui",,,,,A1,hobby,158
cosmopolite-a1-methode,writing,8,b,writing-task,Rédigez vos propositions et vos conseils.,,,,(open-ended),A1,hobby,158
cosmopolite-a1-methode,speaking,4,c,speaking-task,Partagez vos thèmes de soirée avec la classe. Comparez avec les thèmes proposés sur le site. Sont-ils très différents ? Similaires ?,,,,(open-ended),A1,hobby,158
cosmopolite-a1-methode,speaking,7,c,speaking-task,Écoutez. Dites si vous entendez [w] ou [ɥ]. Répétez.,,,,(open-ended),A1,hobby,158
cosmopolite-a1-methode,listening,1d,1,short-answer,Quelle activité décrit Jérémy le jeudi 23 juillet ?,,,,Visite de Giverny – Maison de Claude Monet,A1,hobby,159
cosmopolite-a1-methode,listening,1d,2,short-answer,Qui est Claude Monet ?,,,,Un peintre impressionniste français.,A1,hobby,159
cosmopolite-a1-methode,listening,1d,3,short-answer,Combien coûte l'excursion ?,,,,,A1,hobby,159
cosmopolite-a1-methode,listening,1d,4,short-answer,Qu'est-ce qui est compris dans le prix ?,,,,,A1,hobby,159
cosmopolite-a1-methode,listening,1d,5,short-answer,Où faut-il réserver et pourquoi ?,,,,,A1,hobby,159
cosmopolite-a1-methode,listening,1,a,short-answer,Regardez cette image extraite de la vidéo. Faites des hypothèses. Qui est cet homme ? Qu'est-ce qu'il présente ? Pour quelle institution ?,,,,,A1,hobby,159
cosmopolite-a1-methode,listening,1,c,short-answer,"Retrouvez les activités présentées par Jérémy dans le programme. Exemple : ciné-clubs (1er, 7, 16, 22, 29 juillet).",,,,,A1,hobby,159
cosmopolite-a1-methode,listening,1,e,short-answer,Regardez la fin de la présentation du programme. Quelles sont les trois informations pratiques données par Jérémy ?,,,,,A1,hobby,159
cosmopolite-a1-methode,speaking,1,f,speaking-task,"Que pensez-vous de la soirée « Oh là là » ? Vous avez déjà participé à une soirée « à la française » ? Vous aimeriez l'organiser dans votre pays ? En petits groupes, partagez vos idées pour organiser ce type de soirée.",,,,(open-ended),A1,hobby,159
cosmopolite-a1-methode,reading,2a,1,short-answer,On peut utiliser ce site pour quoi faire ?,,,,Planifier et organiser un événement (gratuitement).,A1,hobby,160
cosmopolite-a1-methode,reading,2b,1,matching,"Associez les événements aux photos : réunion entre amis, anniversaire, soirée filles, mariage, soirée de nouvel an, réveillon de Noël, repas entre amis, soirée karaoké.",,,,a=anniversaire; b=soirée karaoké; c=mariage; d=repas entre amis; e=réveillon de Noël; f=soirée filles; g=soirée de nouvel an; h=réunion entre amis,A1,hobby,160
cosmopolite-a1-methode,writing,Carnet culturel,1,writing-task,"Les activités culturelles françaises dans ma ville (où, quels types d'activités ?) : …",,,,(open-ended),A1,hobby,160
cosmopolite-a1-methode,reading,2a,2,short-answer,Qu'est-ce que ce site propose pour vous aider à l'utiliser ?,,,,Des modèles Zoutch! et une rubrique « Comment ça marche ? ».,A1,hobby,160
cosmopolite-a1-methode,writing,Carnet culturel,2,writing-task,J'aimerais participer à une soirée « à la française ». Je m'informe (qui contacter dans ma ville ?) : …,,,,(open-ended),A1,hobby,160
cosmopolite-a1-methode,reading,2c,bleue,short-answer,J'ai besoin de 3 plats. J'ai besoin de 3 desserts. J'ai besoin de 5 boissons.,,,,Repas entre amis,A1,hobby,160
cosmopolite-a1-methode,writing,2,d,writing-task,En petits groupes. Créez un zoutch ! Choisissez un type de soirée. Rédigez un message pour demander à vos contacts de participer.,,,,(open-ended),A1,hobby,160
cosmopolite-a1-methode,reading,2c,orange,short-answer,Qui veut bien acheter le cadeau ?,,,,Anniversaire,A1,hobby,160
cosmopolite-a1-methode,reading,2c,verte,short-answer,J'ai besoin d'un vidéoprojecteur. Qui peut apporter des DVD de karaoké ?,,,,Soirée karaoké,A1,hobby,160
cosmopolite-a1-methode,writing,1,1,short-answer,Qu'est-ce qu'il faut faire pour organiser une soirée ? Légendez les dessins. Exemple : dessin a → Réfléchir à plusieurs.,,,,(open-ended),A1,hobby,161
cosmopolite-a1-methode,writing,4,1,writing-task,Répartissez-vous les tâches. GROUPE 1 — Avec qui (les invités) ? GROUPE 2 — Où et combien ? GROUPE 3 — Qui fait quoi ?,,,,(open-ended),A1,hobby,161
cosmopolite-a1-methode,writing,6,1,writing-task,Faites un planning. Confirmez les tâches de chacun. Quoi ? Qui ?,,,,(open-ended),A1,hobby,161
cosmopolite-a1-methode,speaking,Projet ouvert sur le monde,1,speaking-task,Nous réalisons une présentation audio ou vidéo de notre expérience d'apprentissage du français. Nous la publions sur le site de l'école et/ou sur un site de partage.,,,,(open-ended),A1,hobby,161
cosmopolite-a1-methode,speaking,2,a,speaking-task,"Pourquoi organiser une soirée ? Exemples : pour fêter nos progrès, pour se dire au revoir, etc.",,,,(open-ended),A1,hobby,161
cosmopolite-a1-methode,speaking,2,b,speaking-task,Quel type de soirée organiser ? Listez les différents types de soirée présentés dans ce dossier.,,,,(open-ended),A1,hobby,161
cosmopolite-a1-methode,speaking,2,c,speaking-task,Quand ? Proposez une ou plusieurs dates.,,,,(open-ended),A1,hobby,161
cosmopolite-a1-methode,reading,Compréhension des écrits,1,multiple-choice,Cookening est un concept…,seulement anglais.,seulement français.,français et anglais.,seulement français.,A1,food,162
cosmopolite-a1-methode,speaking,Exercice 1,1,speaking-task,"Vous vous présentez : vous parlez de vous, de votre famille, de vos études, de votre métier.",,,,(open-ended),A1,food,162
cosmopolite-a1-methode,speaking,Exercice 2,1,speaking-task,Vous posez des questions à un(e) étudiant(e) de votre cours à partir des mots suivants. Plat ? Cuisson ? Déguisé ? Réserver ? Soirée ? Conseiller ?,,,,(open-ended),A1,food,162
cosmopolite-a1-methode,speaking,Exercice 3,1,speaking-task,"À deux. Vous étudiez en France. C'est bientôt la fin des cours de langue et vous voulez organiser un repas de fin d'année avec les étudiants de votre groupe. Vous posez des questions au serveur d'un restaurant (type de cuisine, atmosphère, prix) et vous réservez une table (nombre de personnes, jour, heure).",,,,(open-ended),A1,food,162
cosmopolite-a1-methode,reading,Compréhension des écrits,2,short-answer,Quelles sont les deux passions des personnes qui ont créé Cookening ?,,,,La gastronomie et les voyages.,A1,food,162
cosmopolite-a1-methode,reading,Compréhension des écrits,3,multiple-choice,"Sur le site Internet de Cookening, comment les hôtes présentent leurs plats ?",Ils mettent des photos.,Ils font une description.,Ils donnent les recettes.,Ils mettent des photos.,A1,food,162
cosmopolite-a1-methode,reading,Compréhension des écrits,4,short-answer,Qu'est-ce qu'on peut faire sur le site Internet de Cookening ?,,,,Réserver sa table pour le déjeuner ou le dîner chez l'habitant.,A1,food,162
cosmopolite-a1-methode,reading,Compréhension des écrits,5,short-answer,"Avec Cookening, quel est le prix maximum d'un repas chez l'habitant ?",,,,30 euros.,A1,food,162
cosmopolite-a1-methode,grammar,5,1,fill-in,60 − 11 = … .,,,,quarante-neuf (49),A1,mixed,163
cosmopolite-a1-methode,grammar,5,2,fill-in,25 + 6 = … .,,,,trente et un (31),A1,mixed,163
cosmopolite-a1-methode,grammar,5,3,fill-in,12 + 4 = … .,,,,seize (16),A1,mixed,163
cosmopolite-a1-methode,grammar,5,4,fill-in,3 × 2 = … .,,,,six (6),A1,mixed,163
cosmopolite-a1-methode,grammar,5,5,fill-in,59 + 8 = … .,,,,soixante-sept (67),A1,mixed,163
cosmopolite-a1-methode,grammar,5,6,fill-in,10 + 10 + 10 = … .,,,,trente (30),A1,mixed,163
cosmopolite-a1-methode,grammar,5,7,fill-in,8 + 12 = … .,,,,vingt (20),A1,mixed,163
cosmopolite-a1-methode,grammar,5,8,fill-in,7 × 3 = … .,,,,vingt et un (21),A1,mixed,163
cosmopolite-a1-methode,grammar,1,a,fill-in,"Bonjour, … m'appelle Marie. Et vous ? … vous appelez comment ? – … m'appelle Frans.",,,,je / vous / je,A1,mixed,163
cosmopolite-a1-methode,grammar,2,a,short-answer,Épelez le prénom : Thérèse,,,,(open-ended épellation),A1,mixed,163
cosmopolite-a1-methode,grammar,3,a,fill-in,Remplacez chaque lettre par la lettre qui précède dans l'alphabet : CJFOWFOVF !,,,,Bienvenue !,A1,mixed,163
cosmopolite-a1-methode,grammar,6,a,fill-in,Complétez avec les mois de l'année et les saisons : M…I / … (allée d'arbres en fleurs roses),,,,MAI / le printemps,A1,mixed,163
cosmopolite-a1-methode,grammar,7,a,fill-in,Mettez les jours de la semaine dans l'ordre : simade,,,,samedi,A1,mixed,163
cosmopolite-a1-methode,grammar,1,b,fill-in,"Salut ! Comment … t'appelles ? Moi, … m'appelle Alexandra. – … m'appelle Vesna.",,,,tu / je / je,A1,mixed,163
cosmopolite-a1-methode,grammar,2,b,short-answer,Épelez le prénom : Stéphane,,,,(open-ended épellation),A1,mixed,163
cosmopolite-a1-methode,grammar,3,b,fill-in,Remplacez chaque lettre par la lettre qui précède dans l'alphabet : NFSDJ !,,,,Merci !,A1,mixed,163
cosmopolite-a1-methode,grammar,4,b,fill-in,Complétez le tableau : … (pays) → Bruxelles (capitale),,,,la Belgique,A1,mixed,163
cosmopolite-a1-methode,grammar,6,b,fill-in,Complétez avec les mois de l'année et les saisons : JUILL… / … (allée d'arbres au feuillage vert dense),,,,JUILLET / l'été,A1,mixed,163
cosmopolite-a1-methode,grammar,7,b,fill-in,Mettez les jours de la semaine dans l'ordre : ercmride,,,,mercredi,A1,mixed,163
cosmopolite-a1-methode,grammar,1,c,fill-in,Je m'appelle Igor et … s'appelle Anna.,,,,elle,A1,mixed,163
cosmopolite-a1-methode,grammar,2,c,short-answer,Épelez le prénom : Cécile,,,,(open-ended épellation),A1,mixed,163
cosmopolite-a1-methode,grammar,3,c,fill-in,Remplacez chaque lettre par la lettre qui précède dans l'alphabet : QBSEPO !,,,,Pardon !,A1,mixed,163
cosmopolite-a1-methode,grammar,4,c,fill-in,Complétez le tableau : … (pays) → Beyrouth (capitale),,,,le Liban,A1,mixed,163
cosmopolite-a1-methode,grammar,6,c,fill-in,Complétez avec les mois de l'année et les saisons : …EMBRE… / … (allée d'arbres aux feuilles orangées et jaunes),,,,(septembre/octobre/novembre) / l'automne,A1,mixed,163
cosmopolite-a1-methode,grammar,7,c,fill-in,Mettez les jours de la semaine dans l'ordre : ujdei,,,,jeudi,A1,mixed,163
cosmopolite-a1-methode,grammar,1,d,fill-in,Tu t'appelles Anna et … s'appelle Igor. C'est ça ?,,,,il,A1,mixed,163
cosmopolite-a1-methode,grammar,2,d,short-answer,Épelez le prénom : Zara,,,,(open-ended épellation),A1,mixed,163
cosmopolite-a1-methode,grammar,3,d,fill-in,Remplacez chaque lettre par la lettre qui précède dans l'alphabet : CPOKPVS !,,,,Bonjour !,A1,mixed,163
cosmopolite-a1-methode,grammar,4,d,fill-in,Complétez le tableau : … (pays) → Bamako (capitale),,,,le Mali,A1,mixed,163
cosmopolite-a1-methode,grammar,6,d,fill-in,Complétez avec les mois de l'année et les saisons : F…VRIER / … (allée d'arbres dénudés couverts de neige),,,,FÉVRIER / l'hiver,A1,mixed,163
cosmopolite-a1-methode,grammar,7,d,fill-in,Mettez les jours de la semaine dans l'ordre : evdidnre,,,,vendredi,A1,mixed,163
cosmopolite-a1-methode,grammar,2,e,short-answer,Épelez le prénom : Cassiopée,,,,(open-ended épellation),A1,mixed,163
cosmopolite-a1-methode,grammar,3,e,fill-in,Remplacez chaque lettre par la lettre qui précède dans l'alphabet : TJM WPVT QMBJU ?,,,,S'il vous plaît ?,A1,mixed,163
cosmopolite-a1-methode,grammar,4,e,fill-in,Complétez le tableau : le Sénégal (pays) → … (capitale),,,,Dakar,A1,mixed,163
cosmopolite-a1-methode,grammar,7,e,fill-in,Mettez les jours de la semaine dans l'ordre : cimadneh,,,,dimanche,A1,mixed,163
cosmopolite-a1-methode,grammar,2,f,short-answer,Épelez le prénom : Célestin,,,,(open-ended épellation),A1,mixed,163
cosmopolite-a1-methode,grammar,3,f,fill-in,Remplacez chaque lettre par la lettre qui précède dans l'alphabet : BV SFWPJS !,,,,Au revoir !,A1,mixed,163
cosmopolite-a1-methode,grammar,4,f,fill-in,Complétez le tableau : … (pays) → Antananarivo (capitale),,,,Madagascar,A1,mixed,163
cosmopolite-a1-methode,grammar,4,g,fill-in,Complétez le tableau : … (pays) → Ottawa (capitale),,,,le Canada,A1,mixed,163
cosmopolite-a1-methode,grammar,4,h,fill-in,Complétez le tableau : … (pays) → Tunis (capitale),,,,la Tunisie,A1,mixed,163
cosmopolite-a1-methode,grammar,4,i,fill-in,Complétez le tableau : … (pays) → Berne (capitale),,,,la Suisse,A1,mixed,163
cosmopolite-a1-methode,grammar,4,j,fill-in,Complétez le tableau : la Côte d'Ivoire (pays) → … (capitale),,,,Yamoussoukro,A1,mixed,163
cosmopolite-a1-methode,listening,2,1,short-answer,Écoutez. Dites dans quelle syllabe vous entendez [y].,,,,,A1,personal-info,164
cosmopolite-a1-methode,listening,3,1,speaking-task,"Écoutez. Vous entendez [y], saluez de manière informelle. Vous entendez [u], saluez de manière formelle.",,,,,A1,personal-info,164
cosmopolite-a1-methode,grammar,4,1,matching,"Choisissez l'article indéfini qui convient : présentation, situation, questions, conversation, professions, homme, femme, étudiant, dialogue.",,,,"un : homme, étudiant, dialogue ; une : présentation, situation, femme, conversation ; des : questions, professions",A1,personal-info,164
cosmopolite-a1-methode,grammar,5,1,matching,Associez les mots interrogatifs aux photos. (Plusieurs réponses possibles.) a. Où ? b. Qui ? c. Quand ? d. Quelle saison ? e. Quoi ?,,,,1=d; 2=a/c; 3=a; 4=b/e; 5=b/e,A1,personal-info,164
cosmopolite-a1-methode,grammar,1,a,fill-in,"Saluez votre professeur. Élève : … Professeur : Bonjour ! Élève : … Professeur : Je vais très bien, merci. Et vous ? Élève : …",,,,"(open-ended: Bonjour ! / Comment allez-vous ? / Je vais bien, merci.)",A1,personal-info,164
cosmopolite-a1-methode,grammar,6,a,ordering,06 52 95 61 22 → soixante et un • quatre-vingt-quinze • zéro six • vingt-deux • cinquante-deux.,,,,"zéro six, cinquante-deux, quatre-vingt-quinze, soixante et un, vingt-deux",A1,personal-info,164
cosmopolite-a1-methode,grammar,1,b,fill-in,"Saluez votre camarade. – … ! – Salut ! – … ? – Oui, ça va. Et toi ? – … !",,,,"(open-ended: Salut ! / Ça va ? / Ça va bien, merci.)",A1,personal-info,164
cosmopolite-a1-methode,grammar,6,b,ordering,04 93 54 87 99 → quatre-vingt-treize • quatre-vingt-dix-neuf • zéro quatre • quatre-vingt-sept • cinquante-quatre.,,,,"zéro quatre, quatre-vingt-treize, cinquante-quatre, quatre-vingt-sept, quatre-vingt-dix-neuf",A1,personal-info,164
cosmopolite-a1-methode,grammar,6,c,ordering,08 74 20 96 13 → zéro huit • treize • soixante-quatorze • quatre-vingt-seize • vingt.,,,,"zéro huit, soixante-quatorze, vingt, quatre-vingt-seize, treize",A1,personal-info,164
cosmopolite-a1-methode,grammar,6,d,ordering,07 90 66 43 78 → quatre-vingt-dix • soixante-six • soixante-dix-huit • zéro sept • quarante-trois.,,,,"zéro sept, quatre-vingt-dix, soixante-six, quarante-trois, soixante-dix-huit",A1,personal-info,164
cosmopolite-a1-methode,grammar,6,e,ordering,02 85 69 16 73 → soixante-treize • quatre-vingt-cinq • soixante-neuf • zéro deux • seize.,,,,"zéro deux, quatre-vingt-cinq, soixante-neuf, seize, soixante-treize",A1,personal-info,164
cosmopolite-a1-methode,writing,11,1,writing-task,"Complétez le formulaire d'inscription pour les cours de français : Nom, Prénom(s), Nationalité(s), Langues parlées, Téléphone fixe, Téléphone portable, Mél.",,,,(open-ended),A1,personal-info,165
cosmopolite-a1-methode,speaking,13,1,speaking-task,Par deux. Posez des questions à un(e) camarade : nom • prénom • nationalité • numéro de téléphone • âge • langues parlées.,,,,(open-ended),A1,personal-info,165
cosmopolite-a1-methode,speaking,7,a,speaking-task,Par deux. Lisez le numéro de téléphone : 07 89 18 67 98. Votre camarade tape dans les mains pour compter les syllabes.,,,,(open-ended),A1,personal-info,165
cosmopolite-a1-methode,grammar,8,a,fill-in,Xavier est … . (CANADA),,,,canadien,A1,personal-info,165
cosmopolite-a1-methode,grammar,9,a,fill-in,Observez la photo (caméraman). Il est … .,,,,caméraman,A1,personal-info,165
cosmopolite-a1-methode,grammar,10,a,fill-in,Présentez votre professeur : … (prénom et nom de mon professeur). … (nationalité de mon professeur). … mon professeur de français.,,,,"(open-ended, ex. C'est [Nom]. Il/Elle est [nationalité]. C'est mon professeur de français.)",A1,personal-info,165
cosmopolite-a1-methode,grammar,12,a,fill-in,… tu t'appelles ?,,,,Comment,A1,personal-info,165
cosmopolite-a1-methode,speaking,7,b,speaking-task,Par deux. Lisez le numéro de téléphone : 06 61 24 75 83. Votre camarade tape dans les mains pour compter les syllabes.,,,,(open-ended),A1,personal-info,165
cosmopolite-a1-methode,grammar,8,b,fill-in,Saïdou est … . (CAMEROUN),,,,camerounais,A1,personal-info,165
cosmopolite-a1-methode,grammar,9,b,fill-in,Observez la photo (un homme qui chante). Il est … .,,,,chanteur,A1,personal-info,165
cosmopolite-a1-methode,grammar,10,b,fill-in,Présentez une amie : … (prénom de mon amie). … étudiante de l'université de Keio (Tokyo). … (nationalité de mon amie). … mon amie.,,,,(open-ended),A1,personal-info,165
cosmopolite-a1-methode,grammar,12,b,fill-in,… est ta nationalité ?,,,,Quelle,A1,personal-info,165
cosmopolite-a1-methode,speaking,7,c,speaking-task,Par deux. Lisez le numéro de téléphone : 07 82 31 64 77. Votre camarade tape dans les mains pour compter les syllabes.,,,,(open-ended),A1,personal-info,165
cosmopolite-a1-methode,grammar,8,c,fill-in,Thu est … . (VIETNAM),,,,vietnamien / vietnamienne,A1,personal-info,165
cosmopolite-a1-methode,grammar,9,c,fill-in,"Observez la photo (une reporter, micro à la main). Elle est … .",,,,journaliste / reporter,A1,personal-info,165
cosmopolite-a1-methode,grammar,12,c,fill-in,… sont tes numéros de téléphone ?,,,,Quels,A1,personal-info,165
cosmopolite-a1-methode,speaking,7,d,speaking-task,Par deux. Lisez le numéro de téléphone : 06 11 76 84 99. Votre camarade tape dans les mains pour compter les syllabes.,,,,(open-ended),A1,personal-info,165
cosmopolite-a1-methode,grammar,8,d,fill-in,Vladimir est … . (RUSSIE),,,,russe,A1,personal-info,165
cosmopolite-a1-methode,grammar,9,d,fill-in,Observez la photo (un homme qui dessine). Il est … .,,,,dessinateur,A1,personal-info,165
cosmopolite-a1-methode,grammar,12,d,fill-in,… est ta profession ?,,,,Quelle,A1,personal-info,165
cosmopolite-a1-methode,speaking,7,e,speaking-task,Par deux. Lisez le numéro de téléphone : 07 63 84 76 45. Votre camarade tape dans les mains pour compter les syllabes.,,,,(open-ended),A1,personal-info,165
cosmopolite-a1-methode,grammar,8,e,fill-in,Gemma est … . (ANGLETERRE),,,,anglaise,A1,personal-info,165
cosmopolite-a1-methode,grammar,12,e,fill-in,… âge tu as ?,,,,Quel,A1,personal-info,165
cosmopolite-a1-methode,speaking,7,f,speaking-task,Par deux. Lisez le numéro de téléphone : 06 78 27 91 79. Votre camarade tape dans les mains pour compter les syllabes.,,,,(open-ended),A1,personal-info,165
cosmopolite-a1-methode,grammar,8,f,fill-in,Sissi est … . (CHINE),,,,chinoise,A1,personal-info,165
cosmopolite-a1-methode,grammar,12,f,fill-in,… langues tu parles ?,,,,Quelles,A1,personal-info,165
cosmopolite-a1-methode,grammar,8,g,fill-in,Camille est … . (ROUMANIE),,,,roumain / roumaine,A1,personal-info,165
cosmopolite-a1-methode,grammar,12,g,fill-in,… tu étudies le français ?,,,,Pourquoi,A1,personal-info,165
cosmopolite-a1-methode,writing,14,1,writing-task,"Présentez Angelina (Nom/Prénom : LARINA Angelina, Âge : 31 ans, Nationalité : russe, Profession : secrétaire, Langues parlées : russe et anglais, Situation : étudiante de français).",,,,(open-ended: ex. Elle s'appelle Angelina Larina. Elle a 31 ans. Elle est russe. Elle est secrétaire. Elle parle russe et anglais. Elle est étudiante de français.),A1,personal-info,166
cosmopolite-a1-methode,grammar,15,1,fill-in,Coucou Lucas ! Ça va ? ___ travail ?,,,,Ton,A1,personal-info,166
cosmopolite-a1-methode,writing,16,1,writing-task,"Par deux. Complétez la fiche d'inscription d'un(e) camarade : Nom, Prénom(s), Nationalité(s), Âge, Langue maternelle, Numéro de téléphone, J'étudie le français (pour / parce que).",,,,(open-ended),A1,personal-info,166
cosmopolite-a1-methode,grammar,15,2,fill-in,Je suis toujours professeur à l'Alliance française de Wuhan. ___ classe est très sympa.,,,,Ma,A1,personal-info,166
cosmopolite-a1-methode,grammar,15,3,fill-in,C'est ___ classe ????,,,,ta,A1,personal-info,166
cosmopolite-a1-methode,grammar,15,4,fill-in,Non ! c'est ___ nouvelle publicité !,,,,notre,A1,personal-info,166
cosmopolite-a1-methode,grammar,15,5,fill-in,"Dans ___ groupe d'étudiants, il y a des filles aussi !",,,,notre,A1,personal-info,166
cosmopolite-a1-methode,grammar,15,6,fill-in,Super ! ___ publicité est fantastique !,,,,Votre,A1,personal-info,166
cosmopolite-a1-methode,speaking,17,a,speaking-task,Quelles langues vous parlez ?,,,,(open-ended),A1,personal-info,166
cosmopolite-a1-methode,grammar,18,a,fill-in,Je (s'appeler) … Lucas.,,,,m'appelle,A1,personal-info,166
cosmopolite-a1-methode,speaking,17,b,speaking-task,Pourquoi vous étudiez le français ?,,,,(open-ended),A1,personal-info,166
cosmopolite-a1-methode,grammar,18,b,fill-in,"Nous (aller) … bien, merci.",,,,allons,A1,personal-info,166
cosmopolite-a1-methode,speaking,17,c,speaking-task,Quelle est votre nationalité ?,,,,(open-ended),A1,personal-info,166
cosmopolite-a1-methode,grammar,18,c,fill-in,Elle (être) … suédoise.,,,,est,A1,personal-info,166
cosmopolite-a1-methode,speaking,17,d,speaking-task,Comment ça va ?,,,,(open-ended),A1,personal-info,166
cosmopolite-a1-methode,grammar,18,d,fill-in,Ils (être) … professeurs.,,,,sont,A1,personal-info,166
cosmopolite-a1-methode,speaking,17,e,speaking-task,Quel âge vous avez ?,,,,(open-ended),A1,personal-info,166
cosmopolite-a1-methode,grammar,18,e,fill-in,Comment tu (s'appeler) … ?,,,,t'appelles,A1,personal-info,166
cosmopolite-a1-methode,speaking,17,f,speaking-task,Quel est ton numéro de téléphone ?,,,,(open-ended),A1,personal-info,166
cosmopolite-a1-methode,grammar,18,f,fill-in,Vous (parler) … chinois ?,,,,parlez,A1,personal-info,166
cosmopolite-a1-methode,speaking,17,g,speaking-task,Comment vous vous appelez ?,,,,(open-ended),A1,personal-info,166
cosmopolite-a1-methode,grammar,18,g,fill-in,Comment tu (aller) … ?,,,,vas,A1,personal-info,166
cosmopolite-a1-methode,grammar,18,h,fill-in,"Et vous, comment (aller) …-vous ?",,,,allez,A1,personal-info,166
cosmopolite-a1-methode,grammar,18,i,fill-in,Vous (s'appeler) … comment ?,,,,vous appelez,A1,personal-info,166
cosmopolite-a1-methode,grammar,18,j,fill-in,Nous (s'appeler) … Nicolas et Véronique.,,,,nous appelons,A1,personal-info,166
cosmopolite-a1-methode,grammar,18,k,fill-in,Vous (avoir) … quel âge ?,,,,avez,A1,personal-info,166
cosmopolite-a1-methode,grammar,18,l,fill-in,J'(avoir) … 30 ans.,,,,ai,A1,personal-info,166
cosmopolite-a1-methode,grammar,3,1,fill-in,"À Nice, il y a … musée populaire, c'est … musée Matisse. … jardins de Cimiez se trouvent à côté du musée. J'adore … restaurant Le Bistrot d'Antoine, la cuisine est bonne. … place Masséna est grande, elle est près de la mer. Il y a … bars et … discothèques. Nice est … ville magnifique !",,,,un / le / Les / le / La / des / des / une,A1,travel,168
cosmopolite-a1-methode,grammar,1,a,fill-in,"Pise, Italie → Mon conseil : … (pour passer le week-end)",,,,"Mon conseil : aller à Pise, en Italie, pour passer le week-end.",A1,travel,168
cosmopolite-a1-methode,listening,2,a,short-answer,"Écoutez les trois noms de pays. Dites si le pays au pluriel est en première (1), deuxième (2) ou troisième (3) position. Exemple : le Pérou • les Philippines • le Chili. → Deuxième position.",,,,,A1,travel,168
cosmopolite-a1-methode,grammar,4,a,fill-in,Fès (Maroc) • restaurant • Riad Rcif,,,,"À Fès, il y a un restaurant. C'est le restaurant Riad Rcif.",A1,travel,168
cosmopolite-a1-methode,grammar,1,b,fill-in,"Rio, Brésil → Mon conseil : … (pour danser la samba)",,,,"Mon conseil : aller à Rio, au Brésil, pour danser la samba.",A1,travel,168
cosmopolite-a1-methode,speaking,2,b,speaking-task,"Enregistrez-vous. Écoutez-vous et autoévaluez-vous. Dans ma production, je fais la différence entre le et les : oui / parfois / non.",,,,(open-ended),A1,travel,168
cosmopolite-a1-methode,grammar,4,b,fill-in,Lima (Pérou) • cathédrale • Plaza Mayor,,,,"À Lima, il y a une cathédrale. C'est la cathédrale Plaza Mayor.",A1,travel,168
cosmopolite-a1-methode,grammar,1,c,fill-in,"Londres, Royaume-Uni → Mon conseil : … (pour faire du shopping)",,,,"Mon conseil : aller à Londres, au Royaume-Uni, pour faire du shopping.",A1,travel,168
cosmopolite-a1-methode,grammar,4,c,fill-in,Le Caire (Égypte) • fleuve • le Nil,,,,"Au Caire, il y a un fleuve. C'est le Nil.",A1,travel,168
cosmopolite-a1-methode,grammar,1,d,fill-in,"Istanbul, Turquie → Mon conseil : … (pour découvrir le palais de Topkapi)",,,,"Mon conseil : aller à Istanbul, en Turquie, pour découvrir le palais de Topkapi.",A1,travel,168
cosmopolite-a1-methode,grammar,4,d,fill-in,Nice (France) • promenade • promenade des Anglais,,,,"À Nice, il y a une promenade. C'est la promenade des Anglais.",A1,travel,168
cosmopolite-a1-methode,grammar,1,e,fill-in,"Berlin, Allemagne → Mon conseil : … (pour les vacances)",,,,"Mon conseil : aller à Berlin, en Allemagne, pour les vacances.",A1,travel,168
cosmopolite-a1-methode,grammar,4,e,fill-in,Moscou (Russie) • galerie • Tretiakov,,,,"À Moscou, il y a une galerie. C'est la galerie Tretiakov.",A1,travel,168
cosmopolite-a1-methode,grammar,5,1,matching,Associez les prépositions de lieu aux dessins. a. loin de b. sur c. derrière d. près de e. entre f. à gauche de g. dans h. devant i. sous j. à droite de,,,,,A1,city-places,169
cosmopolite-a1-methode,reading,6,a,matching,Lille se trouve au nord de la France et à l'ouest de la Belgique.,,,,,A1,city-places,169
cosmopolite-a1-methode,listening,7,a,short-answer,Écoutez. Dites si vous entendez deux ou trois syllabes. Répétez les mots.,,,,,A1,city-places,169
cosmopolite-a1-methode,grammar,8,a,fill-in,Nous … au restaurant. Nous … le taxi.,,,,allons / prenons,A1,city-places,169
cosmopolite-a1-methode,writing,9,a,writing-task,Faites une phrase avec le verbe aller ou prendre + une destination + un moyen de transport (Tu …).,,,,(open-ended),A1,city-places,169
cosmopolite-a1-methode,grammar,10,a,fill-in,Je suis vietnamienne. (+) → (–),,,,Je ne suis pas vietnamienne.,A1,city-places,169
cosmopolite-a1-methode,reading,6,b,matching,"Limoges est une ville du centre de la France, au sud de Paris.",,,,,A1,city-places,169
cosmopolite-a1-methode,speaking,7,b,speaking-task,"Enregistrez-vous. Écoutez-vous et autoévaluez-vous. Dans ma production, je respecte le nombre de syllabes : oui / parfois / non.",,,,(open-ended),A1,city-places,169
cosmopolite-a1-methode,grammar,8,b,fill-in,Il … le bus. Il … à l'aéroport.,,,,prend / va,A1,city-places,169
cosmopolite-a1-methode,writing,9,b,writing-task,Faites une phrase avec le verbe aller ou prendre + une destination + un moyen de transport (Elle …).,,,,(open-ended),A1,city-places,169
cosmopolite-a1-methode,grammar,10,b,fill-in,Pierre va à Libreville. (+) → (–),,,,Pierre ne va pas à Libreville.,A1,city-places,169
cosmopolite-a1-methode,reading,6,c,matching,Bordeaux est au sud-ouest de la France.,,,,,A1,city-places,169
cosmopolite-a1-methode,grammar,8,c,fill-in,Je … à Singapour. Je … l'avion.,,,,vais / prends,A1,city-places,169
cosmopolite-a1-methode,writing,9,c,writing-task,Faites une phrase avec le verbe aller ou prendre + une destination + un moyen de transport (Nous …).,,,,(open-ended),A1,city-places,169
cosmopolite-a1-methode,grammar,10,c,fill-in,Veronica et Eva sont étudiantes. (+) → (–),,,,Veronica et Eva ne sont pas étudiantes.,A1,city-places,169
cosmopolite-a1-methode,reading,6,d,matching,Nice est au sud-est de la France.,,,,,A1,city-places,169
cosmopolite-a1-methode,grammar,8,d,fill-in,Tu … à Aoste. Tu … le train.,,,,vas / prends,A1,city-places,169
cosmopolite-a1-methode,writing,9,d,writing-task,Faites une phrase avec le verbe aller ou prendre + une destination + un moyen de transport (Vous …).,,,,(open-ended),A1,city-places,169
cosmopolite-a1-methode,grammar,10,d,fill-in,Tu vas en Roumanie pour les vacances. (+) → (–),,,,Tu ne vas pas en Roumanie pour les vacances.,A1,city-places,169
cosmopolite-a1-methode,reading,6,e,matching,"Nantes se situe à l'ouest de la France, au sud de Brest.",,,,,A1,city-places,169
cosmopolite-a1-methode,grammar,8,e,fill-in,Vous … le bateau. Vous … en Espagne.,,,,prenez / allez,A1,city-places,169
cosmopolite-a1-methode,writing,9,e,writing-task,Faites une phrase avec le verbe aller ou prendre + une destination + un moyen de transport (Ils …).,,,,(open-ended),A1,city-places,169
cosmopolite-a1-methode,grammar,10,e,fill-in,Nous n'habitons pas à Glasgow. (–) → (+),,,,Nous habitons à Glasgow.,A1,city-places,169
cosmopolite-a1-methode,grammar,8,f,fill-in,Ils … la voiture. Ils … aux thermes.,,,,prennent / vont,A1,city-places,169
cosmopolite-a1-methode,grammar,10,f,fill-in,Vous ne parlez pas français. (–) → (+),,,,Vous parlez français.,A1,city-places,169
cosmopolite-a1-methode,speaking,12,1,speaking-task,"En petits groupes. Posez des questions à vos camarades de classe pour faire connaissance : lieu de naissance, nom/prénom, âge, langues parlées, maison.",,,,(open-ended),A1,personal-info,170
cosmopolite-a1-methode,grammar,16,1,fill-in,Transformez au pluriel : Ce membre accueille des voyageurs.,,,,Ces membres accueillent des voyageurs.,A1,personal-info,170
cosmopolite-a1-methode,reading,17,1,ordering,"Par deux. Remettez le dialogue dans l'ordre. a. Merci ! b. Bonjour, moi c'est Mickaël. c. Ah non, désolé, j'habite au nord de la ville. d. Oui, bien sûr. e. Enchanté, Mickaël. Moi, je m'appelle David. f. De rien ! g. Cool ! Est-ce que tu habites dans le centre-ville ? h. David, je suis à Nantes pour mon travail, et je cherche un hébergement pour une nuit. i. J'ai un canapé si tu veux. j. Ce n'est pas grave. Je peux dormir chez toi, alors ?",,,,"b, e, h, g, c, j, i, d, a, f",A1,personal-info,170
cosmopolite-a1-methode,grammar,16,2,fill-in,Transformez au pluriel : Ce voyageur cherche un lit.,,,,Ces voyageurs cherchent des lits.,A1,personal-info,170
cosmopolite-a1-methode,grammar,16,3,fill-in,Transformez au pluriel : Ce couchsurfer offre un canapé.,,,,Ces couchsurfers offrent des canapés.,A1,personal-info,170
cosmopolite-a1-methode,grammar,16,4,fill-in,Transformez au pluriel : Ce couchsurfer parle français.,,,,Ces couchsurfers parlent français.,A1,personal-info,170
cosmopolite-a1-methode,grammar,16,5,fill-in,Transformez au pluriel : Ce couchsurfeur voyage en Europe.,,,,Ces couchsurfeurs voyagent en Europe.,A1,personal-info,170
cosmopolite-a1-methode,grammar,11,a,multiple-choice,Vous habitez / habitent dans le quartier ?,habitez,habitent,,habitez,A1,personal-info,170
cosmopolite-a1-methode,listening,13,a,true-false,Écoutez. Dites si vous entendez la liaison avec [z]. Exemples : Nous étudions le français. → Oui. Vous travaillez beaucoup. → Non.,,,,,A1,personal-info,170
cosmopolite-a1-methode,grammar,14,a,fill-in,C'est un objet. J'utilise … objet pour lire. Quel est … objet ?,,,,cet / cet (un livre),A1,personal-info,170
cosmopolite-a1-methode,grammar,15,a,fill-in,Donnez l'origine géographique : Nouvelle-Zélande (ils),,,,Ils viennent de Nouvelle-Zélande.,A1,personal-info,170
cosmopolite-a1-methode,grammar,11,b,multiple-choice,"Nous habite / habitons à Bangkok, en Thaïlande.",habite,habitons,,habitons,A1,personal-info,170
cosmopolite-a1-methode,speaking,13,b,speaking-task,"Enregistrez-vous. Écoutez-vous et autoévaluez-vous. Dans ma production, je respecte les liaisons : oui / parfois / non.",,,,(open-ended),A1,personal-info,170
cosmopolite-a1-methode,grammar,14,b,fill-in,C'est une ville. … ville est la capitale de la Colombie. Quelle est … ville ?,,,,Cette / cette (Bogotá),A1,personal-info,170
cosmopolite-a1-methode,grammar,15,b,fill-in,Donnez l'origine géographique : Irlande (elle),,,,Elle vient d'Irlande.,A1,personal-info,170
cosmopolite-a1-methode,grammar,11,c,multiple-choice,J'habiter / habite à Paris.,habiter,habite,,habite,A1,personal-info,170
cosmopolite-a1-methode,grammar,14,c,fill-in,"C'est un musée. Dans … musée, il y a La Joconde. Quel est … musée ?",,,,ce / ce (le Louvre),A1,personal-info,170
cosmopolite-a1-methode,grammar,15,c,fill-in,Donnez l'origine géographique : Sénégal (il),,,,Il vient du Sénégal.,A1,personal-info,170
cosmopolite-a1-methode,grammar,11,d,multiple-choice,Tu habitez / habites en France ?,habitez,habites,,habites,A1,personal-info,170
cosmopolite-a1-methode,grammar,14,d,fill-in,Ce sont des personnes. … personnes pratiquent le couchsurfing. Quelles sont … personnes ?,,,,Ces / ces (les couchsurfers),A1,personal-info,170
cosmopolite-a1-methode,grammar,15,d,fill-in,Donnez l'origine géographique : États-Unis (elles),,,,Elles viennent des États-Unis.,A1,personal-info,170
cosmopolite-a1-methode,grammar,11,e,multiple-choice,Joëlle et Damla habitent / habitons à Istanbul.,habitent,habitons,,habitent,A1,personal-info,170
cosmopolite-a1-methode,grammar,14,e,fill-in,C'est une pratique internationale. … pratique est populaire. Quelle est … pratique ?,,,,Cette / cette (le couchsurfing),A1,personal-info,170
cosmopolite-a1-methode,grammar,11,f,multiple-choice,Soner habiter / habite à côté du café Mila.,habiter,habite,,habite,A1,personal-info,170
cosmopolite-a1-methode,grammar,14,f,fill-in,C'est une langue. … langue est la deuxième langue du couchsurfing. Quelle est … langue ?,,,,Cette / cette (le français),A1,personal-info,170
cosmopolite-a1-methode,reading,3,1,matching,"Observez les photos de famille. Associez les textes aux photos. a « Ma famille compte six membres, c'est une petite famille. Je suis fille unique, je suis mariée et j'ai deux filles magnifiques ! » b « J'ai deux sœurs et deux frères. J'ai un mari et un fils de treize ans. Ils sont dix cousins au total. »",,,,a=Photo 2 (petite famille de cinq personnes) ; b=Photo 1 (grand groupe familial d'une vingtaine de personnes),A1,family,172
cosmopolite-a1-methode,listening,5,1,short-answer,"Écoutez les mots. Dites si vous entendez le son [e] dans le premier mot, le deuxième mot ou le troisième mot. Exemple : famille • frère • aîné → Troisième mot.",,,,,A1,family,172
cosmopolite-a1-methode,grammar,6,1,matching,Classez les adjectifs dans le tableau : bavard • drôle • généreux • bruyant • adorable • agité,,,,"Positifs : drôle, généreux, adorable ; Négatifs : bavard, bruyant, agité",A1,family,172
cosmopolite-a1-methode,grammar,1,a,multiple-choice,Je vis seule avec mon / ma / mes enfants.,mon,ma,mes,mes,A1,family,172
cosmopolite-a1-methode,grammar,2,a,fill-in,Paul est le fils de ma tante. C'est … .,,,,mon cousin,A1,family,172
cosmopolite-a1-methode,grammar,4,a,fill-in,Je suis la tante de Matthieu.,,,,Je suis l'oncle de Matthieu.,A1,family,172
cosmopolite-a1-methode,grammar,1,b,multiple-choice,Voici notre / nos bébé !,notre,nos,,notre,A1,family,172
cosmopolite-a1-methode,grammar,2,b,fill-in,Olga est la femme de mon père. C'est … .,,,,ma belle-mère,A1,family,172
cosmopolite-a1-methode,grammar,4,b,fill-in,Vous êtes la fille de Léonarda.,,,,Vous êtes le fils de Léonarda.,A1,family,172
cosmopolite-a1-methode,grammar,1,c,fill-in,Notre / Nos conseil pour votre / vos problèmes de garde d'enfants : les « au pair » !,,,,Notre ... vos,A1,family,172
cosmopolite-a1-methode,grammar,2,c,fill-in,Erika est le deuxième enfant de mes parents. C'est … .,,,,ma sœur,A1,family,172
cosmopolite-a1-methode,grammar,4,c,fill-in,Tu es le frère de Gonzalo.,,,,Tu es la sœur de Gonzalo.,A1,family,172
cosmopolite-a1-methode,grammar,1,d,fill-in,"Le samedi, Anna, mon / ma / mes au pair, sort avec son / sa / ses ami.",,,,mon ... son,A1,family,172
cosmopolite-a1-methode,grammar,2,d,fill-in,Adam est le père de mon père. C'est … .,,,,mon grand-père,A1,family,172
cosmopolite-a1-methode,grammar,4,d,fill-in,C'est le cousin de Mark.,,,,C'est la cousine de Mark.,A1,family,172
cosmopolite-a1-methode,grammar,1,e,fill-in,"Bienvenue, Julie ! Je te présente ton / ta / tes / mère d'accueil.",,,,ta,A1,family,172
cosmopolite-a1-methode,grammar,2,e,fill-in,Maria est la femme de mon oncle. C'est … .,,,,ma tante,A1,family,172
cosmopolite-a1-methode,grammar,4,e,fill-in,Je suis le père de Lolya.,,,,Je suis la mère de Lolya.,A1,family,172
cosmopolite-a1-methode,grammar,2,f,fill-in,Arthur est le fils de ma grand-mère. C'est … .,,,,mon père (ou mon oncle),A1,family,172
cosmopolite-a1-methode,grammar,4,f,fill-in,C'est l'oncle de Zoé.,,,,C'est la tante de Zoé.,A1,family,172
cosmopolite-a1-methode,speaking,9,1,speaking-task,Par deux. Choisissez une personne de votre classe. Faites sa description physique et psychologique. Présentez la description à la classe. Qui est-ce ?,,,,(open-ended),A1,mixed,173
cosmopolite-a1-methode,listening,10,1,short-answer,"Écoutez les phrases. Dites combien de fois vous entendez une voyelle nasale : une fois, deux fois, trois fois ? Exemple : Aline est mince. → Une fois.",,,,,A1,mixed,173
cosmopolite-a1-methode,speaking,11,1,speaking-task,Parlez de vos goûts. PERSONNES : un acteur ? mon ami(e) ; un chanteur ? mon/ma professeur(e) — OBJETS : les livres ; les transports publics ; le téléphone ; la télévision — ACTIVITÉS : cuisiner ; aller au cinéma ; visiter un musée ; étudier le français.,,,,(open-ended),A1,mixed,173
cosmopolite-a1-methode,speaking,13,1,speaking-task,"Parlez de votre pays et de vos goûts. Utilisez différentes expressions. Citez un objet, une ville, un monument, une spécialité gastronomique.",,,,(open-ended),A1,mixed,173
cosmopolite-a1-methode,grammar,7,a,fill-in,"Tasmin parle beaucoup, elle n'arrête pas ! Elle est très ... .",,,,bavarde,A1,mixed,173
cosmopolite-a1-methode,writing,8,a,writing-task,Caractérisez votre meilleur(e) ami(e). Utilisez monsieur / madame + un adjectif de votre choix. Exemple : monsieur sportif / madame ... .,,,,(open-ended),A1,mixed,173
cosmopolite-a1-methode,grammar,12,a,ordering,cuisiner – Mon – déteste – frère – .,,,,Mon frère déteste cuisiner.,A1,mixed,173
cosmopolite-a1-methode,listening,14,a,short-answer,Écoutez les mots. Dites si vous entendez le son [ɛ] dans le premier ou le deuxième mot. Exemple : Corée ou Suède ? → Deuxième mot.,,,,,A1,mixed,173
cosmopolite-a1-methode,grammar,7,b,fill-in,Mes fils jouent au football et font du karaté. Ils sont ... .,,,,sportifs,A1,mixed,173
cosmopolite-a1-methode,writing,8,b,writing-task,Caractérisez votre professeur. monsieur ... / madame ... .,,,,(open-ended),A1,mixed,173
cosmopolite-a1-methode,grammar,12,b,ordering,"j' – aller – aime – Moi, – à – le – Louvre – visiter – et – bien – Paris – .",,,,"Moi, j'aime bien aller à Paris et visiter le Louvre.",A1,mixed,173
cosmopolite-a1-methode,speaking,14,b,speaking-task,Répétez les mots.,,,,(open-ended),A1,mixed,173
cosmopolite-a1-methode,grammar,7,c,fill-in,"J'ai deux sœurs très ..., elles sont toujours positives.",,,,optimistes,A1,mixed,173
cosmopolite-a1-methode,writing,8,c,writing-task,Caractérisez votre personnalité préférée. monsieur ... / madame ... .,,,,(open-ended),A1,mixed,173
cosmopolite-a1-methode,grammar,12,c,ordering,son – dans – Félix – lire – adore – lit – .,,,,Félix adore lire dans son lit.,A1,mixed,173
cosmopolite-a1-methode,speaking,14,c,speaking-task,"Enregistrez-vous. Écoutez-vous et autoévaluez-vous. Dans ma production, je distingue bien les deux sons [e] et [ɛ] : oui / parfois / non.",,,,(open-ended),A1,mixed,173
cosmopolite-a1-methode,grammar,7,d,fill-in,"George est présent pour sa famille et ses amis, il est vraiment ... .",,,,gentil,A1,mixed,173
cosmopolite-a1-methode,writing,8,d,writing-task,Caractérisez votre père / mère. monsieur ... / madame ... .,,,,(open-ended),A1,mixed,173
cosmopolite-a1-methode,grammar,12,d,ordering,prendre – avion – l' – Vous – aimez – n' – pas – .,,,,Vous n'aimez pas prendre l'avion.,A1,mixed,173
cosmopolite-a1-methode,grammar,7,e,fill-in,"Albert est un génie, il est très ... .",,,,intelligent,A1,mixed,173
cosmopolite-a1-methode,grammar,12,e,ordering,les – Mes – enfants – aiment – du – pas – tout – n' – voyages – .,,,,Mes enfants n'aiment pas du tout les voyages.,A1,mixed,173
cosmopolite-a1-methode,grammar,7,f,fill-in,Petite ? Ah non ! Anna mesure un mètre soixante-quinze : elle est ... .,,,,grande,A1,mixed,173
cosmopolite-a1-methode,grammar,12,f,ordering,Tu – beaucoup – les – goûter – aimes – gastronomiques – des – spécialités – françaises – régions – .,,,,Tu aimes beaucoup goûter les spécialités gastronomiques des régions françaises.,A1,mixed,173
cosmopolite-a1-methode,grammar,15,1,matching,Faites des phrases complètes. Utilisez un élément de chaque colonne : Nous / Ils / Vous / Elle / Tu + travaillons / détestes / aiment / écoute / passez + devant le café «langues» / rencontrer des personnes étrangères / marcher / la radio française / dans une entreprise américaine.,,,,Nous travaillons devant le café «langues». / Ils aiment marcher. / Vous passez dans une entreprise américaine. / Elle écoute la radio française. / Tu détestes rencontrer des personnes étrangères.,A1,mixed,174
cosmopolite-a1-methode,speaking,17,1,speaking-task,"Parlez des activités, comme dans l'exemple. Exemple : Je fais de la danse.",,,,(open-ended),A1,mixed,174
cosmopolite-a1-methode,grammar,18,1,fill-in,"Complétez cette publicité pour le Club Med avec le verbe faire à la personne qui convient : Vos enfants ... du dessin ? Vous ... du théâtre ? Ils ... du tennis ! Tu ... de la sculpture ? Votre fille ... de l'équitation ? Et moi, je ... quoi ?",,,,font / faites / font / fais / fait / fais,A1,mixed,174
cosmopolite-a1-methode,reading,20,1,matching,"Associez les phrases aux photos. a. Atchoum ! Mon nez, ma gorge ! Je vais à la pharmacie ! b. Attention ! Aiiiiieeeee ! Mon pied ! c. Il y a beaucoup de soleil ! J'ai mal aux yeux !",,,,a=Photo 2 (homme se mouchant le nez) ; b=Photo 3 (personne tenant son pied) ; c=Photo 1 (homme se protégeant les yeux du soleil),A1,mixed,174
cosmopolite-a1-methode,grammar,16,a,fill-in,Caroline fait de la musique. Elle est ... .,,,,musicienne,A1,mixed,174
cosmopolite-a1-methode,grammar,19,a,fill-in,"– Paul rêve de partir habiter dans un pays étranger ? – Oh oui, ..., il souhaite partir habiter au Canada. ..., je préfère habiter dans mon pays et voyager à l'étranger pour les vacances.",,,,lui / Moi,A1,mixed,174
cosmopolite-a1-methode,grammar,16,b,fill-in,Émilie travaille pour un journal. Elle est ... .,,,,journaliste,A1,mixed,174
cosmopolite-a1-methode,grammar,19,b,fill-in,"– ..., nous aimons beaucoup marcher dans les petits villages, et ... ? – ... aussi, nous adorons marcher.",,,,Nous / vous / Vous,A1,mixed,174
cosmopolite-a1-methode,grammar,16,c,fill-in,Nathalie travaille à l'hôpital. Elle aide les médecins. Elle est ... .,,,,infirmière,A1,mixed,174
cosmopolite-a1-methode,grammar,19,c,fill-in,"– Mes amis, ..., ils détestent regarder des films en version originale. ..., j'aime bien, et ... ? – ..., j'aime beaucoup les films en version originale, c'est amusant et intéressant !",,,,eux / Moi / toi / Moi,A1,mixed,174
cosmopolite-a1-methode,grammar,16,d,fill-in,Asia joue dans des films. Elle est ... .,,,,actrice,A1,mixed,174
cosmopolite-a1-methode,grammar,16,e,fill-in,Anaïs étudie à l'université. Elle est ... .,,,,étudiante,A1,mixed,174
cosmopolite-a1-methode,grammar,16,f,fill-in,Marie-Noëlle fait des illustrations dans les livres. Elle est ... .,,,,illustratrice,A1,mixed,174
cosmopolite-a1-methode,grammar,1,1,matching,Associez. a. 13 h 45 b. 00 h 30 c. 20 h 15 d. 02 h 55 e. 10 h 40 — 1. Il est trois heures moins cinq du matin. 2. Il est deux heures moins le quart de l'après-midi. 3. Il est minuit et demi. 4. Il est onze heures moins vingt du matin. 5. Il est huit heures et quart du soir.,,,,a=2; b=3; c=5; d=1; e=4,A1,time-dates,176
cosmopolite-a1-methode,speaking,3,1,speaking-task,"Par deux. Décrivez cette journée de safari. Donnez l'heure informelle. Utilisez les articulateurs puis, ensuite, après, d'abord.",,,,(open-ended),A1,time-dates,176
cosmopolite-a1-methode,grammar,5,1,matching,Associez les photos aux verbes : se raser • s'habiller • se doucher • se brosser les dents • se réveiller.,,,,a=s'habiller; b=se réveiller; c=se brosser les dents; d=se raser; e=se doucher,A1,time-dates,176
cosmopolite-a1-methode,grammar,2,a,fill-in,Écrivez l'heure formelle et informelle : 7 h 45,,,,sept heures quarante-cinq / huit heures moins le quart,A1,time-dates,176
cosmopolite-a1-methode,listening,4,a,short-answer,Écoutez. Transformez les minutes en heures ou les heures en minutes. Faites la liaison ou l'enchaînement avec les heures. 1. dix heures 2. six minutes 3. neuf minutes 4. douze heures 5. dix heures 6. treize minutes,,,,,A1,time-dates,176
cosmopolite-a1-methode,grammar,6,a,fill-in,"Je ... prépare, je ... habille et je vais au travail.",,,,me / m',A1,time-dates,176
cosmopolite-a1-methode,grammar,7,a,fill-in,"Mettez à la forme négative : Les enfants de Marc se réveillent, s'habillent et se préparent pour l'école le week-end.",,,,"Les enfants de Marc ne se réveillent pas, ne s'habillent pas et ne se préparent pas pour l'école le week-end.",A1,time-dates,176
cosmopolite-a1-methode,grammar,2,b,fill-in,Écrivez l'heure formelle et informelle : 12 h 20,,,,douze heures vingt / midi vingt,A1,time-dates,176
cosmopolite-a1-methode,speaking,4,b,speaking-task,Par deux. Proposez une durée en minutes ou en heures. Votre voisin(e) transforme la durée comme dans l'activité a.,,,,(open-ended),A1,time-dates,176
cosmopolite-a1-methode,grammar,6,b,fill-in,Tu ... réveilles à quelle heure le matin ?,,,,te,A1,time-dates,176
cosmopolite-a1-methode,grammar,7,b,fill-in,Mettez à la forme négative : Les parents s'occupent des enfants.,,,,Les parents ne s'occupent pas des enfants.,A1,time-dates,176
cosmopolite-a1-methode,grammar,2,c,fill-in,Écrivez l'heure formelle et informelle : 21 h 30,,,,vingt et une heures trente / neuf heures et demie du soir,A1,time-dates,176
cosmopolite-a1-methode,grammar,6,c,fill-in,"Elle ... brosse les dents le matin, à midi et le soir.",,,,se,A1,time-dates,176
cosmopolite-a1-methode,grammar,7,c,fill-in,Mettez à la forme négative : Juan s'endort à 22 h 45.,,,,Juan ne s'endort pas à 22 h 45.,A1,time-dates,176
cosmopolite-a1-methode,grammar,2,d,fill-in,Écrivez l'heure formelle et informelle : 01 h 40,,,,une heure quarante / deux heures moins vingt du matin,A1,time-dates,176
cosmopolite-a1-methode,grammar,6,d,fill-in,Nous ... couchons vers 22 heures.,,,,nous,A1,time-dates,176
cosmopolite-a1-methode,grammar,2,e,fill-in,Écrivez l'heure formelle et informelle : 16 h 05,,,,seize heures cinq / quatre heures cinq de l'après-midi,A1,time-dates,176
cosmopolite-a1-methode,grammar,6,e,fill-in,Vous ... connectez souvent à WhatsApp ?,,,,vous,A1,time-dates,176
cosmopolite-a1-methode,grammar,2,f,fill-in,Écrivez l'heure formelle et informelle : 09 h 50,,,,neuf heures cinquante / dix heures moins dix du matin,A1,time-dates,176
cosmopolite-a1-methode,grammar,6,f,fill-in,Vos enfants ... douchent le matin ou le soir ?,,,,se,A1,time-dates,176
cosmopolite-a1-methode,grammar,9,1,fill-in,"Complétez le texte avec les expressions proposées : chaque midi • le matin • souvent • tous les soirs • la semaine • jamais • toujours — ..., je me lève ... à la même heure : 6 heures ! ..., je retrouve mes collègues pour déjeuner. Je vais ... au restaurant avec elles... ..., c'est la même chose ! Je ne sors ... ... parce que je travaille le jour d'après.",,,,La semaine / le matin / toujours / chaque midi / souvent / Tous les soirs / jamais,A1,daily-routine,177
cosmopolite-a1-methode,speaking,10,1,speaking-task,Parlez de vos activités quotidiennes. Utilisez les expressions de régularité (d'habitude) et de fréquence.,,,,(open-ended),A1,daily-routine,177
cosmopolite-a1-methode,grammar,8,a,fill-in,Les gens ... souvent sur les réseaux sociaux pour raconter leur vie.,,,,écrivent,A1,daily-routine,177
cosmopolite-a1-methode,grammar,11,a,short-answer,"Dans ma résidence, on aime bien se retrouver pour boire un verre.",,,,nous,A1,daily-routine,177
cosmopolite-a1-methode,grammar,12,a,fill-in,"Transformez avec on : En France, les gens mangent beaucoup de fromage.",,,,"En France, on mange beaucoup de fromage.",A1,daily-routine,177
cosmopolite-a1-methode,grammar,13,a,fill-in,"En France, on ... travailler trente-cinq heures par semaine. (obligation)",,,,doit,A1,daily-routine,177
cosmopolite-a1-methode,listening,14,a,short-answer,Écoutez les phrases. Dites si elles sont identiques ou différentes. Exemple : Elle peut. Elle peut. → Identiques.,,,,,A1,daily-routine,177
cosmopolite-a1-methode,grammar,8,b,fill-in,"Quand j'allume mon ordinateur, je vais sur Internet et je ... les informations du jour.",,,,lis,A1,daily-routine,177
cosmopolite-a1-methode,grammar,11,b,short-answer,"Avec mon mari, on va souvent au cinéma le vendredi soir.",,,,nous,A1,daily-routine,177
cosmopolite-a1-methode,grammar,12,b,fill-in,"Transformez avec on : Nous commençons le travail à 9 heures et nous terminons à 18 heures, puis nous rentrons à la maison.",,,,"On commence le travail à 9 heures et on termine à 18 heures, puis on rentre à la maison.",A1,daily-routine,177
cosmopolite-a1-methode,grammar,13,b,fill-in,"Dans les grandes entreprises, les responsables ... créer des espaces de relaxation pour les employés. (souhait)",,,,veulent,A1,daily-routine,177
cosmopolite-a1-methode,grammar,8,c,fill-in,Le journaliste Éric Leser ... souvent des articles très intéressants sur l'actualité internationale.,,,,écrit,A1,daily-routine,177
cosmopolite-a1-methode,grammar,11,c,short-answer,"Au Canada, on adore faire du hockey sur glace. En France, on préfère jouer au football.",,,,les gens,A1,daily-routine,177
cosmopolite-a1-methode,grammar,12,c,fill-in,"Transformez avec on : Le week-end, nous profitons de notre temps libre pour faire du shopping.",,,,"Le week-end, on profite de son temps libre pour faire du shopping.",A1,daily-routine,177
cosmopolite-a1-methode,grammar,13,c,fill-in,"En France, tu ... prendre cinq semaines de vacances payées. (possibilité)",,,,peux,A1,daily-routine,177
cosmopolite-a1-methode,grammar,7,d,fill-in,Mettez à la forme négative : Marc se connecte à Internet tard le soir.,,,,Marc ne se connecte pas à Internet tard le soir.,A1,daily-routine,177
cosmopolite-a1-methode,grammar,8,d,fill-in,Nous aimons les actualités de Twitter. Nous ... souvent sur ce réseau social.,,,,écrivons,A1,daily-routine,177
cosmopolite-a1-methode,grammar,11,d,short-answer,"Ici, on n'aime pas le froid. Dans mon pays, le froid n'est pas un problème.",,,,les gens,A1,daily-routine,177
cosmopolite-a1-methode,grammar,12,d,fill-in,"Transformez avec on : Les gens marchent très rapidement à New York, ils ne s'arrêtent jamais.",,,,"On marche très rapidement à New York, on ne s'arrête jamais.",A1,daily-routine,177
cosmopolite-a1-methode,grammar,13,d,fill-in,Nous ... terminer ce dossier pour demain. (obligation),,,,devons,A1,daily-routine,177
cosmopolite-a1-methode,grammar,7,e,fill-in,Mettez à la forme négative : Marc se brosse les dents le soir et se couche vers 23 heures.,,,,Marc ne se brosse pas les dents le soir et ne se couche pas vers 23 heures.,A1,daily-routine,177
cosmopolite-a1-methode,grammar,8,e,fill-in,Vous ... le dernier livre de Grégoire Delacourt ? Vous aimez ?,,,,lisez,A1,daily-routine,177
cosmopolite-a1-methode,grammar,11,e,short-answer,"Chez moi, on dîne toujours à la même heure.",,,,nous,A1,daily-routine,177
cosmopolite-a1-methode,grammar,12,e,fill-in,"Transformez avec on : Généralement, ma famille et moi, nous voyageons à l'étranger pour les vacances ; nous adorons découvrir d'autres cultures.",,,,"Généralement, ma famille et moi, on voyage à l'étranger pour les vacances ; on adore découvrir d'autres cultures.",A1,daily-routine,177
cosmopolite-a1-methode,grammar,13,e,fill-in,"Au Maroc, vous ... trouver un travail facilement si vous parlez français. (possibilité)",,,,pouvez,A1,daily-routine,177
cosmopolite-a1-methode,grammar,7,f,short-answer,"Et vous, vous vous brossez les dents matin et soir ?",,,,(open-ended),A1,daily-routine,177
cosmopolite-a1-methode,grammar,8,f,fill-in,"Le soir, Sam ... dans son lit, c'est son moment préféré de la journée.",,,,lit,A1,daily-routine,177
cosmopolite-a1-methode,speaking,18,1,speaking-task,Par deux. Créez un dialogue (situation orale / informelle). Chaque groupe présente son dialogue à la classe. Qu'est-ce que tu fais samedi ?,,,,(open-ended),A1,communication,178
cosmopolite-a1-methode,grammar,19,1,multiple-choice,Retrouve-moi devant le cinéma à 19 h 30 demain soir.,proposent une sortie,fixent un rendez-vous,justifient un refus,fixent un rendez-vous,A1,communication,178
cosmopolite-a1-methode,grammar,19,2,multiple-choice,"Je suis désolée, ce n'est pas possible pour moi.",acceptent une sortie,refusent une invitation,proposent une sortie,refusent une invitation,A1,communication,178
cosmopolite-a1-methode,grammar,19,3,multiple-choice,Je ne viens pas à son anniversaire parce que je dois travailler.,fixent un rendez-vous,acceptent une sortie,justifient un refus,justifient un refus,A1,communication,178
cosmopolite-a1-methode,grammar,19,4,multiple-choice,Tu veux aller au cinéma ce soir ?,proposent une sortie,refusent une invitation,justifient un refus,proposent une sortie,A1,communication,178
cosmopolite-a1-methode,grammar,19,5,multiple-choice,"Oui, bien sûr, avec plaisir. À quelle heure ?",acceptent une sortie,refusent une invitation,fixent un rendez-vous,acceptent une sortie,A1,communication,178
cosmopolite-a1-methode,speaking,15,a,speaking-task,Je peux partir avant la fin du cours ?,,,,"(open-ended: oui, tu peux / non, tu ne peux pas)",A1,communication,178
cosmopolite-a1-methode,grammar,16,a,multiple-choice,Aimez-vous la culture française ?,orale / informelle,écrite / formelle,,écrite / formelle,A1,communication,178
cosmopolite-a1-methode,grammar,17,a,ordering,. – âge – vous – avez – Quel – ?,,,,Quel âge avez-vous ?,A1,communication,178
cosmopolite-a1-methode,grammar,20,a,fill-in,"Pour venir chez nous, ... le bus, c'est plus facile pour toi !",,,,prends,A1,communication,178
cosmopolite-a1-methode,speaking,21,a,speaking-task,"Faites un dialogue comme dans l'exemple pour donner rendez-vous : à l'université. Exemple : Salut, on va à l'institut pour la soirée culturelle ? Tu es libre dans vingt minutes ?",,,,(open-ended),A1,communication,178
cosmopolite-a1-methode,listening,14,b,short-answer,Écoutez les mots. Dites si vous entendez le son [ø] dans le premier ou le deuxième mot. Exemple : peu – peur → Premier mot.,,,,,A1,communication,178
cosmopolite-a1-methode,speaking,15,b,speaking-task,Je peux parler anglais en classe de français ?,,,,"(open-ended: oui, tu peux / non, tu ne peux pas)",A1,communication,178
cosmopolite-a1-methode,grammar,16,b,multiple-choice,Tu connais un café français ici ?,orale / informelle,écrite / formelle,,orale / informelle,A1,communication,178
cosmopolite-a1-methode,grammar,17,b,ordering,à Berlin – actuellement – vous – . – Habitez – ?,,,,Habitez-vous actuellement à Berlin ?,A1,communication,178
cosmopolite-a1-methode,grammar,20,b,fill-in,"... ensemble l'anniversaire de Charles ! À cette occasion, nous vous invitons le samedi 15 novembre.",,,,Fêtons,A1,communication,178
cosmopolite-a1-methode,speaking,21,b,speaking-task,Faites un dialogue comme dans l'exemple pour donner rendez-vous : à l'école de français.,,,,(open-ended),A1,communication,178
cosmopolite-a1-methode,speaking,14,c,speaking-task,"Enregistrez-vous. Écoutez-vous et autoévaluez-vous. Dans ma production, je distingue bien le son [ø] du son [œ] : oui / parfois / non.",,,,(open-ended),A1,communication,178
cosmopolite-a1-methode,speaking,15,c,speaking-task,Je peux manger dans la salle de cours ?,,,,"(open-ended: oui, tu peux / non, tu ne peux pas)",A1,communication,178
cosmopolite-a1-methode,grammar,16,c,multiple-choice,Quand part-il à Paris ?,orale / informelle,écrite / formelle,,écrite / formelle,A1,communication,178
cosmopolite-a1-methode,grammar,17,c,ordering,à la médiathèque – ? – . – Pourquoi – de l'institut – vous – venez,,,,Pourquoi venez-vous à la médiathèque de l'institut ?,A1,communication,178
cosmopolite-a1-methode,grammar,20,c,fill-in,"... un plat de ton pays si tu veux, mais ce n'est pas obligatoire !",,,,Apporte,A1,communication,178
cosmopolite-a1-methode,speaking,15,d,speaking-task,Je peux venir à vélo ?,,,,"(open-ended: oui, tu peux / non, tu ne peux pas)",A1,communication,178
cosmopolite-a1-methode,grammar,16,d,multiple-choice,Pourquoi ils étudient le français ?,orale / informelle,écrite / formelle,,orale / informelle,A1,communication,178
cosmopolite-a1-methode,grammar,17,d,ordering,en semaine – ? – le soir – vous – À quelle heure – . – sortez,,,,À quelle heure sortez-vous le soir en semaine ?,A1,communication,178
cosmopolite-a1-methode,grammar,20,d,fill-in,Le cocktail de fin d'année approche ! ... nombreux et ... tous un moment agréable.,,,,Venez / partageons,A1,communication,178
cosmopolite-a1-methode,speaking,15,e,speaking-task,Je peux arriver avec quinze minutes de retard ?,,,,"(open-ended: oui, tu peux / non, tu ne peux pas)",A1,communication,178
cosmopolite-a1-methode,grammar,16,e,multiple-choice,Combien d'amis français as-tu ?,orale / informelle,écrite / formelle,,orale / informelle,A1,communication,178
cosmopolite-a1-methode,grammar,17,e,ordering,pendant le week-end – faites – Que – . – ? – vous,,,,Que faites-vous pendant le week-end ?,A1,communication,178
cosmopolite-a1-methode,speaking,15,f,speaking-task,Je peux utiliser mon téléphone en classe ?,,,,"(open-ended: oui, tu peux / non, tu ne peux pas)",A1,communication,178
cosmopolite-a1-methode,grammar,17,f,ordering,ce restaurant – . – ? – vous – Pourquoi – aimez,,,,Pourquoi aimez-vous ce restaurant ?,A1,communication,178
cosmopolite-a1-methode,speaking,15,g,speaking-task,Je peux venir à 7 h 30 au cours de français ?,,,,"(open-ended: oui, tu peux / non, tu ne peux pas)",A1,communication,178
cosmopolite-a1-methode,writing,4,1,writing-task,"Utilisez les éléments du tableau pour raconter la vie de Geneviève Lalonde, jeune talent canadien (passé récent, présent, futur proche).",,,,(open-ended),A1,school,180
cosmopolite-a1-methode,grammar,1,a,fill-in,La semaine dernière : Je … … (aller) au cinéma pour voir un film français en version originale.,,,,suis allé(e),A1,school,180
cosmopolite-a1-methode,grammar,2,a,fill-in,Je/J'… … (avoir) de la chance de pratiquer la langue avec des natifs. (Au ou eu ?),,,,ai eu,A1,school,180
cosmopolite-a1-methode,grammar,3,a,fill-in,"Observez les chronologies. Remplacez les dates par des expressions de temps : 2015 … | 7-11/03/2016 … | 14-18/03/2016 → cette semaine | 17/03/2016 … | 18/03/2016, 10 h … | 18/03/2016, 14 h → aujourd'hui.",,,,"(open-ended, dépend de la date de référence : ex. 2015=l'année dernière ; hier ; ce matin)",A1,school,180
cosmopolite-a1-methode,grammar,5,a,fill-in,Nous … (acheter) une maison. Nous sommes très heureux !,,,,avons acheté,A1,school,180
cosmopolite-a1-methode,grammar,1,b,fill-in,"Mon ami et moi, nous … … (réviser) la conjugaison des verbes au passé composé.",,,,avons révisé,A1,school,180
cosmopolite-a1-methode,grammar,2,b,fill-in,Elle … … (venir) au Japon pour être en immersion totale. (Venu ou veni ?),,,,est venue,A1,school,180
cosmopolite-a1-methode,writing,3,b,writing-task,"Pour chaque expression, donnez un exemple de vos activités d'apprentissage. Exemple : Cette semaine, j'ai lu un livre en français.",,,,(open-ended),A1,school,180
cosmopolite-a1-methode,grammar,5,b,fill-in,"La semaine prochaine, Richard … (s'inscrire) dans une école de français.",,,,va s'inscrire,A1,school,180
cosmopolite-a1-methode,grammar,1,c,fill-in,J'… … (parler) français avec des étudiants Erasmus.,,,,ai parlé,A1,school,180
cosmopolite-a1-methode,grammar,2,c,fill-in,Vous … … (travailler) dur pour devenir bilingues. (Travaillé ou travaille ?),,,,avez travaillé,A1,school,180
cosmopolite-a1-methode,grammar,5,c,fill-in,"Aujourd'hui, tu … (parler) quatre langues différentes : c'est incroyable !",,,,parles,A1,school,180
cosmopolite-a1-methode,grammar,1,d,fill-in,Je n'… pas … (faire) beaucoup d'erreurs.,,,,ai / fait,A1,school,180
cosmopolite-a1-methode,grammar,2,d,fill-in,Ils … … (apprendre) le français pendant trois ans au lycée international. (Apprendu ou appris ?),,,,ont appris,A1,school,180
cosmopolite-a1-methode,grammar,5,d,fill-in,Tatiana … (terminer) le livre de Maxime Chattam. Elle a adoré !,,,,vient de terminer,A1,school,180
cosmopolite-a1-methode,grammar,1,e,fill-in,J'… … (participer) à un club de conversation.,,,,ai participé,A1,school,180
cosmopolite-a1-methode,grammar,2,e,fill-in,Tu … … (faire) beaucoup d'efforts pour progresser. (Fait ou fit ?),,,,as fait,A1,school,180
cosmopolite-a1-methode,grammar,5,e,fill-in,"En général, vous … (travailler) à la maison, c'est pratique !",,,,travaillez,A1,school,180
cosmopolite-a1-methode,grammar,1,f,fill-in,"Mes amis et moi, nous n'… pas … (avoir) de difficultés pour comprendre le cours.",,,,avons / eu,A1,school,180
cosmopolite-a1-methode,grammar,2,f,fill-in,Elles … … (sortir) pour aller au ciné-club de français. (Sort ou sorti ?),,,,sont sorties,A1,school,180
cosmopolite-a1-methode,grammar,5,f,fill-in,"Ce week-end, nous … (aller) chez mes parents pour dîner.",,,,allons aller,A1,school,180
cosmopolite-a1-methode,grammar,2,g,fill-in,Nous … … (rester) dans cette école parce que c'est la meilleure ! (Resté ou restu ?),,,,sommes resté(e)s,A1,school,180
cosmopolite-a1-methode,grammar,Leçon 3,10a,fill-in,George Sand … (s'intéresser) à la condition de la femme. Elle a beaucoup écrit sur ce sujet.,,,,,A1,personal-info,181
cosmopolite-a1-methode,grammar,Leçon 3,10b,fill-in,"C'est en 1871 qu'Arthur Rimbaud … (s'installer) à Paris : une nouvelle ville, une nouvelle vie !",,,,,A1,personal-info,181
cosmopolite-a1-methode,grammar,Leçon 3,10c,fill-in,Simone de Beauvoir et Jean-Paul Sartre … (se rencontrer) en 1929 : ils se sont aimés dès leur première rencontre.,,,,,A1,personal-info,181
cosmopolite-a1-methode,grammar,Leçon 3,10d,fill-in,Gustave Flaubert et Émile Zola … (se contacter) souvent par lettre pour parler de leurs œuvres.,,,,,A1,personal-info,181
cosmopolite-a1-methode,grammar,Leçon 3,10e,fill-in,"En 1907, Marcel Proust … (se mettre) à écrire sa plus grande œuvre, le début d'une grande aventure.",,,,,A1,personal-info,181
cosmopolite-a1-methode,grammar,Leçon 4,11,fill-in,"Complétez avec avoir ou être au présent : « Quasimodo est l'un des personnages principaux du roman Notre-Dame de Paris, de Victor Hugo. Son physique est très particulier. Petit et bossu, il … assez fort. Ses mains … musclées et très grosses. Il … roux, aux cheveux courts et il … les yeux clairs. Son œil gauche est fermé. Il est handicapé. Son visage … rond. »",,,,,A1,personal-info,181
cosmopolite-a1-methode,grammar,Leçon 2,6a,fill-in,"Quand je rencontre une personne pour la première fois de la journée, je … « bonjour ».",,,,,A1,communication,181
cosmopolite-a1-methode,grammar,Leçon 2,6b,fill-in,"Quand je quitte cette personne, je … « au revoir ».",,,,,A1,communication,181
cosmopolite-a1-methode,grammar,Leçon 2,6c,fill-in,"Pour se saluer, les Espagnols … « hola ».",,,,,A1,communication,181
cosmopolite-a1-methode,grammar,Leçon 2,6d,fill-in,"Avant un examen, on … « bonne chance ».",,,,,A1,communication,181
cosmopolite-a1-methode,grammar,Leçon 2,6e,fill-in,"Quand vous vous couchez le soir, vous … « bonne nuit ».",,,,,A1,communication,181
cosmopolite-a1-methode,grammar,Leçon 2,6f,fill-in,"Les enfants polis … « bonjour, au revoir et merci ».",,,,,A1,communication,181
cosmopolite-a1-methode,listening,Leçon 2,7a,fill-in,Complétez avec le verbe venir et prononcez : Tu … — Tes amis …,,,,,A1,none,181
cosmopolite-a1-methode,listening,Leçon 2,7b,fill-in,Complétez avec le verbe venir et prononcez : Il … — Ses amis …,,,,,A1,none,181
cosmopolite-a1-methode,listening,Leçon 2,7c,fill-in,Complétez avec le verbe venir et prononcez : Elle … — Ses amis …,,,,,A1,none,181
cosmopolite-a1-methode,grammar,Leçon 3,8a,fill-in,Par deux. Corrigez l'erreur : 3236 : deux mille deux cent trente-six.,,,,,A1,none,181
cosmopolite-a1-methode,grammar,Leçon 3,8b,fill-in,Par deux. Corrigez l'erreur : 555 : six cent cinquante-six.,,,,,A1,none,181
cosmopolite-a1-methode,grammar,Leçon 3,8c,fill-in,Par deux. Corrigez l'erreur : 9784 : neuf mille six cent quatre-vingt-quatre.,,,,,A1,none,181
cosmopolite-a1-methode,grammar,Leçon 3,8d,fill-in,Par deux. Corrigez l'erreur : 1971 : mille huit cent soixante et un.,,,,,A1,none,181
cosmopolite-a1-methode,grammar,Leçon 3,8e,fill-in,Par deux. Corrigez l'erreur : 148 : cent quatre-vingt-huit.,,,,,A1,none,181
cosmopolite-a1-methode,grammar,Leçon 3,9,fill-in,"Complétez la biographie d'Alain Mabanckou avec : à l'âge de 22 ans • la même année • dix ans plus tard • en 2006 • en 1966. « Alain Mabanckou est un écrivain francophone d'origine congolaise. Il est né … …, il est arrivé en France pour étudier le droit. Il s'est intéressé à l'écriture, à la poésie, et il a publié son premier roman Bleu-Blanc-Rouge … . …, il a gagné le prix Renaudot pour son sixième livre Mémoires de porc-épic. …, il est devenu professeur de littérature francophone à l'université UCLA aux États-Unis. »",,,,en 1966 ; à l'âge de 22 ans ; dix ans plus tard ; en 2006 ; la même année,A1,personal-info,181
cosmopolite-a1-methode,grammar,Leçon 4,11,fill-in,"Complétez avec avoir ou être au présent : « Esmeralda est une autre personne importante du roman de Victor Hugo, Notre-Dame de Paris. Elle … mince et assez grande. Elle … belle et mystérieuse. Elle charme et fascine Quasimodo. Elle … de longs cheveux noirs, ils … assez épais et bouclés. Sa peau … mate ; elle … des yeux bleus comme l'océan. Elle est magnifique ! »",,,,,A1,personal-info,182
cosmopolite-a1-methode,speaking,Leçon 4,12-1,short-answer,Observez ces dessins (Plusieurs réponses possibles) : Qui a les cheveux courts ?,,,,,A1,personal-info,182
cosmopolite-a1-methode,speaking,Leçon 4,12-2,short-answer,Observez ces dessins (Plusieurs réponses possibles) : Qui a les cheveux longs ?,,,,,A1,personal-info,182
cosmopolite-a1-methode,speaking,Leçon 4,12-3,short-answer,Observez ces dessins (Plusieurs réponses possibles) : Qui a les cheveux frisés ?,,,,,A1,personal-info,182
cosmopolite-a1-methode,speaking,Leçon 4,12-4,short-answer,Observez ces dessins (Plusieurs réponses possibles) : Qui a les cheveux bruns ?,,,,,A1,personal-info,182
cosmopolite-a1-methode,speaking,Leçon 4,12-5,short-answer,Observez ces dessins (Plusieurs réponses possibles) : Qui est blond ?,,,,,A1,personal-info,182
cosmopolite-a1-methode,speaking,Leçon 4,12-6,short-answer,Observez ces dessins (Plusieurs réponses possibles) : Qui est roux ?,,,,,A1,personal-info,182
cosmopolite-a1-methode,writing,Leçon 5,13,writing-task,"Écrivez la biographie de l'écrivain Patrick Chamoiseau à partir des notes ci-dessous. Utilisez le passé composé et le présent. Événements passés : date de naissance (03/12/1953) • publication de son premier roman (1986) • écriture de pièces pour le théâtre et de films pour le cinéma • prix Goncourt (1992). Présent : écrivain et auteur français • éducateur • ses sources d'inspiration : la culture martiniquaise, le créole, l'Histoire, son enfance • centre d'intérêt : la vie politique.",,,,(open-ended),A1,personal-info,182
cosmopolite-a1-methode,reading,Leçon 5,14-1,multiple-choice,Lisez le témoignage. Dites si le fait suivant est un événement passé ou un fait actuel : Rencontre à l'université.,Événements passés,Faits actuels,,Événements passés,A1,personal-info,182
cosmopolite-a1-methode,reading,Leçon 5,14-2,multiple-choice,Lisez le témoignage. Dites si le fait suivant est un événement passé ou un fait actuel : Création d'actuaLitte.com.,Événements passés,Faits actuels,,Événements passés,A1,personal-info,182
cosmopolite-a1-methode,reading,Leçon 5,14-3,multiple-choice,Lisez le témoignage. Dites si le fait suivant est un événement passé ou un fait actuel : Passion pour la littérature.,Événements passés,Faits actuels,,Faits actuels,A1,personal-info,182
cosmopolite-a1-methode,reading,Leçon 5,14-4,multiple-choice,Lisez le témoignage. Dites si le fait suivant est un événement passé ou un fait actuel : Intérêt pour les littératures.,Événements passés,Faits actuels,,Faits actuels,A1,personal-info,182
cosmopolite-a1-methode,reading,Leçon 5,14-5,multiple-choice,Lisez le témoignage. Dites si le fait suivant est un événement passé ou un fait actuel : Informer les lecteurs.,Événements passés,Faits actuels,,Faits actuels,A1,personal-info,182
cosmopolite-a1-methode,reading,Leçon 5,14-6,multiple-choice,Lisez le témoignage. Dites si le fait suivant est un événement passé ou un fait actuel : Écriture de milliers d'articles.,Événements passés,Faits actuels,,Événements passés,A1,personal-info,182
cosmopolite-a1-methode,grammar,Leçon 5,15a,ordering,Remettez la phrase dans l'ordre : étrangers – d'écrire – Ils – mais – français – sont – ils – choisi – ont – en – .,,,,,A1,personal-info,182
cosmopolite-a1-methode,grammar,Leçon 5,15b,ordering,Remettez la phrase dans l'ordre : français – le – maternelle – décidé – langue – mais – il – persan – Sa – est – d'écrire – en – a – .,,,,,A1,personal-info,182
cosmopolite-a1-methode,grammar,Leçon 5,15c,ordering,Remettez la phrase dans l'ordre : française – Vietnam – Linda Lê – mais – née – est – elle – est – au – .,,,,,A1,personal-info,182
cosmopolite-a1-methode,grammar,Leçon 5,15d,ordering,Remettez la phrase dans l'ordre : ce – langue – écrit – la – enfance – mais – français – son – en – n'est – pas – Il – de – .,,,,,A1,personal-info,182
cosmopolite-a1-methode,grammar,Leçon 5,15e,ordering,Remettez la phrase dans l'ordre : est – maison – anglophone – Elle – de – la – mais – est – langue – la – français – le – .,,,,,A1,personal-info,182
cosmopolite-a1-methode,grammar,Leçon 6,16-aller,fill-in,Conjuguez aller à l'impératif : (tu) … ; (nous) allons ; (vous) … .,,,,tu: va ; vous: allez,A1,none,182
cosmopolite-a1-methode,grammar,Leçon 6,16-avoir,fill-in,Conjuguez avoir à l'impératif : (tu) … ; (nous) … ; (vous) ayez.,,,,tu: aie ; nous: ayons,A1,none,182
cosmopolite-a1-methode,grammar,Leçon 6,16-etre,fill-in,Conjuguez être à l'impératif : (tu) … ; (nous) … ; (vous) soyez.,,,,tu: sois ; nous: soyons,A1,none,182
cosmopolite-a1-methode,grammar,Leçon 6,16-faire,fill-in,Conjuguez faire à l'impératif : (tu) fais ; (nous) … ; (vous) … .,,,,nous: faisons ; vous: faites,A1,none,182
cosmopolite-a1-methode,grammar,Leçon 6,16-lire,fill-in,Conjuguez lire à l'impératif : (tu) lis ; (nous) … ; (vous) … .,,,,nous: lisons ; vous: lisez,A1,none,182
cosmopolite-a1-methode,grammar,Leçon 6,16-prendre,fill-in,Conjuguez prendre à l'impératif : (tu) prends ; (nous) … ; (vous) … .,,,,nous: prenons ; vous: prenez,A1,none,182
cosmopolite-a1-methode,grammar,Leçon 6,16-terminer,fill-in,Conjuguez terminer à l'impératif : (tu) … ; (nous) terminons ; (vous) … .,,,,tu: termine ; vous: terminez,A1,none,182
cosmopolite-a1-methode,writing,Leçon 6,17a,writing-task,Donnez un conseil à un(e) ou des camarade(s) de classe : Nous voulons progresser en français.,,,,(open-ended),A1,school,183
cosmopolite-a1-methode,writing,Leçon 6,17b,writing-task,Donnez un conseil à un(e) ou des camarade(s) de classe : Je cherche des journaux francophones.,,,,(open-ended),A1,school,183
cosmopolite-a1-methode,writing,Leçon 6,17c,writing-task,Donnez un conseil à un(e) ou des camarade(s) de classe : Nous voulons améliorer notre prononciation.,,,,(open-ended),A1,school,183
cosmopolite-a1-methode,writing,Leçon 6,17d,writing-task,Donnez un conseil à un(e) ou des camarade(s) de classe : Nous rêvons de lire Tahar Ben Jelloun en français.,,,,(open-ended),A1,school,183
cosmopolite-a1-methode,writing,Leçon 6,17e,writing-task,Donnez un conseil à un(e) ou des camarade(s) de classe : Je n'arrive pas à utiliser Giga Presse.,,,,(open-ended),A1,school,183
cosmopolite-a1-methode,writing,Leçon 6,17f,writing-task,Donnez un conseil à un(e) ou des camarade(s) de classe : Je suis toujours en retard en classe.,,,,(open-ended),A1,school,183
cosmopolite-a1-methode,writing,Leçon 6,17g,writing-task,Donnez un conseil à un(e) ou des camarade(s) de classe : Je veux créer un journal d'apprentissage.,,,,(open-ended),A1,school,183
cosmopolite-a1-methode,writing,Leçon 6,17h,writing-task,Donnez un conseil à un(e) ou des camarade(s) de classe : Nous voulons rencontrer des Français.,,,,(open-ended),A1,school,183
cosmopolite-a1-methode,grammar,Leçon 1,1a,fill-in,"Transformez avec il faut : Avant de partir dans un pays étranger, vous devez changer votre argent.",,,,,A1,travel,184
cosmopolite-a1-methode,grammar,Leçon 1,1b,fill-in,Transformez avec il faut : Tu dois acheter des vêtements chauds pour ton prochain voyage au Canada.,,,,,A1,travel,184
cosmopolite-a1-methode,grammar,Leçon 1,1c,fill-in,"Transformez avec il faut : Pour aller en Australie, nous devons faire deux escales quand nous partons de Nice.",,,,,A1,travel,184
cosmopolite-a1-methode,grammar,Leçon 1,1d,fill-in,"Transformez avec il faut : Pendant le safari, vous ne devez pas oublier de prendre des photos.",,,,,A1,travel,184
cosmopolite-a1-methode,grammar,Leçon 1,1e,fill-in,Transformez avec il faut : Elle doit faire ses vaccins pour partir au Bénin.,,,,,A1,travel,184
cosmopolite-a1-methode,grammar,Leçon 1,1f,fill-in,"Transformez avec il faut : Pour traverser le détroit de Gibraltar, nous devons prendre le bateau.",,,,,A1,travel,184
cosmopolite-a1-methode,grammar,Leçon 1,2a,fill-in,"Complétez le mél avec pouvoir, aller, être et faire au futur simple : « Quand je … là-bas, tu … traduire si je ne comprends pas. Nous … où ? Tu … le guide touristique ? »",,,,,A1,travel,184
cosmopolite-a1-methode,writing,Leçon 1,2b,writing-task,Imaginez quatre obligations à donner pour cette situation.,,,,(open-ended),A1,travel,184
cosmopolite-a1-methode,reading,Leçon 2,3a,multiple-choice,"Ce pays est à l'ouest de la France, sur le continent américain. Il se situe au nord des États-Unis. Quel est ce pays ?",la Guyane,le Cap-Vert,le Canada,le Canada,A1,travel,184
cosmopolite-a1-methode,reading,Leçon 2,3b,multiple-choice,"Cette île se situe au sud-est du continent africain, entre Mayotte et l'île Maurice. Quel est ce pays ?",La Tanzanie,Madagascar,Djibouti,Madagascar,A1,travel,184
cosmopolite-a1-methode,reading,Leçon 2,3c,multiple-choice,"Ce pays se trouve au nord de la Guinée, entre la Mauritanie et le Niger. Quel est ce pays ?",le Mali,l'Algérie,le Congo,le Mali,A1,travel,184
cosmopolite-a1-methode,reading,Leçon 2,3d,multiple-choice,"Ce pays est au nord de la France, à l'ouest du Luxembourg. Quel est ce pays ?",la Suisse,la Belgique,l'Allemagne,la Belgique,A1,travel,184
cosmopolite-a1-methode,reading,Leçon 2,3e,multiple-choice,"Cette île est à côté de l'Australie, au sud de Wallis-et-Futuna. Quel est ce pays ?",les Seychelles,la Nouvelle-Zélande,Saint-Pierre-et-Miquelon,la Nouvelle-Zélande,A1,travel,184
cosmopolite-a1-methode,grammar,Leçon 2,4a,fill-in,"Remplacez le lieu souligné par y : Dans le Colorado ? Oui, je suis déjà allé dans le Colorado.",,,,,A1,travel,184
cosmopolite-a1-methode,grammar,Leçon 2,4b,fill-in,Remplacez le lieu souligné par y : Tu dois aller à l'agence pour prendre les billets d'avion ? Je peux aller à l'agence si tu veux.,,,,,A1,travel,184
cosmopolite-a1-methode,grammar,Leçon 2,4c,fill-in,"Remplacez le lieu souligné par y : J'ai vu ton guide de voyage sur la table, je suis sûre qu'il est sur la table.",,,,,A1,travel,184
cosmopolite-a1-methode,grammar,Leçon 2,4d,fill-in,"Remplacez le lieu souligné par y : On va faire un safari dans la jungle, on fera de belles photos dans la jungle.",,,,,A1,travel,184
cosmopolite-a1-methode,grammar,Leçon 2,4e,fill-in,"Remplacez le lieu souligné par y : Je vais aller à Montréal, je suis contente, les gens parlent français à Montréal.",,,,,A1,travel,184
cosmopolite-a1-methode,grammar,Leçon 2,5,fill-in,"Lisez ce texte sur la Guinée. Utilisez le pronom y pour remplacer un lieu, quand c'est possible : « La Guinée est un pays peu visité par les touristes. En Guinée, les paysages sont magnifiques. Le peuple est très chaleureux et accueillant en Guinée. C'est une destination idéale pour découvrir l'art. La musique et la danse sont des traditions très importantes dans ce pays. En Guinée, la culture de l'Afrique de l'Ouest est aussi très visible. Venez explorer la nature en Guinée ! »",,,,,A1,travel,184
cosmopolite-a1-methode,grammar,Leçon 4,10a,fill-in,"Placez correctement les adjectifs (nouveau, incroyable, magique, blanc, chaud, confortable, chaleureux) avant ou après le nom : « Dormir dans un igloo ? C'est une expérience (nouveau) (incroyable). Vous connaîtrez un moment (magique) dans l'univers (blanc) des montagnes. Vous aurez des équipements (chaud) et vous pourrez choisir un igloo (confortable). N'ayez pas peur du froid ! Notre accueil (chaleureux) vous charmera ! »",,,,,A1,vacation,185
cosmopolite-a1-methode,grammar,Leçon 3,6a,ordering,Remettez la phrase dans l'ordre (attention à la place des adjectifs) : est – petit – pays – un – espaces – avec – grands – L'Irlande – des – verts – .,,,,,A1,travel,185
cosmopolite-a1-methode,grammar,Leçon 3,6b,ordering,"Remettez la phrase dans l'ordre : Au – le – désert – jaune – orange – et – Maroc – est – et – lumière – exceptionnelle – est – sa – , – .",,,,,A1,travel,185
cosmopolite-a1-methode,grammar,Leçon 3,6c,ordering,"Remettez la phrase dans l'ordre : grande – Colombie – forêt – magnifique – En – , – la – tropicale – est – .",,,,,A1,travel,185
cosmopolite-a1-methode,grammar,Leçon 3,6d,ordering,"Remettez la phrase dans l'ordre : L'Espagne – climat – c'est – un – pays – pour – idéal – vacances – a – bon – , – un – les – .",,,,,A1,travel,185
cosmopolite-a1-methode,grammar,Leçon 3,6e,ordering,"Remettez la phrase dans l'ordre : les – cuisine – En – la – est – monuments – délicieuse – , – Chine – et – sont – beaux – très – .",,,,,A1,travel,185
cosmopolite-a1-methode,reading,Leçon 3,7a,matching,Associez chaque texte à une photo (New York / Sydney / Londres / Le Cap) : Ses bus rouges sont connus dans le monde entier ! L'architecture du Parlement et de Big Ben est exceptionnelle !,,,,Londres,A1,city-places,185
cosmopolite-a1-methode,reading,Leçon 3,7b,matching,Associez chaque texte à une photo (New York / Sydney / Londres / Le Cap) : Cette ville offre une expérience touristique magnifique avec ses montagnes orange au bord de la mer.,,,,Le Cap,A1,city-places,185
cosmopolite-a1-methode,reading,Leçon 3,7c,matching,Associez chaque texte à une photo (New York / Sydney / Londres / Le Cap) : Cette ville se trouve au bord d'une eau bleue turquoise. Son monument principal est son opéra : il ressemble à un grand et beau bateau !,,,,Sydney,A1,city-places,185
cosmopolite-a1-methode,reading,Leçon 3,7d,matching,"Associez chaque texte à une photo (New York / Sydney / Londres / Le Cap) : Les bâtiments immenses, les lumières intenses, les taxis jaunes bruyants : voilà la grande pomme des États-Unis !",,,,New York,A1,city-places,185
cosmopolite-a1-methode,grammar,Leçon 4,8a,fill-in,"Choisissez le verbe correct et conjuguez au présent (choisir, ouvrir, découvrir, accueillir, partir, finir) : Pour nos voyages, nous … toujours des séjours en chambre d'hôtes.",,,,choisissons,A1,vacation,185
cosmopolite-a1-methode,grammar,Leçon 4,8b,fill-in,Choisissez le verbe correct et conjuguez au présent : Cette chambre d'hôtes … les touristes à partir de 15 heures.,,,,accueille,A1,vacation,185
cosmopolite-a1-methode,grammar,Leçon 4,8c,fill-in,Choisissez le verbe correct et conjuguez au présent : Votre avion … à 9 h 30 demain matin. Il faut être à l'heure !,,,,part,A1,vacation,185
cosmopolite-a1-methode,grammar,Leçon 4,8d,fill-in,"Choisissez le verbe correct et conjuguez au présent : Tu … ton voyage à Paris, dernière destination de tes vacances.",,,,finis,A1,vacation,185
cosmopolite-a1-methode,grammar,Leçon 4,8e,fill-in,Choisissez le verbe correct et conjuguez au présent : Ils … leurs chambres d'hôtes de février à décembre.,,,,ouvrent,A1,vacation,185
cosmopolite-a1-methode,grammar,Leçon 4,8f,fill-in,"Choisissez le verbe correct et conjuguez au présent : Au Maroc, on … d'autres paysages et une culture différente.",,,,découvre,A1,vacation,185
cosmopolite-a1-methode,grammar,Leçon 4,9,fill-in,"Lisez le texte. Complétez-le avec : passionnée • découvrez • accueillons • familiale • ouvrons • choisissez • nouvelle • grand • partez. « Attrap'Rêves est une société … créée en février 2010. Le concept est venu d'un frère spécialisé dans l'hôtellerie, d'une sœur diplômée en langues, d'une maman … de décoration et d'un papa professionnel dans le bâtiment. Nous … nos portes pour partager une expérience poétique. Dans nos bulles, vous … la beauté de la nature. Chaque bulle est différente, vous … la bulle que vous préférez. Vous … pour une nuit, un week-end ? Nous vous … avec … plaisir ! C'est une … aventure forte en émotions ! »",,,,familiale ; passionnée ; ouvrons ; découvrez ; choisissez ; partez ; accueillons ; grand ; nouvelle,A1,vacation,185
cosmopolite-a1-methode,grammar,Leçon 4,10b,fill-in,"Placez correctement les adjectifs (beau, bon, varié, surprenant, délicieux, régional, exceptionnel) avant ou après le nom : « Vous rêvez d'un séjour (beau) dans la nature ? Venez nous voir, nous vous réservons un moment (bon) avec des activités (varié) et (surprenant). Nous vous servirons des repas (délicieux). Vous aimerez nos spécialités (régional). Vous n'oublierez pas ce séjour (exceptionnel) ! »",,,,,A1,vacation,186
cosmopolite-a1-methode,reading,Leçon 5,11a,multiple-choice,"Lisez l'information météo. Dites si on parle de la météo actuelle ou d'une prévision : Ce week-end, le soleil brillera sur Abidjan. Il fera 23 degrés, le temps sera très agréable.",Météo actuelle,Prévision,,Prévision,A1,weather,186
cosmopolite-a1-methode,reading,Leçon 5,11b,multiple-choice,"Lisez l'information météo. Dites si on parle de la météo actuelle ou d'une prévision : Aujourd'hui, la pluie est là, à Niamey. Le ciel est très nuageux.",Météo actuelle,Prévision,,Météo actuelle,A1,weather,186
cosmopolite-a1-methode,reading,Leçon 5,11c,multiple-choice,"Lisez l'information météo. Dites si on parle de la météo actuelle ou d'une prévision : Idéal pour les surfeurs, le vent soufflera sur Essaouira.",Météo actuelle,Prévision,,Prévision,A1,weather,186
cosmopolite-a1-methode,reading,Leçon 5,11d,multiple-choice,"Lisez l'information météo. Dites si on parle de la météo actuelle ou d'une prévision : La journée commence mal à Alger, il pleut et il fait très humide : prenez votre veste pour sortir !",Météo actuelle,Prévision,,Météo actuelle,A1,weather,186
cosmopolite-a1-methode,reading,Leçon 5,11e,multiple-choice,"Lisez l'information météo. Dites si on parle de la météo actuelle ou d'une prévision : La semaine prochaine, l'hiver sera là : il fera très froid.",Météo actuelle,Prévision,,Prévision,A1,weather,186
cosmopolite-a1-methode,writing,Leçon 5,12a,fill-in,"Indiquez le temps qu'il fait ou qu'il fera à Ouagadougou : aujourd'hui (pluie et éclair, 20 °C) / demain (gouttes de pluie, 18 °C).",,,,,A1,weather,186
cosmopolite-a1-methode,writing,Leçon 5,12b,fill-in,"Indiquez le temps qu'il fait ou qu'il fera à Berlin : aujourd'hui (soleil, 34 °C) / demain (soleil voilé, 31 °C).",,,,,A1,weather,186
cosmopolite-a1-methode,writing,Leçon 5,12c,fill-in,"Indiquez le temps qu'il fait ou qu'il fera à Montréal : aujourd'hui (nuage, −5 °C) / demain (nuage, −1 °C).",,,,,A1,weather,186
cosmopolite-a1-methode,writing,Leçon 5,12d,fill-in,"Indiquez le temps qu'il fait ou qu'il fera à Durban : aujourd'hui (gouttes de pluie, 26 °C) / demain (soleil voilé, 21 °C).",,,,,A1,weather,186
cosmopolite-a1-methode,listening,Leçon 5,13a,short-answer,"Écoutez et lisez ces nombres. Si vous entendez la voyelle [ã], écrivez le nombre en lettres : 5 • 11 • 30 • 55 • 60 • 80 • 100.",,,,,A1,weather,186
cosmopolite-a1-methode,listening,Leçon 5,13b,short-answer,"Écoutez ces noms de pays. Si vous entendez la voyelle [ã], écrivez le pays et soulignez les lettres qui se prononcent [ã] : le Japon • le Cambodge • la Grande-Bretagne • l'Inde • le Canada • le Vietnam • l'Argentine.",,,,,A1,weather,186
cosmopolite-a1-methode,speaking,Leçon 6,14a,fill-in,"Lisez la définition et proposez l'adjectif correct (être curieux, être surpris, avoir peur, être heureux, être intéressé) : « Incroyable ! Tu as fait le tour du monde ? » → Je / J'…",,,,surpris(e),A1,mixed,186
cosmopolite-a1-methode,speaking,Leçon 6,14b,fill-in,Lisez la définition et proposez l'adjectif correct : « Super ! Nous avons réservé des billets d'avion pour la Chine ! » → Je / J'…,,,,heureux/heureuse,A1,mixed,186
cosmopolite-a1-methode,speaking,Leçon 6,14c,fill-in,"Lisez la définition et proposez l'adjectif correct : « Pour mon prochain voyage, je veux tout connaître du pays visité. » → Je / J'…",,,,intéressé(e),A1,mixed,186
cosmopolite-a1-methode,speaking,Leçon 6,14d,fill-in,"Lisez la définition et proposez l'adjectif correct : « Dans la jungle, les animaux peuvent être dangereux. » → Je / J'…",,,,peur (j'ai peur),A1,mixed,186
cosmopolite-a1-methode,speaking,Leçon 6,14e,fill-in,Lisez la définition et proposez l'adjectif correct : « Je pose toujours beaucoup de questions personnelles aux habitants. » → Je / J'…,,,,curieux/curieuse,A1,mixed,186
cosmopolite-a1-methode,speaking,Leçon 6,15a,open-ended,Observez le document a (éclairs violets dans un ciel nocturne / feu de cheminée). Utilisez les sens pour parler de vos sensations : J'entends… / Je vois… / Je sens… / Je touche… / Je goûte…,,,,(open-ended),A1,mixed,186
cosmopolite-a1-methode,speaking,Leçon 6,15b,open-ended,Observez le document b (graine de pissenlit soufflée dans le ciel bleu / vache dans un pré). Utilisez les sens pour parler de vos sensations.,,,,(open-ended),A1,mixed,186
cosmopolite-a1-methode,speaking,Leçon 6,15c,open-ended,Observez le document c (vague bleue qui déferle / mouette volant au-dessus de la mer). Utilisez les sens pour parler de vos sensations.,,,,(open-ended),A1,mixed,186
cosmopolite-a1-methode,listening,Leçon 6,16a,short-answer,Écoutez les noms de pays. Dites si vous entendez un groupe consonantique avec r dans le premier mot ou le deuxième mot : 1. le Pérou / le Brésil 2. l'Afrique du Sud / le Maroc 3. l'Autriche / la Roumanie 4. la Nouvelle-Zélande / l'Australie.,,,,,A1,mixed,186
cosmopolite-a1-methode,listening,Leçon 6,16b,short-answer,"Écoutez les recommandations pour voyager. Soulignez les mots avec un groupe consonantique : « Pour voyager, il faut être très prévoyant, très prudent, très curieux, très ouvert et très flexible. »",,,,,A1,travel,187
cosmopolite-a1-methode,grammar,Leçon 1,1a,matching,"Complétez le nom du plat avec l'ingrédient (pommes, pommes de terre, bœuf, carottes, chocolat) : une mousse au …",,,,chocolat,A1,food,188
cosmopolite-a1-methode,grammar,Leçon 1,1b,matching,Complétez le nom du plat avec l'ingrédient : une salade de …,,,,carottes,A1,food,188
cosmopolite-a1-methode,grammar,Leçon 1,1c,matching,Complétez le nom du plat avec l'ingrédient : une tarte aux …,,,,pommes,A1,food,188
cosmopolite-a1-methode,grammar,Leçon 1,1d,matching,Complétez le nom du plat avec l'ingrédient : un gratin de …,,,,pommes de terre,A1,food,188
cosmopolite-a1-methode,grammar,Leçon 1,1e,matching,Complétez le nom du plat avec l'ingrédient : un rôti de …,,,,bœuf,A1,food,188
cosmopolite-a1-methode,grammar,Leçon 1,2a,fill-in,Transformez avec un article indéfini/partitif : J'adore le poulet. → Je mange…,,,,,A1,food,188
cosmopolite-a1-methode,grammar,Leçon 1,2b,fill-in,Transformez avec un article indéfini/partitif : Nous aimons beaucoup la sangria. → Nous buvons…,,,,,A1,food,188
cosmopolite-a1-methode,grammar,Leçon 1,2c,fill-in,Transformez avec un article indéfini/partitif : Tu préfères les fruits. → Tu achètes…,,,,,A1,food,188
cosmopolite-a1-methode,grammar,Leçon 1,2d,fill-in,Transformez avec un article indéfini/partitif : Vous adorez le lait. → Vous buvez trop…,,,,,A1,food,188
cosmopolite-a1-methode,grammar,Leçon 1,2e,fill-in,Transformez avec un article indéfini/partitif : Ils aiment le fromage. → Ils ont toujours…,,,,,A1,food,188
cosmopolite-a1-methode,grammar,Leçon 1,2f,fill-in,Transformez avec un article indéfini/partitif : J'aime bien l'huile d'olive. → J'utilise…,,,,,A1,food,188
cosmopolite-a1-methode,listening,Leçon 1,3,short-answer,"Écoutez et répétez ces phrases de plus en plus vite. Notez le nombre de sons [p] et [b] : « Le dimanche matin, j'adore manger du pain blanc et boire un jus de pomme. » « Mes plats préférés sont le bœuf bourguignon et le poulet basquaise. » « Cette poêlée de beaux légumes accompagnée d'une bolée de cidre de pomme est parfaite ! » « Tous les fruits sont excellents pour la santé : pommes, poires, bien sûr, mais aussi framboises, abricots et bananes. »",,,,,A1,food,188
cosmopolite-a1-methode,grammar,Leçon 2,4a,fill-in,"Précisez la quantité à acheter (bocal, pot, paquet, bouteille, 800 grammes, 1 litre) : jus de fruits.",,,,1 litre de jus de fruits,A1,food,188
cosmopolite-a1-methode,grammar,Leçon 2,4b,fill-in,Précisez la quantité à acheter : crème au citron.,,,,un pot de crème au citron,A1,food,188
cosmopolite-a1-methode,grammar,Leçon 2,4c,fill-in,Précisez la quantité à acheter : eau plate.,,,,une bouteille d'eau plate,A1,food,188
cosmopolite-a1-methode,grammar,Leçon 2,4d,fill-in,Précisez la quantité à acheter : pommes de terre.,,,,800 grammes de pommes de terre,A1,food,188
cosmopolite-a1-methode,grammar,Leçon 2,4e,fill-in,Précisez la quantité à acheter : pâtes.,,,,un paquet de pâtes,A1,food,188
cosmopolite-a1-methode,grammar,Leçon 2,4f,fill-in,Précisez la quantité à acheter : foie gras.,,,,un bocal de foie gras,A1,food,188
cosmopolite-a1-methode,grammar,Leçon 2,5,fill-in,"Remplacez les quantités par le pronom en quand c'est nécessaire : « J'aimerais des pommes de terre, je voudrais un kilo de pommes de terre, des oignons… Vous voulez combien d'oignons ? Je vais prendre trois oignons. Vous avez des haricots verts ? Oui ! Je mets un kilo ou deux kilos de haricots verts ? Mettez deux kilos de haricots verts, s'il vous plaît. »",,,,,A1,food,188
cosmopolite-a1-methode,reading,Leçon 2,6,ordering,"Lisez le dialogue. Remettez-le dans l'ordre logique : a. Oui, s'il vous plaît, mettez-en un kilo et je vais prendre cinq cents grammes de fraises. b. Je voudrais un peu de haricots verts, s'il vous plaît. c. Ah oui ! Rajoutez un kilo de cerises et ce sera tout ! d. Bonjour madame, vous désirez ? e. Parfait ! Il vous faut des pommes de terre aussi ? f. D'accord, vous voulez autre chose ? g. Oui, bien sûr. Combien vous en voulez ? h. Avec plaisir madame, cela fera 17 euros 85. i. Bonjour monsieur ! j. Cinq cents grammes, je prépare un gigot d'agneau avec des pommes de terre pour accompagner les haricots.",,,,"i, d, b, g, j, e, a, f, c, h",A1,food,188
cosmopolite-a1-methode,writing,Leçon 3,10a,open-ended,Observez les éléments proposés. Faites une comparaison entre : la télévision / la lecture.,,,,(open-ended),A1,hobby,189
cosmopolite-a1-methode,writing,Leçon 3,10b,open-ended,Faites une comparaison entre : les romans policiers / les romans d'amour.,,,,(open-ended),A1,hobby,189
cosmopolite-a1-methode,writing,Leçon 3,10c,open-ended,Faites une comparaison entre : la littérature classique / la littérature contemporaine.,,,,(open-ended),A1,hobby,189
cosmopolite-a1-methode,writing,Leçon 3,10d,open-ended,Faites une comparaison entre : la lecture numérique / la lecture papier.,,,,(open-ended),A1,hobby,189
cosmopolite-a1-methode,writing,Leçon 3,10e,open-ended,Faites une comparaison entre : la lecture quotidienne / la lecture des vacances.,,,,(open-ended),A1,hobby,189
cosmopolite-a1-methode,grammar,Leçon 4,11a,fill-in,"Corrigez le verbe à l'imparfait : Avant de rentrer dans cette école, je ne m'intéressaient pas aux études.",,,,je ne m'intéressais pas,A1,school,189
cosmopolite-a1-methode,grammar,Leçon 4,11b,fill-in,"Corrigez les verbes à l'imparfait : Quand il étions petit, il adorez passer du temps dans la cuisine de sa grand-mère.",,,,il était ; il adorait,A1,school,189
cosmopolite-a1-methode,grammar,Leçon 4,11c,fill-in,"Corrigez les verbes à l'imparfait : Il y a deux ans, quand tu habitaient à Nantes, tu rêvait de partir dans le Sud.",,,,tu habitais ; tu rêvais,A1,school,189
cosmopolite-a1-methode,grammar,Leçon 4,11d,fill-in,"Corrigez le verbe à l'imparfait : Avant, elles ne proposait pas de pain dans leur magasin d'alimentation.",,,,elles ne proposaient pas,A1,food,189
cosmopolite-a1-methode,grammar,Leçon 4,11e,fill-in,"Corrigez les verbes à l'imparfait : Quand nous étais étudiants, nous aviez peur de parler aux professeurs.",,,,nous étions ; nous avions,A1,school,189
cosmopolite-a1-methode,grammar,Leçon 4,11f,fill-in,"Corrigez les verbes à l'imparfait : Jeune, je dansaient pour m'amuser, je me sentions libre !",,,,je dansais ; je me sentais,A1,hobby,189
cosmopolite-a1-methode,writing,Leçon 4,12a,open-ended,"Imaginez une situation passée à l'imparfait : Avant… Aujourd'hui, elle est très heureuse !",,,,(open-ended),A1,mixed,189
cosmopolite-a1-methode,writing,Leçon 4,12b,open-ended,"Imaginez une situation passée à l'imparfait : Avant… Aujourd'hui, tu habites et travailles à Paris.",,,,(open-ended),A1,mixed,189
cosmopolite-a1-methode,writing,Leçon 4,12c,open-ended,"Imaginez une situation passée à l'imparfait : Avant… Aujourd'hui, nous avons beaucoup d'amis !",,,,(open-ended),A1,mixed,189
cosmopolite-a1-methode,writing,Leçon 4,12d,open-ended,"Imaginez une situation passée à l'imparfait : Avant… Aujourd'hui, je me concentre sur ma carrière professionnelle.",,,,(open-ended),A1,profession,189
cosmopolite-a1-methode,writing,Leçon 4,12e,open-ended,"Imaginez une situation passée à l'imparfait : Avant… Aujourd'hui, ils sont âgés.",,,,(open-ended),A1,mixed,189
cosmopolite-a1-methode,grammar,Leçon 4,13,fill-in,"Complétez l'histoire de Xavier avec : il y a • depuis (x2) • avant • quand (x2) • pendant (x2). « L'émission de téléréalité MasterChef a changé la vie de Xavier. … 2011, année de sa participation à MasterChef, Xavier cuisine. Il vit de sa passion. … il était jeune garçon, les repas de famille étaient une tradition : il aidait sa mère et partageait avec elle des moments culinaires exceptionnels. Sa passion est en lui … longtemps ! Il a pratiqué le métier de coiffeur … vingt-cinq ans. … cinq ans, il s'est inscrit à MasterChef pour tenter sa chance. Il est resté dans la compétition … douze semaines. Bingo ! Il a été la grande révélation de l'émission. … il est arrivé en finale, il a surpris tout le monde ! …, Xavier coupait des cheveux. Aujourd'hui, il coupe des oignons et d'autres ingrédients ! »",,,,Depuis ; Quand ; depuis ; pendant ; Il y a ; pendant ; Quand ; Avant,A1,profession,189
cosmopolite-a1-methode,listening,Leçon 2,7,fill-in,"Écoutez et répétez ces mots, classez-les selon [ε̃] ou [ã] : pamplemousse • quantité • magasin • institut • pain • client • boulanger • végétarien • camembert • vin.",,,,,A1,food,189
cosmopolite-a1-methode,grammar,Leçon 3,8,fill-in,"Complétez le dialogue chez le libraire : « Client : Bonjour madame. Libraire : Bonjour monsieur. … ? Client : Oui, … … ? Libraire : Il y a Chanson douce de Leïla Slimani. C'est le prix Goncourt 2016. C'est un très bon livre. Client : … un livre plus drôle. Libraire : Je peux … Client : Oui, c'est plus humoristique. … ? Libraire : Quinze euros. Client : Je vais le prendre. »",,,,,A1,hobby,189
cosmopolite-a1-methode,grammar,Leçon 3,9a,fill-in,Dites le contraire : Il y a plus de suspens dans les romans policiers que dans les biographies.,,,,Il y a moins de suspens dans les romans policiers que dans les biographies.,A1,hobby,189
cosmopolite-a1-methode,grammar,Leçon 3,9b,fill-in,Dites le contraire : Les adultes achètent moins de bandes dessinées que les adolescents.,,,,Les adultes achètent plus de bandes dessinées que les adolescents.,A1,hobby,189
cosmopolite-a1-methode,grammar,Leçon 3,9c,fill-in,Dites le contraire : Les gens lisent plus aujourd'hui qu'il y a quinze ans.,,,,Les gens lisent moins aujourd'hui qu'il y a quinze ans.,A1,hobby,189
cosmopolite-a1-methode,grammar,Leçon 3,9d,fill-in,Dites le contraire : Les livres « papier » sont moins populaires que les livres numériques.,,,,Les livres « papier » sont plus populaires que les livres numériques.,A1,hobby,189
cosmopolite-a1-methode,grammar,Leçon 3,9e,fill-in,Dites le contraire : Les Français s'intéressent moins à la littérature étrangère qu'à la littérature française.,,,,Les Français s'intéressent plus à la littérature étrangère qu'à la littérature française.,A1,hobby,189
cosmopolite-a1-methode,grammar,Leçon 3,9f,fill-in,Dites le contraire : Frédéric Lenoir est un écrivain plus célèbre qu'avant.,,,,Frédéric Lenoir est un écrivain moins célèbre qu'avant.,A1,hobby,189
cosmopolite-a1-methode,grammar,Leçon 5,14a,fill-in,"Complétez le dialogue en magasin : « Vendeur : … Client : Bonjour, oui, s'il vous plaît, je cherche le département femme. Vendeur : … Client : Merci. Et pour les accessoires, ça se trouve où ? Vendeur : … Client : C'est parfait, je vous remercie. Bonne journée ! »",,,,,A1,shopping,190
cosmopolite-a1-methode,grammar,Leçon 5,14b,fill-in,"Complétez le dialogue en magasin : « Client : Excusez-moi, j'aimerais payer ces articles. … ? Vendeur : La caisse se trouve au rez-de-chaussée. Client : … ? Vendeur : Vous pouvez payer en carte ou en espèces. Client : … ? Vendeur : Le rayon accessoires est au premier étage. Client : Super, j'y vais tout de suite, avant de payer ! »",,,,,A1,shopping,190
cosmopolite-a1-methode,reading,Leçon 5,15a,matching,"Associez la photo (chapeau rose, pull bleu, écharpe orange, sac et chaussures orange, pantalon beige) à la publicité correspondante (1, 2 ou 3).",,,,Publicité 3,A1,shopping,190
cosmopolite-a1-methode,reading,Leçon 5,15b,matching,"Associez la photo (lunettes de soleil rouges, chapeau clair, chemise à carreaux, baskets bleues, short beige) à la publicité correspondante (1, 2 ou 3).",,,,Publicité 1,A1,shopping,190
cosmopolite-a1-methode,reading,Leçon 5,15c,matching,"Associez la photo (bottes noires hautes, haut rose pâle à col vert, jupe verte, sac noir) à la publicité correspondante (1, 2 ou 3).",,,,Publicité 2,A1,shopping,190
cosmopolite-a1-methode,writing,Leçon 5,16b-1,fill-in,"Complétez librement avec des éléments du tableau (vêtements, couleurs, prénoms) : J'ai acheté trois … … pour …, ma voisine âgée.",,,,,A1,shopping,190
cosmopolite-a1-methode,writing,Leçon 5,16b-2,fill-in,"Complétez librement : J'ai acheté quatre … … pour …, ma cousine.",,,,,A1,shopping,190
cosmopolite-a1-methode,writing,Leçon 5,16b-3,fill-in,"Complétez librement : J'ai acheté cinq jolis … … pour …, mon frère.",,,,,A1,shopping,190
cosmopolite-a1-methode,writing,Leçon 5,16b-4,fill-in,"Complétez librement : J'ai acheté six … … pour …, mon mari.",,,,,A1,shopping,190
cosmopolite-a1-methode,grammar,Leçon 6,17a,fill-in,"Complétez avec le verbe pronominal réciproque conjugué : Pour le 14 juillet, on … (s'inviter) pour faire un bon barbecue.",,,,on s'invite,A1,family,190
cosmopolite-a1-methode,grammar,Leçon 6,17b,fill-in,Complétez avec le verbe pronominal réciproque conjugué : La fête des voisins ? C'est une fête où vous … (se rencontrer) entre voisins pour faire connaissance.,,,,vous vous rencontrez,A1,family,190
cosmopolite-a1-methode,grammar,Leçon 6,17c,fill-in,Complétez avec le verbe pronominal réciproque conjugué : Pâques : les Français adorent cette fête pour le chocolat et le bon repas ! Ils … (se retrouver) pour le déjeuner du dimanche.,,,,ils se retrouvent,A1,family,190
cosmopolite-a1-methode,grammar,Leçon 6,17d,fill-in,Complétez avec les verbes pronominaux réciproques conjugués : La Saint-Sylvestre : nous … (s'embrasser) pour nous souhaiter une bonne année et nous … (se téléphoner) à minuit.,,,,nous nous embrassons ; nous nous téléphonons,A1,family,190
cosmopolite-a1-methode,reading,Leçon 6,18a,multiple-choice,Lisez le témoignage. L'appréciation est-elle positive ou négative ? « Nous sommes allés au magasin d'Isetan Shinjuku pour voir l'exposition sur deux magnifiques régions françaises : la Normandie et l'Occitanie. C'est absolument exceptionnel ! Nous avons découvert des produits incroyables ! »,Positive,Négative,,Positive,A1,mixed,190
cosmopolite-a1-methode,reading,Leçon 6,18b,multiple-choice,"Lisez le témoignage. L'appréciation est-elle positive ou négative ? « L'Institut français du Japon a organisé une fête conviviale mais simple. Pour moi, la cuisine française est plus sophistiquée ! Je suis un peu déçu. »",Positive,Négative,,Négative,A1,mixed,190
cosmopolite-a1-methode,reading,Leçon 6,18c,multiple-choice,Lisez le témoignage. L'appréciation est-elle positive ou négative ? « On a fait la dégustation des vins du Sud de la France. On a vraiment apprécié ! »,Positive,Négative,,Positive,A1,mixed,190
cosmopolite-a1-methode,reading,Leçon 6,18d,multiple-choice,"Lisez le témoignage. L'appréciation est-elle positive ou négative ? « Cette exposition sur l'art franco-japonais est géniale ! L'association des deux cultures est unique, on la trouve intéressante ! »",Positive,Négative,,Positive,A1,mixed,191
cosmopolite-a1-methode,reading,Leçon 6,18e,multiple-choice,"Lisez le témoignage. L'appréciation est-elle positive ou négative ? « Pour moi, cet événement n'est pas assez authentique. Je trouve ça dommage ! Peut-être que l'année prochaine, le thème sera plus intéressant. »",Positive,Négative,,Négative,A1,mixed,191
cosmopolite-a1-methode,listening,Leçon 6,19a,multiple-choice,Écoutez et répétez : « Je trouve la fête très réussie ! » Dites si la personne est contente ou non.,Contente,Pas contente,,Contente,A1,mixed,191
cosmopolite-a1-methode,listening,Leçon 6,19b,multiple-choice,"Écoutez et répétez : « Quel dommage, c'est déjà fini ! » Dites si la personne est contente ou non.",Contente,Pas contente,,Pas contente,A1,mixed,191
cosmopolite-a1-methode,listening,Leçon 6,19c,multiple-choice,Écoutez et répétez : « Cette chemise est vraiment magnifique ! » Dites si la personne est contente ou non.,Contente,Pas contente,,Contente,A1,mixed,191
cosmopolite-a1-methode,listening,Leçon 6,19d,multiple-choice,"Écoutez et répétez : « Franchement, je trouve cette idée ridicule ! » Dites si la personne est contente ou non.",Contente,Pas contente,,Pas contente,A1,mixed,191
cosmopolite-a1-methode,listening,Leçon 6,19e,multiple-choice,Écoutez et répétez : « Ce n'est vraiment pas original ! » Dites si la personne est contente ou non.,Contente,Pas contente,,Pas contente,A1,mixed,191
cosmopolite-a1-methode,listening,Leçon 6,19f,multiple-choice,Écoutez et répétez : « On trouve ce nouveau restaurant génial ! » Dites si la personne est contente ou non.,Contente,Pas contente,,Contente,A1,mixed,191
cosmopolite-a1-methode,reading,Leçon 1,1a,short-answer,"Relevez la situation initiale, l'événement qui a changé la situation, et la situation actuelle : « Avant, je parlais seulement l'allemand. Il y a deux ans, j'ai commencé à voyager et je suis tombé amoureux de la France. J'ai décidé d'apprendre le français. Aujourd'hui, je parle bien le français et je découvre les pays francophones. »",,,,"Initiale : parlait seulement allemand ; Événement : voyage, tombé amoureux de la France, a décidé d'apprendre le français ; Actuelle : parle bien français, découvre les pays francophones",A1,school,192
cosmopolite-a1-methode,reading,Leçon 1,1b,short-answer,"Relevez la situation initiale, l'événement, et la situation actuelle : « J'adore mon professeur de français. Avec lui, j'ai fait beaucoup de progrès. Au début, je trouvais ça très difficile. Aujourd'hui, je n'ai plus peur de parler ! »",,,,Initiale : trouvait ça très difficile ; Événement : a fait beaucoup de progrès avec le professeur ; Actuelle : n'a plus peur de parler,A1,school,192
cosmopolite-a1-methode,reading,Leçon 1,1c,short-answer,"Relevez la situation initiale, l'événement, et la situation actuelle : « J'ai fait le choix de partir en France, à Nantes. Je voulais connaître une autre culture et découvrir un nouveau pays. J'étais curieuse ! Pour mieux m'intégrer, j'ai décidé d'apprendre la langue. Je suis toujours à l'école. »",,,,"Initiale : voulait connaître une autre culture, était curieuse ; Événement : a décidé d'apprendre la langue ; Actuelle : est toujours à l'école",A1,school,192
cosmopolite-a1-methode,writing,Leçon 1,2a,fill-in,"Complétez le portrait avec une situation initiale (1) : Enrique … (1). En 2012, il est parti vivre à Paris. Il a changé de vie. Aujourd'hui, il parle français et il dirige une grande entreprise.",,,,,A1,profession,192
cosmopolite-a1-methode,writing,Leçon 1,2b,fill-in,"Complétez le portrait avec une situation actuelle (2) : Avant, nous n'aimions pas les langues étrangères. L'année dernière, nous avons fait un grand voyage. Nous avons rencontré beaucoup de personnes de différentes nationalités. Aujourd'hui, … (2).",,,,,A1,travel,192
cosmopolite-a1-methode,writing,Leçon 1,2c,fill-in,"Complétez le portrait avec un événement (3) : Le français était une langue difficile pour Edna. Elle ne pouvait pas bien communiquer. Il y a six mois, … (3). Elle vient d'avoir le DELF B1.",,,,,A1,school,192
cosmopolite-a1-methode,writing,Leçon 1,2d,fill-in,"Complétez le portrait avec une situation initiale (1) : J'ai rencontré Mélissa dans un speed dating franglais. À ce moment-là … (1). Aujourd'hui, c'est ma meilleure amie et grâce à elle, je suis totalement intégrée.",,,,,A1,school,192
cosmopolite-a1-methode,writing,Leçon 1,2e,fill-in,"Complétez le portrait avec un événement (3) : À mon inscription à l'école, j'avais peur, j'étais impressionné. Je ne savais pas parler français. Puis, … (3). Actuellement, tous mes amis sont français, je n'ai plus aucun problème.",,,,,A1,school,192
cosmopolite-a1-methode,reading,Leçon 2,3-review1,fill-in,"Complétez le témoignage client sur le restaurant Izumi avec : délicieuse • rapide • bruyante • chaleureux. Précisez si la critique est positive ou négative. « C'est notre deuxième visite dans ce resto. La cuisine est vraiment … et le personnel super … ! Les plats sont un plaisir pour la bouche, le nez et les yeux. Le service est … . Il est difficile de se parler car la salle est … . Mais c'est une super expérience ! À faire et refaire ! » (Avis 5 étoiles)",,,,délicieuse ; chaleureux ; rapide ; bruyante — critique positive,A1,restaurant,192
cosmopolite-a1-methode,reading,Leçon 2,3-review2,fill-in,"Complétez le témoignage client sur le restaurant Izumi avec : petites • mauvaise • froids. Précisez si la critique est positive ou négative. « La nourriture est correcte mais les portions sont … . Nous étions là pour un déjeuner d'affaires et nous avons eu une … expérience. Le service est trop rapide, les serveurs sont …, pas un sourire, pas un mot gentil ! Ne parlons pas du prix ! À déconseiller absolument ! » (Avis 1 étoile)",,,,petites ; mauvaise ; froids — critique négative,A1,restaurant,192
cosmopolite-a1-methode,reading,Leçon 2,4,ordering,"Remettez le dialogue de commande au restaurant dans l'ordre : a. Bien ! Et comme boisson pour accompagner votre déjeuner ? b. Nous non, mais nos amis vont commander une tarte aux pommes. c. Parfait ! Vous désirez prendre un dessert ? d. À point, mais pas trop cuit. e. Oui, mon mari et moi, nous allons prendre une entrée de foie gras et nos amis ont choisi le gaspacho. f. Je suis ravi. Voulez-vous un café ? g. De l'eau plate, merci. h. Très bien, et comme plat ? i. Tout s'est bien passé ? j. Oui, merci, c'était délicieux. Nous avons adoré le filet de boeuf, il était exceptionnel. k. Messieurs dames bonjour ! Vous avez choisi ? l. Comme plat, nous allons tous prendre un filet de boeuf et ses petits légumes. m. Non, merci. L'addition, s'il vous plaît ! n. La cuisson ?",,,,"k, e, h, l, n, d, a, g, c, b, i, j, f, m",A1,restaurant,192
cosmopolite-a1-methode,grammar,Leçon 2,5a,multiple-choice,"Choisissez la réponse qui convient : Bonjour, vous avez réservé ?","Merci, au revoir.","Oui, au nom de Martin.","Un jus de fruits, s'il vous plaît.","Oui, au nom de Martin.",A1,restaurant,193
cosmopolite-a1-methode,grammar,Leçon 2,5b,multiple-choice,"Choisissez la question qui convient à la réponse « Plate, merci. »",De l'eau plate ou gazeuse ?,Vous désirez ?,Bonjour ! Bienvenue !,De l'eau plate ou gazeuse ?,A1,restaurant,193
cosmopolite-a1-methode,grammar,Leçon 2,5c,multiple-choice,Choisissez la réponse qui convient : Quelle cuisson pour votre viande ?,Une salade d'épinards.,À point.,Très bien.,À point.,A1,restaurant,193
cosmopolite-a1-methode,grammar,Leçon 2,5d,multiple-choice,"Choisissez la question qui convient à la réponse « Très bien, c'était excellent ! »",Vous désirez un dessert ?,Et comme plat ?,Tout s'est bien passé ?,Tout s'est bien passé ?,A1,restaurant,193
cosmopolite-a1-methode,grammar,Leçon 2,5e,multiple-choice,Choisissez la réponse qui convient : L'addition s'il vous plaît !,"Deux mousses au chocolat, c'est noté.","Oui, tout de suite.","Le saumon, c'est notre plat du jour.","Oui, tout de suite.",A1,restaurant,193
cosmopolite-a1-methode,grammar,Leçon 2,5f,multiple-choice,Choisissez la réponse qui convient : Vous avez choisi ?,Tout s'est bien passé.,"Oui, avec un peu d'eau plate.","Oui, je vais prendre une salade César.","Oui, je vais prendre une salade César.",A1,restaurant,193
cosmopolite-a1-methode,grammar,Leçon 2,5g,multiple-choice,Choisissez la réponse qui convient : Et comme plat ?,Une bouteille d'eau gazeuse.,Un filet de boeuf.,"Non, merci.",Un filet de boeuf.,A1,restaurant,193
cosmopolite-a1-methode,grammar,Leçon 3,6a,fill-in,"Remplacez le COD souligné par le, la, les ou l' : J'ai un costume de super-héros mais je ne sais pas où j'ai rangé ce costume.",,,,le,A1,shopping,193
cosmopolite-a1-methode,grammar,Leçon 3,6b,fill-in,Remplacez le COD souligné : Léa m'a donné une veste : je trouve cette veste très jolie et assez élégante.,,,,la,A1,shopping,193
cosmopolite-a1-methode,grammar,Leçon 3,6c,fill-in,"Remplacez le COD souligné : Bien sûr, tu connais le frère de Paolo, tu as rencontré son frère à son anniversaire !",,,,l',A1,family,193
cosmopolite-a1-methode,grammar,Leçon 3,6d,fill-in,Remplacez le COD souligné : Nous allons acheter des décorations pour notre soirée ; nous allons chercher ces décorations à côté de chez nous.,,,,les,A1,shopping,193
cosmopolite-a1-methode,grammar,Leçon 3,6e,fill-in,"Remplacez le COD souligné : Si tu aimes cette robe, prends cette robe !",,,,la,A1,shopping,193
cosmopolite-a1-methode,grammar,Leçon 3,6f,fill-in,"Remplacez le COD souligné : Il va y avoir tous les amis de Martina ce soir, tu vas adorer ses amis !",,,,les,A1,family,193
cosmopolite-a1-methode,reading,Leçon 3,7a,fill-in,"Identifiez les répétitions dans la publicité et remplacez-les par un pronom COD : « Le costume de Superman est très populaire ! Pour une soirée super-héros, vous rêverez de porter ce costume. Vous admiriez Superman quand vous étiez enfant ? Vous pouvez devenir ce héros pour quelques heures ! Notre équipe est disponible, venez consulter notre équipe ! »",,,,,A1,shopping,193
cosmopolite-a1-methode,reading,Leçon 3,7b,fill-in,Identifiez les répétitions dans la publicité et remplacez-les par un pronom COD : « Quelle magnifique robe de princesse ! Vous désirez acheter cette robe pour jouer à Cendrillon ? Nous avons cette robe. Nos vendeuses vous aident à choisir des accessoires : elles apportent les accessoires avec la robe pour essayer les accessoires ! »,,,,,A1,shopping,193
cosmopolite-a1-methode,listening,Leçon 3,8,short-answer,"Écoutez et répétez ce dialogue. Soulignez les mots qui se prononcent avec les voyelles [ɔ] ou [o] : « Alors, tu sors ce soir ? Tu vas à ton cours de volley ? Tu fais du sport comme tous les jeudis ? — Oh là là, tu poses trop de questions ! Non, je ne sors pas ce soir. J'ai un dossier à terminer. Et toi ? — Moi, je mets ma plus belle robe et je sors avec Paul ! On va au restaurant, puis à l'opéra ! — Non, c'est vrai ? Toi, à l'opéra, c'est drôle ! Tu détestes ça ! — Oui, mais c'est avec Paul, alors, j'adooore !!! »",,,,,A1,hobby,193
cosmopolite-a1-methode,grammar,Leçon 4,9a,fill-in,Complétez avec qui ou que (qu') : Je suis allé sur un site Internet … j'ai trouvé très sympa. Il propose des dîners … sont organisés par les locaux. Ce site s'appelle VizEat.,,,,que ; qui,A1,food,193
cosmopolite-a1-methode,grammar,Leçon 4,9b,fill-in,Complétez avec qui ou que (qu') : Nous avons découvert un restaurant … se trouve près du centre commercial Nice Étoile et … fait des spécialités bretonnes. C'est un restaurant … tu vas aimer !,,,,qui ; qui ; que,A1,restaurant,193
cosmopolite-a1-methode,grammar,Leçon 4,10,fill-in,"Complétez le témoignage de cet invité VizEat avec la préposition et le pronom tonique corrects : chez (x2) • pour eux • avec elle • pour moi • pour elle. « Il y a trois ans, je suis parti en vacances à La Havane. J'ai voulu découvrir la culture authentique de l'endroit. Je suis allé sur le site VizEat et je me suis inscrit pour un dîner végétarien … Irène. …, l'aventure était complète ! J'ai goûté des saveurs incroyables. …, cette cuisine est quotidienne mais …, c'est très différent des plats que je mange ou que je prépare. Il y a … les gens de La Havane une très grande chaleur humaine. …, il est normal de danser et chanter pendant le repas. »",,,,chez ; Avec elle ; Pour elle ; pour moi ; chez ; Pour eux,A1,travel,194
cosmopolite-a1-methode,writing,Leçon 5,11a,open-ended,Donnez votre opinion (ne … plus / ne … que / ne … non plus / assez / pas assez / trop) sur : le dernier livre.,,,,(open-ended),A1,hobby,194
cosmopolite-a1-methode,writing,Leçon 5,11b,open-ended,Donnez votre opinion sur : le dernier film.,,,,(open-ended),A1,hobby,194
cosmopolite-a1-methode,writing,Leçon 5,11c,open-ended,Donnez votre opinion sur : la dernière exposition.,,,,(open-ended),A1,hobby,194
cosmopolite-a1-methode,writing,Leçon 5,11d,open-ended,Donnez votre opinion sur : la dernière série.,,,,(open-ended),A1,hobby,194
cosmopolite-a1-methode,writing,Leçon 5,11e,open-ended,Donnez votre opinion sur : la dernière bande dessinée.,,,,(open-ended),A1,hobby,194
cosmopolite-a1-methode,grammar,Leçon 5,12a,fill-in,"Identifiez la structure pour donner un conseil et transformez : Si tu aimes le théâtre, lis L'Avare de Molière !",,,,,A1,hobby,194
cosmopolite-a1-methode,grammar,Leçon 5,12b,fill-in,"Identifiez la structure pour donner un conseil et transformez : Quand je recommande des chanteurs francophones à un ami, je lui conseille d'écouter Bénabar et Vincent Delerm.",,,,,A1,hobby,194
cosmopolite-a1-methode,grammar,Leçon 5,12c,fill-in,"Identifiez la structure pour donner un conseil et transformez : Si vous aimez la francophonie et que vous êtes cinéphile, il faut absolument voir les films Intouchables et Bienvenue chez les Ch'tis : ils sont exceptionnels mais différents !",,,,,A1,hobby,194
cosmopolite-a1-methode,grammar,Leçon 5,12d,fill-in,"Identifiez la structure pour donner un conseil et transformez : S'il n'y a plus de place pour Antigone, réserve pour Le Mariage de Figaro, tu ne le regretteras pas !",,,,,A1,hobby,194
cosmopolite-a1-methode,grammar,Leçon 5,12e,fill-in,"Identifiez la structure pour donner un conseil et transformez : Tu peux acheter des billets pour l'exposition de Cézanne, on a visité le musée Matisse il y a trois mois et c'était super !",,,,,A1,hobby,194
cosmopolite-a1-methode,grammar,Leçon 6,13a,short-answer,"Repérez la position du pronom COI et identifiez la personne remplacée : Je dois confirmer ma présence ce soir à Cristo, je lui téléphone tout de suite.",,,,"lui, avant le verbe ; remplace Cristo",A1,family,194
cosmopolite-a1-methode,grammar,Leçon 6,13b,short-answer,"Repérez la position du pronom COI et identifiez la personne remplacée : Nos amis arrivent cet après-midi, préparons-leur une belle surprise !",,,,"leur, après le verbe (impératif) ; remplace nos amis",A1,family,194
cosmopolite-a1-methode,grammar,Leçon 6,13c,short-answer,"Repérez la position du pronom COI et identifiez la personne remplacée : Il a appelé tous ses invités, il leur a expliqué le chemin pour venir chez lui.",,,,"leur, avant le verbe ; remplace tous ses invités",A1,family,194
cosmopolite-a1-methode,grammar,Leçon 6,13d,short-answer,"Repérez la position du pronom COI et identifiez la personne remplacée : Eva vient m'aider à décorer la salle pour la fête, je lui ai donné des ballons.",,,,"lui, avant le verbe ; remplace Eva",A1,family,194
cosmopolite-a1-methode,grammar,Leçon 6,13e,short-answer,"Repérez la position du pronom COI et identifiez la personne remplacée : Quand vous êtes invité, apportez une bouteille ou des fleurs à vos hôtes ou bien offrez-leur des chocolats.",,,,"leur, après le verbe (impératif) ; remplace vos hôtes",A1,family,194
cosmopolite-a1-methode,grammar,Leçon 4,9c,fill-in,Complétez avec qui ou que (qu') : Il a rencontré des étudiants … participent à des cours de cuisine. Il va suivre le cours … ils font le mercredi.,,,,qui ; que,A1,school,194
cosmopolite-a1-methode,grammar,Leçon 4,9d,fill-in,Complétez avec qui ou que (qu') : Un hôte VizEat est une personne … accueille des étrangers et … permet aux voyageurs de déguster des spécialités.,,,,qui ; qui,A1,food,194
cosmopolite-a1-methode,grammar,Leçon 4,9e,fill-in,"Complétez avec qui ou que (qu') : C'est un plat … je ne connaissais pas avant. Pour moi, c'est un plat … est très original et … je souhaite faire chez moi dans ma cuisine.",,,,que ; qui ; que,A1,food,194
cosmopolite-a1-methode,grammar,Leçon 6,14a,fill-in,Identifiez les répétitions et remplacez les personnes par lui ou leur : « J'ai dit à Elena de venir vers vingt heures. J'ai rappelé à Elena de ne pas sonner à l'interphone pour l'effet de surprise. J'ai aussi dit à Elena d'apporter une boisson. »,,,,"lui (Elena, singulier)",A1,family,195
cosmopolite-a1-methode,grammar,Leçon 6,14b,fill-in,Identifiez les répétitions et remplacez les personnes par lui ou leur : « Le DJ qui va animer la soirée est vraiment génial. J'ai donné au DJ toutes les musiques que nous aimons. J'ai aussi dit au DJ le nombre de personnes et leur âge. »,,,,"lui (le DJ, singulier)",A1,family,195
cosmopolite-a1-methode,grammar,Leçon 6,14c,fill-in,"Identifiez les répétitions et remplacez les personnes par lui ou leur : « Si des enfants viennent à votre fête, offrez des bonbons aux enfants et proposez des activités aux enfants. »",,,,"leur (les enfants, pluriel)",A1,family,195
cosmopolite-a1-methode,grammar,Leçon 6,14d,fill-in,"Identifiez les répétitions et remplacez les personnes par lui ou leur : « En général, il faut préparer à vos invités un buffet varié, cela permet à vos invités de choisir. Vous pouvez aussi offrir à vos invités un petit souvenir de la soirée, ils aimeront ! »",,,,"leur (vos invités, pluriel)",A1,family,195
cosmopolite-a1-methode,listening,Exercice 1,1,multiple-choice,Vous écoutez votre messagerie téléphonique. Loïs vous propose d'aller où ?,Photo a : un musée,Photo b : une piscine / natation,Photo c : une rue commerçante,,A1,mixed,196
cosmopolite-a1-methode,listening,Exercice 2,1,short-answer,"Vous entendez cette annonce dans un magasin en France. Aujourd'hui, quel rayon est à moins 50 % ?",,,,,A1,shopping,196
cosmopolite-a1-methode,listening,Exercice 1,2,short-answer,Vous avez rendez-vous avec Loïs quel jour ?,,,,,A1,mixed,196
cosmopolite-a1-methode,listening,Exercice 2,2,multiple-choice,Le rayon hommes se trouve…,à l'entrée du magasin.,au deuxième étage.,au troisième étage.,,A1,shopping,196
cosmopolite-a1-methode,listening,Exercice 1,3,multiple-choice,À quelle heure est votre rendez-vous ?,12 h.,14 h.,16 h.,,A1,mixed,196
cosmopolite-a1-methode,listening,Exercice 2,3,multiple-choice,Quels vêtements pour hommes ont un prix intéressant ?,Les chemises.,Les costumes.,Les manteaux.,,A1,shopping,196
cosmopolite-a1-methode,listening,Exercice 1,4,short-answer,Qu'est-ce que Loïs vous demande de faire ?,,,,,A1,mixed,196
cosmopolite-a1-methode,listening,Exercice 2,4,short-answer,Vous pouvez bénéficier des offres du magasin jusqu'à quelle heure aujourd'hui ?,,,,,A1,shopping,196
cosmopolite-a1-methode,listening,Exercice 3,1,multiple-choice,Vous écoutez votre messagerie téléphonique. Vous devez aller sur le site Internet du traiteur Carme pour…,payer des produits.,laisser vos coordonnées.,compléter votre commande.,,A1,food,197
cosmopolite-a1-methode,listening,Exercice 3,2,multiple-choice,Vous devez aller sur le site Internet du traiteur Carme avant quelle date ?,Le 6 décembre.,Le 10 décembre.,Le 16 décembre.,,A1,food,197
cosmopolite-a1-methode,listening,Exercice 3,3,short-answer,Quelle est la référence de votre commande ?,,,,,A1,food,197
cosmopolite-a1-methode,listening,Exercice 3,4,short-answer,"D'après le traiteur Carme, vous pouvez commander quel produit ?",,,,,A1,food,197
cosmopolite-a1-methode,listening,Exercice 4,a,matching,Vous allez entendre cinq dialogues correspondant à cinq situations différentes. Notez sous chaque dessin le numéro du dialogue qui correspond. Dessin a : trois personnes autour d'une table avec des affiches de voyage au mur et un globe terrestre.,,,,,A1,travel,197
cosmopolite-a1-methode,listening,Exercice 4,b,matching,"Dessin b : un homme assis près d'une fenêtre en hiver, un autre homme dehors qui lui parle à travers la fenêtre.",,,,,A1,weather,197
cosmopolite-a1-methode,listening,Exercice 4,c,matching,"Dessin c : deux personnes debout devant une grande carte du monde, l'une pointant du doigt sur la carte.",,,,,A1,travel,197
cosmopolite-a1-methode,listening,Exercice 4,d,matching,"Dessin d : deux hommes se saluant en agitant la main devant un immeuble, l'un portant un sac.",,,,,A1,communication,197
cosmopolite-a1-methode,listening,Exercice 4,e,matching,Dessin e : une commerçante derrière un comptoir vitré tendant un sandwich à une cliente.,,,,,A1,food,197
cosmopolite-a1-methode,listening,Exercice 4,f,matching,"Dessin f : deux femmes et un homme dans un magasin de vêtements, un mannequin portant une robe rouge étiquetée « -50% ».",,,,,A1,shopping,197
cosmopolite-a1-methode,reading,Exercice 1,1,short-answer,Lisez ce mél de votre nouvel ami Saïdou. Saïdou a quel âge ?,,,,26 ans,A1,personal-info,198
cosmopolite-a1-methode,reading,Exercice 1,2,short-answer,Quelle est la nationalité de Saïdou ?,,,,Camerounaise,A1,personal-info,198
cosmopolite-a1-methode,reading,Exercice 1,3,multiple-choice,Saïdou vit…,en Chine.,en France.,au Cameroun.,en France.,A1,personal-info,198
cosmopolite-a1-methode,reading,Exercice 1,4,multiple-choice,Saïdou est… (choisissez la photo qui correspond),Photo a : un danseur en pose,Photo b : un homme qui parle devant un groupe,Photo c : un jeune homme jouant de la guitare,Photo c : un jeune homme jouant de la guitare — Saïdou est musicien.,A1,personal-info,198
cosmopolite-a1-methode,reading,Exercice 1,5,multiple-choice,Saïdou…,vous invite chez lui.,va visiter un musée.,veut vous rendre visite.,vous invite chez lui.,A1,personal-info,198
cosmopolite-a1-methode,reading,Exercice 2,1,short-answer,Vous recevez ce message d'une amie. Julie vous propose d'aller à la piscine quel jour ?,,,,Samedi (matin),A1,city-places,199
cosmopolite-a1-methode,reading,Exercice 2,2,multiple-choice,Vous avez rendez-vous à quelle heure avec Julie ?,10 h.,12 h.,13 h.,10 h.,A1,city-places,199
cosmopolite-a1-methode,reading,Exercice 2,3,multiple-choice,Vous devez retrouver Julie…,chez elle.,à votre hôtel.,devant la piscine.,devant la piscine.,A1,city-places,199
cosmopolite-a1-methode,reading,Exercice 2,4,short-answer,Tracez sur le plan le chemin pour aller de votre hôtel à la piscine.,,,,"(exercice graphique — tracé sur plan, non résolvable en texte)",A1,city-places,199
cosmopolite-a1-methode,reading,Exercice 2,5,short-answer,Qu'est-ce que vous devez apporter ?,,,,Un bonnet de bain,A1,city-places,199
cosmopolite-a1-methode,reading,Exercice 3,1,short-answer,Vous êtes dans une école de langue qui propose des activités culturelles et sportives. Vous aimez beaucoup l'art : quelle activité allez-vous choisir ?,,,,La visite de musées (ou l'atelier de peinture),A1,school,200
cosmopolite-a1-methode,reading,Exercice 4,1,multiple-choice,Vous lisez cet article sur le site Internet d'un journal français. Le programme Erasmus+ est pour…,les familles.,les étudiants.,les enseignants.,les étudiants.,A1,school,200
cosmopolite-a1-methode,reading,Exercice 3,2,short-answer,À quelle heure pouvez-vous regarder un film ?,,,,18 h 30 (le mercredi),A1,school,200
cosmopolite-a1-methode,reading,Exercice 3,3,short-answer,Combien de temps dure le cours de peinture ?,,,,1 h 30,A1,school,200
cosmopolite-a1-methode,reading,Exercice 3,4,multiple-choice,À quel moment de la journée est-il possible de faire un cours de danse ?,Le matin.,L'après-midi.,Le soir.,Le soir.,A1,school,200
cosmopolite-a1-methode,reading,Exercice 3,5,short-answer,"Avec le cours de danse, quelle autre activité vous permet de faire du sport ?",,,,La course à pied,A1,school,200
cosmopolite-a1-methode,writing,Production écrite Exercice 2,1,writing-task,"Vous avez reçu ce mél de votre amie Paula, qui veut découvrir votre pays et demande la meilleure saison pour visiter et les villes à voir absolument. Vous répondez à Paula : vous demandez à quelle période elle veut venir, vous répondez à ses questions, vous faites une description des particularités de votre pays. (40 mots minimum)",,,,(open-ended),A1,mixed,201
cosmopolite-a1-methode,reading,Exercice 4,2,short-answer,"Au Danemark, Paul commence ses cours à quelle heure ?",,,,8 h 20,A1,school,201
cosmopolite-a1-methode,reading,Exercice 4,3,multiple-choice,Que fait Paul après 14 h 20 ?,Il travaille.,Il va en cours.,Il étudie chez lui.,Il travaille.,A1,profession,201
cosmopolite-a1-methode,reading,Exercice 4,4,short-answer,"Pour obtenir 800 euros de l'État danois, il faut travailler combien d'heures ?",,,,12 heures par semaine,A1,profession,201
cosmopolite-a1-methode,reading,Exercice 4,5,multiple-choice,Qu'est-ce que Paul vient d'envoyer à ses parents ?,"Photo a : montage Danemark (statue, drapeau, château)",Photo b : billets en euros,Photo c : cadeaux emballés de Noël,Une carte postale (photo a),A1,communication,201
cosmopolite-a1-methode,writing,Production écrite Exercice 1,Adjectifs,writing-task,Fiche d'inscription : Que pensez-vous de la langue française ? (Donnez 2 adjectifs.),,,,(open-ended),A1,school,201
cosmopolite-a1-methode,writing,Production écrite Exercice 1,Langue maternelle,writing-task,Fiche d'inscription : Votre langue maternelle : ____________________,,,,(open-ended),A1,personal-info,201
cosmopolite-a1-methode,writing,Production écrite Exercice 1,Nationalité,writing-task,Fiche d'inscription : Nationalité : ____________________,,,,(open-ended),A1,personal-info,201
cosmopolite-a1-methode,writing,Production écrite Exercice 1,Nom,writing-task,Fiche d'inscription à un cours de littérature francophone : Nom : ____________________,,,,(open-ended),A1,personal-info,201
cosmopolite-a1-methode,writing,Production écrite Exercice 1,Prénom,writing-task,Fiche d'inscription : Prénom : ____________________,,,,(open-ended),A1,personal-info,201
cosmopolite-a1-methode,writing,Production écrite Exercice 1,Raison 1,writing-task,Fiche d'inscription : Pour quelles raisons avez-vous choisi d'apprendre le français ? (raison 1),,,,(open-ended),A1,school,201
cosmopolite-a1-methode,writing,Production écrite Exercice 1,Raison 2,writing-task,Fiche d'inscription : Pour quelles raisons avez-vous choisi d'apprendre le français ? (raison 2),,,,(open-ended),A1,school,201
cosmopolite-a1-methode,writing,Production écrite Exercice 1,Raison cours,writing-task,Fiche d'inscription : Pour quelle raison souhaitez-vous vous inscrire à ce cours de littérature francophone ?,,,,(open-ended),A1,school,201
cosmopolite-a1-methode,writing,Production écrite Exercice 1,Âge d'étude,writing-task,Fiche d'inscription : Vous avez commencé à étudier le français à quel âge ?,,,,(open-ended),A1,school,201
cosmopolite-a1-methode,speaking,Exercice 1,1,speaking-task,"Entretien dirigé (1 à 2 minutes). Vous répondez aux questions de l'examinateur sur vous, votre famille, vos goûts ou vos activités. Exemples : Comment est-ce que vous vous appelez ? Quelle est votre nationalité ?",,,,(open-ended),A1,personal-info,202
cosmopolite-a1-methode,speaking,Exercice 3,1,speaking-task,"Dialogue simulé (jeu de rôle). Vous êtes à l'office du tourisme de la ville de Pointe-à-Pitre. Vous vous renseignez sur les visites culturelles avec guide (jour, durée, tarifs…). Vous achetez le nombre de billets souhaités. Document pour l'examinateur : visites guidées mercredi/vendredi/samedi après-midi, durée 1h30, inscription obligatoire, plein tarif 6 €, tarif réduit 2,50 €, gratuit moins de 9 ans.",,,,(open-ended),A1,travel,202
cosmopolite-a1-methode,speaking,Exercice 2,Français,speaking-task,Échange d'informations. Posez une question à l'examinateur sur le thème : Français(e) ?,,,,(open-ended),A1,personal-info,202
cosmopolite-a1-methode,speaking,Exercice 2,Nationalité,speaking-task,Échange d'informations. Posez une question à l'examinateur sur le thème : Nationalité ?,,,,(open-ended),A1,personal-info,202
cosmopolite-a1-methode,speaking,Exercice 2,Pays,speaking-task,Échange d'informations. Posez une question à l'examinateur sur le thème : Pays ?,,,,(open-ended),A1,personal-info,202
cosmopolite-a1-methode,speaking,Exercice 2,Prénom,speaking-task,Échange d'informations. Posez une question à l'examinateur sur le thème : Prénom ?,,,,(open-ended),A1,personal-info,202
cosmopolite-a1-methode,speaking,Exercice 2,Téléphone,speaking-task,Échange d'informations. Posez une question à l'examinateur sur le thème : Numéro de téléphone ?,,,,(open-ended),A1,personal-info,202
cosmopolite-a1-methode,speaking,Exercice 2,Âge,speaking-task,Échange d'informations. Posez une question à l'examinateur sur le thème : Âge ?,,,,(open-ended),A1,personal-info,202
