collection,word,article,plural,word_class,example,topic,source_page
tricolore-1-5th-edition,au bord de la mer,,,phrase,,home,021
tricolore-1-5th-edition,au pays de Galles,,,phrase,,travel,021
tricolore-1-5th-edition,cinq,,,other,,none,021
tricolore-1-5th-edition,Comment dit-on [...] en anglais?,,,phrase,,communication,021
tricolore-1-5th-edition,Comment dit-on [...] en français?,,,phrase,,communication,021
tricolore-1-5th-edition,Comment dit-on […] en français/anglais?,,,phrase,,communication,021
tricolore-1-5th-edition,Comment ça s'écrit?,,,phrase,,communication,021
tricolore-1-5th-edition,Comment ça se dit?,,,phrase,,communication,021
tricolore-1-5th-edition,dans un appartement,,,phrase,,home,021
tricolore-1-5th-edition,dans un port,,,phrase,,home,021
tricolore-1-5th-edition,dans un village,,,phrase,,home,021
tricolore-1-5th-edition,dans une ferme,,,phrase,,home,021
tricolore-1-5th-edition,dans une maison,,,phrase,,home,021
tricolore-1-5th-edition,dans une ville,,,phrase,,home,021
tricolore-1-5th-edition,deux,,,other,,none,021
tricolore-1-5th-edition,dimanche,,,noun,,time-dates,021
tricolore-1-5th-edition,dix,,,other,,none,021
tricolore-1-5th-edition,dix-huit,,,other,,none,021
tricolore-1-5th-edition,dix-neuf,,,other,,none,021
tricolore-1-5th-edition,dix-sept,,,other,,none,021
tricolore-1-5th-edition,douze,,,other,,none,021
tricolore-1-5th-edition,en Angleterre,,,phrase,,travel,021
tricolore-1-5th-edition,en France,,,phrase,,travel,021
tricolore-1-5th-edition,en Irlande (du Nord),,,phrase,,travel,021
tricolore-1-5th-edition,en Écosse,,,phrase,,travel,021
tricolore-1-5th-edition,huit,,,other,,none,021
tricolore-1-5th-edition,J'habite …,,,phrase,,home,021
tricolore-1-5th-edition,jeudi,,,noun,,time-dates,021
tricolore-1-5th-edition,jours de la semaine,les,,noun,,time-dates,021
tricolore-1-5th-edition,lundi,,,noun,,time-dates,021
tricolore-1-5th-edition,mardi,,,noun,,time-dates,021
tricolore-1-5th-edition,mercredi,,,noun,,time-dates,021
tricolore-1-5th-edition,neuf,,,other,,none,021
tricolore-1-5th-edition,onze,,,other,,none,021
tricolore-1-5th-edition,Où habites-tu? (Tu habites où?),,,phrase,,home,021
tricolore-1-5th-edition,près de Paris,,,phrase,,travel,021
tricolore-1-5th-edition,quatorze,,,other,,none,021
tricolore-1-5th-edition,quatre,,,other,,none,021
tricolore-1-5th-edition,Quel jour sommes-nous?,,,phrase,,time-dates,021
tricolore-1-5th-edition,quinze,,,other,,none,021
tricolore-1-5th-edition,samedi,,,noun,,time-dates,021
tricolore-1-5th-edition,seize,,,other,,none,021
tricolore-1-5th-edition,sept,,,other,,none,021
tricolore-1-5th-edition,six,,,other,,none,021
tricolore-1-5th-edition,treize,,,other,,none,021
tricolore-1-5th-edition,trente,,,other,,none,021
tricolore-1-5th-edition,trois,,,other,,none,021
tricolore-1-5th-edition,un,,,other,,none,021
tricolore-1-5th-edition,vendredi,,,noun,,time-dates,021
tricolore-1-5th-edition,vingt,,,other,,none,021
tricolore-1-5th-edition,vingt-cinq,,,other,,none,021
tricolore-1-5th-edition,vingt-deux,,,other,,none,021
tricolore-1-5th-edition,vingt-et-un,,,other,,none,021
tricolore-1-5th-edition,vingt-huit,,,other,,none,021
tricolore-1-5th-edition,vingt-neuf,,,other,,none,021
tricolore-1-5th-edition,vingt-quatre,,,other,,none,021
tricolore-1-5th-edition,vingt-sept,,,other,,none,021
tricolore-1-5th-edition,vingt-six,,,other,,none,021
tricolore-1-5th-edition,vingt-trois,,,other,,none,021
tricolore-1-5th-edition,zéro,,,other,,none,021
tricolore-1-5th-edition,à la maison,,,phrase,,home,021
tricolore-1-5th-edition,à la montagne,,,phrase,,home,021
tricolore-1-5th-edition,à Londres,,,phrase,,travel,021
tricolore-1-5th-edition,août,,,noun,,time-dates,061
tricolore-1-5th-edition,avril,,,noun,,time-dates,061
tricolore-1-5th-edition,baskets,des,(f pl),noun,,shopping,061
tricolore-1-5th-edition,Bon anniversaire!,,,phrase,,communication,061
tricolore-1-5th-edition,Bonne Année!,,,phrase,,communication,061
tricolore-1-5th-edition,Bonne fête!,,,phrase,,communication,061
tricolore-1-5th-edition,C'est le dix-neuf juillet.,,,phrase,,time-dates,061
tricolore-1-5th-edition,C'est le mardi premier juin.,,,phrase,,time-dates,061
tricolore-1-5th-edition,C'est le trente août.,,,phrase,,time-dates,061
tricolore-1-5th-edition,"C'est quand, le concert/le match?",,,phrase,,time-dates,061
tricolore-1-5th-edition,"C'est quand, ton anniversaire?",,,phrase,,time-dates,061
tricolore-1-5th-edition,carte cadeau,une,,noun,,shopping,061
tricolore-1-5th-edition,casque (audio),un,,noun,,shopping,061
tricolore-1-5th-edition,casquette,une,,noun,,shopping,061
tricolore-1-5th-edition,cent,,,other,,none,061
tricolore-1-5th-edition,chaussettes,des,(f pl),noun,,shopping,061
tricolore-1-5th-edition,chaussures,des,(f pl),noun,,shopping,061
tricolore-1-5th-edition,chemise,une,,noun,,shopping,061
tricolore-1-5th-edition,cravate,une,,noun,,shopping,061
tricolore-1-5th-edition,deux-cents,,,other,,none,061
tricolore-1-5th-edition,décembre,,,noun,,time-dates,061
tricolore-1-5th-edition,février,,,noun,,time-dates,061
tricolore-1-5th-edition,fête nationale,la,,noun,,time-dates,061
tricolore-1-5th-edition,J'ai reçu un tee-shirt et des chaussures.,,,phrase,,shopping,061
tricolore-1-5th-edition,J'ai/Il a/Elle a ...,,,phrase,,personal-info,061
tricolore-1-5th-edition,janvier,,,noun,,time-dates,061
tricolore-1-5th-edition,Je/Il/Elle porte des lunettes.,,,phrase,,personal-info,061
tricolore-1-5th-edition,jogging,un,,noun,,shopping,061
tricolore-1-5th-edition,jour de l'An,le,,noun,,time-dates,061
tricolore-1-5th-edition,Joyeuses Pâques!,,,phrase,,communication,061
tricolore-1-5th-edition,Joyeux Noël!,,,phrase,,communication,061
tricolore-1-5th-edition,juillet,,,noun,,time-dates,061
tricolore-1-5th-edition,juin,,,noun,,time-dates,061
tricolore-1-5th-edition,jupe,une,,noun,,shopping,061
tricolore-1-5th-edition,les cheveux blonds.,,,phrase,,personal-info,061
tricolore-1-5th-edition,les cheveux châtains.,,,phrase,,personal-info,061
tricolore-1-5th-edition,les cheveux courts.,,,phrase,,personal-info,061
tricolore-1-5th-edition,les cheveux frisés.,,,phrase,,personal-info,061
tricolore-1-5th-edition,les cheveux longs.,,,phrase,,personal-info,061
tricolore-1-5th-edition,les cheveux noirs.,,,phrase,,personal-info,061
tricolore-1-5th-edition,les cheveux raides.,,,phrase,,personal-info,061
tricolore-1-5th-edition,les cheveux roux.,,,phrase,,personal-info,061
tricolore-1-5th-edition,les yeux bleus/gris.,,,phrase,,personal-info,061
tricolore-1-5th-edition,les yeux marron/verts.,,,phrase,,personal-info,061
tricolore-1-5th-edition,mai,,,noun,,time-dates,061
tricolore-1-5th-edition,mardi gras,,,noun,,time-dates,061
tricolore-1-5th-edition,mars,,,noun,,time-dates,061
tricolore-1-5th-edition,mois,les,,noun,,time-dates,061
tricolore-1-5th-edition,novembre,,,noun,,time-dates,061
tricolore-1-5th-edition,Noël,,,noun,,time-dates,061
tricolore-1-5th-edition,octobre,,,noun,,time-dates,061
tricolore-1-5th-edition,pantalon,un,,noun,,shopping,061
tricolore-1-5th-edition,pull,un,,noun,,shopping,061
tricolore-1-5th-edition,Pâques,,,noun,,time-dates,061
tricolore-1-5th-edition,Qu'est-ce que tu as reçu comme cadeaux?,,,phrase,,shopping,061
tricolore-1-5th-edition,quatre-vingt-deux,,,other,,none,061
tricolore-1-5th-edition,quatre-vingt-dix,,,other,,none,061
tricolore-1-5th-edition,quatre-vingt-douze,,,other,,none,061
tricolore-1-5th-edition,quatre-vingt-onze,,,other,,none,061
tricolore-1-5th-edition,quatre-vingt-un,,,other,,none,061
tricolore-1-5th-edition,quatre-vingts,,,other,,none,061
tricolore-1-5th-edition,Quelle est la date aujourd'hui?,,,phrase,,time-dates,061
tricolore-1-5th-edition,robe,une,,noun,,shopping,061
tricolore-1-5th-edition,sandales,des,(f pl),noun,,shopping,061
tricolore-1-5th-edition,septembre,,,noun,,time-dates,061
tricolore-1-5th-edition,short,un,,noun,,shopping,061
tricolore-1-5th-edition,soixante-dix,,,other,,none,061
tricolore-1-5th-edition,soixante-dix-huit,,,other,,none,061
tricolore-1-5th-edition,soixante-dix-neuf,,,other,,none,061
tricolore-1-5th-edition,soixante-dix-sept,,,other,,none,061
tricolore-1-5th-edition,soixante-douze,,,other,,none,061
tricolore-1-5th-edition,soixante-et-onze,,,other,,none,061
tricolore-1-5th-edition,soixante-quatorze,,,other,,none,061
tricolore-1-5th-edition,soixante-quinze,,,other,,none,061
tricolore-1-5th-edition,soixante-seize,,,other,,none,061
tricolore-1-5th-edition,soixante-treize,,,other,,none,061
tricolore-1-5th-edition,sweat,un,,noun,,shopping,061
tricolore-1-5th-edition,tee-shirt,un,,noun,,shopping,061
tricolore-1-5th-edition,tennis,des,(f pl),noun,,shopping,061
tricolore-1-5th-edition,trois-cent-soixante,,,other,,none,061
tricolore-1-5th-edition,vêtements,les,,noun,,shopping,061
tricolore-1-5th-edition,écouteurs,des,(m pl),noun,,shopping,061
tricolore-1-5th-edition,@+ (textspeak for À plus tard),,,other,,communication,077
tricolore-1-5th-edition,adorer,,,verb,,mixed,077
tricolore-1-5th-edition,aimer,,,verb,,mixed,077
tricolore-1-5th-edition,Amitiés,,,noun,,communication,077
tricolore-1-5th-edition,arriver,,,verb,,mixed,077
tricolore-1-5th-edition,au printemps,,,phrase,,weather,077
tricolore-1-5th-edition,automne (m),l',,noun,,weather,077
tricolore-1-5th-edition,basket,le,,noun,Je joue au basket.,hobby,077
tricolore-1-5th-edition,brouillard,du,,noun,Il y a du brouillard.,weather,077
tricolore-1-5th-edition,chaud,,,adjective,Il fait chaud.,weather,077
tricolore-1-5th-edition,chercher,,,verb,,mixed,077
tricolore-1-5th-edition,cliquer,,,verb,,mixed,077
tricolore-1-5th-edition,détester,,,verb,,mixed,077
tricolore-1-5th-edition,en automne,,,phrase,,weather,077
tricolore-1-5th-edition,en hiver,,,phrase,,weather,077
tricolore-1-5th-edition,en été,,,phrase,,weather,077
tricolore-1-5th-edition,entrer,,,verb,,mixed,077
tricolore-1-5th-edition,foot(ball),le,,noun,Je joue au foot(ball).,hobby,077
tricolore-1-5th-edition,froid,,,adjective,Il fait froid.,weather,077
tricolore-1-5th-edition,golf,le,,noun,Je joue au golf.,hobby,077
tricolore-1-5th-edition,habiter,,,verb,,mixed,077
tricolore-1-5th-edition,hiver (m),l',,noun,,weather,077
tricolore-1-5th-edition,hockey,le,,noun,Je joue au hockey.,hobby,077
tricolore-1-5th-edition,Il fait beau.,,,phrase,,weather,077
tricolore-1-5th-edition,Il neige.,,,phrase,,weather,077
tricolore-1-5th-edition,Il pleut.,,,phrase,,weather,077
tricolore-1-5th-edition,J'écoute de la musique.,,,phrase,,hobby,077
tricolore-1-5th-edition,J'écris des textos/messages.,,,phrase,,hobby,077
tricolore-1-5th-edition,Je chante.,,,phrase,,hobby,077
tricolore-1-5th-edition,Je danse.,,,phrase,,hobby,077
tricolore-1-5th-edition,Je dessine.,,,phrase,,hobby,077
tricolore-1-5th-edition,Je discute avec mes amis.,,,phrase,,hobby,077
tricolore-1-5th-edition,Je joue au badminton.,,,phrase,,hobby,077
tricolore-1-5th-edition,Je joue sur la console de jeux.,,,phrase,,hobby,077
tricolore-1-5th-edition,Je joue/travaille sur l'ordinateur.,,,phrase,,hobby,077
tricolore-1-5th-edition,Je range ma chambre.,,,phrase,,hobby,077
tricolore-1-5th-edition,Je regarde mes e-mails/textos/messages,,,phrase,,hobby,077
tricolore-1-5th-edition,Je regarde un film.,,,phrase,,hobby,077
tricolore-1-5th-edition,Je reste à la maison.,,,phrase,,hobby,077
tricolore-1-5th-edition,Je retrouve mes amis.,,,phrase,,hobby,077
tricolore-1-5th-edition,Je surfe sur Internet.,,,phrase,,hobby,077
tricolore-1-5th-edition,Je travaille.,,,phrase,,hobby,077
tricolore-1-5th-edition,Je téléphone à un(e) ami(e).,,,phrase,,hobby,077
tricolore-1-5th-edition,jouer,,,verb,,mixed,077
tricolore-1-5th-edition,mauvais,,,adjective,Il fait mauvais.,weather,077
tricolore-1-5th-edition,normalement,,,adverb,,daily-routine,077
tricolore-1-5th-edition,On joue aux cartes.,,,phrase,,hobby,077
tricolore-1-5th-edition,On joue à des jeux vidéo.,,,phrase,,hobby,077
tricolore-1-5th-edition,penser,,,verb,,mixed,077
tricolore-1-5th-edition,printemps,le,,noun,,weather,077
tricolore-1-5th-edition,Qu'est-ce que tu fais le weekend?,,,phrase,,hobby,077
tricolore-1-5th-edition,Qu'est-ce que tu fais quand il fait mauvais?,,,phrase,,hobby,077
tricolore-1-5th-edition,Qu'est-ce que tu fais?,,,phrase,,hobby,077
tricolore-1-5th-edition,Quel temps fait-il?,,,phrase,,weather,077
tricolore-1-5th-edition,quelquefois,,,adverb,,daily-routine,077
tricolore-1-5th-edition,radio,la,,noun,J'écoute la radio.,hobby,077
tricolore-1-5th-edition,regarder,,,verb,,mixed,077
tricolore-1-5th-edition,rentrer,,,verb,,mixed,077
tricolore-1-5th-edition,rester,,,verb,,mixed,077
tricolore-1-5th-edition,rugby,le,,noun,Je joue au rugby.,hobby,077
tricolore-1-5th-edition,soleil,du,,noun,Il y a du soleil.,weather,077
tricolore-1-5th-edition,souvent,,,adverb,,daily-routine,077
tricolore-1-5th-edition,surfer,,,verb,,mixed,077
tricolore-1-5th-edition,taper,,,verb,,mixed,077
tricolore-1-5th-edition,tennis,le,,noun,Je joue au tennis.,hobby,077
tricolore-1-5th-edition,tennis de table,le,,noun,Je joue au tennis de table.,hobby,077
tricolore-1-5th-edition,Ton ami(e),,,phrase,,communication,077
tricolore-1-5th-edition,travailler,,,verb,,mixed,077
tricolore-1-5th-edition,télé,la,,noun,Je regarde la télé.,hobby,077
tricolore-1-5th-edition,téléphoner,,,verb,,mixed,077
tricolore-1-5th-edition,vent,du,,noun,Il y a du vent.,weather,077
tricolore-1-5th-edition,volley,le,,noun,Je joue au volley.,hobby,077
tricolore-1-5th-edition,À bientôt,,,phrase,,communication,077
tricolore-1-5th-edition,écouter,,,verb,,mixed,077
tricolore-1-5th-edition,été (m),l',,noun,,weather,077
tricolore-1-5th-edition,aquarium,un,,noun,,city-places,093
tricolore-1-5th-edition,auberge de jeunesse,une,,noun,,city-places,093
tricolore-1-5th-edition,banque,une,,noun,,city-places,093
tricolore-1-5th-edition,bibliothèque,une,,noun,,city-places,093
tricolore-1-5th-edition,bowling,un,,noun,,city-places,093
tricolore-1-5th-edition,bâtiments religieux,des,,noun,,city-places,093
tricolore-1-5th-edition,C'est assez loin.,,,phrase,,city-places,093
tricolore-1-5th-edition,C'est derrière l'église.,,,phrase,,city-places,093
tricolore-1-5th-edition,C'est devant l'église.,,,phrase,,city-places,093
tricolore-1-5th-edition,C'est entre le cinéma et le café.,,,phrase,,city-places,093
tricolore-1-5th-edition,C'est loin.,,,phrase,,city-places,093
tricolore-1-5th-edition,C'est loin?,,,phrase,,city-places,093
tricolore-1-5th-edition,C'est tout près.,,,phrase,,city-places,093
tricolore-1-5th-edition,C'est à 50 mètres.,,,phrase,,city-places,093
tricolore-1-5th-edition,C'est à côté de la poste.,,,phrase,,city-places,093
tricolore-1-5th-edition,C'est à côté du cinéma.,,,phrase,,city-places,093
tricolore-1-5th-edition,camping,un,,noun,,city-places,093
tricolore-1-5th-edition,cathédrale,une,,noun,,city-places,093
tricolore-1-5th-edition,Ce n'est pas loin.,,,phrase,,city-places,093
tricolore-1-5th-edition,centre commercial,un,,noun,,city-places,093
tricolore-1-5th-edition,centre sportif,un,,noun,,city-places,093
tricolore-1-5th-edition,château,un,,noun,,city-places,093
tricolore-1-5th-edition,Continuez tout droit.,,,phrase,,city-places,093
tricolore-1-5th-edition,Est-ce qu'il y a un café près d'ici?,,,phrase,,city-places,093
tricolore-1-5th-edition,gare,une,,noun,,city-places,093
tricolore-1-5th-edition,Grosse-Horloge,la,,noun,,city-places,093
tricolore-1-5th-edition,hôpital,un,,noun,,city-places,093
tricolore-1-5th-edition,hôtel,un,,noun,,city-places,093
tricolore-1-5th-edition,hôtel de ville,un,,noun,,city-places,093
tricolore-1-5th-edition,Il va à la gare.,,,phrase,,travel,093
tricolore-1-5th-edition,Ils vont aux magasins.,,,phrase,,travel,093
tricolore-1-5th-edition,Je vais à Paris.,,,phrase,,travel,093
tricolore-1-5th-edition,magasin,un,,noun,,city-places,093
tricolore-1-5th-edition,marché,un,,noun,,city-places,093
tricolore-1-5th-edition,mosquée,une,,noun,,city-places,093
tricolore-1-5th-edition,musée,un,,noun,,city-places,093
tricolore-1-5th-edition,Nous allons à l'hôpital.,,,phrase,,travel,093
tricolore-1-5th-edition,office de tourisme,un,,noun,,city-places,093
tricolore-1-5th-edition,parc,un,,noun,,city-places,093
tricolore-1-5th-edition,"Pardon, monsieur/madame.",,,phrase,,city-places,093
tricolore-1-5th-edition,parking,un,,noun,,city-places,093
tricolore-1-5th-edition,patinoire,une,,noun,,city-places,093
tricolore-1-5th-edition,piscine,une,,noun,,city-places,093
tricolore-1-5th-edition,place,une,,noun,,city-places,093
tricolore-1-5th-edition,poste,une,,noun,,city-places,093
tricolore-1-5th-edition,"Pour aller au centre-ville, s'il vous plaît?",,,phrase,,city-places,093
tricolore-1-5th-edition,Prenez la première (1ère) rue à gauche.,,,phrase,,city-places,093
tricolore-1-5th-edition,restaurant,un,,noun,,city-places,093
tricolore-1-5th-edition,synagogue,une,,noun,,city-places,093
tricolore-1-5th-edition,temple,un,,noun,,city-places,093
tricolore-1-5th-edition,terrain de football,un,,noun,,city-places,093
tricolore-1-5th-edition,théâtre,un,,noun,,city-places,093
tricolore-1-5th-edition,tour,une,,noun,,city-places,093
tricolore-1-5th-edition,Tournez à droite.,,,phrase,,city-places,093
tricolore-1-5th-edition,tout droit,,,adverb,,city-places,093
tricolore-1-5th-edition,Tu vas au parc?,,,phrase,,travel,093
tricolore-1-5th-edition,à droite,,,adverb,,city-places,093
tricolore-1-5th-edition,à gauche,,,adverb,,city-places,093
tricolore-1-5th-edition,église,une,,noun,,city-places,093
tricolore-1-5th-edition,... cinq,,,phrase,,time-dates,111
tricolore-1-5th-edition,... dix,,,phrase,,time-dates,111
tricolore-1-5th-edition,... et demie,,,phrase,,time-dates,111
tricolore-1-5th-edition,... et quart,,,phrase,,time-dates,111
tricolore-1-5th-edition,... moins cinq,,,phrase,,time-dates,111
tricolore-1-5th-edition,... moins dix,,,phrase,,time-dates,111
tricolore-1-5th-edition,... moins le quart,,,phrase,,time-dates,111
tricolore-1-5th-edition,... moins vingt,,,phrase,,time-dates,111
tricolore-1-5th-edition,... moins vingt-cinq,,,phrase,,time-dates,111
tricolore-1-5th-edition,... vingt,,,phrase,,time-dates,111
tricolore-1-5th-edition,... vingt-cinq,,,phrase,,time-dates,111
tricolore-1-5th-edition,allemand (m),l',,noun,,school,111
tricolore-1-5th-edition,amusant,,,adjective,C'est amusant.,school,111
tricolore-1-5th-edition,anglais,l',,noun,,school,111
tricolore-1-5th-edition,après-midi,l',,noun,,time-dates,111
tricolore-1-5th-edition,assez,,,adverb,,none,111
tricolore-1-5th-edition,C'est ...,,,phrase,,school,111
tricolore-1-5th-edition,dessin,le,,noun,,school,111
tricolore-1-5th-edition,difficile,,,adjective,C'est difficile.,school,111
tricolore-1-5th-edition,déjeuner,le,,noun,,food,111
tricolore-1-5th-edition,dîner,le,,noun,,food,111
tricolore-1-5th-edition,ennuyeux,,,adjective,C'est ennuyeux.,school,111
tricolore-1-5th-edition,EPS (éducation physique et sportive) (f),l',,noun,,school,111
tricolore-1-5th-edition,espagnol (m),l',,noun,,school,111
tricolore-1-5th-edition,facile,,,adjective,C'est facile.,school,111
tricolore-1-5th-edition,français,le,,noun,,school,111
tricolore-1-5th-edition,goûter,le,,noun,,food,111
tricolore-1-5th-edition,génial,,,adjective,C'est génial.,school,111
tricolore-1-5th-edition,géographie,la,,noun,,school,111
tricolore-1-5th-edition,histoire (f),l',,noun,,school,111
tricolore-1-5th-edition,Il est midi et demi.,,,phrase,,time-dates,111
tricolore-1-5th-edition,Il est midi.,,,phrase,,time-dates,111
tricolore-1-5th-edition,Il est minuit et demi.,,,phrase,,time-dates,111
tricolore-1-5th-edition,Il est minuit.,,,phrase,,time-dates,111
tricolore-1-5th-edition,informatique (f),l',,noun,,school,111
tricolore-1-5th-edition,intéressant,,,adjective,C'est intéressant.,school,111
tricolore-1-5th-edition,J'arrive au collège à ...,,,phrase,,daily-routine,111
tricolore-1-5th-edition,Je commence mes devoirs à ...,,,phrase,,daily-routine,111
tricolore-1-5th-edition,Je m'appelle ...,,,phrase,,personal-info,111
tricolore-1-5th-edition,je mange des sandwichs.,,,phrase,,daily-routine,111
tricolore-1-5th-edition,je mange à la cantine.,,,phrase,,daily-routine,111
tricolore-1-5th-edition,Je me couche ...,,,phrase,,daily-routine,111
tricolore-1-5th-edition,Je me lève ...,,,phrase,,daily-routine,111
tricolore-1-5th-edition,Je rentre à la maison à ...,,,phrase,,daily-routine,111
tricolore-1-5th-edition,Je vais au lit à ... / Je me couche à ...,,,phrase,,daily-routine,111
tricolore-1-5th-edition,journée typique,une,,noun,,daily-routine,111
tricolore-1-5th-edition,"Le matin, je prends mon petit déjeuner à ...",,,phrase,,daily-routine,111
tricolore-1-5th-edition,"Le soir, on mange à ...",,,phrase,,daily-routine,111
tricolore-1-5th-edition,Les cours commencent à ...,,,phrase,,daily-routine,111
tricolore-1-5th-edition,"leur, leurs",,,other,,none,111
tricolore-1-5th-edition,maths,les,(f pl),noun,,school,111
tricolore-1-5th-edition,matin,le,,noun,,time-dates,111
tricolore-1-5th-edition,musique,la,,noun,,school,111
tricolore-1-5th-edition,"notre, nos",,,other,,none,111
tricolore-1-5th-edition,nuit,la,,noun,,time-dates,111
tricolore-1-5th-edition,nul,,,adjective,C'est nul.,school,111
tricolore-1-5th-edition,parce que,,,other,,none,111
tricolore-1-5th-edition,petit déjeuner,le,,noun,,food,111
tricolore-1-5th-edition,pourquoi,,,adverb,,none,111
tricolore-1-5th-edition,Quelle heure est-il?,,,phrase,,time-dates,111
tricolore-1-5th-edition,repas,un,,noun,,food,111
tricolore-1-5th-edition,sa matière préférée,,,phrase,,school,111
tricolore-1-5th-edition,sciences,les,(f pl),noun,,school,111
tricolore-1-5th-edition,ses affaires,,,phrase,,none,111
tricolore-1-5th-edition,soir,le,,noun,,time-dates,111
tricolore-1-5th-edition,son anniversaire,,,phrase,,family,111
tricolore-1-5th-edition,"son, sa, ses",,,other,,none,111
tricolore-1-5th-edition,sport,le,,noun,,school,111
tricolore-1-5th-edition,super,,,adjective,C'est super.,school,111
tricolore-1-5th-edition,SVT (Sciences de la Vie et de la Terre),les,,noun,,school,111
tricolore-1-5th-edition,sympa,,,adjective,C'est sympa.,school,111
tricolore-1-5th-edition,technologie,la,,noun,,school,111
tricolore-1-5th-edition,très,,,adverb,,none,111
tricolore-1-5th-edition,un peu,,,adverb,,none,111
tricolore-1-5th-edition,utile,,,adjective,C'est utile.,school,111
tricolore-1-5th-edition,"votre, vos",,,other,,none,111
tricolore-1-5th-edition,vraiment,,,adverb,,none,111
tricolore-1-5th-edition,"À midi, ...",,,phrase,,daily-routine,111
tricolore-1-5th-edition,éducation civique (f),l',,noun,,school,111
tricolore-1-5th-edition,ananas,un,,noun,,food,125
tricolore-1-5th-edition,banane,une,,noun,,food,125
tricolore-1-5th-edition,beurre,du,,noun,,food,125
tricolore-1-5th-edition,boissons chaudes,des,(f pl),noun,,food,125
tricolore-1-5th-edition,boissons froides,des,(f pl),noun,,food,125
tricolore-1-5th-edition,bon pour la santé,,,phrase,,health,125
tricolore-1-5th-edition,bonbons,des,(m pl),noun,,health,125
tricolore-1-5th-edition,brocolis,des,(m pl),noun,,food,125
tricolore-1-5th-edition,C'est (très) bon/délicieux.,,,phrase,,food,125
tricolore-1-5th-edition,café,du,,noun,,food,125
tricolore-1-5th-edition,carottes,des,(f pl),noun,,food,125
tricolore-1-5th-edition,chips,des,(m pl),noun,,food,125
tricolore-1-5th-edition,chocolat chaud,un,,noun,,food,125
tricolore-1-5th-edition,chou,un,,noun,,food,125
tricolore-1-5th-edition,chou-fleur,un,,noun,,food,125
tricolore-1-5th-edition,coca,du,,noun,,food,125
tricolore-1-5th-edition,confiture,de la,,noun,,food,125
tricolore-1-5th-edition,confiture d'oranges,de la,,noun,,food,125
tricolore-1-5th-edition,croissants,des,(m pl),noun,,food,125
tricolore-1-5th-edition,croustillant,,,adjective,,food,125
tricolore-1-5th-edition,céréales,des,(f pl),noun,,food,125
tricolore-1-5th-edition,desserts,des,(m pl),noun,,food,125
tricolore-1-5th-edition,"Désolé(e), mais je n'aime pas beaucoup ça.",,,phrase,,food,125
tricolore-1-5th-edition,eau (minérale) (f),de l',,noun,,food,125
tricolore-1-5th-edition,Encore du/de la/de l'/des … ?,,,phrase,,food,125
tricolore-1-5th-edition,fraise,une,,noun,,food,125
tricolore-1-5th-edition,framboise,une,,noun,,food,125
tricolore-1-5th-edition,frites,des,(f pl),noun,,food,125
tricolore-1-5th-edition,fromage,du,,noun,,food,125
tricolore-1-5th-edition,fruits,des,(m pl),noun,,food,125
tricolore-1-5th-edition,glace,une,,noun,,food,125
tricolore-1-5th-edition,gâteau,un,,noun,,food,125
tricolore-1-5th-edition,haricots verts,des,(m pl),noun,,food,125
tricolore-1-5th-edition,hors-d'œuvre,un,,noun,,food,125
tricolore-1-5th-edition,J'aime (beaucoup) le/la/les …,,,phrase,,food,125
tricolore-1-5th-edition,jambon,du,,noun,,food,125
tricolore-1-5th-edition,jus de fruit,du,,noun,,food,125
tricolore-1-5th-edition,lait,du,,noun,,food,125
tricolore-1-5th-edition,limonade,de la,,noun,,food,125
tricolore-1-5th-edition,légumes,des,(m pl),noun,,food,125
tricolore-1-5th-edition,melon,un,,noun,,food,125
tricolore-1-5th-edition,"Merci, j'ai assez mangé.",,,phrase,,food,125
tricolore-1-5th-edition,"Non, merci.",,,phrase,,food,125
tricolore-1-5th-edition,oignon,un,,noun,,food,125
tricolore-1-5th-edition,omelette (f),de l',,noun,,food,125
tricolore-1-5th-edition,orange,une,,noun,,food,125
tricolore-1-5th-edition,"Oui, je veux bien.",,,phrase,,food,125
tricolore-1-5th-edition,"Oui, s'il vous plaît.",,,phrase,,food,125
tricolore-1-5th-edition,pain,du,,noun,,food,125
tricolore-1-5th-edition,pain grillé,du,,noun,,food,125
tricolore-1-5th-edition,pas trop,,,adverb,,health,125
tricolore-1-5th-edition,petits pois,des,(m pl),noun,,food,125
tricolore-1-5th-edition,pizza,de la,,noun,,food,125
tricolore-1-5th-edition,plat principal,le,,noun,,food,125
tricolore-1-5th-edition,poire,une,,noun,,food,125
tricolore-1-5th-edition,poisson,du,,noun,,food,125
tricolore-1-5th-edition,pomme,une,,noun,,food,125
tricolore-1-5th-edition,pommes de terre,des,(f pl),noun,,food,125
tricolore-1-5th-edition,potage,du,,noun,,food,125
tricolore-1-5th-edition,poulet,du,,noun,,food,125
tricolore-1-5th-edition,pâté,du,,noun,,food,125
tricolore-1-5th-edition,pêche,une,,noun,,food,125
tricolore-1-5th-edition,raisins,des,(m pl),noun,,food,125
tricolore-1-5th-edition,repas,un,,noun,,food,125
tricolore-1-5th-edition,riz,du,,noun,,food,125
tricolore-1-5th-edition,salade,de la,,noun,,food,125
tricolore-1-5th-edition,sel,le,,noun,,health,125
tricolore-1-5th-edition,sucre,du,,noun,,food,125
tricolore-1-5th-edition,sucreries,des,(f pl),noun,,health,125
tricolore-1-5th-edition,surtout,,,adverb,,health,125
tricolore-1-5th-edition,tarte aux pommes,une,,noun,,food,125
tricolore-1-5th-edition,tartines,des,(f pl),noun,,food,125
tricolore-1-5th-edition,thé,du,,noun,,food,125
tricolore-1-5th-edition,toasts,des,(m pl),noun,,food,125
tricolore-1-5th-edition,tomate,une,,noun,,food,125
tricolore-1-5th-edition,un peu,,,adverb,,health,125
tricolore-1-5th-edition,viande,de la,,noun,,food,125
tricolore-1-5th-edition,vin rouge/blanc,du,,noun,,food,125
tricolore-1-5th-edition,yaourt,un,,noun,,food,125
tricolore-1-5th-edition,œuf (à la coque),un,,noun,,food,125
tricolore-1-5th-edition,œufs au bacon,des,(m pl),noun,,food,125
tricolore-1-5th-edition,après-midi,l',,noun,,time-dates,141
tricolore-1-5th-edition,au basket.,,,phrase,Je joue au basket.,hobby,141
tricolore-1-5th-edition,au volley.,,,phrase,Je joue au volley.,hobby,141
tricolore-1-5th-edition,aux cartes.,,,phrase,Je joue aux cartes.,hobby,141
tricolore-1-5th-edition,aux échecs.,,,phrase,Je joue aux échecs.,hobby,141
tricolore-1-5th-edition,C'est gratuit ...,,,phrase,,vacation,141
tricolore-1-5th-edition,C'est ouvert ... (tous les jours en été).,,,phrase,,vacation,141
tricolore-1-5th-edition,C'est pour ... (les enfants et les adultes).,,,phrase,,vacation,141
tricolore-1-5th-edition,C'est situé près de … (Paris).,,,phrase,,vacation,141
tricolore-1-5th-edition,d'abord,,,adverb,,daily-routine,141
tricolore-1-5th-edition,de l'équitation.,,,phrase,Je fais de l'équitation.,hobby,141
tricolore-1-5th-edition,de la batterie.,,,phrase,Je joue de la batterie.,hobby,141
tricolore-1-5th-edition,de la danse,,,phrase,Je fais de la danse.,hobby,141
tricolore-1-5th-edition,de la flûte.,,,phrase,Je joue de la flûte.,hobby,141
tricolore-1-5th-edition,de la guitare.,,,phrase,Je joue de la guitare.,hobby,141
tricolore-1-5th-edition,de la gymnastique.,,,phrase,Je fais de la gymnastique.,hobby,141
tricolore-1-5th-edition,de la natation.,,,phrase,Je fais de la natation.,hobby,141
tricolore-1-5th-edition,de la peinture.,,,phrase,Je fais de la peinture.,hobby,141
tricolore-1-5th-edition,de la photo.,,,phrase,Je fais de la photo.,hobby,141
tricolore-1-5th-edition,de la planche à voile.,,,phrase,Je fais de la planche à voile.,hobby,141
tricolore-1-5th-edition,de la voile.,,,phrase,Je fais de la voile.,hobby,141
tricolore-1-5th-edition,des promenades.,,,phrase,Je fais des promenades.,hobby,141
tricolore-1-5th-edition,dix-huit heures,,,other,,time-dates,141
tricolore-1-5th-edition,dix-neuf heures,,,other,,time-dates,141
tricolore-1-5th-edition,dix-sept heures,,,other,,time-dates,141
tricolore-1-5th-edition,du clavier.,,,phrase,Je joue du clavier.,hobby,141
tricolore-1-5th-edition,du cyclisme/du vélo.,,,phrase,Je fais du cyclisme/du vélo.,hobby,141
tricolore-1-5th-edition,du dessin.,,,phrase,Je fais du dessin.,hobby,141
tricolore-1-5th-edition,du piano.,,,phrase,Je joue du piano.,hobby,141
tricolore-1-5th-edition,du roller.,,,phrase,Je fais du roller.,hobby,141
tricolore-1-5th-edition,du skate.,,,phrase,Je fais du skate.,hobby,141
tricolore-1-5th-edition,du ski.,,,phrase,Je fais du ski.,hobby,141
tricolore-1-5th-edition,du théâtre.,,,phrase,Je fais du théâtre.,hobby,141
tricolore-1-5th-edition,du violon.,,,phrase,Je joue du violon.,hobby,141
tricolore-1-5th-edition,du VTT.,,,phrase,Je fais du VTT.,hobby,141
tricolore-1-5th-edition,ensuite,,,adverb,,daily-routine,141
tricolore-1-5th-edition,Est-ce que tu aimes la musique?,,,phrase,,hobby,141
tricolore-1-5th-edition,Est-ce que tu aimes le sport?,,,phrase,,hobby,141
tricolore-1-5th-edition,Est-ce que tu fais autre chose?,,,phrase,,hobby,141
tricolore-1-5th-edition,J'ai fait ... (de la natation).,,,phrase,,hobby,141
tricolore-1-5th-edition,J'ai joué ... (au football).,,,phrase,,hobby,141
tricolore-1-5th-edition,"J'aime la musique, mais je ne joue pas d'un instrument.",,,phrase,,hobby,141
tricolore-1-5th-edition,J'aime lire.,,,phrase,,hobby,141
tricolore-1-5th-edition,Je suis allé(e) ... (au cinéma).,,,phrase,,hobby,141
tricolore-1-5th-edition,L'entrée coûte... (35 euros).,,,phrase,,vacation,141
tricolore-1-5th-edition,la semaine dernière,,,phrase,,time-dates,141
tricolore-1-5th-edition,le weekend dernier,,,phrase,,time-dates,141
tricolore-1-5th-edition,matin,le,,noun,,time-dates,141
tricolore-1-5th-edition,parc d'attractions,un,,noun,,vacation,141
tricolore-1-5th-edition,plus tard,,,adverb,,daily-routine,141
tricolore-1-5th-edition,puis,,,adverb,,daily-routine,141
tricolore-1-5th-edition,quatorze heures,,,other,,time-dates,141
tricolore-1-5th-edition,quinze heures,,,other,,time-dates,141
tricolore-1-5th-edition,samedi dernier,,,phrase,,time-dates,141
tricolore-1-5th-edition,seize heures,,,other,,time-dates,141
tricolore-1-5th-edition,soir,le,,noun,,time-dates,141
tricolore-1-5th-edition,sur l'ordinateur.,,,phrase,Je joue sur l'ordinateur.,hobby,141
tricolore-1-5th-edition,treize heures,,,other,,time-dates,141
tricolore-1-5th-edition,Tu as passé un bon weekend?,,,phrase,,hobby,141
tricolore-1-5th-edition,vingt heures,,,other,,time-dates,141
tricolore-1-5th-edition,vingt-deux heures,,,other,,time-dates,141
tricolore-1-5th-edition,vingt-et-une heures,,,other,,time-dates,141
tricolore-1-5th-edition,vingt-quatre heures/zéro heure,,,other,,time-dates,141
tricolore-1-5th-edition,vingt-trois heures,,,other,,time-dates,141
tricolore-1-5th-edition,à des jeux vidéo.,,,phrase,Je joue à des jeux vidéo.,hobby,141
tricolore-1-5th-edition,a,,,verb,,none,169
tricolore-1-5th-edition,abord,,,adverb,,none,169
tricolore-1-5th-edition,abricot,un,,noun,,food,169
tricolore-1-5th-edition,absent,,,adjective,,none,169
tricolore-1-5th-edition,accord,,,phrase,,none,169
tricolore-1-5th-edition,acheter,,,verb,,shopping,169
tricolore-1-5th-edition,activité,une,,noun,,hobby,169
tricolore-1-5th-edition,adorer,,,verb,,none,169
tricolore-1-5th-edition,adresse,une,,noun,,personal-info,169
tricolore-1-5th-edition,affaires (f pl),les,,noun,,none,169
tricolore-1-5th-edition,affiche,une,,noun,,none,169
tricolore-1-5th-edition,agneau (m),l',,noun,,food,169
tricolore-1-5th-edition,agréable,,,adjective,,none,169
tricolore-1-5th-edition,ai,j',,verb,,none,169
tricolore-1-5th-edition,aider,,,verb,,none,169
tricolore-1-5th-edition,aigre,,,adjective,,food,169
tricolore-1-5th-edition,aimer,,,verb,,none,169
tricolore-1-5th-edition,air,,,phrase,,none,169
tricolore-1-5th-edition,ajouter,,,verb,,none,169
tricolore-1-5th-edition,Allemagne (f),l',,noun,,none,169
tricolore-1-5th-edition,allemand,,,adjective,,none,169
tricolore-1-5th-edition,aller,,,verb,,travel,169
tricolore-1-5th-edition,aller à la pêche,,,phrase,,hobby,169
tricolore-1-5th-edition,allez!,,,phrase,,none,169
tricolore-1-5th-edition,allumer,,,verb,,home,169
tricolore-1-5th-edition,alors,,,adverb,,none,169
tricolore-1-5th-edition,ami(e),un(e),,noun,,family,169
tricolore-1-5th-edition,amitiés,,,phrase,,communication,169
tricolore-1-5th-edition,amusant,,,adjective,,none,169
tricolore-1-5th-edition,amuse-toi bien!,,,phrase,,none,169
tricolore-1-5th-edition,an,un,,noun,,time-dates,169
tricolore-1-5th-edition,ananas,un,,noun,,food,169
tricolore-1-5th-edition,anglais,,,adjective,,none,169
tricolore-1-5th-edition,Angleterre (f),l',,noun,,travel,169
tricolore-1-5th-edition,animal (pl des animaux),un,des animaux,noun,,none,169
tricolore-1-5th-edition,anniversaire,un,,noun,,time-dates,169
tricolore-1-5th-edition,annonce,une,,noun,,communication,169
tricolore-1-5th-edition,année,une,,noun,,time-dates,169
tricolore-1-5th-edition,août,,,noun,,time-dates,169
tricolore-1-5th-edition,appareil,à l',,phrase,,communication,169
tricolore-1-5th-edition,appareil électrique,un,,noun,,home,169
tricolore-1-5th-edition,appareil-photo,un,,noun,,hobby,169
tricolore-1-5th-edition,appartement,un,,noun,,home,169
tricolore-1-5th-edition,appelle,il/elle s',,verb,,personal-info,169
tricolore-1-5th-edition,appelle ...,je m',,verb,,personal-info,169
tricolore-1-5th-edition,apporter,,,verb,,none,169
tricolore-1-5th-edition,apprendre,,,verb,,school,169
tricolore-1-5th-edition,après,,,adverb,,none,169
tricolore-1-5th-edition,après-midi (m),l',,noun,,time-dates,169
tricolore-1-5th-edition,aquarium,un,,noun,,city-places,169
tricolore-1-5th-edition,arbre,un,,noun,,none,169
tricolore-1-5th-edition,arcades,à,,phrase,,city-places,169
tricolore-1-5th-edition,argent (m),l',,noun,,shopping,169
tricolore-1-5th-edition,arriver,,,verb,,travel,169
tricolore-1-5th-edition,arrêt d'autobus,un,,noun,,city-places,169
tricolore-1-5th-edition,arrête,il/elle s',,verb,,travel,169
tricolore-1-5th-edition,as,tu,,verb,,none,169
tricolore-1-5th-edition,ascenseur (m),l',,noun,,city-places,169
tricolore-1-5th-edition,asseyez-vous,,,phrase,,none,169
tricolore-1-5th-edition,assez,,,adverb,,none,169
tricolore-1-5th-edition,assieds-toi (là)!,,,phrase,,none,169
tricolore-1-5th-edition,assiette,une,,noun,,food,169
tricolore-1-5th-edition,assis,,,adjective,,none,169
tricolore-1-5th-edition,athlétisme (m),l',,noun,,hobby,169
tricolore-1-5th-edition,attendre,,,verb,,none,169
tricolore-1-5th-edition,attentivement,,,adverb,,school,169
tricolore-1-5th-edition,au,,,preposition,,none,169
tricolore-1-5th-edition,au choix,,,phrase,,shopping,169
tricolore-1-5th-edition,au revoir,,,phrase,,communication,169
tricolore-1-5th-edition,auberge de jeunesse,une,,noun,,vacation,169
tricolore-1-5th-edition,aujourd'hui,,,adverb,,time-dates,169
tricolore-1-5th-edition,aussi,,,adverb,,none,169
tricolore-1-5th-edition,automne (m),l',,noun,,weather,169
tricolore-1-5th-edition,autre,,,adjective,,none,169
tricolore-1-5th-edition,avancez,,,verb,,none,169
tricolore-1-5th-edition,avant,,,preposition,,none,169
tricolore-1-5th-edition,avec,,,preposition,,none,169
tricolore-1-5th-edition,avez,vous,,verb,,none,169
tricolore-1-5th-edition,avez-vous ... ?,,,phrase,,none,169
tricolore-1-5th-edition,avion,un,,noun,,travel,169
tricolore-1-5th-edition,avoir,,,verb,,none,169
tricolore-1-5th-edition,avril,,,noun,,time-dates,169
tricolore-1-5th-edition,babyfoot,le,,noun,,hobby,169
tricolore-1-5th-edition,badminton,le,,noun,,hobby,169
tricolore-1-5th-edition,baguette,une,,noun,,food,169
tricolore-1-5th-edition,bal,un,,noun,,hobby,169
tricolore-1-5th-edition,baladeur,un,,noun,,hobby,169
tricolore-1-5th-edition,balcon,un,,noun,,home,169
tricolore-1-5th-edition,balle,une,,noun,,hobby,169
tricolore-1-5th-edition,ballon (de football),un,,noun,,hobby,169
tricolore-1-5th-edition,banane,une,,noun,,food,169
tricolore-1-5th-edition,bande dessinée (BD),une,,noun,,hobby,169
tricolore-1-5th-edition,banque,une,,noun,,city-places,169
tricolore-1-5th-edition,barbe,une,,noun,,none,169
tricolore-1-5th-edition,basket,le,,noun,,hobby,169
tricolore-1-5th-edition,baskets (f pl),les,,noun,,shopping,169
tricolore-1-5th-edition,bateau,un,,noun,,travel,169
tricolore-1-5th-edition,batterie,la,,noun,,hobby,169
tricolore-1-5th-edition,BD (bande dessinée),une,,noun,,hobby,169
tricolore-1-5th-edition,"beau (f belle, before vowel bel)",,,adjective,,none,169
tricolore-1-5th-edition,beau-frère,un,,noun,,family,169
tricolore-1-5th-edition,beau-père,un,,noun,,family,169
tricolore-1-5th-edition,beaucoup de,,,adverb,,none,169
tricolore-1-5th-edition,Belgique,la,,noun,,travel,169
tricolore-1-5th-edition,belle-mère,une,,noun,,family,169
tricolore-1-5th-edition,belle-sœur,une,,noun,,family,169
tricolore-1-5th-edition,besoin,un,,noun,,none,169
tricolore-1-5th-edition,beurre,le,,noun,,food,169
tricolore-1-5th-edition,bibliothèque,une,,noun,,city-places,169
tricolore-1-5th-edition,bic,un,,noun,,school,169
tricolore-1-5th-edition,bien,,,adverb,,none,169
tricolore-1-5th-edition,bien sûr,,,phrase,,none,169
tricolore-1-5th-edition,bientôt,,,adverb,,time-dates,169
tricolore-1-5th-edition,bille,une,,noun,,hobby,169
tricolore-1-5th-edition,billet,un,,noun,,travel,169
tricolore-1-5th-edition,biscotte,une,,noun,,food,169
tricolore-1-5th-edition,biscuit,un,,noun,,food,169
tricolore-1-5th-edition,blanc (f blanche),,,adjective,,none,169
tricolore-1-5th-edition,blanc d'œuf,le,,noun,,food,169
tricolore-1-5th-edition,bleu,,,adjective,,none,169
tricolore-1-5th-edition,bleu marine,,,adjective,,none,169
tricolore-1-5th-edition,blond,,,adjective,,none,169
tricolore-1-5th-edition,boisson,une,,noun,,food,169
tricolore-1-5th-edition,bol,un,,noun,,food,169
tricolore-1-5th-edition,bon (f bonne),,,adjective,,none,169
tricolore-1-5th-edition,bon anniversaire!,,,phrase,,time-dates,169
tricolore-1-5th-edition,bon appétit!,,,phrase,,restaurant,169
tricolore-1-5th-edition,bonbon,un,,noun,,food,169
tricolore-1-5th-edition,bonjour,,,phrase,,communication,169
tricolore-1-5th-edition,Bonne Année,,,phrase,,time-dates,169
tricolore-1-5th-edition,bonne fête,,,phrase,,time-dates,169
tricolore-1-5th-edition,bonne idée,,,phrase,,none,169
tricolore-1-5th-edition,bonne nuit,,,phrase,,daily-routine,169
tricolore-1-5th-edition,bord de la mer,au,,phrase,,vacation,169
tricolore-1-5th-edition,bottes (f pl),des,,noun,,shopping,169
tricolore-1-5th-edition,boulanger,un,,noun,,profession,169
tricolore-1-5th-edition,boulangerie,une,,noun,,shopping,169
tricolore-1-5th-edition,boules (f pl),les,,noun,,hobby,169
tricolore-1-5th-edition,bouteille,une,,noun,,food,169
tricolore-1-5th-edition,bowling,un,,noun,,hobby,169
tricolore-1-5th-edition,boîte,une,,noun,,shopping,169
tricolore-1-5th-edition,boîte aux lettres,une,,noun,,communication,169
tricolore-1-5th-edition,bravo!,,,phrase,,none,169
tricolore-1-5th-edition,brocolis (m pl),les,,noun,,food,169
tricolore-1-5th-edition,brouillard,le,,noun,,weather,169
tricolore-1-5th-edition,brun,,,adjective,,none,169
tricolore-1-5th-edition,bulle,une,,noun,,none,169
tricolore-1-5th-edition,bureau,un,,noun,,home,169
tricolore-1-5th-edition,bureau de poste,un,,noun,,city-places,169
tricolore-1-5th-edition,bâtiment,un,,noun,,city-places,169
tricolore-1-5th-edition,bâton,un,,noun,,none,169
tricolore-1-5th-edition,bête,,,adjective,,none,169
tricolore-1-5th-edition,bûche de Noël,une,,noun,,food,169
tricolore-1-5th-edition,c'est,,,phrase,,none,169
tricolore-1-5th-edition,c'est bon!,,,phrase,,food,169
tricolore-1-5th-edition,c'est très bien,,,phrase,,none,169
tricolore-1-5th-edition,c'est vrai?,,,phrase,,none,169
tricolore-1-5th-edition,cacher,,,verb,,none,169
tricolore-1-5th-edition,cadeau (pl des cadeaux),un,des cadeaux,noun,,shopping,169
tricolore-1-5th-edition,café,un,,noun,,restaurant,169
tricolore-1-5th-edition,café au lait,un,,noun,,food,169
tricolore-1-5th-edition,café crème,un,,noun,,food,169
tricolore-1-5th-edition,cage,une,,noun,,none,169
tricolore-1-5th-edition,cahier,un,,noun,,school,169
tricolore-1-5th-edition,caisse,une,,noun,,shopping,169
tricolore-1-5th-edition,calculatrice,une,,noun,,school,169
tricolore-1-5th-edition,campagne,la,,noun,,vacation,169
tricolore-1-5th-edition,camping,un,,noun,,vacation,169
tricolore-1-5th-edition,cantine,une,,noun,,school,169
tricolore-1-5th-edition,car,un,,noun,,travel,169
tricolore-1-5th-edition,carnet,un,,noun,,school,169
tricolore-1-5th-edition,carotte,une,,noun,,food,169
tricolore-1-5th-edition,cartable,un,,noun,,school,169
tricolore-1-5th-edition,carte,une,,noun,,hobby,169
tricolore-1-5th-edition,carte cadeau,une,,noun,,shopping,169
tricolore-1-5th-edition,carte postale,une,,noun,,communication,169
tricolore-1-5th-edition,case,une,,noun,,school,169
tricolore-1-5th-edition,casque,un,,noun,,none,169
tricolore-1-5th-edition,casquette,une,,noun,,shopping,169
tricolore-1-5th-edition,cassis,au,,phrase,,food,169
tricolore-1-5th-edition,cathédrale,une,,noun,,city-places,169
tricolore-1-5th-edition,"ce (cet, cette, ces)",,,other,,none,169
tricolore-1-5th-edition,ce n'est pas,,,phrase,,none,169
tricolore-1-5th-edition,ce n'est pas bien,,,phrase,,none,169
tricolore-1-5th-edition,ce sont,,,phrase,,none,169
tricolore-1-5th-edition,ceinture,une,,noun,,shopping,169
tricolore-1-5th-edition,cela,,,other,,none,169
tricolore-1-5th-edition,Cendrillon,,,noun,,none,169
tricolore-1-5th-edition,cent,,,other,,none,169
tricolore-1-5th-edition,centre,le,,noun,,city-places,169
tricolore-1-5th-edition,centre commercial,un,,noun,,shopping,169
tricolore-1-5th-edition,centre sportif,un,,noun,,city-places,169
tricolore-1-5th-edition,centre-ville,le,,noun,,city-places,169
tricolore-1-5th-edition,ces,,,other,,none,169
tricolore-1-5th-edition,cet (cette),,,other,,none,169
tricolore-1-5th-edition,chaise,une,,noun,,home,169
tricolore-1-5th-edition,chambre,une,,noun,,home,169
tricolore-1-5th-edition,chameau,un,,noun,,none,169
tricolore-1-5th-edition,champignon,un,,noun,,food,169
tricolore-1-5th-edition,"chance, avoir de la chance",,,phrase,,none,169
tricolore-1-5th-edition,chanson,une,,noun,,hobby,169
tricolore-1-5th-edition,chant folklorique,le,,noun,,hobby,169
tricolore-1-5th-edition,chanter,,,verb,,hobby,169
tricolore-1-5th-edition,chanteur (f une chanteuse),un,,noun,,profession,169
tricolore-1-5th-edition,chapeau,un,,noun,,shopping,169
tricolore-1-5th-edition,chaque,,,adjective,,none,169
tricolore-1-5th-edition,chaque fois,à,,phrase,,time-dates,169
tricolore-1-5th-edition,chat (f une chatte),un,,noun,,none,169
tricolore-1-5th-edition,chaud,,,phrase,,weather,169
tricolore-1-5th-edition,chaussettes (f pl),des,,noun,,shopping,169
tricolore-1-5th-edition,chaussures (f pl),des,,noun,,shopping,169
tricolore-1-5th-edition,chaussures de sport (f pl),des,,noun,,shopping,169
tricolore-1-5th-edition,chaîne hi-fi,une,,noun,,home,169
tricolore-1-5th-edition,chemin,un,,noun,,travel,169
tricolore-1-5th-edition,chemise,une,,noun,,shopping,169
tricolore-1-5th-edition,chemisier,un,,noun,,shopping,169
tricolore-1-5th-edition,cher (f chère),,,adjective,,shopping,169
tricolore-1-5th-edition,chercher,,,verb,,none,169
tricolore-1-5th-edition,cheval (pl des chevaux),un,des chevaux,noun,,none,169
tricolore-1-5th-edition,chez,,,preposition,,none,169
tricolore-1-5th-edition,chez moi,,,phrase,,home,169
tricolore-1-5th-edition,chez toi,,,phrase,,home,169
tricolore-1-5th-edition,chic,,,adjective,,none,169
tricolore-1-5th-edition,chien,un,,noun,,none,169
tricolore-1-5th-edition,Chine,la,,noun,,travel,169
tricolore-1-5th-edition,chips (m pl),les,,noun,,food,169
tricolore-1-5th-edition,chocolat,le,,noun,,food,169
tricolore-1-5th-edition,chocolat chaud,un,,noun,,food,169
tricolore-1-5th-edition,choix,un,,noun,,shopping,169
tricolore-1-5th-edition,chorale,une,,noun,,hobby,169
tricolore-1-5th-edition,châtain,,,adjective,,personal-info,169
tricolore-1-5th-edition,château,un,,noun,,travel,169
tricolore-1-5th-edition,célèbre,,,adjective,,none,169
tricolore-1-5th-edition,céréales (f pl),des,,noun,,food,169
tricolore-1-5th-edition,en automne,,,phrase,,weather,169
tricolore-1-5th-edition,en chocolat,,,phrase,,food,169
tricolore-1-5th-edition,faire du camping,,,phrase,,vacation,169
tricolore-1-5th-edition,il fait beau,,,phrase,,weather,169
tricolore-1-5th-edition,il y a du brouillard,,,phrase,,weather,169
tricolore-1-5th-edition,j'ai ... ans,,,phrase,,personal-info,169
tricolore-1-5th-edition,j'ai les cheveux châtains,,,phrase,,personal-info,169
tricolore-1-5th-edition,jouer aux cartes,,,phrase,,hobby,169
tricolore-1-5th-edition,par/en avion,,,phrase,,travel,169
tricolore-1-5th-edition,pas beaucoup,,,phrase,,none,169
tricolore-1-5th-edition,"à (au, à la, aux)",,,preposition,,none,169
tricolore-1-5th-edition,à bientôt,,,phrase,,communication,169
tricolore-1-5th-edition,à la campagne,,,phrase,,vacation,169
tricolore-1-5th-edition,âne,un,,noun,,none,169
tricolore-1-5th-edition,ça,,,other,,none,169
tricolore-1-5th-edition,ça fait ...,,,phrase,,shopping,169
tricolore-1-5th-edition,ça ne fait rien,,,phrase,,none,169
tricolore-1-5th-edition,ça ne va pas,,,phrase,,health,169
tricolore-1-5th-edition,"ça va bien, merci",,,phrase,,communication,169
tricolore-1-5th-edition,ça va?,,,phrase,,communication,169
tricolore-1-5th-edition,ça y est,,,phrase,,none,169
tricolore-1-5th-edition,être d'accord,,,phrase,,none,169
tricolore-1-5th-edition,au citron,,,phrase,,food,170
tricolore-1-5th-edition,bleu clair,,,adjective,,none,170
tricolore-1-5th-edition,chose,une,,noun,,none,170
tricolore-1-5th-edition,chou,un,,noun,,food,170
tricolore-1-5th-edition,chou-fleur,un,,noun,,food,170
tricolore-1-5th-edition,chouette!,,,phrase,,none,170
tricolore-1-5th-edition,chrétien(ne),,,adjective,,none,170
tricolore-1-5th-edition,ciel,le,,noun,,weather,170
tricolore-1-5th-edition,cinq,,,other,,none,170
tricolore-1-5th-edition,cinquante,,,other,,none,170
tricolore-1-5th-edition,cinéma,un,,noun,,city-places,170
tricolore-1-5th-edition,circulation,la,,noun,,travel,170
tricolore-1-5th-edition,circuler,,,verb,,travel,170
tricolore-1-5th-edition,cirque,un,,noun,,hobby,170
tricolore-1-5th-edition,citron,un,,noun,,food,170
tricolore-1-5th-edition,citrouille,une,,noun,,food,170
tricolore-1-5th-edition,clair,,,adjective,,none,170
tricolore-1-5th-edition,clarinette,une,,noun,,hobby,170
tricolore-1-5th-edition,classe,une,,noun,,school,170
tricolore-1-5th-edition,classeur,un,,noun,,school,170
tricolore-1-5th-edition,classique,,,adjective,,none,170
tricolore-1-5th-edition,clavier,un,,noun,,school,170
tricolore-1-5th-edition,clinique,une,,noun,,health,170
tricolore-1-5th-edition,cliquer,,,verb,,none,170
tricolore-1-5th-edition,club,un,,noun,,hobby,170
tricolore-1-5th-edition,clé USB,une,,noun,,school,170
tricolore-1-5th-edition,Coca,le,,noun,,food,170
tricolore-1-5th-edition,coche,une,,noun,,school,170
tricolore-1-5th-edition,cocher,,,verb,,school,170
tricolore-1-5th-edition,cochon d'Inde,un,,noun,,none,170
tricolore-1-5th-edition,collant,un,,noun,,shopping,170
tricolore-1-5th-edition,collier,un,,noun,,shopping,170
tricolore-1-5th-edition,collège,un,,noun,,school,170
tricolore-1-5th-edition,"colonie de vacances, colo",une,,noun,,vacation,170
tricolore-1-5th-edition,colorier,,,verb,,none,170
tricolore-1-5th-edition,colorié,,,adjective,,none,170
tricolore-1-5th-edition,combien (de)?,,,adverb,,shopping,170
tricolore-1-5th-edition,combien sommes-nous?,le,,phrase,,time-dates,170
tricolore-1-5th-edition,combien?,c'est,,phrase,,shopping,170
tricolore-1-5th-edition,comme,,,adverb,,none,170
tricolore-1-5th-edition,comme ci comme ça,,,phrase,,health,170
tricolore-1-5th-edition,comme il fait chaud!,,,phrase,,weather,170
tricolore-1-5th-edition,commencer,,,verb,,none,170
tricolore-1-5th-edition,comment dit-on (...) en anglais?,,,phrase,,communication,170
tricolore-1-5th-edition,comment dit-on (...) en français?,,,phrase,,communication,170
tricolore-1-5th-edition,comment s'appelle-t-il/elle?,,,phrase,,personal-info,170
tricolore-1-5th-edition,comment t'appelles-tu?,,,phrase,,personal-info,170
tricolore-1-5th-edition,comment ça s'écrit?,,,phrase,,communication,170
tricolore-1-5th-edition,comment?,,,adverb,,communication,170
tricolore-1-5th-edition,commun,en,,phrase,,none,170
tricolore-1-5th-edition,compléter,,,verb,,school,170
tricolore-1-5th-edition,comprendre,,,verb,,school,170
tricolore-1-5th-edition,compter,,,verb,,school,170
tricolore-1-5th-edition,concert,un,,noun,,hobby,170
tricolore-1-5th-edition,concombre,le,,noun,,food,170
tricolore-1-5th-edition,concours,un,,noun,,school,170
tricolore-1-5th-edition,confiture,la,,noun,,food,170
tricolore-1-5th-edition,confortable,,,adjective,,none,170
tricolore-1-5th-edition,conférence,une,,noun,,none,170
tricolore-1-5th-edition,connu,,,adjective,,none,170
tricolore-1-5th-edition,conquête,la,,noun,,none,170
tricolore-1-5th-edition,console de jeux,une,,noun,,hobby,170
tricolore-1-5th-edition,content,,,adjective,,none,170
tricolore-1-5th-edition,contre,,,preposition,,none,170
tricolore-1-5th-edition,contrôle,un,,noun,,school,170
tricolore-1-5th-edition,copain,un,,noun,,family,170
tricolore-1-5th-edition,copine,une,,noun,,family,170
tricolore-1-5th-edition,correspondant(e),un(e),,noun,,communication,170
tricolore-1-5th-edition,coton,le,,noun,,none,170
tricolore-1-5th-edition,couche,je me,,verb,,daily-routine,170
tricolore-1-5th-edition,couche,il se,,verb,,daily-routine,170
tricolore-1-5th-edition,couleur,une,,noun,,none,170
tricolore-1-5th-edition,coup de téléphone,un,,noun,,communication,170
tricolore-1-5th-edition,couper,,,verb,,food,170
tricolore-1-5th-edition,cour,la,,noun,,school,170
tricolore-1-5th-edition,couronne,une,,noun,,none,170
tricolore-1-5th-edition,cours,un,,noun,,school,170
tricolore-1-5th-edition,"courses, faire des courses",,,phrase,,shopping,170
tricolore-1-5th-edition,court,,,adjective,,none,170
tricolore-1-5th-edition,cousin(e),un(e),,noun,,family,170
tricolore-1-5th-edition,couvert,,,adjective,,weather,170
tricolore-1-5th-edition,cravate,une,,noun,,shopping,170
tricolore-1-5th-edition,crayon,un,,noun,,school,170
tricolore-1-5th-edition,cricket,le,,noun,,hobby,170
tricolore-1-5th-edition,critiquer,,,verb,,none,170
tricolore-1-5th-edition,crois pas,je ne,,phrase,,communication,170
tricolore-1-5th-edition,croissant,un,,noun,,food,170
tricolore-1-5th-edition,crèche,une,,noun,,none,170
tricolore-1-5th-edition,crème anglaise,la,,noun,,food,170
tricolore-1-5th-edition,crèperie,une,,noun,,restaurant,170
tricolore-1-5th-edition,crêpe,une,,noun,,food,170
tricolore-1-5th-edition,cuillerée,une,,noun,,food,170
tricolore-1-5th-edition,cuisine,une,,noun,,home,170
tricolore-1-5th-edition,curieux (f curieuse),,,adjective,,none,170
tricolore-1-5th-edition,cyclisme,le,,noun,,hobby,170
tricolore-1-5th-edition,côte,une,,noun,,travel,170
tricolore-1-5th-edition,côté de,à,,preposition,,none,170
tricolore-1-5th-edition,d'abord,,,adverb,,none,170
tricolore-1-5th-edition,d'accord,,,phrase,,none,170
tricolore-1-5th-edition,dans,,,preposition,,none,170
tricolore-1-5th-edition,danse,la,,noun,,hobby,170
tricolore-1-5th-edition,danser,,,verb,,hobby,170
tricolore-1-5th-edition,date,une,,noun,,time-dates,170
tricolore-1-5th-edition,dauphin,un,,noun,,none,170
tricolore-1-5th-edition,de,,,preposition,,none,170
tricolore-1-5th-edition,debout,être,,phrase,,none,170
tricolore-1-5th-edition,demain,,,adverb,,time-dates,170
tricolore-1-5th-edition,demi,,,adjective,,none,170
tricolore-1-5th-edition,demi-frère,un,,noun,,family,170
tricolore-1-5th-edition,demi-heure,une,,noun,,time-dates,170
tricolore-1-5th-edition,demi-sœur,une,,noun,,family,170
tricolore-1-5th-edition,dernier,,,adjective,,none,170
tricolore-1-5th-edition,derrière,,,preposition,,none,170
tricolore-1-5th-edition,des,,,other,,none,170
tricolore-1-5th-edition,descendent de l'autobus,ils/elles,,verb,,travel,170
tricolore-1-5th-edition,descendre,,,verb,,travel,170
tricolore-1-5th-edition,dessert,un,,noun,,food,170
tricolore-1-5th-edition,dessin,le,,noun,,school,170
tricolore-1-5th-edition,dessiner,,,verb,,hobby,170
tricolore-1-5th-edition,dessus,,,adverb,,none,170
tricolore-1-5th-edition,deux,,,other,,none,170
tricolore-1-5th-edition,deuxième,,,adjective,,none,170
tricolore-1-5th-edition,devant,,,preposition,,none,170
tricolore-1-5th-edition,deviner,,,verb,,none,170
tricolore-1-5th-edition,devise,la,,noun,,none,170
tricolore-1-5th-edition,devoirs (m pl),les,,noun,,school,170
tricolore-1-5th-edition,difficile,,,adjective,,school,170
tricolore-1-5th-edition,dimanche,(le),,noun,,time-dates,170
tricolore-1-5th-edition,dinde,une,,noun,,food,170
tricolore-1-5th-edition,dinosaure,un,,noun,,none,170
tricolore-1-5th-edition,dire,,,verb,,none,170
tricolore-1-5th-edition,discothèque,une,,noun,,hobby,170
tricolore-1-5th-edition,discuter (de),,,verb,,communication,170
tricolore-1-5th-edition,distraction,une,,noun,,hobby,170
tricolore-1-5th-edition,dix,,,other,,none,170
tricolore-1-5th-edition,dix-huit,,,other,,none,170
tricolore-1-5th-edition,dix-neuf,,,other,,none,170
tricolore-1-5th-edition,dix-sept,,,other,,none,170
tricolore-1-5th-edition,dodo,,,noun,,daily-routine,170
tricolore-1-5th-edition,"dominos, jouer aux dominos",,,phrase,,hobby,170
tricolore-1-5th-edition,dommage,c'est,,phrase,,none,170
tricolore-1-5th-edition,donc,,,adverb,,none,170
tricolore-1-5th-edition,donner,,,verb,,none,170
tricolore-1-5th-edition,donnez-moi ...,,,phrase,,shopping,170
tricolore-1-5th-edition,dort,il,,verb,,daily-routine,170
tricolore-1-5th-edition,Douvres,,,noun,,travel,170
tricolore-1-5th-edition,douze,,,other,,none,170
tricolore-1-5th-edition,drapeau,un,des drapeaux,noun,,none,170
tricolore-1-5th-edition,droite,à,,phrase,,travel,170
tricolore-1-5th-edition,drôle,,,adjective,,none,170
tricolore-1-5th-edition,du,,,other,,none,170
tricolore-1-5th-edition,"du (de la, de l', des)",,,other,,none,170
tricolore-1-5th-edition,durer,,,verb,,none,170
tricolore-1-5th-edition,débarrasser,,,verb,,daily-routine,170
tricolore-1-5th-edition,décembre,,,noun,,time-dates,170
tricolore-1-5th-edition,décoller,,,verb,,travel,170
tricolore-1-5th-edition,découvre,(il),,verb,,none,170
tricolore-1-5th-edition,découvrir,,,verb,,none,170
tricolore-1-5th-edition,décrire,,,verb,,none,170
tricolore-1-5th-edition,défilé,un,,noun,,vacation,170
tricolore-1-5th-edition,déguisé(e),,,adjective,,vacation,170
tricolore-1-5th-edition,déjeuner,le,,noun,,food,170
tricolore-1-5th-edition,délicieux (f délicieuse),,,adjective,,food,170
tricolore-1-5th-edition,dépliant,un,,noun,,travel,170
tricolore-1-5th-edition,désespéré,,,adjective,,none,170
tricolore-1-5th-edition,désirez?,vous,,verb,,shopping,170
tricolore-1-5th-edition,désolé,,,adjective,,none,170
tricolore-1-5th-edition,détester,,,verb,,none,170
tricolore-1-5th-edition,dîne,on,,verb,,food,170
tricolore-1-5th-edition,dîner,un,,noun,,food,170
tricolore-1-5th-edition,e-mail,un,,noun,,communication,170
tricolore-1-5th-edition,eau (f),l',,noun,,food,170
tricolore-1-5th-edition,elle,,,other,,none,170
tricolore-1-5th-edition,elles,,,other,,none,170
tricolore-1-5th-edition,emploi du temps,un,,noun,,school,170
tricolore-1-5th-edition,en,,,preposition,,none,170
tricolore-1-5th-edition,en classe,,,phrase,,school,170
tricolore-1-5th-edition,en effet,,,phrase,,none,170
tricolore-1-5th-edition,encore,,,adverb,,none,170
tricolore-1-5th-edition,encore du ...,,,phrase,,food,170
tricolore-1-5th-edition,endroit,un,,noun,,city-places,170
tricolore-1-5th-edition,enfant,un(e),,noun,,family,170
tricolore-1-5th-edition,enfant unique,un(e),,noun,,family,170
tricolore-1-5th-edition,enfin,,,adverb,,none,170
tricolore-1-5th-edition,ennuyeux (f ennuyeuse),,,adjective,,none,170
tricolore-1-5th-edition,enquête,une,,noun,,school,170
tricolore-1-5th-edition,enregistrer,,,verb,,none,170
tricolore-1-5th-edition,enseignement (m),l',,noun,,school,170
tricolore-1-5th-edition,ensemble,,,adverb,,none,170
tricolore-1-5th-edition,ensuite,,,adverb,,time-dates,170
tricolore-1-5th-edition,entendre,,,verb,,none,170
tricolore-1-5th-edition,entraînement (m),l',,noun,,hobby,170
tricolore-1-5th-edition,entre,,,preposition,,none,170
tricolore-1-5th-edition,entrer,,,verb,,none,170
tricolore-1-5th-edition,entrée,une,,noun,,restaurant,170
tricolore-1-5th-edition,environ,,,adverb,,none,170
tricolore-1-5th-edition,envoyer,,,verb,,communication,170
tricolore-1-5th-edition,EPS (éducation physique et sportive) (f),l',,noun,,school,170
tricolore-1-5th-edition,erreur,une,,noun,,school,170
tricolore-1-5th-edition,es,tu,,verb,,none,170
tricolore-1-5th-edition,escalier (m),l',,noun,,home,170
tricolore-1-5th-edition,escargot,un,,noun,,food,170
tricolore-1-5th-edition,espace (f),l',,noun,,none,170
tricolore-1-5th-edition,Espagne (f),l',,noun,,travel,170
tricolore-1-5th-edition,espagnol,,,adjective,,none,170
tricolore-1-5th-edition,essayer,,,verb,,shopping,170
tricolore-1-5th-edition,est,,,verb,,none,170
tricolore-1-5th-edition,est-ce qu'il y a ... ?,,,phrase,,none,170
tricolore-1-5th-edition,est-ce que ... ?,,,phrase,,none,170
tricolore-1-5th-edition,est-ce que je peux ... ?,,,phrase,,none,170
tricolore-1-5th-edition,est-ce que tu aimes ... ?,,,phrase,,none,170
tricolore-1-5th-edition,et,,,other,,none,170
tricolore-1-5th-edition,l'eau bouillante,,,noun,,food,170
tricolore-1-5th-edition,l'eau minérale,,,noun,,food,170
tricolore-1-5th-edition,le petit déjeuner,,,noun,,food,170
tricolore-1-5th-edition,mots surlignés,des,,noun,,school,170
tricolore-1-5th-edition,quelque chose,,,phrase,,none,170
tricolore-1-5th-edition,tu ne m'écoutes pas!,,,phrase,,communication,170
tricolore-1-5th-edition,un club des jeunes,,,noun,,hobby,170
tricolore-1-5th-edition,à demain,,,phrase,,communication,170
tricolore-1-5th-edition,écharpe,une,,noun,,shopping,170
tricolore-1-5th-edition,"échecs, jouer aux échecs",,,phrase,,hobby,170
tricolore-1-5th-edition,éclair,un,,noun,,food,170
tricolore-1-5th-edition,école,une,,noun,,school,170
tricolore-1-5th-edition,école primaire,,,noun,,school,170
tricolore-1-5th-edition,Écosse (f),l',,noun,,travel,170
tricolore-1-5th-edition,écouter,,,verb,,school,170
tricolore-1-5th-edition,écrire,,,verb,,school,170
tricolore-1-5th-edition,écris-moi bientôt,,,phrase,,communication,170
tricolore-1-5th-edition,Édimbourg,,,noun,,travel,170
tricolore-1-5th-edition,éducation civique (f),l',,noun,,school,170
tricolore-1-5th-edition,église,une,,noun,,city-places,170
tricolore-1-5th-edition,élève,un(e),,noun,,school,170
tricolore-1-5th-edition,éléphant,un,,noun,,none,170
tricolore-1-5th-edition,émission,une,,noun,,communication,170
tricolore-1-5th-edition,énorme,,,adjective,,none,170
tricolore-1-5th-edition,épicerie,une,,noun,,shopping,170
tricolore-1-5th-edition,épreuve,une,,noun,,school,170
tricolore-1-5th-edition,équipe,une,,noun,,hobby,170
tricolore-1-5th-edition,équitation (f),l',,noun,,hobby,170
tricolore-1-5th-edition,étage,un,,noun,,home,170
tricolore-1-5th-edition,était,(il),,verb,,none,170
tricolore-1-5th-edition,été (m),l',,noun,,weather,170
tricolore-1-5th-edition,(à) chaque fois,,,phrase,,time-dates,171
tricolore-1-5th-edition,en hiver,,,phrase,,weather,171
tricolore-1-5th-edition,en été,,,phrase,,weather,171
tricolore-1-5th-edition,et ainsi de suite,,,phrase,,none,171
tricolore-1-5th-edition,excursion,une,,noun,,vacation,171
tricolore-1-5th-edition,exemple,par,,phrase,,school,171
tricolore-1-5th-edition,exposition,une,,noun,,city-places,171
tricolore-1-5th-edition,extrait,un,,noun,,school,171
tricolore-1-5th-edition,extraordinaire,,,adjective,,none,171
tricolore-1-5th-edition,face,une,,noun,,none,171
tricolore-1-5th-edition,face (de),en,,phrase,,city-places,171
tricolore-1-5th-edition,facile,,,adjective,,school,171
tricolore-1-5th-edition,faim,j'ai,,phrase,,food,171
tricolore-1-5th-edition,faire,,,verb,,none,171
tricolore-1-5th-edition,faire de l'équitation,,,phrase,,hobby,171
tricolore-1-5th-edition,faire de la gymnastique,,,phrase,,hobby,171
tricolore-1-5th-edition,faire de la planche à voile,,,phrase,,hobby,171
tricolore-1-5th-edition,faire de la voile,,,phrase,,hobby,171
tricolore-1-5th-edition,faire des courses,,,phrase,,shopping,171
tricolore-1-5th-edition,faire du camping,,,phrase,,vacation,171
tricolore-1-5th-edition,faire du ski,,,phrase,,hobby,171
tricolore-1-5th-edition,faire du vélo,,,phrase,,hobby,171
tricolore-1-5th-edition,faire la cuisine,,,phrase,,food,171
tricolore-1-5th-edition,faire le total,,,phrase,,shopping,171
tricolore-1-5th-edition,faire mes devoirs,,,phrase,,school,171
tricolore-1-5th-edition,faire un tour à vélo,,,phrase,,hobby,171
tricolore-1-5th-edition,faire une promenade,,,phrase,,hobby,171
tricolore-1-5th-edition,fait,il,,verb,,none,171
tricolore-1-5th-edition,faites,vous,,verb,,none,171
tricolore-1-5th-edition,famille (nombreuse),une,,noun,,family,171
tricolore-1-5th-edition,fantaisie,,,noun,,none,171
tricolore-1-5th-edition,fantastique,,,adjective,,none,171
tricolore-1-5th-edition,fatigant,,,adjective,,none,171
tricolore-1-5th-edition,fatigué(e),,,adjective,,health,171
tricolore-1-5th-edition,faut pas manquer ça,il ne,,phrase,,vacation,171
tricolore-1-5th-edition,faux (f fausse),,,adjective,,school,171
tricolore-1-5th-edition,favori,un,,noun,,hobby,171
tricolore-1-5th-edition,femme,une,,noun,,family,171
tricolore-1-5th-edition,fenêtre,une,,noun,,home,171
tricolore-1-5th-edition,ferme,une,,noun,,none,171
tricolore-1-5th-edition,fermer,,,verb,,none,171
tricolore-1-5th-edition,fermé,,,adjective,,shopping,171
tricolore-1-5th-edition,feu,un,,noun,,none,171
tricolore-1-5th-edition,feu d'artifice,un,,noun,,vacation,171
tricolore-1-5th-edition,feuille (de papier),une,,noun,,school,171
tricolore-1-5th-edition,feutre,un,,noun,,school,171
tricolore-1-5th-edition,fille,une,,noun,,family,171
tricolore-1-5th-edition,film,un,,noun,,hobby,171
tricolore-1-5th-edition,fils,un,,noun,,family,171
tricolore-1-5th-edition,fin,la,,noun,,none,171
tricolore-1-5th-edition,finalement,,,adverb,,none,171
tricolore-1-5th-edition,fini,c'est,,phrase,,school,171
tricolore-1-5th-edition,finissent,ils/elles,,verb,,school,171
tricolore-1-5th-edition,fleur,une,,noun,,none,171
tricolore-1-5th-edition,flèche,une,,noun,,none,171
tricolore-1-5th-edition,flûte,une,,noun,,hobby,171
tricolore-1-5th-edition,flûte à bec,une,,noun,,hobby,171
tricolore-1-5th-edition,fois,une,,noun,,time-dates,171
tricolore-1-5th-edition,foncé,,,adjective,,none,171
tricolore-1-5th-edition,foncé,le plus,,phrase,,none,171
tricolore-1-5th-edition,font,ils/elles,,verb,,none,171
tricolore-1-5th-edition,football,le,,noun,,hobby,171
tricolore-1-5th-edition,forme,en,,phrase,,health,171
tricolore-1-5th-edition,formidable,,,adjective,,none,171
tricolore-1-5th-edition,fraise,une,,noun,,food,171
tricolore-1-5th-edition,framboise,une,,noun,,food,171
tricolore-1-5th-edition,France,la,,noun,,travel,171
tricolore-1-5th-edition,français,,,adjective,,none,171
tricolore-1-5th-edition,française,à la,,phrase,,food,171
tricolore-1-5th-edition,frisé,,,adjective,,personal-info,171
tricolore-1-5th-edition,frites (f pl),les,,noun,,food,171
tricolore-1-5th-edition,froid,,,adjective,,weather,171
tricolore-1-5th-edition,fromage,le,,noun,,food,171
tricolore-1-5th-edition,fruit,un,,noun,,food,171
tricolore-1-5th-edition,frère,un,,noun,,family,171
tricolore-1-5th-edition,fève,une,,noun,,food,171
tricolore-1-5th-edition,félicitations!,,,phrase,,none,171
tricolore-1-5th-edition,férié,jour,,adjective,,time-dates,171
tricolore-1-5th-edition,février,,,noun,,time-dates,171
tricolore-1-5th-edition,fête,une,,noun,,time-dates,171
tricolore-1-5th-edition,fête des Mères,la,,noun,,time-dates,171
tricolore-1-5th-edition,fête nationale,la,,noun,,time-dates,171
tricolore-1-5th-edition,fêter,,,verb,,time-dates,171
tricolore-1-5th-edition,gagnant(e),un(e),,noun,,hobby,171
tricolore-1-5th-edition,gagner,,,verb,,hobby,171
tricolore-1-5th-edition,galette,une,,noun,,food,171
tricolore-1-5th-edition,gants (m pl),des,,noun,,shopping,171
tricolore-1-5th-edition,garage,un,,noun,,home,171
tricolore-1-5th-edition,garder,,,verb,,none,171
tricolore-1-5th-edition,gare,une,,noun,,city-places,171
tricolore-1-5th-edition,gare routière,une,,noun,,travel,171
tricolore-1-5th-edition,garçon,un,,noun,,none,171
tricolore-1-5th-edition,gauche,à,,phrase,,travel,171
tricolore-1-5th-edition,gens (m pl),des,,noun,,none,171
tricolore-1-5th-edition,gentil,,,adjective,,none,171
tricolore-1-5th-edition,gerbille,une,,noun,,none,171
tricolore-1-5th-edition,glace,une,,noun,,food,171
tricolore-1-5th-edition,golf,le,,noun,,hobby,171
tricolore-1-5th-edition,gomme,une,,noun,,school,171
tricolore-1-5th-edition,goûter,le,,noun,,food,171
tricolore-1-5th-edition,grammaire,la,,noun,,school,171
tricolore-1-5th-edition,gramme,une,,noun,,food,171
tricolore-1-5th-edition,grand,,,adjective,,none,171
tricolore-1-5th-edition,grand-chose,pas,,phrase,,none,171
tricolore-1-5th-edition,grand-mère,une,,noun,,family,171
tricolore-1-5th-edition,grand-père,un,,noun,,family,171
tricolore-1-5th-edition,grands-parents (m pl),les,,noun,,family,171
tricolore-1-5th-edition,gratuit,,,adjective,,shopping,171
tricolore-1-5th-edition,grave,,,adjective,,none,171
tricolore-1-5th-edition,grille,la,,noun,,school,171
tricolore-1-5th-edition,gris,,,adjective,,none,171
tricolore-1-5th-edition,gros (f grosse),,,adjective,,none,171
tricolore-1-5th-edition,grossir,,,verb,,health,171
tricolore-1-5th-edition,groupe,un,,noun,,none,171
tricolore-1-5th-edition,guitare,une,,noun,,hobby,171
tricolore-1-5th-edition,gymnastique,la,,noun,,hobby,171
tricolore-1-5th-edition,gâteau (pl des gâteaux),un,des gâteaux,noun,,food,171
tricolore-1-5th-edition,géant,un,,noun,,none,171
tricolore-1-5th-edition,génial,,,adjective,,none,171
tricolore-1-5th-edition,génie,une,,noun,,none,171
tricolore-1-5th-edition,généralement,,,adverb,,none,171
tricolore-1-5th-edition,géographie,la,,noun,,school,171
tricolore-1-5th-edition,habitant,un,,noun,,none,171
tricolore-1-5th-edition,habiter,,,verb,,home,171
tricolore-1-5th-edition,habitude,d',,phrase,,daily-routine,171
tricolore-1-5th-edition,hamster,un,,noun,,none,171
tricolore-1-5th-edition,haricots verts (m pl),les,,noun,,food,171
tricolore-1-5th-edition,haute technologie,la,,noun,,none,171
tricolore-1-5th-edition,heure,une,,noun,,time-dates,171
tricolore-1-5th-edition,histoire,une,,noun,,school,171
tricolore-1-5th-edition,histoire (f),l',,noun,,school,171
tricolore-1-5th-edition,historique,,,adjective,,school,171
tricolore-1-5th-edition,hiver (m),l',,noun,,weather,171
tricolore-1-5th-edition,hockey,le,,noun,,hobby,171
tricolore-1-5th-edition,homme,un,,noun,,none,171
tricolore-1-5th-edition,horaire,un,,noun,,travel,171
tricolore-1-5th-edition,horaire d'ouverture,,,noun,,shopping,171
tricolore-1-5th-edition,horizontalement,,,adverb,,school,171
tricolore-1-5th-edition,horloge,une,,noun,,time-dates,171
tricolore-1-5th-edition,hors-d'œuvre,un,,noun,,restaurant,171
tricolore-1-5th-edition,huile (f),l',,noun,,food,171
tricolore-1-5th-edition,huit,,,other,,none,171
tricolore-1-5th-edition,hâche,une,,noun,,none,171
tricolore-1-5th-edition,hélas!,,,phrase,,none,171
tricolore-1-5th-edition,hérisson,un,,noun,,none,171
tricolore-1-5th-edition,hôpital,un,,noun,,health,171
tricolore-1-5th-edition,hôtel,un,,noun,,travel,171
tricolore-1-5th-edition,hôtel de ville,un,,noun,,city-places,171
tricolore-1-5th-edition,ici,,,adverb,,none,171
tricolore-1-5th-edition,idéal(e),,,adjective,,none,171
tricolore-1-5th-edition,idée,une,,noun,,none,171
tricolore-1-5th-edition,il,,,other,,none,171
tricolore-1-5th-edition,il fait beau,,,phrase,,weather,171
tricolore-1-5th-edition,il fait chaud,,,phrase,,weather,171
tricolore-1-5th-edition,il fait froid,,,phrase,,weather,171
tricolore-1-5th-edition,il fait mauvais,,,phrase,,weather,171
tricolore-1-5th-edition,il y a,,,phrase,,none,171
tricolore-1-5th-edition,illustré,,,adjective,,school,171
tricolore-1-5th-edition,ils,,,other,,none,171
tricolore-1-5th-edition,images,en,,phrase,,school,171
tricolore-1-5th-edition,imper,,,noun,,shopping,171
tricolore-1-5th-edition,imperméable,un,,noun,,shopping,171
tricolore-1-5th-edition,impoli,,,adjective,,none,171
tricolore-1-5th-edition,important,,,adjective,,none,171
tricolore-1-5th-edition,impressionnant,,,adjective,,none,171
tricolore-1-5th-edition,incroyable,,,adjective,,none,171
tricolore-1-5th-edition,Inde (f),l',,noun,,travel,171
tricolore-1-5th-edition,indice,une,,noun,,school,171
tricolore-1-5th-edition,informatique (f),l',,noun,,school,171
tricolore-1-5th-edition,ingrédients (m pl),les,,noun,,food,171
tricolore-1-5th-edition,inquiet (f inquiète),,,adjective,,none,171
tricolore-1-5th-edition,instrument (de musique),un,,noun,,hobby,171
tricolore-1-5th-edition,interview,une,,noun,,communication,171
tricolore-1-5th-edition,intéressant,,,adjective,,none,171
tricolore-1-5th-edition,Irlande (f) (du Nord),l',,noun,,travel,171
tricolore-1-5th-edition,Italie (f),l',,noun,,travel,171
tricolore-1-5th-edition,jambe,la,,noun,,health,171
tricolore-1-5th-edition,jambon,le,,noun,,food,171
tricolore-1-5th-edition,janvier,,,noun,,time-dates,171
tricolore-1-5th-edition,Japon,le,,noun,,travel,171
tricolore-1-5th-edition,jardin,un,,noun,,home,171
tricolore-1-5th-edition,jaune,,,adjective,,none,171
tricolore-1-5th-edition,jaune d'œuf,le,,noun,,food,171
tricolore-1-5th-edition,je,,,other,,none,171
tricolore-1-5th-edition,jean,un,,noun,,shopping,171
tricolore-1-5th-edition,jeu (pl jeux),un,jeux,noun,,hobby,171
tricolore-1-5th-edition,jeudi,(le),,noun,,time-dates,171
tricolore-1-5th-edition,jeune,,,adjective,,none,171
tricolore-1-5th-edition,jogging,un,,noun,,shopping,171
tricolore-1-5th-edition,joli,,,adjective,,none,171
tricolore-1-5th-edition,jouer,,,verb,,hobby,171
tricolore-1-5th-edition,jouet,un,,noun,,hobby,171
tricolore-1-5th-edition,joueur,un,,noun,,hobby,171
tricolore-1-5th-edition,jour,un,,noun,,time-dates,171
tricolore-1-5th-edition,jour de l'An,le,,noun,,time-dates,171
tricolore-1-5th-edition,juillet,,,noun,,time-dates,171
tricolore-1-5th-edition,juin,,,noun,,time-dates,171
tricolore-1-5th-edition,jumeaux (f des jumelles),des,,noun,,family,171
tricolore-1-5th-edition,jupe,une,,noun,,shopping,171
tricolore-1-5th-edition,jus de fruit,un,,noun,,food,171
tricolore-1-5th-edition,jus de viande,le,,noun,,food,171
tricolore-1-5th-edition,jusqu'à,,,preposition,,none,171
tricolore-1-5th-edition,juste,,,adjective,,none,171
tricolore-1-5th-edition,kilo,un,,noun,,shopping,171
tricolore-1-5th-edition,kilomètre,un,,noun,,travel,171
tricolore-1-5th-edition,la galette des Rois,,,noun,,food,171
tricolore-1-5th-edition,laboratoire,un,,noun,,school,171
tricolore-1-5th-edition,lac,un,,noun,,travel,171
tricolore-1-5th-edition,laisser,,,verb,,none,171
tricolore-1-5th-edition,lait,le,,noun,,food,171
tricolore-1-5th-edition,langue,une,,noun,,school,171
tricolore-1-5th-edition,lapin,un,,noun,,none,171
tricolore-1-5th-edition,laver,,,verb,,daily-routine,171
tricolore-1-5th-edition,"le (f la, pl les)",,,other,,none,171
tricolore-1-5th-edition,lecteur CD / MP3,un,,noun,,hobby,171
tricolore-1-5th-edition,lecture,la,,noun,,hobby,171
tricolore-1-5th-edition,lentement,,,adverb,,none,171
tricolore-1-5th-edition,les cheveux frisés,,,noun,,personal-info,171
tricolore-1-5th-edition,lettre,une,,noun,,communication,171
tricolore-1-5th-edition,leur (pl leurs),,,other,,none,171
tricolore-1-5th-edition,là,,,adverb,,none,171
tricolore-1-5th-edition,là-bas,,,adverb,,none,171
tricolore-1-5th-edition,lève,je me,,verb,,daily-routine,171
tricolore-1-5th-edition,lève,il se,,verb,,daily-routine,171
tricolore-1-5th-edition,légende,une,,noun,,school,171
tricolore-1-5th-edition,légume,un,,noun,,food,171
tricolore-1-5th-edition,quelle heure est-il?,,,phrase,,time-dates,171
tricolore-1-5th-edition,trois fois,,,phrase,,time-dates,171
tricolore-1-5th-edition,un demi-kilo,,,noun,,shopping,171
tricolore-1-5th-edition,un jeu de société,,,noun,,hobby,171
tricolore-1-5th-edition,un jeu vidéo,,,noun,,hobby,171
tricolore-1-5th-edition,un quart d'heure,,,noun,,time-dates,171
tricolore-1-5th-edition,une demi-heure,,,noun,,time-dates,171
tricolore-1-5th-edition,une fois par mois,,,phrase,,time-dates,171
tricolore-1-5th-edition,une journée (typique),une,,noun,,daily-routine,171
tricolore-1-5th-edition,à (trois) heures,,,phrase,,time-dates,171
tricolore-1-5th-edition,étoile,une,,noun,,none,171
tricolore-1-5th-edition,étranger,,,adjective,,travel,171
tricolore-1-5th-edition,événement,un,,noun,,none,171
tricolore-1-5th-edition,être,,,verb,,none,171
tricolore-1-5th-edition,île,une,,noun,,travel,171
tricolore-1-5th-edition,au bord de la mer,,,phrase,,vacation,172
tricolore-1-5th-edition,des œufs au bacon,,,phrase,,food,172
tricolore-1-5th-edition,en moto,,,phrase,,travel,172
tricolore-1-5th-edition,il a lieu,,,phrase,,none,172
tricolore-1-5th-edition,il fait mauvais,,,phrase,,weather,172
tricolore-1-5th-edition,j'en ai assez mangé,,,phrase,,food,172
tricolore-1-5th-edition,Joyeux Noël,,,phrase,,time-dates,172
tricolore-1-5th-edition,Joyeux Pâques,,,phrase,,time-dates,172
tricolore-1-5th-edition,le mot qui manque,,,phrase,,school,172
tricolore-1-5th-edition,le Père Noël,,,noun,,time-dates,172
tricolore-1-5th-edition,les méchantes sœurs,,,noun,,none,172
tricolore-1-5th-edition,lever,,,verb,,daily-routine,172
tricolore-1-5th-edition,levez-vous!,,,verb,,daily-routine,172
tricolore-1-5th-edition,libre,,,adjective,,none,172
tricolore-1-5th-edition,libre-service,,,noun,,shopping,172
tricolore-1-5th-edition,lieu,un,,noun,,city-places,172
tricolore-1-5th-edition,limonade,la,,noun,,food,172
tricolore-1-5th-edition,lire,,,verb,,hobby,172
tricolore-1-5th-edition,liseuse,une,,noun,,hobby,172
tricolore-1-5th-edition,liste,une,,noun,,none,172
tricolore-1-5th-edition,lit,un,,noun,,home,172
tricolore-1-5th-edition,livre,un,,noun,,school,172
tricolore-1-5th-edition,logement,le,,noun,,home,172
tricolore-1-5th-edition,loin,,,adverb,,none,172
tricolore-1-5th-edition,loisirs (m pl),les,m pl,noun,,hobby,172
tricolore-1-5th-edition,Londres,,,noun,,travel,172
tricolore-1-5th-edition,long (f longue),,,adjective,,none,172
tricolore-1-5th-edition,lui,,,other,,none,172
tricolore-1-5th-edition,lumière,une,,noun,,home,172
tricolore-1-5th-edition,lundi,(le),,noun,,time-dates,172
tricolore-1-5th-edition,lunettes (f pl),les,f pl,noun,,shopping,172
tricolore-1-5th-edition,lycée,un,,noun,,school,172
tricolore-1-5th-edition,lève-toi!,,,verb,,daily-routine,172
tricolore-1-5th-edition,ma,,,adjective,,none,172
tricolore-1-5th-edition,machine (à laver),une,,noun,,home,172
tricolore-1-5th-edition,madame (Mme) (pl mesdames),,pl mesdames,noun,,personal-info,172
tricolore-1-5th-edition,mademoiselle (pl mesdemoiselles),,pl mesdemoiselles,noun,,personal-info,172
tricolore-1-5th-edition,magasin,un,,noun,,shopping,172
tricolore-1-5th-edition,magnifique,,,adjective,,none,172
tricolore-1-5th-edition,mai,,,noun,,time-dates,172
tricolore-1-5th-edition,maillot de bain,un,,noun,,vacation,172
tricolore-1-5th-edition,main,une,,noun,,health,172
tricolore-1-5th-edition,maintenant,,,adverb,,none,172
tricolore-1-5th-edition,mais,,,other,,none,172
tricolore-1-5th-edition,maison,une,,noun,,home,172
tricolore-1-5th-edition,mal,,,adverb,,none,172
tricolore-1-5th-edition,maladie,une,,noun,,health,172
tricolore-1-5th-edition,malheureusement,,,adverb,,none,172
tricolore-1-5th-edition,maman,,,noun,,family,172
tricolore-1-5th-edition,Mamie,,,noun,,family,172
tricolore-1-5th-edition,Manche,la,,noun,,travel,172
tricolore-1-5th-edition,manettes (f pl),les,f pl,noun,,hobby,172
tricolore-1-5th-edition,manger,,,verb,,food,172
tricolore-1-5th-edition,manquer,,,verb,,none,172
tricolore-1-5th-edition,manteau,un,,noun,,shopping,172
tricolore-1-5th-edition,manège,un,,noun,,vacation,172
tricolore-1-5th-edition,maquette,une,,noun,,hobby,172
tricolore-1-5th-edition,marche,une,,noun,,none,172
tricolore-1-5th-edition,marcher,,,verb,,none,172
tricolore-1-5th-edition,marché,un,,noun,,shopping,172
tricolore-1-5th-edition,marché aux fleurs,le,,noun,,shopping,172
tricolore-1-5th-edition,marché aux poissons,le,,noun,,shopping,172
tricolore-1-5th-edition,mardi,(le),,noun,,time-dates,172
tricolore-1-5th-edition,mardi gras,,,noun,,time-dates,172
tricolore-1-5th-edition,marin,un,,noun,,profession,172
tricolore-1-5th-edition,marron (doesn't change form),,,adjective,,none,172
tricolore-1-5th-edition,mars,,,noun,,time-dates,172
tricolore-1-5th-edition,match,un,,noun,,hobby,172
tricolore-1-5th-edition,maths (f pl les mathématiques),les,f pl,noun,,school,172
tricolore-1-5th-edition,matin,le,,noun,,time-dates,172
tricolore-1-5th-edition,matinée,une,,noun,,time-dates,172
tricolore-1-5th-edition,matière,une,,noun,,school,172
tricolore-1-5th-edition,matériel,le,,noun,,school,172
tricolore-1-5th-edition,mauvais,,,adjective,,none,172
tricolore-1-5th-edition,meilleur,,,adjective,,none,172
tricolore-1-5th-edition,meilleur(e)s ami(e)s,mes,,noun,,family,172
tricolore-1-5th-edition,melon,un,,noun,,food,172
tricolore-1-5th-edition,menu du jour,le,,noun,,restaurant,172
tricolore-1-5th-edition,mer,la,,noun,,vacation,172
tricolore-1-5th-edition,merci (beaucoup),,,other,,communication,172
tricolore-1-5th-edition,mercredi,(le),,noun,,time-dates,172
tricolore-1-5th-edition,mes,,,adjective,,none,172
tricolore-1-5th-edition,message électronique,un,,noun,,communication,172
tricolore-1-5th-edition,mettre,,,verb,,none,172
tricolore-1-5th-edition,meuble,un,,noun,,home,172
tricolore-1-5th-edition,mi-temps,la,,noun,,hobby,172
tricolore-1-5th-edition,midi,,,noun,,time-dates,172
tricolore-1-5th-edition,miel,le,,noun,,food,172
tricolore-1-5th-edition,mignon,,,adjective,,none,172
tricolore-1-5th-edition,milieu,le,,noun,,none,172
tricolore-1-5th-edition,minuit,,,noun,,time-dates,172
tricolore-1-5th-edition,minute,une,,noun,,time-dates,172
tricolore-1-5th-edition,moche,,,adjective,,none,172
tricolore-1-5th-edition,mode,la,,noun,,shopping,172
tricolore-1-5th-edition,modèle réduit,un,,noun,,hobby,172
tricolore-1-5th-edition,moi,,,other,,none,172
tricolore-1-5th-edition,moins,,,other,,none,172
tricolore-1-5th-edition,mois,un,,noun,,time-dates,172
tricolore-1-5th-edition,mois de ...,,,phrase,,time-dates,172
tricolore-1-5th-edition,"moment, pour le moment",,,phrase,,time-dates,172
tricolore-1-5th-edition,mon,,,adjective,,none,172
tricolore-1-5th-edition,monde,le,,noun,,none,172
tricolore-1-5th-edition,monnaie,la,,noun,,shopping,172
tricolore-1-5th-edition,monsieur,un,,noun,,personal-info,172
tricolore-1-5th-edition,Monsieur (M.) (pl messieurs),,pl messieurs,noun,,personal-info,172
tricolore-1-5th-edition,montagne,une,,noun,,vacation,172
tricolore-1-5th-edition,monter,,,verb,,none,172
tricolore-1-5th-edition,montre,une,,noun,,shopping,172
tricolore-1-5th-edition,montre,,,verb,,none,172
tricolore-1-5th-edition,morceau,un,,noun,,food,172
tricolore-1-5th-edition,mosquée,une,,noun,,city-places,172
tricolore-1-5th-edition,mot,un,,noun,,school,172
tricolore-1-5th-edition,mots croisés (m pl),les,m pl,noun,,hobby,172
tricolore-1-5th-edition,mots mêlés (m pl),(des),m pl,noun,,hobby,172
tricolore-1-5th-edition,moutarde,la,,noun,,food,172
tricolore-1-5th-edition,moyen,,,adjective,,none,172
tricolore-1-5th-edition,mur,,,phrase,,home,172
tricolore-1-5th-edition,musicien(ne),un(e),,noun,,profession,172
tricolore-1-5th-edition,musique,la,,noun,,hobby,172
tricolore-1-5th-edition,musulman(e),,,adjective,,none,172
tricolore-1-5th-edition,musée,un,,noun,,city-places,172
tricolore-1-5th-edition,mère,une,,noun,,family,172
tricolore-1-5th-edition,mécanique,,,adjective,,none,172
tricolore-1-5th-edition,méchant,,,adjective,,none,172
tricolore-1-5th-edition,mélanger,,,verb,,food,172
tricolore-1-5th-edition,même,,,other,,none,172
tricolore-1-5th-edition,n' ... pas,,,other,,none,172
tricolore-1-5th-edition,n'est-ce pas?,,,phrase,,none,172
tricolore-1-5th-edition,nager,,,verb,,hobby,172
tricolore-1-5th-edition,natation,la,,noun,,hobby,172
tricolore-1-5th-edition,naturellement,,,adverb,,none,172
tricolore-1-5th-edition,navire,un,,noun,,travel,172
tricolore-1-5th-edition,ne ... pas,,,other,,none,172
tricolore-1-5th-edition,neige,,,verb,,weather,172
tricolore-1-5th-edition,neuf,,,other,,none,172
tricolore-1-5th-edition,niveau,un,,noun,,school,172
tricolore-1-5th-edition,nièce,une,,noun,,family,172
tricolore-1-5th-edition,noir,,,adjective,,none,172
tricolore-1-5th-edition,noisettes,,,phrase,,food,172
tricolore-1-5th-edition,nom,un,,noun,,personal-info,172
tricolore-1-5th-edition,nombre,un,,noun,,none,172
tricolore-1-5th-edition,non,,,other,,none,172
tricolore-1-5th-edition,nord,le,,noun,,travel,172
tricolore-1-5th-edition,normalement,,,adverb,,none,172
tricolore-1-5th-edition,notre (pl nos),,pl nos,adjective,,none,172
tricolore-1-5th-edition,nourriture,la,,noun,,food,172
tricolore-1-5th-edition,nous,,,other,,none,172
tricolore-1-5th-edition,nouveau (f nouvelle),,,adjective,,none,172
tricolore-1-5th-edition,nouvel (before masc. noun beginning with a vowel),,,adjective,,none,172
tricolore-1-5th-edition,novembre,,,noun,,time-dates,172
tricolore-1-5th-edition,Noël,,,noun,,time-dates,172
tricolore-1-5th-edition,nuit,la,,noun,,time-dates,172
tricolore-1-5th-edition,nul,,,adjective,,none,172
tricolore-1-5th-edition,numéro,un,,noun,,none,172
tricolore-1-5th-edition,octobre,,,noun,,time-dates,172
tricolore-1-5th-edition,offert,,,verb,,none,172
tricolore-1-5th-edition,office de tourisme,un,,noun,,travel,172
tricolore-1-5th-edition,offre d'emploi,une,,noun,,profession,172
tricolore-1-5th-edition,oignon,un,,noun,,food,172
tricolore-1-5th-edition,oiseau (pl oiseaux),un,pl oiseaux,noun,,none,172
tricolore-1-5th-edition,omelette,une,,noun,,food,172
tricolore-1-5th-edition,on,,,other,,none,172
tricolore-1-5th-edition,on y va?,,,phrase,,none,172
tricolore-1-5th-edition,oncle,un,,noun,,family,172
tricolore-1-5th-edition,ont,,,verb,,none,172
tricolore-1-5th-edition,onze,,,other,,none,172
tricolore-1-5th-edition,orage,un,,noun,,weather,172
tricolore-1-5th-edition,orange,une,,noun,,food,172
tricolore-1-5th-edition,orangeade,une,,noun,,food,172
tricolore-1-5th-edition,ordinateur,un,,noun,,communication,172
tricolore-1-5th-edition,ordinateur portable,un,,noun,,communication,172
tricolore-1-5th-edition,organiser,,,verb,,none,172
tricolore-1-5th-edition,ou,,,other,,none,172
tricolore-1-5th-edition,oublier,,,verb,,none,172
tricolore-1-5th-edition,ouest (m),l',,noun,,travel,172
tricolore-1-5th-edition,oui,,,other,,none,172
tricolore-1-5th-edition,ours,un,,noun,,none,172
tricolore-1-5th-edition,ouvert,,,adjective,,none,172
tricolore-1-5th-edition,ouvre,,,verb,,none,172
tricolore-1-5th-edition,ouvrent,,,verb,,none,172
tricolore-1-5th-edition,ouvrez,,,verb,,none,172
tricolore-1-5th-edition,ouvrons,,,verb,,none,172
tricolore-1-5th-edition,où,,,adverb,,none,172
tricolore-1-5th-edition,pain,le,,noun,,food,172
tricolore-1-5th-edition,paire de ...,une,,noun,,shopping,172
tricolore-1-5th-edition,panier,un,,noun,,shopping,172
tricolore-1-5th-edition,pantalon,un,,noun,,shopping,172
tricolore-1-5th-edition,papa,,,noun,,family,172
tricolore-1-5th-edition,paquet,un,,noun,,shopping,172
tricolore-1-5th-edition,par,,,preposition,,none,172
tricolore-1-5th-edition,parapluie,un,,noun,,shopping,172
tricolore-1-5th-edition,parasol,un,,noun,,vacation,172
tricolore-1-5th-edition,paravent,un,,noun,,vacation,172
tricolore-1-5th-edition,parc,un,,noun,,city-places,172
tricolore-1-5th-edition,parc d'attractions,un,,noun,,vacation,172
tricolore-1-5th-edition,parce que,,,other,,none,172
tricolore-1-5th-edition,pardon,,,other,,communication,172
tricolore-1-5th-edition,pare-brise,un,,noun,,travel,172
tricolore-1-5th-edition,pare-choc,un,,noun,,travel,172
tricolore-1-5th-edition,parents (m pl),les,m pl,noun,,family,172
tricolore-1-5th-edition,paresseux,,,adjective,,none,172
tricolore-1-5th-edition,parfum,un,,noun,,food,172
tricolore-1-5th-edition,parking,un,,noun,,city-places,172
tricolore-1-5th-edition,parler,,,verb,,communication,172
tricolore-1-5th-edition,paroles (f pl),les,f pl,noun,,communication,172
tricolore-1-5th-edition,part,,,verb,,travel,172
tricolore-1-5th-edition,partager,,,verb,,none,172
tricolore-1-5th-edition,partie,une,,noun,,none,172
tricolore-1-5th-edition,partir de ... heures,,,phrase,,time-dates,172
tricolore-1-5th-edition,partout,,,adverb,,none,172
tricolore-1-5th-edition,pas,un,,noun,,none,172
tricolore-1-5th-edition,pas,,,other,,none,172
tricolore-1-5th-edition,pas beaucoup,,,phrase,,none,172
tricolore-1-5th-edition,pas ici,,,phrase,,none,172
tricolore-1-5th-edition,pas mal,,,phrase,,none,172
tricolore-1-5th-edition,passe-temps,un,,noun,,hobby,172
tricolore-1-5th-edition,passeport,un,,noun,,travel,172
tricolore-1-5th-edition,passer,,,verb,,none,172
tricolore-1-5th-edition,passez un tour,,,phrase,,hobby,172
tricolore-1-5th-edition,passionné de,,,phrase,,hobby,172
tricolore-1-5th-edition,passé,,,phrase,,time-dates,172
tricolore-1-5th-edition,patin à roulettes,le,,noun,,hobby,172
tricolore-1-5th-edition,patinoire,une,,noun,,city-places,172
tricolore-1-5th-edition,pauvre,,,adjective,,none,172
tricolore-1-5th-edition,payer,,,verb,,shopping,172
tricolore-1-5th-edition,pays,un,,noun,,travel,172
tricolore-1-5th-edition,pays de Galles,le,,noun,,travel,172
tricolore-1-5th-edition,peinture,la,,noun,,hobby,172
tricolore-1-5th-edition,pendant,,,preposition,,none,172
tricolore-1-5th-edition,pense à quelque chose,,,phrase,,none,172
tricolore-1-5th-edition,perdent,,,verb,,hobby,172
tricolore-1-5th-edition,perdre,,,verb,,none,172
tricolore-1-5th-edition,perdu,,,adjective,,none,172
tricolore-1-5th-edition,perroquet,un,,noun,,none,172
tricolore-1-5th-edition,Pâques,,,noun,,time-dates,172
tricolore-1-5th-edition,pâté,le,,noun,,food,172
tricolore-1-5th-edition,père,un,,noun,,family,172
tricolore-1-5th-edition,pêche,une,,noun,,food,172
tricolore-1-5th-edition,pêche,la,,noun,,hobby,172
tricolore-1-5th-edition,un pain au chocolat,,,noun,,food,172
tricolore-1-5th-edition,à la maison,,,phrase,,home,172
tricolore-1-5th-edition,à la mode,,,phrase,,shopping,172
tricolore-1-5th-edition,à la montagne,,,phrase,,vacation,172
tricolore-1-5th-edition,œuf,un,,noun,,food,172
tricolore-1-5th-edition,œuf à la coque,un,,noun,,food,172
tricolore-1-5th-edition,au printemps,,,phrase,,time-dates,173
tricolore-1-5th-edition,de quelle couleur est-il?,,,phrase,,none,173
tricolore-1-5th-edition,j'ai les cheveux raides,,,phrase,,none,173
tricolore-1-5th-edition,j'ai les cheveux roux,,,phrase,,none,173
tricolore-1-5th-edition,la place principale,,,noun,,city-places,173
tricolore-1-5th-edition,mercredi prochain,,,phrase,,time-dates,173
tricolore-1-5th-edition,perruche,une,,noun,,none,173
tricolore-1-5th-edition,personnage,un,,noun,,none,173
tricolore-1-5th-edition,petit,,,adjective,,none,173
tricolore-1-5th-edition,petit déjeuner,le,,noun,,food,173
tricolore-1-5th-edition,petit-enfant,un,,noun,,family,173
tricolore-1-5th-edition,petits pois (m pl),les,m pl,noun,,food,173
tricolore-1-5th-edition,peu,,,other,,none,173
tricolore-1-5th-edition,peu à peu,,,phrase,,none,173
tricolore-1-5th-edition,peuple,le,,noun,,none,173
tricolore-1-5th-edition,peut,,,verb,,none,173
tricolore-1-5th-edition,peut-être,,,adverb,,none,173
tricolore-1-5th-edition,peux ... ?,,,phrase,,none,173
tricolore-1-5th-edition,"peux, est-ce que je peux ... ?",,,phrase,,none,173
tricolore-1-5th-edition,photo,une,,noun,,hobby,173
tricolore-1-5th-edition,photographie,la,,noun,,hobby,173
tricolore-1-5th-edition,phrase,une,,noun,,school,173
tricolore-1-5th-edition,piano,un,,noun,,hobby,173
tricolore-1-5th-edition,pied,,,phrase,,none,173
tricolore-1-5th-edition,ping-pong,le,,noun,,hobby,173
tricolore-1-5th-edition,pique-nique,un,,noun,,food,173
tricolore-1-5th-edition,piscine,une,,noun,,city-places,173
tricolore-1-5th-edition,pittoresque,,,adjective,,none,173
tricolore-1-5th-edition,pizza,une,,noun,,food,173
tricolore-1-5th-edition,pièce,une,,noun,,home,173
tricolore-1-5th-edition,piéton,un,,noun,,city-places,173
tricolore-1-5th-edition,place,une,,noun,,city-places,173
tricolore-1-5th-edition,place,,,phrase,,none,173
tricolore-1-5th-edition,plage,une,,noun,,vacation,173
tricolore-1-5th-edition,plan de la ville,un,,noun,,city-places,173
tricolore-1-5th-edition,planche à voile,la,,noun,,hobby,173
tricolore-1-5th-edition,plancher,le,,noun,,home,173
tricolore-1-5th-edition,plante,une,,noun,,home,173
tricolore-1-5th-edition,planète,la,,noun,,none,173
tricolore-1-5th-edition,plat,un,,noun,,food,173
tricolore-1-5th-edition,plat principal,le,,noun,,restaurant,173
tricolore-1-5th-edition,plats d'un repas,les,,noun,,restaurant,173
tricolore-1-5th-edition,plein air,,,phrase,,vacation,173
tricolore-1-5th-edition,pleut,,,verb,,weather,173
tricolore-1-5th-edition,pluie,la,,noun,,weather,173
tricolore-1-5th-edition,plupart,la,,noun,,none,173
tricolore-1-5th-edition,plus,,,phrase,,none,173
tricolore-1-5th-edition,plus tard,,,adverb,,time-dates,173
tricolore-1-5th-edition,poche,une,,noun,,shopping,173
tricolore-1-5th-edition,point,un,,noun,,none,173
tricolore-1-5th-edition,poire,une,,noun,,food,173
tricolore-1-5th-edition,poisson,un,,noun,,food,173
tricolore-1-5th-edition,poisson d'avril,,,noun,,time-dates,173
tricolore-1-5th-edition,poivre,le,,noun,,food,173
tricolore-1-5th-edition,police,la,,noun,,city-places,173
tricolore-1-5th-edition,poliment,,,adverb,,none,173
tricolore-1-5th-edition,pomme,une,,noun,,food,173
tricolore-1-5th-edition,pomme de terre,une,,noun,,food,173
tricolore-1-5th-edition,pont,un,,noun,,city-places,173
tricolore-1-5th-edition,porc,le,,noun,,food,173
tricolore-1-5th-edition,port,un,,noun,,travel,173
tricolore-1-5th-edition,portable,un,,noun,,communication,173
tricolore-1-5th-edition,porte,une,,noun,,home,173
tricolore-1-5th-edition,porter,,,verb,,shopping,173
tricolore-1-5th-edition,portion de,une,,noun,,food,173
tricolore-1-5th-edition,poser une question,,,phrase,,school,173
tricolore-1-5th-edition,poste,la,,noun,,city-places,173
tricolore-1-5th-edition,poste de police,le,,noun,,city-places,173
tricolore-1-5th-edition,potage,le,,noun,,food,173
tricolore-1-5th-edition,potage aux légumes,le,,noun,,food,173
tricolore-1-5th-edition,poubelle,une,,noun,,home,173
tricolore-1-5th-edition,poule,une,,noun,,none,173
tricolore-1-5th-edition,poulet,le,,noun,,food,173
tricolore-1-5th-edition,pour,,,preposition,,none,173
tricolore-1-5th-edition,pourquoi?,,,other,,none,173
tricolore-1-5th-edition,premier (f première),,,adjective,,none,173
tricolore-1-5th-edition,prendre,,,verb,,none,173
tricolore-1-5th-edition,presque,,,adverb,,none,173
tricolore-1-5th-edition,principale,,,adjective,,none,173
tricolore-1-5th-edition,printemps,le,,noun,,time-dates,173
tricolore-1-5th-edition,prix,le,,noun,,shopping,173
tricolore-1-5th-edition,prochain,,,adjective,,none,173
tricolore-1-5th-edition,professeur (prof),un,,noun,,profession,173
tricolore-1-5th-edition,profiter de,,,verb,,none,173
tricolore-1-5th-edition,projet,un,,noun,,none,173
tricolore-1-5th-edition,promenade,une,,noun,,vacation,173
tricolore-1-5th-edition,prononcer,,,verb,,school,173
tricolore-1-5th-edition,protéger,,,verb,,none,173
tricolore-1-5th-edition,provisions (f pl),des,f pl,noun,,shopping,173
tricolore-1-5th-edition,près de,,,preposition,,none,173
tricolore-1-5th-edition,préférer,,,verb,,none,173
tricolore-1-5th-edition,préféré,,,adjective,,none,173
tricolore-1-5th-edition,prénom,un,,noun,,personal-info,173
tricolore-1-5th-edition,préparer,,,verb,,food,173
tricolore-1-5th-edition,présent,,,phrase,,time-dates,173
tricolore-1-5th-edition,prêt,,,adjective,,none,173
tricolore-1-5th-edition,puis,,,adverb,,none,173
tricolore-1-5th-edition,pull,un,,noun,,shopping,173
tricolore-1-5th-edition,puni,,,adjective,,none,173
tricolore-1-5th-edition,punir,,,verb,,none,173
tricolore-1-5th-edition,puzzle,un,,noun,,hobby,173
tricolore-1-5th-edition,pyjama,un,,noun,,shopping,173
tricolore-1-5th-edition,qu'est-ce qu'il y a?,,,phrase,,none,173
tricolore-1-5th-edition,qu'est-ce que c'est?,,,phrase,,none,173
tricolore-1-5th-edition,qu'est-ce que tu fais?,,,phrase,,none,173
tricolore-1-5th-edition,qu'est-ce que tu veux/vous voulez?,,,phrase,,none,173
tricolore-1-5th-edition,qu'est-ce que ça veut dire?,,,phrase,,communication,173
tricolore-1-5th-edition,quand,,,adverb,,none,173
tricolore-1-5th-edition,quand même,,,phrase,,none,173
tricolore-1-5th-edition,quarante,,,other,,none,173
tricolore-1-5th-edition,quartier,un,,noun,,city-places,173
tricolore-1-5th-edition,quatorze,,,other,,none,173
tricolore-1-5th-edition,quatre,,,other,,none,173
tricolore-1-5th-edition,que ... ?,,,other,,none,173
tricolore-1-5th-edition,"quel (quelle, quels, quelles)",,,other,,none,173
tricolore-1-5th-edition,quel désordre!,,,phrase,,none,173
tricolore-1-5th-edition,quel parfum?,,,phrase,,food,173
tricolore-1-5th-edition,quel temps fait-il?,,,phrase,,weather,173
tricolore-1-5th-edition,quel temps!,,,phrase,,weather,173
tricolore-1-5th-edition,quel âge as-tu?,,,phrase,,personal-info,173
tricolore-1-5th-edition,quelle est la date aujourd'hui?,,,phrase,,time-dates,173
tricolore-1-5th-edition,quelle heure est-il?,,,phrase,,time-dates,173
tricolore-1-5th-edition,quelle journée!,,,phrase,,none,173
tricolore-1-5th-edition,quelque chose,,,other,,none,173
tricolore-1-5th-edition,quelquefois,,,adverb,,none,173
tricolore-1-5th-edition,quelques jours,,,phrase,,time-dates,173
tricolore-1-5th-edition,queue,la,,noun,,none,173
tricolore-1-5th-edition,qui,,,other,,none,173
tricolore-1-5th-edition,qui est-ce?,,,phrase,,personal-info,173
tricolore-1-5th-edition,quinze,,,other,,none,173
tricolore-1-5th-edition,quinze jours,,,noun,,time-dates,173
tricolore-1-5th-edition,quitter,,,verb,,none,173
tricolore-1-5th-edition,quoi!,,,other,,none,173
tricolore-1-5th-edition,raconter,,,verb,,communication,173
tricolore-1-5th-edition,radio,une,,noun,,communication,173
tricolore-1-5th-edition,raide,,,adjective,,none,173
tricolore-1-5th-edition,raisin,un,,noun,,food,173
tricolore-1-5th-edition,rang,un,,noun,,school,173
tricolore-1-5th-edition,ranger des affaires,,,phrase,,home,173
tricolore-1-5th-edition,rappel,un,,noun,,none,173
tricolore-1-5th-edition,raquette de tennis,une,,noun,,hobby,173
tricolore-1-5th-edition,recette,une,,noun,,food,173
tricolore-1-5th-edition,rechercher,,,verb,,school,173
tricolore-1-5th-edition,recherches (f pl),les,f pl,noun,,school,173
tricolore-1-5th-edition,reconnaître,,,verb,,none,173
tricolore-1-5th-edition,reculez,,,verb,,none,173
tricolore-1-5th-edition,regarder,,,verb,,hobby,173
tricolore-1-5th-edition,regrette,,,verb,,none,173
tricolore-1-5th-edition,remplacer,,,verb,,none,173
tricolore-1-5th-edition,remplir,,,verb,,school,173
tricolore-1-5th-edition,rencontrer,,,verb,,none,173
tricolore-1-5th-edition,rendez-vous,un,,noun,,none,173
tricolore-1-5th-edition,rentrer,,,verb,,daily-routine,173
tricolore-1-5th-edition,rentrée,la,,noun,,school,173
tricolore-1-5th-edition,repas,un,,noun,,food,173
tricolore-1-5th-edition,requin,un,,noun,,none,173
tricolore-1-5th-edition,restaurant,un,,noun,,restaurant,173
tricolore-1-5th-edition,rester (à la maison),,,verb,,daily-routine,173
tricolore-1-5th-edition,rester en forme,,,phrase,,health,173
tricolore-1-5th-edition,retard,,,phrase,,time-dates,173
tricolore-1-5th-edition,retourner,,,verb,,none,173
tricolore-1-5th-edition,retrouver,,,verb,,none,173
tricolore-1-5th-edition,revoir,,,phrase,,none,173
tricolore-1-5th-edition,reçu,un,,noun,,shopping,173
tricolore-1-5th-edition,reçu,,,verb,,none,173
tricolore-1-5th-edition,riche,,,adjective,,none,173
tricolore-1-5th-edition,rien,,,other,,none,173
tricolore-1-5th-edition,rien de spécial,,,phrase,,none,173
tricolore-1-5th-edition,rigolo,,,adjective,,none,173
tricolore-1-5th-edition,rire,,,verb,,none,173
tricolore-1-5th-edition,rit,,,verb,,none,173
tricolore-1-5th-edition,riz,le,,noun,,food,173
tricolore-1-5th-edition,robe,une,,noun,,shopping,173
tricolore-1-5th-edition,rocher,un,,noun,,none,173
tricolore-1-5th-edition,roi,un,,noun,,none,173
tricolore-1-5th-edition,roller,le,,noun,,hobby,173
tricolore-1-5th-edition,rond(e),,,adjective,,none,173
tricolore-1-5th-edition,rose,,,adjective,,none,173
tricolore-1-5th-edition,rouge,,,adjective,,none,173
tricolore-1-5th-edition,route,une,,noun,,travel,173
tricolore-1-5th-edition,roux,,,adjective,,none,173
tricolore-1-5th-edition,rue,une,,noun,,city-places,173
tricolore-1-5th-edition,rugby,le,,noun,,hobby,173
tricolore-1-5th-edition,râpé(e)(s),,,adjective,,food,173
tricolore-1-5th-edition,règle,une,,noun,,school,173
tricolore-1-5th-edition,récolte,une,,noun,,none,173
tricolore-1-5th-edition,récréation,la,,noun,,school,173
tricolore-1-5th-edition,répondre,,,verb,,school,173
tricolore-1-5th-edition,réponse,une,,noun,,school,173
tricolore-1-5th-edition,répéter,,,verb,,school,173
tricolore-1-5th-edition,résultats (m pl),les,m pl,noun,,school,173
tricolore-1-5th-edition,résumé,un,,noun,,school,173
tricolore-1-5th-edition,rôti,,,adjective,,food,173
tricolore-1-5th-edition,s'accrocher,,,verb,,none,173
tricolore-1-5th-edition,s'il te plaît/s'il vous plaît,,,phrase,,communication,173
tricolore-1-5th-edition,sa,,,adjective,,none,173
tricolore-1-5th-edition,sac,un,,noun,,shopping,173
tricolore-1-5th-edition,sage,,,adjective,,none,173
tricolore-1-5th-edition,sainement,,,adverb,,health,173
tricolore-1-5th-edition,Saint-Sylvestre,la,,noun,,time-dates,173
tricolore-1-5th-edition,sais pas,,,verb,,none,173
tricolore-1-5th-edition,saison,une,,noun,,time-dates,173
tricolore-1-5th-edition,salade (verte),une,,noun,,food,173
tricolore-1-5th-edition,salle de bains,une,,noun,,home,173
tricolore-1-5th-edition,salle de classe,une,,noun,,school,173
tricolore-1-5th-edition,salle de séjour,une,,noun,,home,173
tricolore-1-5th-edition,salle à manger,une,,noun,,home,173
tricolore-1-5th-edition,salon,un,,noun,,home,173
tricolore-1-5th-edition,salut!,,,other,,communication,173
tricolore-1-5th-edition,salutation,une,,noun,,communication,173
tricolore-1-5th-edition,samedi,(le),,noun,,time-dates,173
tricolore-1-5th-edition,sandales (f pl),les,f pl,noun,,shopping,173
tricolore-1-5th-edition,sandwich,un,,noun,,food,173
tricolore-1-5th-edition,sans,,,preposition,,none,173
tricolore-1-5th-edition,santé,la,,noun,,health,173
tricolore-1-5th-edition,sardine,une,,noun,,food,173
tricolore-1-5th-edition,saucisson,un,,noun,,food,173
tricolore-1-5th-edition,sauf,,,preposition,,none,173
tricolore-1-5th-edition,sauter,,,verb,,hobby,173
tricolore-1-5th-edition,savoir,,,verb,,none,173
tricolore-1-5th-edition,saxophone,un,,noun,,hobby,173
tricolore-1-5th-edition,sciences (f pl),les,f pl,noun,,school,173
tricolore-1-5th-edition,scolaire,,,adjective,,school,173
tricolore-1-5th-edition,se connecter,,,verb,,communication,173
tricolore-1-5th-edition,seize,,,other,,none,173
tricolore-1-5th-edition,sel,le,,noun,,food,173
tricolore-1-5th-edition,semaine,une,,noun,,time-dates,173
tricolore-1-5th-edition,sept,,,other,,none,173
tricolore-1-5th-edition,septembre,,,noun,,time-dates,173
tricolore-1-5th-edition,serpent,un,,noun,,none,173
tricolore-1-5th-edition,sers-toi!,,,verb,,food,173
tricolore-1-5th-edition,ses,,,adjective,,none,173
tricolore-1-5th-edition,seul,,,adjective,,none,173
tricolore-1-5th-edition,seulement,,,adverb,,none,173
tricolore-1-5th-edition,short,un,,noun,,shopping,173
tricolore-1-5th-edition,si,,,other,,none,173
tricolore-1-5th-edition,simple,,,adjective,,none,173
tricolore-1-5th-edition,sinon,,,other,,none,173
tricolore-1-5th-edition,situé,,,adjective,,none,173
tricolore-1-5th-edition,six,,,other,,none,173
tricolore-1-5th-edition,siècle,un,,noun,,time-dates,173
tricolore-1-5th-edition,skate,un,,noun,,hobby,173
tricolore-1-5th-edition,SVT (Sciences de la Vie et de la Terre),,,noun,,school,173
tricolore-1-5th-edition,séparer,,,verb,,none,173
tricolore-1-5th-edition,sévère,,,adjective,,none,173
tricolore-1-5th-edition,tout seul,,,phrase,,none,173
tricolore-1-5th-edition,un poisson rouge,,,noun,,none,173
tricolore-1-5th-edition,un sac à dos,,,noun,,travel,173
tricolore-1-5th-edition,une pomme d'amour,,,noun,,food,173
tricolore-1-5th-edition,avoir le temps,,,phrase,,time-dates,174
tricolore-1-5th-edition,c'est tout,,,phrase,,none,174
tricolore-1-5th-edition,du vin rouge/blanc,,,phrase,,food,174
tricolore-1-5th-edition,en tout,,,phrase,,none,174
tricolore-1-5th-edition,en ville,,,phrase,,city-places,174
tricolore-1-5th-edition,faire du théâtre,,,phrase,,hobby,174
tricolore-1-5th-edition,faire les valises,,,phrase,,travel,174
tricolore-1-5th-edition,il y a du soleil,,,phrase,,weather,174
tricolore-1-5th-edition,il y a du vent,,,phrase,,weather,174
tricolore-1-5th-edition,je veux bien,,,phrase,,none,174
tricolore-1-5th-edition,le tennis de table,,,noun,,hobby,174
tricolore-1-5th-edition,les grandes vacances (f pl),,f pl,noun,,vacation,174
tricolore-1-5th-edition,pas trop,,,phrase,,none,174
tricolore-1-5th-edition,quel temps fait-il?,,,phrase,,weather,174
tricolore-1-5th-edition,ski (nautique),le,,noun,,hobby,174
tricolore-1-5th-edition,snack,un,,noun,,food,174
tricolore-1-5th-edition,sofa,un,,noun,,home,174
tricolore-1-5th-edition,soir,le,,noun,,time-dates,174
tricolore-1-5th-edition,soixante,,,other,,none,174
tricolore-1-5th-edition,soixante-dix,,,other,,none,174
tricolore-1-5th-edition,soleil,le,,noun,,weather,174
tricolore-1-5th-edition,sommaire,un,,noun,,school,174
tricolore-1-5th-edition,sommes,,,verb,,none,174
tricolore-1-5th-edition,son,un,,noun,,none,174
tricolore-1-5th-edition,son,,,adjective,,none,174
tricolore-1-5th-edition,sondage,un,,noun,,school,174
tricolore-1-5th-edition,sonner,,,verb,,communication,174
tricolore-1-5th-edition,sont,,,verb,,none,174
tricolore-1-5th-edition,sort,,,verb,,none,174
tricolore-1-5th-edition,sortir,,,verb,,none,174
tricolore-1-5th-edition,soudain,,,adverb,,none,174
tricolore-1-5th-edition,souligner,,,verb,,school,174
tricolore-1-5th-edition,souligné,,,adjective,,school,174
tricolore-1-5th-edition,souper,le,,noun,,food,174
tricolore-1-5th-edition,souris,une,,noun,,communication,174
tricolore-1-5th-edition,sous,,,preposition,,none,174
tricolore-1-5th-edition,souvent,,,adverb,,none,174
tricolore-1-5th-edition,spectacle,un,,noun,,hobby,174
tricolore-1-5th-edition,sport,le,,noun,,hobby,174
tricolore-1-5th-edition,sportif (f sportive),,,adjective,,hobby,174
tricolore-1-5th-edition,sports d'hiver (m pl),les,m pl,noun,,hobby,174
tricolore-1-5th-edition,stade,un,,noun,,city-places,174
tricolore-1-5th-edition,stage,un,,noun,,school,174
tricolore-1-5th-edition,station (de radio),une,,noun,,communication,174
tricolore-1-5th-edition,station d'accueil MP3,une,,noun,,communication,174
tricolore-1-5th-edition,strophe,une,,noun,,school,174
tricolore-1-5th-edition,stylo,un,,noun,,school,174
tricolore-1-5th-edition,sucre,le,,noun,,food,174
tricolore-1-5th-edition,sucreries (f pl),des,f pl,noun,,food,174
tricolore-1-5th-edition,sud,le,,noun,,travel,174
tricolore-1-5th-edition,suis,,,verb,,none,174
tricolore-1-5th-edition,Suisse,la,,noun,,travel,174
tricolore-1-5th-edition,suit,,,verb,,none,174
tricolore-1-5th-edition,suivant,,,adjective,,none,174
tricolore-1-5th-edition,super,,,adjective,,none,174
tricolore-1-5th-edition,supermarché,un,,noun,,shopping,174
tricolore-1-5th-edition,sur,,,preposition,,none,174
tricolore-1-5th-edition,surfer (sur le Net),,,verb,,communication,174
tricolore-1-5th-edition,surligneur,un,,noun,,school,174
tricolore-1-5th-edition,surnom,un,,noun,,personal-info,174
tricolore-1-5th-edition,surprise-partie,une,,noun,,hobby,174
tricolore-1-5th-edition,surtout,,,adverb,,none,174
tricolore-1-5th-edition,sweat,un,,noun,,shopping,174
tricolore-1-5th-edition,sympa,,,adjective,,none,174
tricolore-1-5th-edition,sympathique,,,adjective,,none,174
tricolore-1-5th-edition,synagogue,une,,noun,,city-places,174
tricolore-1-5th-edition,Syndicat d'Initiative,un,,noun,,travel,174
tricolore-1-5th-edition,sœur,une,,noun,,family,174
tricolore-1-5th-edition,ta,,,adjective,,none,174
tricolore-1-5th-edition,table,une,,noun,,home,174
tricolore-1-5th-edition,tableau,un,,noun,,school,174
tricolore-1-5th-edition,tableau interactif,un,,noun,,school,174
tricolore-1-5th-edition,tablette,une,,noun,,communication,174
tricolore-1-5th-edition,taille-crayon,un,,noun,,school,174
tricolore-1-5th-edition,tais-toi!/taisez-vous!,,,verb,,communication,174
tricolore-1-5th-edition,tante,une,,noun,,family,174
tricolore-1-5th-edition,tapis d'ordinateur,un,,noun,,communication,174
tricolore-1-5th-edition,tarentule,une,,noun,,none,174
tricolore-1-5th-edition,tarte,une,,noun,,food,174
tricolore-1-5th-edition,tarte aux pommes,une,,noun,,food,174
tricolore-1-5th-edition,tartine,une,,noun,,food,174
tricolore-1-5th-edition,taxi,un,,noun,,travel,174
tricolore-1-5th-edition,technologie,la,,noun,,school,174
tricolore-1-5th-edition,tee-shirt,un,,noun,,shopping,174
tricolore-1-5th-edition,temple,un,,noun,,city-places,174
tricolore-1-5th-edition,temps,le,,noun,,weather,174
tricolore-1-5th-edition,tennis,le,,noun,,hobby,174
tricolore-1-5th-edition,tennis (f pl),les,f pl,noun,,shopping,174
tricolore-1-5th-edition,tente,une,,noun,,vacation,174
tricolore-1-5th-edition,terminer,,,verb,,school,174
tricolore-1-5th-edition,terrain de football,un,,noun,,hobby,174
tricolore-1-5th-edition,tes,,,adjective,,none,174
tricolore-1-5th-edition,texto,un,,noun,,communication,174
tricolore-1-5th-edition,thé,le,,noun,,food,174
tricolore-1-5th-edition,théâtre,un,,noun,,hobby,174
tricolore-1-5th-edition,tiens!,,,other,,communication,174
tricolore-1-5th-edition,tigré,,,adjective,,none,174
tricolore-1-5th-edition,timbre,un,,noun,,communication,174
tricolore-1-5th-edition,titre,un,,noun,,school,174
tricolore-1-5th-edition,toast,le,,noun,,food,174
tricolore-1-5th-edition,toboggan,un,,noun,,vacation,174
tricolore-1-5th-edition,toi,,,other,,none,174
tricolore-1-5th-edition,toilettes (f pl),les,f pl,noun,,home,174
tricolore-1-5th-edition,toit,un,,noun,,home,174
tricolore-1-5th-edition,tomate,une,,noun,,food,174
tricolore-1-5th-edition,tombe,,,verb,,none,174
tricolore-1-5th-edition,tombola,une,,noun,,hobby,174
tricolore-1-5th-edition,ton,,,adjective,,none,174
tricolore-1-5th-edition,toujours,,,adverb,,none,174
tricolore-1-5th-edition,tour,une,,noun,,city-places,174
tricolore-1-5th-edition,tour,un,,noun,,hobby,174
tricolore-1-5th-edition,tournez,,,verb,,travel,174
tricolore-1-5th-edition,tous,,,other,,none,174
tricolore-1-5th-edition,tous les jours,,,phrase,,time-dates,174
tricolore-1-5th-edition,Toussaint,la,,noun,,time-dates,174
tricolore-1-5th-edition,tout,,,other,,none,174
tricolore-1-5th-edition,tout de suite,,,phrase,,none,174
tricolore-1-5th-edition,tout droit,,,phrase,,travel,174
tricolore-1-5th-edition,tout le monde,,,other,,none,174
tricolore-1-5th-edition,tout le temps,,,phrase,,none,174
tricolore-1-5th-edition,tout près,,,phrase,,none,174
tricolore-1-5th-edition,traduit,,,adjective,,school,174
tricolore-1-5th-edition,train,un,,noun,,travel,174
tricolore-1-5th-edition,travail!,,,phrase,,profession,174
tricolore-1-5th-edition,travailler,,,verb,,profession,174
tricolore-1-5th-edition,traverser,,,verb,,travel,174
tricolore-1-5th-edition,treize,,,other,,none,174
tricolore-1-5th-edition,trente,,,other,,none,174
tricolore-1-5th-edition,tricot,un,,noun,,hobby,174
tricolore-1-5th-edition,trois,,,other,,none,174
tricolore-1-5th-edition,troisième,,,other,,none,174
tricolore-1-5th-edition,trombone,une,,noun,,school,174
tricolore-1-5th-edition,trompette,une,,noun,,hobby,174
tricolore-1-5th-edition,trop ...,,,adverb,,none,174
tricolore-1-5th-edition,trousse,une,,noun,,school,174
tricolore-1-5th-edition,trouver,,,verb,,none,174
tricolore-1-5th-edition,très,,,adverb,,none,174
tricolore-1-5th-edition,tu,,,other,,none,174
tricolore-1-5th-edition,typique,,,adjective,,none,174
tricolore-1-5th-edition,télé,,,phrase,,communication,174
tricolore-1-5th-edition,téléphoner,,,verb,,communication,174
tricolore-1-5th-edition,télévision (la télé),la,,noun,,communication,174
tricolore-1-5th-edition,tête,la,,noun,,health,174
tricolore-1-5th-edition,un (f une),,,other,,none,174
tricolore-1-5th-edition,un thé au citron,,,noun,,food,174
tricolore-1-5th-edition,uniforme,un,,noun,,school,174
tricolore-1-5th-edition,unique,,,adjective,,none,174
tricolore-1-5th-edition,univers (m),l',,noun,,none,174
tricolore-1-5th-edition,use,,,verb,,none,174
tricolore-1-5th-edition,utile,,,adjective,,none,174
tricolore-1-5th-edition,va,,,verb,,none,174
tricolore-1-5th-edition,vacances,,,phrase,,vacation,174
tricolore-1-5th-edition,vais,,,verb,,none,174
tricolore-1-5th-edition,valise,une,,noun,,travel,174
tricolore-1-5th-edition,vanille,,,phrase,,food,174
tricolore-1-5th-edition,vend,,,verb,,shopping,174
tricolore-1-5th-edition,vendeur (une vendeuse),un,,noun,,profession,174
tricolore-1-5th-edition,vendre,,,verb,,shopping,174
tricolore-1-5th-edition,vendredi,(le),,noun,,time-dates,174
tricolore-1-5th-edition,venez voir,,,phrase,,none,174
tricolore-1-5th-edition,venir,,,verb,,none,174
tricolore-1-5th-edition,vent,le,,noun,,weather,174
tricolore-1-5th-edition,verre,un,,noun,,food,174
tricolore-1-5th-edition,vert,,,adjective,,none,174
tricolore-1-5th-edition,verticalement,,,adverb,,school,174
tricolore-1-5th-edition,veste,une,,noun,,shopping,174
tricolore-1-5th-edition,veut ... ?,,,verb,,none,174
tricolore-1-5th-edition,veux,,,verb,,none,174
tricolore-1-5th-edition,veux ... ?,,,verb,,none,174
tricolore-1-5th-edition,viande,la,,noun,,food,174
tricolore-1-5th-edition,vidéo,une,,noun,,hobby,174
tricolore-1-5th-edition,viens,,,verb,,none,174
tricolore-1-5th-edition,vieux (f vieille),,,adjective,,none,174
tricolore-1-5th-edition,village,un,,noun,,city-places,174
tricolore-1-5th-edition,ville,une,,noun,,city-places,174
tricolore-1-5th-edition,vin,le,,noun,,food,174
tricolore-1-5th-edition,vinaigre,le,,noun,,food,174
tricolore-1-5th-edition,vingt,,,other,,none,174
tricolore-1-5th-edition,violon,un,,noun,,hobby,174
tricolore-1-5th-edition,violoncelle,un,,noun,,hobby,174
tricolore-1-5th-edition,visite guidée,une,,noun,,travel,174
tricolore-1-5th-edition,visiter,,,verb,,travel,174
tricolore-1-5th-edition,vite,,,adverb,,none,174
tricolore-1-5th-edition,vitesse,la,,noun,,travel,174
tricolore-1-5th-edition,vive les vacances!,,,phrase,,vacation,174
tricolore-1-5th-edition,voici,,,other,,none,174
tricolore-1-5th-edition,voile,la,,noun,,hobby,174
tricolore-1-5th-edition,voilà,,,other,,none,174
tricolore-1-5th-edition,voir,,,verb,,none,174
tricolore-1-5th-edition,voiture,une,,noun,,travel,174
tricolore-1-5th-edition,voix,une,,noun,,none,174
tricolore-1-5th-edition,voler,,,verb,,none,174
tricolore-1-5th-edition,volley,le,,noun,,hobby,174
tricolore-1-5th-edition,vont,,,verb,,none,174
tricolore-1-5th-edition,vote,une,,noun,,none,174
tricolore-1-5th-edition,votre (pl vos),,pl vos,adjective,,none,174
tricolore-1-5th-edition,voudrais,,,verb,,none,174
tricolore-1-5th-edition,vous,,,other,,none,174
tricolore-1-5th-edition,voyage,un,,noun,,travel,174
tricolore-1-5th-edition,voyager,,,verb,,travel,174
tricolore-1-5th-edition,voyelle,une,,noun,,school,174
tricolore-1-5th-edition,voyons,,,verb,,none,174
tricolore-1-5th-edition,vrai,,,adjective,,none,174
tricolore-1-5th-edition,vraiment,,,adverb,,none,174
tricolore-1-5th-edition,vue,une,,noun,,none,174
tricolore-1-5th-edition,végétarien(ne),,,adjective,,food,174
tricolore-1-5th-edition,vélo,un,,noun,,hobby,174
tricolore-1-5th-edition,vélo tout terrain (VTT),le,,noun,,hobby,174
tricolore-1-5th-edition,vérifier,,,verb,,none,174
tricolore-1-5th-edition,vêtements (m pl),les,m pl,noun,,shopping,174
tricolore-1-5th-edition,weekend,le,,noun,,time-dates,174
tricolore-1-5th-edition,y,,,other,,none,174
tricolore-1-5th-edition,yaourt,un,,noun,,food,174
tricolore-1-5th-edition,yeux (m pl),les,m pl,noun,,health,174
tricolore-1-5th-edition,zoo,un,,noun,,vacation,174
tricolore-1-5th-edition,zéro,,,other,,none,174
tricolore-1-5th-edition,à tout à l'heure,,,phrase,,communication,174
tricolore-1-5th-edition,ça va?,,,phrase,,communication,174
tricolore-1-5th-edition,(auto)bus,un,,noun,,travel,175
tricolore-1-5th-edition,(les cheveux) frisé(s),,,adjective,,personal-info,175
tricolore-1-5th-edition,(les cheveux) roux,,,adjective,,personal-info,175
tricolore-1-5th-edition,abricot,un,,noun,,food,175
tricolore-1-5th-edition,adorer,,,verb,,none,175
tricolore-1-5th-edition,affreux/affreuse,,,adjective,,none,175
tricolore-1-5th-edition,Allemagne (f),l',,noun,,travel,175
tricolore-1-5th-edition,allemand,,,adjective,,school,175
tricolore-1-5th-edition,aller,,,verb,,none,175
tricolore-1-5th-edition,aller à la pêche,,,phrase,,hobby,175
tricolore-1-5th-edition,ami(e),un(e),,noun,,none,175
tricolore-1-5th-edition,Amitiés,,,phrase,,communication,175
tricolore-1-5th-edition,amusant,,,adjective,,none,175
tricolore-1-5th-edition,anglais,,,adjective,,school,175
tricolore-1-5th-edition,Angleterre (f),l',,noun,,travel,175
tricolore-1-5th-edition,animal,un,des animaux,noun,,none,175
tricolore-1-5th-edition,anniversaire,un,,noun,,family,175
tricolore-1-5th-edition,août,,,noun,,time-dates,175
tricolore-1-5th-edition,appareil (photo),un,,noun,,hobby,175
tricolore-1-5th-edition,appartement,un,,noun,,home,175
tricolore-1-5th-edition,appelle,je m',,verb,,personal-info,175
tricolore-1-5th-edition,après,,,preposition,,time-dates,175
tricolore-1-5th-edition,après-midi (m),l',,noun,,time-dates,175
tricolore-1-5th-edition,aquarium,un,,noun,,city-places,175
tricolore-1-5th-edition,arriver,,,verb,,travel,175
tricolore-1-5th-edition,assez,,,adverb,,none,175
tricolore-1-5th-edition,athlétisme (m),l',,noun,,hobby,175
tricolore-1-5th-edition,attention!,,,phrase,,none,175
tricolore-1-5th-edition,au revoir,,,phrase,,communication,175
tricolore-1-5th-edition,aussi,,,adverb,,none,175
tricolore-1-5th-edition,automne (m),l',,noun,,weather,175
tricolore-1-5th-edition,avant (de),,,preposition,,time-dates,175
tricolore-1-5th-edition,avril,,,noun,,time-dates,175
tricolore-1-5th-edition,badminton,le,,noun,,hobby,175
tricolore-1-5th-edition,balle,une,,noun,,hobby,175
tricolore-1-5th-edition,ballon,un,,noun,,hobby,175
tricolore-1-5th-edition,banane,une,,noun,,food,175
tricolore-1-5th-edition,bande dessinée,une,,noun,,hobby,175
tricolore-1-5th-edition,bande dessinée (BD),une,,noun,,hobby,175
tricolore-1-5th-edition,basket,le,,noun,,hobby,175
tricolore-1-5th-edition,bateau,un,,noun,,travel,175
tricolore-1-5th-edition,batterie,la,,noun,,hobby,175
tricolore-1-5th-edition,"beau (belle, beaux, belles)",,,adjective,,none,175
tricolore-1-5th-edition,Belgique,la,,noun,,travel,175
tricolore-1-5th-edition,beurre,le,,noun,,food,175
tricolore-1-5th-edition,bic,un,,noun,,school,175
tricolore-1-5th-edition,bleu,,,adjective,,none,175
tricolore-1-5th-edition,boire,,,verb,,food,175
tricolore-1-5th-edition,boisson,une,,noun,,food,175
tricolore-1-5th-edition,bon anniversaire!,,,phrase,,family,175
tricolore-1-5th-edition,bon/bonne,,,adjective,,none,175
tricolore-1-5th-edition,bouteille,une,,noun,,none,175
tricolore-1-5th-edition,bowling,un,,noun,,hobby,175
tricolore-1-5th-edition,boîte,une,,noun,,none,175
tricolore-1-5th-edition,britannique,,,adjective,,none,175
tricolore-1-5th-edition,brochure,une,,noun,,travel,175
tricolore-1-5th-edition,brocolis (m pl),les,,noun,,food,175
tricolore-1-5th-edition,bâtiment,un,,noun,,city-places,175
tricolore-1-5th-edition,café,un,,noun,,restaurant,175
tricolore-1-5th-edition,café,le,,noun,,food,175
tricolore-1-5th-edition,cahier,un,,noun,,school,175
tricolore-1-5th-edition,calculatrice,une,,noun,,school,175
tricolore-1-5th-edition,camping,un,,noun,,vacation,175
tricolore-1-5th-edition,cantine,la,,noun,,school,175
tricolore-1-5th-edition,carotte,une,,noun,,food,175
tricolore-1-5th-edition,carte,une,,noun,,hobby,175
tricolore-1-5th-edition,carte cadeau,une,,noun,,shopping,175
tricolore-1-5th-edition,casquette,une,,noun,,shopping,175
tricolore-1-5th-edition,cathédrale,une,,noun,,vacation,175
tricolore-1-5th-edition,centre,le,,noun,,city-places,175
tricolore-1-5th-edition,chaise,une,,noun,,home,175
tricolore-1-5th-edition,chambre,une,,noun,,home,175
tricolore-1-5th-edition,"chat, chatte","un, une",,noun,,none,175
tricolore-1-5th-edition,chemisier,un,,noun,,shopping,175
tricolore-1-5th-edition,cher/chère,,,adjective,,communication,175
tricolore-1-5th-edition,chien,un,,noun,,none,175
tricolore-1-5th-edition,chocolat,le,,noun,,food,175
tricolore-1-5th-edition,chou,le,,noun,,food,175
tricolore-1-5th-edition,chou-fleur,le,,noun,,food,175
tricolore-1-5th-edition,châtain,,,adjective,,none,175
tricolore-1-5th-edition,château,un,,noun,,vacation,175
tricolore-1-5th-edition,cinéma,un,,noun,,city-places,175
tricolore-1-5th-edition,clarinette,une,,noun,,hobby,175
tricolore-1-5th-edition,classe,la,,noun,,school,175
tricolore-1-5th-edition,classeur,un,,noun,,school,175
tricolore-1-5th-edition,cliquer,,,verb,,communication,175
tricolore-1-5th-edition,Coca,un,,noun,,food,175
tricolore-1-5th-edition,cochon d'Inde,un,,noun,,none,175
tricolore-1-5th-edition,coin,le,,noun,,city-places,175
tricolore-1-5th-edition,comme,,,other,,none,175
tricolore-1-5th-edition,commencer,,,verb,,none,175
tricolore-1-5th-edition,compter,,,verb,,school,175
tricolore-1-5th-edition,concert,un,,noun,,hobby,175
tricolore-1-5th-edition,console de jeux,une,,noun,,hobby,175
tricolore-1-5th-edition,copain/copine,un/une,,noun,,none,175
tricolore-1-5th-edition,couleur,une,,noun,,none,175
tricolore-1-5th-edition,cousin(e),un(e),,noun,,family,175
tricolore-1-5th-edition,cricket,le,,noun,,hobby,175
tricolore-1-5th-edition,curseur,le,,noun,,communication,175
tricolore-1-5th-edition,cyclisme,le,,noun,,hobby,175
tricolore-1-5th-edition,céréales (f pl),des,,noun,,food,175
tricolore-1-5th-edition,d'abord,,,adverb,,none,175
tricolore-1-5th-edition,d'accord,,,phrase,,communication,175
tricolore-1-5th-edition,danser,,,verb,,hobby,175
tricolore-1-5th-edition,date,la,,noun,,time-dates,175
tricolore-1-5th-edition,demander,,,verb,,none,175
tricolore-1-5th-edition,demi,,,adjective,,time-dates,175
tricolore-1-5th-edition,demi-frère,un,,noun,,family,175
tricolore-1-5th-edition,derrière,,,preposition,,none,175
tricolore-1-5th-edition,dessin,le,,noun,,school,175
tricolore-1-5th-edition,dessin animé,un,,noun,,hobby,175
tricolore-1-5th-edition,dessiner,,,verb,,hobby,175
tricolore-1-5th-edition,devant,,,preposition,,none,175
tricolore-1-5th-edition,deviner,,,verb,,school,175
tricolore-1-5th-edition,dictionnaire,un,,noun,,school,175
tricolore-1-5th-edition,difficile,,,adjective,,none,175
tricolore-1-5th-edition,discothèque,une,,noun,,hobby,175
tricolore-1-5th-edition,discuter,,,verb,,communication,175
tricolore-1-5th-edition,décembre,,,noun,,time-dates,175
tricolore-1-5th-edition,déjà,,,adverb,,none,175
tricolore-1-5th-edition,délicieux,,,adjective,,food,175
tricolore-1-5th-edition,dîner,le,,noun,,food,175
tricolore-1-5th-edition,e-mail,un,,noun,,communication,175
tricolore-1-5th-edition,effacer,,,verb,,communication,175
tricolore-1-5th-edition,en automne,,,phrase,,weather,175
tricolore-1-5th-edition,encore,,,adverb,,none,175
tricolore-1-5th-edition,enfant,un(e),,noun,,family,175
tricolore-1-5th-edition,ennuyeux/ennuyeuse,,,adjective,,none,175
tricolore-1-5th-edition,entre,,,preposition,,none,175
tricolore-1-5th-edition,est,l',,noun,,none,175
tricolore-1-5th-edition,et,,,other,,none,175
tricolore-1-5th-edition,exercice,un,,noun,,school,175
tricolore-1-5th-edition,facile,,,adjective,,none,175
tricolore-1-5th-edition,faire,,,verb,,none,175
tricolore-1-5th-edition,faire du théâtre,,,phrase,,hobby,175
tricolore-1-5th-edition,faire du vélo,,,phrase,,hobby,175
tricolore-1-5th-edition,faire la cuisine,,,phrase,,food,175
tricolore-1-5th-edition,famille,la,,noun,,family,175
tricolore-1-5th-edition,faux,,,adjective,,none,175
tricolore-1-5th-edition,favori/favorite,,,adjective,,none,175
tricolore-1-5th-edition,ferme,une,,noun,,none,175
tricolore-1-5th-edition,fermer,,,verb,,none,175
tricolore-1-5th-edition,feutre,un,,noun,,school,175
tricolore-1-5th-edition,fichier,un,,noun,,communication,175
tricolore-1-5th-edition,fille,une,,noun,,family,175
tricolore-1-5th-edition,film,un,,noun,,hobby,175
tricolore-1-5th-edition,finalement,,,adverb,,none,175
tricolore-1-5th-edition,flûte,une,,noun,,hobby,175
tricolore-1-5th-edition,foot,le,,noun,,hobby,175
tricolore-1-5th-edition,football,le,,noun,,hobby,175
tricolore-1-5th-edition,France,la,,noun,,travel,175
tricolore-1-5th-edition,français,,,adjective,,school,175
tricolore-1-5th-edition,frites,les,,noun,,food,175
tricolore-1-5th-edition,froid,,,adjective,,weather,175
tricolore-1-5th-edition,fromage,le,,noun,,food,175
tricolore-1-5th-edition,fruit,un,,noun,,food,175
tricolore-1-5th-edition,frère,un,,noun,,family,175
tricolore-1-5th-edition,fête,une,,noun,,vacation,175
tricolore-1-5th-edition,garage,un,,noun,,home,175
tricolore-1-5th-edition,garçon,un,,noun,,none,175
tricolore-1-5th-edition,golf,le,,noun,,hobby,175
tricolore-1-5th-edition,grand,,,adjective,,none,175
tricolore-1-5th-edition,grand-mère,la,,noun,,family,175
tricolore-1-5th-edition,grand-père,le,,noun,,family,175
tricolore-1-5th-edition,grands-parents,les,,noun,,family,175
tricolore-1-5th-edition,gris,,,adjective,,none,175
tricolore-1-5th-edition,gros/grosse,,,adjective,,none,175
tricolore-1-5th-edition,guitare,une,,noun,,hobby,175
tricolore-1-5th-edition,gymnastique,la,,noun,,hobby,175
tricolore-1-5th-edition,gâteau,un,,noun,,food,175
tricolore-1-5th-edition,génial!,,,phrase,,none,175
tricolore-1-5th-edition,géographie,la,,noun,,school,175
tricolore-1-5th-edition,il fait beau,,,phrase,,weather,175
tricolore-1-5th-edition,il fait froid,,,phrase,,weather,175
tricolore-1-5th-edition,il fait mauvais,,,phrase,,weather,175
tricolore-1-5th-edition,il y a,,,phrase,,none,175
tricolore-1-5th-edition,il y a du brouillard,,,phrase,,weather,175
tricolore-1-5th-edition,jardin,un,,noun,,home,175
tricolore-1-5th-edition,je suis fils/fille unique,,,phrase,,family,175
tricolore-1-5th-edition,jeu,un,,noun,,hobby,175
tricolore-1-5th-edition,jeu vidéo,un,des jeux vidéo,noun,,hobby,175
tricolore-1-5th-edition,jouer aux cartes,,,phrase,,hobby,175
tricolore-1-5th-edition,jouer aux échecs,,,phrase,,hobby,175
tricolore-1-5th-edition,jour,un,,noun,,time-dates,175
tricolore-1-5th-edition,jus de fruit,un,,noun,,food,175
tricolore-1-5th-edition,liseuse,une,,noun,,communication,175
tricolore-1-5th-edition,lit,un,,noun,,home,175
tricolore-1-5th-edition,livre,un,,noun,,school,175
tricolore-1-5th-edition,loin,,,adverb,,none,175
tricolore-1-5th-edition,lève,je me,,verb,,daily-routine,175
tricolore-1-5th-edition,mais,,,other,,none,175
tricolore-1-5th-edition,manger,,,verb,,food,175
tricolore-1-5th-edition,mauvais,,,adjective,,none,175
tricolore-1-5th-edition,message,un,,noun,,communication,175
tricolore-1-5th-edition,navigateur,un,,noun,,communication,175
tricolore-1-5th-edition,noir,,,adjective,,none,175
tricolore-1-5th-edition,Noël,,,noun,,vacation,175
tricolore-1-5th-edition,oiseau,un,,noun,,none,175
tricolore-1-5th-edition,ordinateur,un,,noun,,communication,175
tricolore-1-5th-edition,pain,le,,noun,,food,175
tricolore-1-5th-edition,par,,,preposition,,none,175
tricolore-1-5th-edition,par exemple,,,phrase,,none,175
tricolore-1-5th-edition,parce que,,,other,,none,175
tricolore-1-5th-edition,parking,un,,noun,,city-places,175
tricolore-1-5th-edition,pause,la,,noun,,school,175
tricolore-1-5th-edition,pays,un,,noun,,travel,175
tricolore-1-5th-edition,pendant,,,preposition,,time-dates,175
tricolore-1-5th-edition,perruche,une,,noun,,none,175
tricolore-1-5th-edition,petit déjeuner,le,,noun,,daily-routine,175
tricolore-1-5th-edition,plage,une,,noun,,vacation,175
tricolore-1-5th-edition,plats d'un repas,les,,noun,,restaurant,175
tricolore-1-5th-edition,poisson,le,,noun,,food,175
tricolore-1-5th-edition,poisson rouge,un,,noun,,none,175
tricolore-1-5th-edition,pomme,une,,noun,,food,175
tricolore-1-5th-edition,pont,un,,noun,,city-places,175
tricolore-1-5th-edition,porte,une,,noun,,home,175
tricolore-1-5th-edition,porter,,,verb,,none,175
tricolore-1-5th-edition,poser une question,,,phrase,,communication,175
tricolore-1-5th-edition,poubelle,une,,noun,,home,175
tricolore-1-5th-edition,poulet,le,,noun,,food,175
tricolore-1-5th-edition,pour,,,preposition,,none,175
tricolore-1-5th-edition,premier/première,le/la,,adjective,,none,175
tricolore-1-5th-edition,préféré,,,adjective,,none,175
tricolore-1-5th-edition,Pâques,,,noun,,vacation,175
tricolore-1-5th-edition,père,le,,noun,,family,175
tricolore-1-5th-edition,Père Noël,le,,noun,,vacation,175
tricolore-1-5th-edition,raisin,un,,noun,,food,175
tricolore-1-5th-edition,rigolo,,,adjective,,none,175
tricolore-1-5th-edition,robe,une,,noun,,shopping,175
tricolore-1-5th-edition,récréation,la,,noun,,school,175
tricolore-1-5th-edition,répondre,,,verb,,none,175
tricolore-1-5th-edition,réponse,une,,noun,,none,175
tricolore-1-5th-edition,sac,un,,noun,,shopping,175
tricolore-1-5th-edition,sac à dos,un,,noun,,school,175
tricolore-1-5th-edition,salle de bains,la,,noun,,home,175
tricolore-1-5th-edition,salle de classe,la,,noun,,school,175
tricolore-1-5th-edition,salle à manger,la,,noun,,home,175
tricolore-1-5th-edition,"se coucher, aller au lit",,,phrase,,daily-routine,175
tricolore-1-5th-edition,soir,le,,noun,,time-dates,175
tricolore-1-5th-edition,solution,une,,noun,,none,175
tricolore-1-5th-edition,sont,ils/elles,,verb,,none,175
tricolore-1-5th-edition,suis,je,,verb,,none,175
tricolore-1-5th-edition,super!,,,phrase,,none,175
tricolore-1-5th-edition,surtout,,,adverb,,none,175
tricolore-1-5th-edition,tapis,un,,noun,,home,175
tricolore-1-5th-edition,tartine,une,,noun,,food,175
tricolore-1-5th-edition,terrain de football,un,,noun,,hobby,175
tricolore-1-5th-edition,TME (travail manuel éducatif),le,,noun,,school,175
tricolore-1-5th-edition,toujours,,,adverb,,none,175
tricolore-1-5th-edition,"tout (toute, tous, toutes)",,,adjective,,none,175
tricolore-1-5th-edition,un peu,,,adverb,,none,175
tricolore-1-5th-edition,"un, une",,,other,,none,175
tricolore-1-5th-edition,vendredi,,,noun,,time-dates,175
tricolore-1-5th-edition,vert,,,adjective,,none,175
tricolore-1-5th-edition,violoncelle,un,,noun,,hobby,175
tricolore-1-5th-edition,voiture,une,,noun,,travel,175
tricolore-1-5th-edition,vélo,un,,noun,,hobby,175
tricolore-1-5th-edition,vérifier,,,verb,,none,175
tricolore-1-5th-edition,vêtements (m pl),les,,noun,,shopping,175
tricolore-1-5th-edition,zut!,,,phrase,,none,175
tricolore-1-5th-edition,à côté de,,,preposition,,none,175
tricolore-1-5th-edition,âge (m),l',,noun,,personal-info,175
tricolore-1-5th-edition,éducation civique (f),l',,noun,,school,175
tricolore-1-5th-edition,église,une,,noun,,city-places,175
tricolore-1-5th-edition,étage,un,,noun,,home,175
tricolore-1-5th-edition,être,,,verb,,none,175
tricolore-1-5th-edition,œuf,un,,noun,,food,175
tricolore-1-5th-edition,(comment) ça va?,,,phrase,,communication,176
tricolore-1-5th-edition,(les cheveux) roux,,,adjective,,personal-info,176
tricolore-1-5th-edition,adorer,,,verb,,none,176
tricolore-1-5th-edition,affiche,une,,noun,,home,176
tricolore-1-5th-edition,aimer,,,verb,,none,176
tricolore-1-5th-edition,ananas,un,,noun,,food,176
tricolore-1-5th-edition,animal (domestique),un,,noun,,none,176
tricolore-1-5th-edition,appelle,je m',,verb,,personal-info,176
tricolore-1-5th-edition,appuyer,,,verb,,communication,176
tricolore-1-5th-edition,as-tu des animaux à la maison?,,,phrase,,family,176
tricolore-1-5th-edition,ascenseur (m),l',,noun,,city-places,176
tricolore-1-5th-edition,assez,,,adverb,,none,176
tricolore-1-5th-edition,autre,,,adjective,,none,176
tricolore-1-5th-edition,avoir,,,verb,,none,176
tricolore-1-5th-edition,beaucoup,,,adverb,,none,176
tricolore-1-5th-edition,bibliothèque,une,,noun,,city-places,176
tricolore-1-5th-edition,bonjour,,,phrase,,communication,176
tricolore-1-5th-edition,brochure,une,,noun,,travel,176
tricolore-1-5th-edition,bureau,le,,noun,,profession,176
tricolore-1-5th-edition,c'est,,,phrase,,none,176
tricolore-1-5th-edition,c'est dommage,,,phrase,,none,176
tricolore-1-5th-edition,cadeau,un,,noun,,shopping,176
tricolore-1-5th-edition,carnet,un,,noun,,school,176
tricolore-1-5th-edition,carte,une,,noun,,travel,176
tricolore-1-5th-edition,carte,la,,noun,,restaurant,176
tricolore-1-5th-edition,carte postale,une,,noun,,travel,176
tricolore-1-5th-edition,ce n'est pas,,,phrase,,none,176
tricolore-1-5th-edition,cent,,,other,,none,176
tricolore-1-5th-edition,chaud,,,adjective,,weather,176
tricolore-1-5th-edition,chercher,,,verb,,none,176
tricolore-1-5th-edition,cheval,un,des chevaux,noun,,none,176
tricolore-1-5th-edition,chez moi,,,phrase,,home,176
tricolore-1-5th-edition,citron,un,,noun,,food,176
tricolore-1-5th-edition,classeur,un,,noun,,school,176
tricolore-1-5th-edition,clavier,un,,noun,,communication,176
tricolore-1-5th-edition,"clef, clé",une,,noun,,none,176
tricolore-1-5th-edition,combien (de),,,adverb,,none,176
tricolore-1-5th-edition,comment,,,adverb,,none,176
tricolore-1-5th-edition,comment ça s'écrit?,,,phrase,,communication,176
tricolore-1-5th-edition,confiture,la,,noun,,food,176
tricolore-1-5th-edition,confiture d'oranges,la,,noun,,food,176
tricolore-1-5th-edition,connecter,,,verb,,communication,176
tricolore-1-5th-edition,content,,,adjective,,none,176
tricolore-1-5th-edition,correspondant(e),un(e),,noun,,communication,176
tricolore-1-5th-edition,cours,un,,noun,,school,176
tricolore-1-5th-edition,crayon,un,,noun,,school,176
tricolore-1-5th-edition,cuisine,la,,noun,,home,176
tricolore-1-5th-edition,"d'accord, okay",,,phrase,,communication,176
tricolore-1-5th-edition,dans,,,preposition,,none,176
tricolore-1-5th-edition,de,,,preposition,,none,176
tricolore-1-5th-edition,demi-sœur,une,,noun,,family,176
tricolore-1-5th-edition,dernier/dernière,,,adjective,,none,176
tricolore-1-5th-edition,dessin,un,,noun,,hobby,176
tricolore-1-5th-edition,devoirs (m pl),les,,noun,,school,176
tricolore-1-5th-edition,durer,,,verb,,none,176
tricolore-1-5th-edition,déconnecter,,,verb,,communication,176
tricolore-1-5th-edition,déjeuner,le,,noun,,food,176
tricolore-1-5th-edition,dépliant,un,,noun,,travel,176
tricolore-1-5th-edition,détester,,,verb,,none,176
tricolore-1-5th-edition,en ligne,,,adverb,,communication,176
tricolore-1-5th-edition,enregistrer,,,verb,,communication,176
tricolore-1-5th-edition,ensuite,,,adverb,,none,176
tricolore-1-5th-edition,erreur,une,,noun,,school,176
tricolore-1-5th-edition,est,,,verb,,none,176
tricolore-1-5th-edition,faire,,,verb,,none,176
tricolore-1-5th-edition,faire de l'équitation,,,phrase,,hobby,176
tricolore-1-5th-edition,faire de la peinture,,,phrase,,hobby,176
tricolore-1-5th-edition,faire des photos,,,phrase,,hobby,176
tricolore-1-5th-edition,faire du VTT,,,phrase,,hobby,176
tricolore-1-5th-edition,faire sa valise,,,phrase,,vacation,176
tricolore-1-5th-edition,fils/fille unique,,,noun,,family,176
tricolore-1-5th-edition,flûte (à bec),une,,noun,,hobby,176
tricolore-1-5th-edition,framboise,une,,noun,,food,176
tricolore-1-5th-edition,fête,une,,noun,,family,176
tricolore-1-5th-edition,gens (m pl),des,,noun,,none,176
tricolore-1-5th-edition,gentil/gentille,,,adjective,,none,176
tricolore-1-5th-edition,glace,une,,noun,,food,176
tricolore-1-5th-edition,grand,,,adjective,,none,176
tricolore-1-5th-edition,habiter,,,verb,,personal-info,176
tricolore-1-5th-edition,hamster,un,,noun,,none,176
tricolore-1-5th-edition,heure,une,,noun,,time-dates,176
tricolore-1-5th-edition,histoire (f),l',,noun,,school,176
tricolore-1-5th-edition,hockey,le,,noun,,hobby,176
tricolore-1-5th-edition,homme,un,,noun,,none,176
tricolore-1-5th-edition,hôpital,un,,noun,,health,176
tricolore-1-5th-edition,hôtel,un,,noun,,vacation,176
tricolore-1-5th-edition,ici,,,adverb,,none,176
tricolore-1-5th-edition,idée,une,,noun,,none,176
tricolore-1-5th-edition,il fait beau,,,phrase,,weather,176
tricolore-1-5th-edition,il fait chaud,,,phrase,,weather,176
tricolore-1-5th-edition,il pleut,,,phrase,,weather,176
tricolore-1-5th-edition,il y a,,,phrase,,none,176
tricolore-1-5th-edition,image,une,,noun,,hobby,176
tricolore-1-5th-edition,imprimante,une,,noun,,communication,176
tricolore-1-5th-edition,imprimer,,,verb,,communication,176
tricolore-1-5th-edition,informatique (f),l',,noun,,school,176
tricolore-1-5th-edition,instrument de musique,un,,noun,,hobby,176
tricolore-1-5th-edition,intéressant,,,adjective,,none,176
tricolore-1-5th-edition,irlandais,,,adjective,,none,176
tricolore-1-5th-edition,Irlande (f),l',,noun,,travel,176
tricolore-1-5th-edition,Irlande du Nord,l',,noun,,travel,176
tricolore-1-5th-edition,j'habite à Londres,,,phrase,,personal-info,176
tricolore-1-5th-edition,jambon,le,,noun,,food,176
tricolore-1-5th-edition,janvier,,,noun,,time-dates,176
tricolore-1-5th-edition,je,,,other,,none,176
tricolore-1-5th-edition,je ne sais pas,,,phrase,,none,176
tricolore-1-5th-edition,jean,un,,noun,,shopping,176
tricolore-1-5th-edition,jogging,un,,noun,,shopping,176
tricolore-1-5th-edition,joli,,,adjective,,none,176
tricolore-1-5th-edition,"jouer (à + sports, de + instruments)",,,verb,,hobby,176
tricolore-1-5th-edition,jour de l'An,le,,noun,,vacation,176
tricolore-1-5th-edition,judo,le,,noun,,hobby,176
tricolore-1-5th-edition,juillet,,,noun,,time-dates,176
tricolore-1-5th-edition,juin,,,noun,,time-dates,176
tricolore-1-5th-edition,kilo,un,,noun,,shopping,176
tricolore-1-5th-edition,kilomètre (1 km),un,,noun,,travel,176
tricolore-1-5th-edition,kiwi,un,,noun,,food,176
tricolore-1-5th-edition,laboratoire,un,,noun,,school,176
tricolore-1-5th-edition,lait,le,,noun,,food,176
tricolore-1-5th-edition,langue,une,,noun,,school,176
tricolore-1-5th-edition,lapin,un,,noun,,none,176
tricolore-1-5th-edition,lecteur MP3,un,,noun,,communication,176
tricolore-1-5th-edition,lettre,une,,noun,,communication,176
tricolore-1-5th-edition,limonade,la,,noun,,food,176
tricolore-1-5th-edition,lis/lisez,,,verb,,school,176
tricolore-1-5th-edition,liste,une,,noun,,none,176
tricolore-1-5th-edition,long/longue,,,adjective,,none,176
tricolore-1-5th-edition,lundi,,,noun,,time-dates,176
tricolore-1-5th-edition,là-bas,,,adverb,,city-places,176
tricolore-1-5th-edition,M. (monsieur),,,other,,personal-info,176
tricolore-1-5th-edition,mai,,,noun,,time-dates,176
tricolore-1-5th-edition,maintenant,,,adverb,,time-dates,176
tricolore-1-5th-edition,maison,une,,noun,,home,176
tricolore-1-5th-edition,marché,le,,noun,,shopping,176
tricolore-1-5th-edition,mars,,,noun,,time-dates,176
tricolore-1-5th-edition,maths (f pl),les,,noun,,school,176
tricolore-1-5th-edition,matin,le,,noun,,time-dates,176
tricolore-1-5th-edition,melon,le,,noun,,food,176
tricolore-1-5th-edition,menu,le,,noun,,communication,176
tricolore-1-5th-edition,mettre,,,verb,,daily-routine,176
tricolore-1-5th-edition,midi,,,noun,,time-dates,176
tricolore-1-5th-edition,minuit,,,noun,,time-dates,176
tricolore-1-5th-edition,Mme (madame),,,other,,personal-info,176
tricolore-1-5th-edition,moi,,,other,,none,176
tricolore-1-5th-edition,moins,,,other,,none,176
tricolore-1-5th-edition,mois,le,,noun,,time-dates,176
tricolore-1-5th-edition,"mon, ma, mes",,,other,,none,176
tricolore-1-5th-edition,mosquée,une,,noun,,city-places,176
tricolore-1-5th-edition,musique,la,,noun,,hobby,176
tricolore-1-5th-edition,musée,un,,noun,,vacation,176
tricolore-1-5th-edition,mère,la,,noun,,family,176
tricolore-1-5th-edition,méchant,,,adjective,,none,176
tricolore-1-5th-edition,"ne … pas, pas",,,other,,none,176
tricolore-1-5th-edition,nom,un,,noun,,personal-info,176
tricolore-1-5th-edition,non,,,other,,none,176
tricolore-1-5th-edition,"notre, nos",,,other,,none,176
tricolore-1-5th-edition,nouveau (nouvel before masculine word beginning with a vowel) / nouvelle / nouveaux / nouvelle,,,adjective,,none,176
tricolore-1-5th-edition,novembre,,,noun,,time-dates,176
tricolore-1-5th-edition,nuit,la,,noun,,time-dates,176
tricolore-1-5th-edition,octobre,,,noun,,time-dates,176
tricolore-1-5th-edition,omelette,une,,noun,,food,176
tricolore-1-5th-edition,orange,une,,noun,,food,176
tricolore-1-5th-edition,orchestre,un,,noun,,hobby,176
tricolore-1-5th-edition,ordinateur portable,un,,noun,,communication,176
tricolore-1-5th-edition,ou,,,other,,none,176
tricolore-1-5th-edition,ouvert,,,adjective,,none,176
tricolore-1-5th-edition,ouvrir,,,verb,,none,176
tricolore-1-5th-edition,où habites-tu?,,,phrase,,personal-info,176
tricolore-1-5th-edition,parc,un,,noun,,city-places,176
tricolore-1-5th-edition,passe-temps,un,,noun,,hobby,176
tricolore-1-5th-edition,patinoire,une,,noun,,hobby,176
tricolore-1-5th-edition,perroquet,un,,noun,,none,176
tricolore-1-5th-edition,personne,une,,noun,,none,176
tricolore-1-5th-edition,petit,,,adjective,,none,176
tricolore-1-5th-edition,petits pois (m pl),des,,noun,,food,176
tricolore-1-5th-edition,peut-être,,,adverb,,none,176
tricolore-1-5th-edition,photographie,la,,noun,,hobby,176
tricolore-1-5th-edition,piano,un,,noun,,hobby,176
tricolore-1-5th-edition,plan de la ville,un,,noun,,travel,176
tricolore-1-5th-edition,plat principal,le,,noun,,restaurant,176
tricolore-1-5th-edition,plus tard,,,adverb,,time-dates,176
tricolore-1-5th-edition,poire,une,,noun,,food,176
tricolore-1-5th-edition,pomme de terre,une,,noun,,food,176
tricolore-1-5th-edition,portable,un,,noun,,communication,176
tricolore-1-5th-edition,poste,la,,noun,,city-places,176
tricolore-1-5th-edition,poster,un,,noun,,home,176
tricolore-1-5th-edition,près (de),,,preposition,,city-places,176
tricolore-1-5th-edition,préférer,,,verb,,none,176
tricolore-1-5th-edition,préparer,,,verb,,food,176
tricolore-1-5th-edition,pull,un,,noun,,shopping,176
tricolore-1-5th-edition,pyjama,un,,noun,,shopping,176
tricolore-1-5th-edition,pêche,une,,noun,,food,176
tricolore-1-5th-edition,quart,un,,noun,,time-dates,176
tricolore-1-5th-edition,quel âge as-tu?,,,phrase,,personal-info,176
tricolore-1-5th-edition,question,une,,noun,,school,176
tricolore-1-5th-edition,radio,une,,noun,,hobby,176
tricolore-1-5th-edition,regarder,,,verb,,none,176
tricolore-1-5th-edition,religion,la,,noun,,school,176
tricolore-1-5th-edition,rentrer,,,verb,,daily-routine,176
tricolore-1-5th-edition,repas,un,,noun,,food,176
tricolore-1-5th-edition,restaurant,un,,noun,,restaurant,176
tricolore-1-5th-edition,rouge,,,adjective,,none,176
tricolore-1-5th-edition,route,la,,noun,,city-places,176
tricolore-1-5th-edition,rue,la,,noun,,city-places,176
tricolore-1-5th-edition,répondre,,,verb,,none,176
tricolore-1-5th-edition,"s'il vous plaît, s'il te plaît",,,phrase,,communication,176
tricolore-1-5th-edition,sais,je,,verb,,none,176
tricolore-1-5th-edition,salade,la,,noun,,food,176
tricolore-1-5th-edition,salle de séjour,la,,noun,,home,176
tricolore-1-5th-edition,salon,le,,noun,,home,176
tricolore-1-5th-edition,salut!,,,phrase,,communication,176
tricolore-1-5th-edition,santé,la,,noun,,health,176
tricolore-1-5th-edition,seulement,,,adverb,,none,176
tricolore-1-5th-edition,soirée,une,,noun,,family,176
tricolore-1-5th-edition,"son, sa, ses",,,other,,none,176
tricolore-1-5th-edition,souris,une,,noun,,communication,176
tricolore-1-5th-edition,souvent,,,adverb,,none,176
tricolore-1-5th-edition,station d'accueil MP3,une,,noun,,communication,176
tricolore-1-5th-edition,stylo,un,,noun,,school,176
tricolore-1-5th-edition,sur,,,preposition,,none,176
tricolore-1-5th-edition,surligneur,un,,noun,,school,176
tricolore-1-5th-edition,surnom,un,,noun,,personal-info,176
tricolore-1-5th-edition,sympa,,,adjective,,none,176
tricolore-1-5th-edition,tableau interactif,un,,noun,,school,176
tricolore-1-5th-edition,taille-crayon,un,,noun,,school,176
tricolore-1-5th-edition,tapis d'ordinateur,un,,noun,,communication,176
tricolore-1-5th-edition,touche,une,,noun,,communication,176
tricolore-1-5th-edition,tout près,,,adverb,,city-places,176
tricolore-1-5th-edition,tricot,un,,noun,,shopping,176
tricolore-1-5th-edition,trombone,un,,noun,,school,176
tricolore-1-5th-edition,trousse,une,,noun,,school,176
tricolore-1-5th-edition,tête,la,,noun,,health,176
tricolore-1-5th-edition,un peu,,,adverb,,none,176
tricolore-1-5th-edition,vacances (f pl),les,,noun,,vacation,176
tricolore-1-5th-edition,veste,une,,noun,,shopping,176
tricolore-1-5th-edition,viande,la,,noun,,food,176
tricolore-1-5th-edition,"vieux (vieille, vieux, vieilles)",,,adjective,,none,176
tricolore-1-5th-edition,vite,,,adverb,,none,176
tricolore-1-5th-edition,voici,,,phrase,,none,176
tricolore-1-5th-edition,voudrais,je,,verb,,restaurant,176
tricolore-1-5th-edition,voyage,un,,noun,,travel,176
tricolore-1-5th-edition,vraiment,,,adverb,,none,176
tricolore-1-5th-edition,VTT (vélo tout terrain),le,,noun,,hobby,176
tricolore-1-5th-edition,à côté de,,,preposition,,none,176
tricolore-1-5th-edition,à droite,,,phrase,,city-places,176
tricolore-1-5th-edition,à gauche,,,phrase,,city-places,176
tricolore-1-5th-edition,à la maison,,,phrase,,home,176
tricolore-1-5th-edition,écouter,,,verb,,hobby,176
tricolore-1-5th-edition,éducation physique (f) (l'EPS),l',,noun,,school,176
tricolore-1-5th-edition,éducation religieuse (f),l',,noun,,school,176
tricolore-1-5th-edition,élève,un(e),,noun,,school,176
tricolore-1-5th-edition,(chaîne) stéréo,une,,noun,,hobby,177
tricolore-1-5th-edition,(faire de) la natation,,,phrase,,hobby,177
tricolore-1-5th-edition,(je suis) désolé(e),,,phrase,,communication,177
tricolore-1-5th-edition,(les cheveux) raide(s),,,adjective,,personal-info,177
tricolore-1-5th-edition,affaires (f pl),les,,noun,,none,177
tricolore-1-5th-edition,affreux,,,adjective,,none,177
tricolore-1-5th-edition,allumer,,,verb,,communication,177
tricolore-1-5th-edition,"alors, donc",,,other,,none,177
tricolore-1-5th-edition,"alors, puis",,,other,,none,177
tricolore-1-5th-edition,an,un,,noun,,time-dates,177
tricolore-1-5th-edition,année,une,,noun,,time-dates,177
tricolore-1-5th-edition,assieds-toi/asseyez-vous,,,phrase,,school,177
tricolore-1-5th-edition,attention!,,,phrase,,none,177
tricolore-1-5th-edition,au printemps,,,phrase,,weather,177
tricolore-1-5th-edition,auberge de jeunesse,une,,noun,,vacation,177
tricolore-1-5th-edition,aujourd'hui,,,adverb,,time-dates,177
tricolore-1-5th-edition,avec,,,preposition,,none,177
tricolore-1-5th-edition,baskets (f pl),des,,noun,,shopping,177
tricolore-1-5th-edition,beau-père,un,,noun,,family,177
tricolore-1-5th-edition,beaucoup,,,adverb,,none,177
tricolore-1-5th-edition,belle-mère,une,,noun,,family,177
tricolore-1-5th-edition,bien,,,adverb,,none,177
tricolore-1-5th-edition,bientôt,,,adverb,,time-dates,177
tricolore-1-5th-edition,blanc/blanche,,,adjective,,none,177
tricolore-1-5th-edition,bonbon,un,,noun,,food,177
tricolore-1-5th-edition,c'est,,,phrase,,none,177
tricolore-1-5th-edition,c'est faux,,,phrase,,none,177
tricolore-1-5th-edition,cartable,un,,noun,,school,177
tricolore-1-5th-edition,centre commercial,le,,noun,,shopping,177
tricolore-1-5th-edition,centre-ville,le,,noun,,city-places,177
tricolore-1-5th-edition,chanson,une,,noun,,hobby,177
tricolore-1-5th-edition,chanter,,,verb,,hobby,177
tricolore-1-5th-edition,chaussette,une,,noun,,shopping,177
tricolore-1-5th-edition,chaussure,une,,noun,,shopping,177
tricolore-1-5th-edition,chemise,une,,noun,,shopping,177
tricolore-1-5th-edition,chemisier,un,,noun,,shopping,177
tricolore-1-5th-edition,chose,une,,noun,,none,177
tricolore-1-5th-edition,ciseaux (m pl),des,,noun,,school,177
tricolore-1-5th-edition,clé USB,une,,noun,,communication,177
tricolore-1-5th-edition,collège,un,,noun,,school,177
tricolore-1-5th-edition,commencer,,,verb,,none,177
tricolore-1-5th-edition,comment?,,,phrase,,communication,177
tricolore-1-5th-edition,contrôle,un,,noun,,school,177
tricolore-1-5th-edition,cravate,une,,noun,,shopping,177
tricolore-1-5th-edition,de quelle couleur est-il?,,,phrase,,none,177
tricolore-1-5th-edition,de temps en temps,,,phrase,,time-dates,177
tricolore-1-5th-edition,demi-frère,un,,noun,,family,177
tricolore-1-5th-edition,demi-sœur,une,,noun,,family,177
tricolore-1-5th-edition,deuxième,,,adjective,,none,177
tricolore-1-5th-edition,dimanche,,,noun,,time-dates,177
tricolore-1-5th-edition,dis/dites,,,verb,,communication,177
tricolore-1-5th-edition,donc,,,other,,none,177
tricolore-1-5th-edition,eau (f),l',,noun,,food,177
tricolore-1-5th-edition,elle,,,other,,none,177
tricolore-1-5th-edition,emploi du temps,un,,noun,,school,177
tricolore-1-5th-edition,en hiver,,,phrase,,weather,177
tricolore-1-5th-edition,en ville,,,phrase,,city-places,177
tricolore-1-5th-edition,en été,,,phrase,,weather,177
tricolore-1-5th-edition,ensemble,,,adverb,,none,177
tricolore-1-5th-edition,escalier (m),l',,noun,,home,177
tricolore-1-5th-edition,Espagne (f),l',,noun,,travel,177
tricolore-1-5th-edition,espagnol,,,adjective,,school,177
tricolore-1-5th-edition,faire de la planche à voile,,,phrase,,hobby,177
tricolore-1-5th-edition,faire de la voile,,,phrase,,hobby,177
tricolore-1-5th-edition,faire des courses/du shopping,,,phrase,,shopping,177
tricolore-1-5th-edition,faire du roller,,,phrase,,hobby,177
tricolore-1-5th-edition,faire du ski,,,phrase,,hobby,177
tricolore-1-5th-edition,faire une promenade,,,phrase,,hobby,177
tricolore-1-5th-edition,fatigant,,,adjective,,none,177
tricolore-1-5th-edition,fatigué,,,adjective,,health,177
tricolore-1-5th-edition,femme,une,,noun,,none,177
tricolore-1-5th-edition,fenêtre,une,,noun,,home,177
tricolore-1-5th-edition,fils,un,,noun,,family,177
tricolore-1-5th-edition,fraise,une,,noun,,food,177
tricolore-1-5th-edition,gagner,,,verb,,hobby,177
tricolore-1-5th-edition,gallois,,,adjective,,none,177
tricolore-1-5th-edition,gare,la,,noun,,city-places,177
tricolore-1-5th-edition,gomme,une,,noun,,school,177
tricolore-1-5th-edition,goûter,le,,noun,,food,177
tricolore-1-5th-edition,grand,,,adjective,,personal-info,177
tricolore-1-5th-edition,grandes vacances (f pl),les,,noun,,vacation,177
tricolore-1-5th-edition,grave,,,adjective,,none,177
tricolore-1-5th-edition,histoire,une,,noun,,school,177
tricolore-1-5th-edition,hiver (m),l',,noun,,weather,177
tricolore-1-5th-edition,hors-d'œuvre,un,,noun,,restaurant,177
tricolore-1-5th-edition,hôtel de ville,l',,noun,,city-places,177
tricolore-1-5th-edition,il fait chaud,,,phrase,,weather,177
tricolore-1-5th-edition,il fait mauvais,,,phrase,,weather,177
tricolore-1-5th-edition,il neige,,,phrase,,weather,177
tricolore-1-5th-edition,il y a,,,phrase,,none,177
tricolore-1-5th-edition,il y a du soleil,,,phrase,,weather,177
tricolore-1-5th-edition,il y a du vent,,,phrase,,weather,177
tricolore-1-5th-edition,il/elle est comment?,,,phrase,,none,177
tricolore-1-5th-edition,ils/elles,,,other,,none,177
tricolore-1-5th-edition,jaune,,,adjective,,none,177
tricolore-1-5th-edition,je (ne) comprends (pas),,,phrase,,school,177
tricolore-1-5th-edition,jeu vidéo,un,,noun,,hobby,177
tricolore-1-5th-edition,jeudi,,,noun,,time-dates,177
tricolore-1-5th-edition,jumeau/jumelle,un/une,,noun,,family,177
tricolore-1-5th-edition,jupe,une,,noun,,shopping,177
tricolore-1-5th-edition,jusqu'à,,,preposition,,time-dates,177
tricolore-1-5th-edition,lentement,,,adverb,,none,177
tricolore-1-5th-edition,lunettes de soleil (f pl),des,,noun,,shopping,177
tricolore-1-5th-edition,lycée,un,,noun,,school,177
tricolore-1-5th-edition,là,,,adverb,,none,177
tricolore-1-5th-edition,légume,un,,noun,,food,177
tricolore-1-5th-edition,magasin,un,,noun,,shopping,177
tricolore-1-5th-edition,maillot de bain,un,,noun,,shopping,177
tricolore-1-5th-edition,mardi,,,noun,,time-dates,177
tricolore-1-5th-edition,mardi gras,,,noun,,vacation,177
tricolore-1-5th-edition,matière,une,,noun,,school,177
tricolore-1-5th-edition,mer,la,,noun,,vacation,177
tricolore-1-5th-edition,merci,,,phrase,,communication,177
tricolore-1-5th-edition,mercredi,,,noun,,time-dates,177
tricolore-1-5th-edition,mignon/mignonne,,,adjective,,none,177
tricolore-1-5th-edition,monde,le,,noun,,none,177
tricolore-1-5th-edition,mot,un,,noun,,school,177
tricolore-1-5th-edition,nom de famille,le,,noun,,personal-info,177
tricolore-1-5th-edition,normal,,,adjective,,none,177
tricolore-1-5th-edition,"normalement, d'habitude",,,adverb,,daily-routine,177
tricolore-1-5th-edition,nous,,,other,,none,177
tricolore-1-5th-edition,nul,,,adjective,,none,177
tricolore-1-5th-edition,office de tourisme,un,,noun,,travel,177
tricolore-1-5th-edition,ouest,l',,noun,,none,177
tricolore-1-5th-edition,oui,,,other,,none,177
tricolore-1-5th-edition,où,,,other,,none,177
tricolore-1-5th-edition,pantalon,un,,noun,,shopping,177
tricolore-1-5th-edition,parapluie,un,,noun,,weather,177
tricolore-1-5th-edition,parc d'attractions,un,,noun,,vacation,177
tricolore-1-5th-edition,pardon!,,,phrase,,communication,177
tricolore-1-5th-edition,parler,,,verb,,communication,177
tricolore-1-5th-edition,passer,,,verb,,time-dates,177
tricolore-1-5th-edition,patins à roulettes (m pl),des,,noun,,hobby,177
tricolore-1-5th-edition,pays de Galles,le,,noun,,travel,177
tricolore-1-5th-edition,penser,,,verb,,none,177
tricolore-1-5th-edition,petit,,,adjective,,none,177
tricolore-1-5th-edition,phrase,une,,noun,,school,177
tricolore-1-5th-edition,ping-pong,le,,noun,,hobby,177
tricolore-1-5th-edition,piscine,une,,noun,,vacation,177
tricolore-1-5th-edition,pièce,une,,noun,,home,177
tricolore-1-5th-edition,place,une,,noun,,city-places,177
tricolore-1-5th-edition,plusieurs,,,adjective,,none,177
tricolore-1-5th-edition,porter,,,verb,,shopping,177
tricolore-1-5th-edition,potage,le,,noun,,food,177
tricolore-1-5th-edition,pourquoi,,,adverb,,none,177
tricolore-1-5th-edition,prendre,,,verb,,none,177
tricolore-1-5th-edition,printemps,le,,noun,,weather,177
tricolore-1-5th-edition,professeur,un,,noun,,profession,177
tricolore-1-5th-edition,qu'est-ce que c'est?,,,phrase,,none,177
tricolore-1-5th-edition,quand,,,other,,time-dates,177
tricolore-1-5th-edition,"quel (quelle, quels, quelles)",,,adjective,,none,177
tricolore-1-5th-edition,quel temps fait-il?,,,phrase,,weather,177
tricolore-1-5th-edition,quelle est la date aujourd'hui?,,,phrase,,time-dates,177
tricolore-1-5th-edition,quelle heure est-il?,,,phrase,,time-dates,177
tricolore-1-5th-edition,quelque chose,,,other,,none,177
tricolore-1-5th-edition,quelquefois,,,adverb,,none,177
tricolore-1-5th-edition,qui,,,other,,none,177
tricolore-1-5th-edition,ranger,,,verb,,daily-routine,177
tricolore-1-5th-edition,regarder,,,verb,,hobby,177
tricolore-1-5th-edition,rester (à la maison),,,phrase,,daily-routine,177
tricolore-1-5th-edition,rollers (m pl),des,,noun,,hobby,177
tricolore-1-5th-edition,Royaume-Uni,le,,noun,,travel,177
tricolore-1-5th-edition,rue,une,,noun,,city-places,177
tricolore-1-5th-edition,rugby,le,,noun,,hobby,177
tricolore-1-5th-edition,règle,une,,noun,,school,177
tricolore-1-5th-edition,sac à dos,un,,noun,,school,177
tricolore-1-5th-edition,saison,une,,noun,,weather,177
tricolore-1-5th-edition,salade,une,,noun,,food,177
tricolore-1-5th-edition,salle,une,,noun,,school,177
tricolore-1-5th-edition,salle des profs,la,,noun,,school,177
tricolore-1-5th-edition,samedi,,,noun,,time-dates,177
tricolore-1-5th-edition,sandales (f pl),des,,noun,,shopping,177
tricolore-1-5th-edition,sandwich,un,,noun,,food,177
tricolore-1-5th-edition,sans,,,preposition,,none,177
tricolore-1-5th-edition,sauvegarder,,,verb,,communication,177
tricolore-1-5th-edition,sciences (f pl),les,,noun,,school,177
tricolore-1-5th-edition,sel,le,,noun,,food,177
tricolore-1-5th-edition,semaine,une,,noun,,time-dates,177
tricolore-1-5th-edition,septembre,,,noun,,time-dates,177
tricolore-1-5th-edition,serpent,un,,noun,,none,177
tricolore-1-5th-edition,short,un,,noun,,shopping,177
tricolore-1-5th-edition,site web,un,,noun,,communication,177
tricolore-1-5th-edition,situé,,,adjective,,city-places,177
tricolore-1-5th-edition,skate,un,,noun,,hobby,177
tricolore-1-5th-edition,smartphone,un,,noun,,communication,177
tricolore-1-5th-edition,soleil,le,,noun,,weather,177
tricolore-1-5th-edition,soupe,la,,noun,,food,177
tricolore-1-5th-edition,sous,,,preposition,,none,177
tricolore-1-5th-edition,sport,le,,noun,,hobby,177
tricolore-1-5th-edition,sportif/sportive,,,adjective,,none,177
tricolore-1-5th-edition,sucre,le,,noun,,food,177
tricolore-1-5th-edition,sucreries (f pl),des,,noun,,food,177
tricolore-1-5th-edition,sud,le,,noun,,none,177
tricolore-1-5th-edition,supermarché,un,,noun,,shopping,177
tricolore-1-5th-edition,surfer (sur le Net),,,verb,,communication,177
tricolore-1-5th-edition,SVT (Sciences de la Vie et de la Terre),,,noun,,school,177
tricolore-1-5th-edition,sweat,un,,noun,,shopping,177
tricolore-1-5th-edition,synagogue,une,,noun,,city-places,177
tricolore-1-5th-edition,syndicat d'initiative,un,,noun,,travel,177
tricolore-1-5th-edition,sœur,une,,noun,,family,177
tricolore-1-5th-edition,table,une,,noun,,home,177
tricolore-1-5th-edition,tablette,une,,noun,,communication,177
tricolore-1-5th-edition,taper,,,verb,,communication,177
tricolore-1-5th-edition,technologie,la,,noun,,school,177
tricolore-1-5th-edition,tee-shirt,un,,noun,,shopping,177
tricolore-1-5th-edition,temple,un,,noun,,city-places,177
tricolore-1-5th-edition,tennis,le,,noun,,hobby,177
tricolore-1-5th-edition,tennis de table,le,,noun,,hobby,177
tricolore-1-5th-edition,texto,un,,noun,,communication,177
tricolore-1-5th-edition,thé,le,,noun,,food,177
tricolore-1-5th-edition,théâtre,un,,noun,,city-places,177
tricolore-1-5th-edition,toast,le,,noun,,food,177
tricolore-1-5th-edition,toilettes (f pl),les,,noun,,home,177
tricolore-1-5th-edition,tomate,une,,noun,,food,177
tricolore-1-5th-edition,"ton, ta, tes; votre, vos",,,other,,none,177
tricolore-1-5th-edition,tout droit,,,adverb,,city-places,177
tricolore-1-5th-edition,train,un,,noun,,travel,177
tricolore-1-5th-edition,travailler,,,verb,,profession,177
tricolore-1-5th-edition,troisième,,,adjective,,none,177
tricolore-1-5th-edition,trompette,une,,noun,,hobby,177
tricolore-1-5th-edition,trop,,,adverb,,none,177
tricolore-1-5th-edition,très,,,adverb,,none,177
tricolore-1-5th-edition,"tu, toi, vous",,,other,,none,177
tricolore-1-5th-edition,télé,la,,noun,,hobby,177
tricolore-1-5th-edition,téléphoner,,,verb,,communication,177
tricolore-1-5th-edition,télévision,la,,noun,,hobby,177
tricolore-1-5th-edition,uniforme,un,,noun,,school,177
tricolore-1-5th-edition,utile,,,adjective,,none,177
tricolore-1-5th-edition,valise,une,,noun,,vacation,177
tricolore-1-5th-edition,vers,,,preposition,,none,177
tricolore-1-5th-edition,veux,je,,verb,,none,177
tricolore-1-5th-edition,veux,tu,,verb,,none,177
tricolore-1-5th-edition,vidéo,une,,noun,,hobby,177
tricolore-1-5th-edition,village,un,,noun,,city-places,177
tricolore-1-5th-edition,ville,une,,noun,,city-places,177
tricolore-1-5th-edition,vin,du,,noun,,food,177
tricolore-1-5th-edition,violon,un,,noun,,hobby,177
tricolore-1-5th-edition,visiter,,,verb,,vacation,177
tricolore-1-5th-edition,volley,le,,noun,,hobby,177
tricolore-1-5th-edition,voulez,vous,,verb,,none,177
tricolore-1-5th-edition,vrai,,,adjective,,none,177
tricolore-1-5th-edition,végétarien/végétarienne,,,adjective,,food,177
tricolore-1-5th-edition,weekend,le,,noun,,time-dates,177
tricolore-1-5th-edition,yaourt,un,,noun,,food,177
tricolore-1-5th-edition,zoo,un,,noun,,vacation,177
tricolore-1-5th-edition,à bientôt!,,,phrase,,communication,177
tricolore-1-5th-edition,école,une,,noun,,school,177
tricolore-1-5th-edition,écossais,,,adjective,,none,177
tricolore-1-5th-edition,Écosse (f),l',,noun,,travel,177
tricolore-1-5th-edition,écran,un,,noun,,communication,177
tricolore-1-5th-edition,écris/écrivez,,,verb,,school,177
tricolore-1-5th-edition,équipe,une,,noun,,hobby,177
tricolore-1-5th-edition,étudiant(e),un(e),,noun,,school,177
tricolore-1-5th-edition,été (m),l',,noun,,weather,177
