collection,section,part,item,item_type,question,option_a,option_b,option_c,correct_answer,level,topic,source_page
netzwerk-a1-kursbuch,vocabulary,1a,1,matching,бутерброд (Russisch),,,,F,A1,mixed,008
netzwerk-a1-kursbuch,vocabulary,1a,2,matching,クランケ (Japanisch),,,,G,A1,mixed,008
netzwerk-a1-kursbuch,vocabulary,1a,3,matching,otoban (Türkisch),,,,H,A1,mixed,008
netzwerk-a1-kursbuch,vocabulary,1a,4,matching,handuk (Indonesisch),,,,A,A1,mixed,008
netzwerk-a1-kursbuch,vocabulary,1a,5,matching,wurstel (Italienisch),,,,D,A1,mixed,008
netzwerk-a1-kursbuch,vocabulary,1a,6,matching,nudli (Ungarisch),,,,I,A1,mixed,008
netzwerk-a1-kursbuch,vocabulary,1a,7,matching,kindergarten (Englisch),,,,E,A1,mixed,008
netzwerk-a1-kursbuch,vocabulary,1a,8,matching,куфар (Bulgarisch),,,,C,A1,mixed,008
netzwerk-a1-kursbuch,vocabulary,1a,9,matching,flaša (Serbisch),,,,B,A1,mixed,008
netzwerk-a1-kursbuch,speaking,,1b,open-ended,Wie heißen die Wörter in Ihrer Sprache?,,,,(open-ended),A1,mixed,009
netzwerk-a1-kursbuch,speaking,,1c,open-ended,Kennen Sie andere deutsche Wörter? Sammeln Sie und machen Sie ein Kursplakat.,,,,(open-ended),A1,mixed,009
netzwerk-a1-kursbuch,listening,,2a,short-answer,Hallo! Wer bist du? Hören Sie und lesen Sie. Wie heißen die Personen?,,,,"Nina, Niklas, Julia",A1,personal-info,010
netzwerk-a1-kursbuch,speaking,,2b,speaking-task,Hallo und tschüs. Spielen Sie die Situationen.,,,,(open-ended),A1,personal-info,010
netzwerk-a1-kursbuch,speaking,,2c,speaking-task,Kennen Sie deutsche Namen oder bekannte deutsche Personen? Sammeln Sie.,,,,(open-ended),A1,personal-info,010
netzwerk-a1-kursbuch,listening,,3a,short-answer,Guten Tag. Wie heißen Sie? Hören Sie und lesen Sie. Wie heißen die Personen?,,,,"Nina Weber, Oliver Hansen, Frau Kowalski",A1,personal-info,011
netzwerk-a1-kursbuch,speaking,,3b,speaking-task,Guten Tag. Auf Wiedersehen. Spielen Sie die Situationen.,,,,(open-ended),A1,personal-info,011
netzwerk-a1-kursbuch,reading,4a,1,matching,"Woher kommen Sie, Frau Lang?","A Ich spreche Spanisch, Englisch und Deutsch.",B Ich komme aus Deutschland.,C Ich wohne in Frankfurt.,B,A1,personal-info,012
netzwerk-a1-kursbuch,reading,4c,1,fill-in,Sie ___ in Frankfurt. (Ergänzen Sie das Verb.),,,,wohnt,A1,personal-info,012
netzwerk-a1-kursbuch,reading,4a,2,matching,Welche Sprachen sprechen Sie?,"A Ich spreche Spanisch, Englisch und Deutsch.",B Ich komme aus Deutschland.,C Ich wohne in Frankfurt.,A,A1,personal-info,012
netzwerk-a1-kursbuch,reading,4c,2,fill-in,Jan ___ aus Frankfurt.,,,,kommt,A1,personal-info,012
netzwerk-a1-kursbuch,reading,4a,3,matching,Wo wohnen Sie?,"A Ich spreche Spanisch, Englisch und Deutsch.",B Ich komme aus Deutschland.,C Ich wohne in Frankfurt.,C,A1,personal-info,012
netzwerk-a1-kursbuch,reading,4c,3,fill-in,Er ___ in Zürich.,,,,wohnt,A1,personal-info,012
netzwerk-a1-kursbuch,speaking,,4b,speaking-task,Variieren Sie den Dialog.,,,,(open-ended),A1,personal-info,012
netzwerk-a1-kursbuch,speaking,,5a,speaking-task,Und Sie? Machen Sie zwei Interviews wie in 4b: formell und informell. Notieren Sie.,,,,(open-ended),A1,personal-info,012
netzwerk-a1-kursbuch,speaking,,5b,speaking-task,Wer ist das? Stellen Sie einen Partner / eine Partnerin vor. Die anderen raten den Namen.,,,,(open-ended),A1,personal-info,012
netzwerk-a1-kursbuch,listening,,6a,speaking-task,Die Zahlen. Hören Sie die Zahlen und sprechen Sie dann laut mit.,,,,(open-ended),A1,personal-info,013
netzwerk-a1-kursbuch,listening,,6b,short-answer,"Hören Sie. Notieren Sie die Handynummern (Herr Klein, Frau Groß).",,,,,A1,personal-info,013
netzwerk-a1-kursbuch,speaking,,6c,speaking-task,Fragen Sie Ihren Partner / Ihre Partnerin nach der Telefonnummer. Notieren Sie.,,,,(open-ended),A1,personal-info,013
netzwerk-a1-kursbuch,listening,,7a,speaking-task,Das Alphabet. Hören Sie zuerst und lesen Sie dann laut mit.,,,,(open-ended),A1,personal-info,013
netzwerk-a1-kursbuch,listening,,7b,short-answer,Hören Sie das Gespräch. Notieren Sie die E-Mail-Adressen.,,,,,A1,personal-info,013
netzwerk-a1-kursbuch,speaking,,7c,speaking-task,Variieren Sie den Dialog.,,,,(open-ended),A1,personal-info,013
netzwerk-a1-kursbuch,reading,8a,1,short-answer,Ergänzen Sie die Tabelle: Gabriel Santos — kommt aus …? wohnt in …? spricht …? lernt …?,,,,"kommt aus Brasilien, wohnt in Köln, spricht Portugiesisch, Deutsch und Englisch",A1,personal-info,014
netzwerk-a1-kursbuch,reading,8a,2,short-answer,Ergänzen Sie die Tabelle: Alessia Conti — kommt aus …? wohnt in …? spricht …? lernt …?,,,,"kommt aus der Schweiz, wohnt in Lugano, spricht Italienisch, Französisch und Deutsch",A1,personal-info,014
netzwerk-a1-kursbuch,reading,8a,3,short-answer,Ergänzen Sie die Tabelle: Boris Walder — kommt aus …? wohnt in …? spricht …? lernt …?,,,,"kommt aus Österreich, wohnt in Salzburg, spricht Deutsch und Englisch, lernt Arabisch",A1,personal-info,014
netzwerk-a1-kursbuch,reading,8a,4,short-answer,Ergänzen Sie die Tabelle: Saki Tanaka — kommt aus …? wohnt in …? spricht …? lernt …?,,,,"kommt aus Japan (Tokio), wohnt in Berlin, spricht Japanisch und Deutsch, lernt Englisch",A1,personal-info,014
netzwerk-a1-kursbuch,reading,8a,5,short-answer,Ergänzen Sie die Tabelle: Kateb Brahim — kommt aus …? wohnt in …? spricht …? lernt …?,,,,"kommt aus Algerien, wohnt in Paris, spricht Arabisch und Französisch, lernt Deutsch",A1,personal-info,014
netzwerk-a1-kursbuch,vocabulary,8b,1,fill-in,Österreich → ___ (Sprache),,,,Deutsch,A1,personal-info,015
netzwerk-a1-kursbuch,vocabulary,8b,10,fill-in,Algerien → ___ (Sprache),,,,Arabisch,A1,personal-info,015
netzwerk-a1-kursbuch,vocabulary,8b,11,fill-in,Japan → ___ (Sprache),,,,Japanisch,A1,personal-info,015
netzwerk-a1-kursbuch,vocabulary,8b,12,fill-in,die USA → ___ (Sprache),,,,Englisch,A1,personal-info,015
netzwerk-a1-kursbuch,vocabulary,8b,2,fill-in,"die Schweiz → Französisch, Italienisch, Rätoromanisch, ___ (Sprache)",,,,Deutsch,A1,personal-info,015
netzwerk-a1-kursbuch,vocabulary,8b,3,fill-in,___ → Französisch (Land),,,,Frankreich,A1,personal-info,015
netzwerk-a1-kursbuch,vocabulary,8b,4,fill-in,Brasilien → ___ (Sprache),,,,Portugiesisch,A1,personal-info,015
netzwerk-a1-kursbuch,vocabulary,8b,5,fill-in,___ → Italienisch (Land),,,,Italien,A1,personal-info,015
netzwerk-a1-kursbuch,vocabulary,8b,6,fill-in,Spanien → ___ (Sprache),,,,Spanisch,A1,personal-info,015
netzwerk-a1-kursbuch,vocabulary,8b,7,fill-in,___ → Polnisch (Land),,,,Polen,A1,personal-info,015
netzwerk-a1-kursbuch,vocabulary,8b,8,fill-in,die Türkei → ___ (Sprache),,,,Türkisch,A1,personal-info,015
netzwerk-a1-kursbuch,speaking,,8c,speaking-task,Sprechen Sie zu zweit. Woher kommen Sie? Welche Sprachen sprechen Sie? Welche Sprachen lernen Sie?,,,,(open-ended),A1,personal-info,015
netzwerk-a1-kursbuch,speaking,,8d,open-ended,Wie heißen die Länder aus 8b in Ihrer Sprache?,,,,(open-ended),A1,personal-info,015
netzwerk-a1-kursbuch,writing,,8e,writing-task,"Wer sind Sie? Schreiben Sie einen kurzen Text (Name, Land, Stadt, Sprachen).",,,,(open-ended),A1,personal-info,015
netzwerk-a1-kursbuch,vocabulary,8b,9,fill-in,___ → Russisch (Land),,,,Russland,A1,personal-info,015
netzwerk-a1-kursbuch,listening,10,1,matching,"Max, Bea und Luca ___",,,,E,A1,personal-info,016
netzwerk-a1-kursbuch,listening,12,1,matching,"Bea, das ist Anna.",,,,,A1,personal-info,016
netzwerk-a1-kursbuch,listening,,11,short-answer,Und deine Nummer? Sehen Sie Szene 3. Notieren Sie die Handynummern von Max und Anna und den Nachnamen von Bea.,,,,,A1,personal-info,016
netzwerk-a1-kursbuch,listening,10,2,matching,Anna ist neu. Sie ___,,,,,A1,personal-info,016
netzwerk-a1-kursbuch,listening,12,2,matching,"Nein, da sind Sie hier falsch.",,,,,A1,personal-info,016
netzwerk-a1-kursbuch,listening,10,3,matching,Bea ___,,,,,A1,personal-info,016
netzwerk-a1-kursbuch,listening,12,3,matching,Woher kommst du denn?,,,,,A1,personal-info,016
netzwerk-a1-kursbuch,listening,10,4,matching,Luca ___,,,,,A1,personal-info,016
netzwerk-a1-kursbuch,listening,12,4,matching,"Ah, du bist neu hier. Ich bin Luca.",,,,,A1,personal-info,016
netzwerk-a1-kursbuch,listening,10,5,matching,"Max ist nicht da, er ___",,,,A,A1,personal-info,016
netzwerk-a1-kursbuch,listening,12,5,matching,Und wie ist deine Nummer?,,,,,A1,personal-info,016
netzwerk-a1-kursbuch,listening,,9,multiple-choice,Ich bin Anna. Sehen Sie Szene 1. Wer wohnt in der Netzwerk-WG? Kreuzen Sie an. (Luca / Frau Müller / Anna / Bea / Max),,,,"Luca, Anna, Bea, Max",A1,personal-info,016
netzwerk-a1-kursbuch,listening,,1,short-answer,"Was machen die Leute gern? Hören Sie und notieren Sie (Emily, Boris, Eva).",,,,,A1,hobby,018
netzwerk-a1-kursbuch,,2a,2a,short-answer,Was machen Sie gern? Was machen Sie nicht gern? Kreuzen Sie an.,,,,(open-ended),A1,hobby,019
netzwerk-a1-kursbuch,speaking,2b,2b,speaking-task,Arbeiten Sie zu zweit. Fragen und antworten Sie. (Hörst du gern Musik? Gehst du gern ins Kino? Liest du gern?),,,,(open-ended),A1,hobby,019
netzwerk-a1-kursbuch,reading,3a,1,fill-in,Ich ___ gern!,,,,koche,A1,hobby,020
netzwerk-a1-kursbuch,reading,3a,2,fill-in,Tom und ich ___ gern. Wir lieben Paris!,,,,reisen,A1,hobby,020
netzwerk-a1-kursbuch,reading,3a,3,fill-in,Betty und Bücher. Sie ___ gern.,,,,liest,A1,hobby,020
netzwerk-a1-kursbuch,speaking,3c,3c,speaking-task,"Arbeiten Sie zu dritt. Person A nennt ein Verb im Infinitiv, Person B ein Personalpronomen, Person C nennt die Form.",,,,(open-ended),A1,hobby,020
netzwerk-a1-kursbuch,speaking,3d,3d,speaking-task,Und Sie? Was machen Sie gern? Sprechen Sie mit fünf Personen und notieren Sie die Hobbys.,,,,(open-ended),A1,hobby,020
netzwerk-a1-kursbuch,reading,3a,4,fill-in,Ben ___ toll!,,,,singt,A1,hobby,020
netzwerk-a1-kursbuch,reading,3a,5,fill-in,Eine Sensation – Wir ___!,,,,joggen,A1,hobby,020
netzwerk-a1-kursbuch,reading,3a,6,fill-in,"Peter, Markus und Fußball. Sie ___ super!",,,,spielen,A1,hobby,020
netzwerk-a1-kursbuch,reading,3b,A,fill-in,Lustig! Sing___ du auch so gut?,,,,singst,A1,hobby,020
netzwerk-a1-kursbuch,reading,3b,B,fill-in,Paris!!! Sprich___ du Französisch?,,,,sprichst,A1,hobby,020
netzwerk-a1-kursbuch,reading,3b,C,fill-in,Spiel___ sie wirklich Fußball?,,,,spielt,A1,hobby,020
netzwerk-a1-kursbuch,reading,3b,D,fill-in,@Sophie Koch___ wir am Wochenende Spaghetti? Oder arbeitest du?,,,,Kochen,A1,hobby,020
netzwerk-a1-kursbuch,reading,3b,E,fill-in,@Betty Ich les___ im Moment ein Buch von Daniel Kehlmann. Und du?,,,,lese,A1,hobby,020
netzwerk-a1-kursbuch,reading,3b,F,fill-in,Jogg___ ihr morgen auch?,,,,joggt,A1,hobby,020
netzwerk-a1-kursbuch,listening,4a,4a,short-answer,Hören Sie das Gespräch. Wann gehen Sophie und Betty ins Kino?,,,,,A1,hobby,021
netzwerk-a1-kursbuch,,4b,4b,open-ended,Wie heißen die Wochentage in Ihrer Sprache? Notieren Sie in 4a.,,,,(open-ended),A1,hobby,021
netzwerk-a1-kursbuch,speaking,4c,4c,speaking-task,Satzmelodie: Fragen und Antworten. Hören Sie und sprechen Sie nach.,,,,(open-ended),A1,hobby,021
netzwerk-a1-kursbuch,speaking,5a,5a,speaking-task,Lesen Sie den Dialog zu zweit. Achten Sie auf die Satzmelodie.,,,,(open-ended),A1,hobby,021
netzwerk-a1-kursbuch,speaking,5b,5b,speaking-task,Spielen Sie Dialoge wie in 5a. Machen Sie für jeden Tag eine Verabredung mit einer anderen Person.,,,,(open-ended),A1,hobby,021
netzwerk-a1-kursbuch,,6b,6b,short-answer,Markieren Sie die Artikel in 6a und notieren Sie die Nomen in einer Tabelle (der / das / die).,,,,"der: Stift, Computer, Schlüssel; das: Auto, Buch, Geld, Glas, Medikament; die: Straße, Rechnung, Spritze, Tablette",A1,profession,022
netzwerk-a1-kursbuch,,6c,6c,open-ended,Notieren Sie für jeden Artikel fünf weitere Nomen. Suchen Sie in den Lernwortschatzseiten.,,,,(open-ended),A1,profession,022
netzwerk-a1-kursbuch,,6a,A,matching,"Was passt zu den Berufen? Fabian Höflinger, Taxifahrer",,,,,A1,profession,022
netzwerk-a1-kursbuch,reading,7a,A,fill-in,Ich bin ___ und ich bin 22 Jahre alt. Ich habe pro Woche 24 Stunden Seminare und Kurse ... Die Universität ist sehr groß.,,,,Studentin,A1,profession,022
netzwerk-a1-kursbuch,,6a,B,matching,"Was passt zu den Berufen? Amina Mazin, Studentin",,,,,A1,profession,022
netzwerk-a1-kursbuch,reading,7a,B,fill-in,"Ich bin ___ und arbeite in zwei Restaurants. Ich arbeite pro Woche 46 Stunden, meistens am Abend und am Wochenende.",,,,Kellner,A1,profession,022
netzwerk-a1-kursbuch,,6a,C,matching,"Was passt zu den Berufen? Magda Donat, Ärztin",,,,,A1,profession,022
netzwerk-a1-kursbuch,reading,7a,C,fill-in,"Ich bin ___ bei „Taxi-Zentral"". Ich fahre 68.000 Kilometer pro Jahr – und lese 100 Bücher.",,,,Taxifahrer,A1,profession,022
netzwerk-a1-kursbuch,,6a,D,matching,"Was passt zu den Berufen? Leon Schöpe, Kellner",,,,,A1,profession,022
netzwerk-a1-kursbuch,reading,7a,D,fill-in,Ich bin ___ und arbeite in einem Krankenhaus. Hier arbeiten 920 Ärzte und Krankenpfleger.,,,,Ärztin,A1,profession,022
netzwerk-a1-kursbuch,listening,7b,a,fill-in,Welche Zahl passt? zweiundzwanzig ___,,,,22,A1,profession,022
netzwerk-a1-kursbuch,listening,7b,b,fill-in,Welche Zahl passt? vierundzwanzig ___,,,,24,A1,profession,022
netzwerk-a1-kursbuch,listening,7b,c,fill-in,Welche Zahl passt? sechsundvierzig ___,,,,46,A1,profession,022
netzwerk-a1-kursbuch,listening,7b,d,fill-in,Welche Zahl passt? (ein)hundert ___,,,,100,A1,profession,022
netzwerk-a1-kursbuch,listening,7b,e,fill-in,Welche Zahl passt? vierhundertachtzig ___,,,,480,A1,profession,022
netzwerk-a1-kursbuch,listening,7b,f,fill-in,Welche Zahl passt? neunhundertzwanzig ___,,,,920,A1,profession,022
netzwerk-a1-kursbuch,listening,7b,g,fill-in,Welche Zahl passt? (ein)tausendzweihundertfünfzig ___,,,,1.250,A1,profession,022
netzwerk-a1-kursbuch,listening,7b,h,fill-in,Welche Zahl passt? fünfundzwanzigtausend ___,,,,25.000,A1,profession,022
netzwerk-a1-kursbuch,listening,7b,i,fill-in,Welche Zahl passt? achtundsechzigtausend ___,,,,68.000,A1,profession,022
netzwerk-a1-kursbuch,reading,7c,1,short-answer,Sammeln Sie Informationen: Amina Mazin – Was ist sie von Beruf? Wann arbeitet sie? Wann hat sie frei?,,,,"Studentin; Seminare Mo–Fr, arbeitet am Samstag im Kino",A1,profession,023
netzwerk-a1-kursbuch,,8a,1,fill-in,Pluralform: der Kilometer → ___,,,,die Kilometer,A1,profession,023
netzwerk-a1-kursbuch,reading,7c,2,short-answer,Sammeln Sie Informationen: Leon Schöpe – Was ist er von Beruf? Wann arbeitet er? Wann hat er frei?,,,,Kellner; arbeitet abends und am Wochenende; frei Montag und Dienstag,A1,profession,023
netzwerk-a1-kursbuch,,8a,2,fill-in,Pluralform: der Arzt → ___,,,,die Ärzte,A1,profession,023
netzwerk-a1-kursbuch,reading,7c,3,short-answer,Sammeln Sie Informationen: Fabian Höflinger – Was ist er von Beruf? Wann arbeitet er? Wann hat er frei?,,,,Taxifahrer; frei am Freitag,A1,profession,023
netzwerk-a1-kursbuch,,8a,3,fill-in,Pluralform: die Stunde → ___,,,,die Stunden,A1,profession,023
netzwerk-a1-kursbuch,reading,7c,4,short-answer,Sammeln Sie Informationen: Magda Donat – Was ist sie von Beruf? Wann arbeitet sie? Wann hat sie frei?,,,,Ärztin; arbeitet nachts und am Wochenende,A1,profession,023
netzwerk-a1-kursbuch,,8a,4,fill-in,Pluralform: das Buch → ___,,,,die Bücher,A1,profession,023
netzwerk-a1-kursbuch,,8a,5,fill-in,Pluralform: das Restaurant → ___,,,,die Restaurants,A1,profession,023
netzwerk-a1-kursbuch,speaking,7d,7d,speaking-task,Präsentieren Sie Ihre Personen. Ihr Partner / Ihre Partnerin notiert.,,,,(open-ended),A1,profession,023
netzwerk-a1-kursbuch,,8b,8b,matching,Markieren Sie die Pluralendungen in 8a. Welche Endungen gibt es? Ordnen Sie zu.,,,,"Kilometer → (¨)-, Arzt → (¨)-e, Stunde → -(e)n, Buch → (¨)-er, Restaurant → -s",A1,profession,023
netzwerk-a1-kursbuch,writing,8c,8c,writing-task,Schreiben Sie sieben Lernkarten mit Artikel und Plural. Üben Sie dann zu zweit.,,,,(open-ended),A1,profession,023
netzwerk-a1-kursbuch,,9a,9a,matching,"Welche Berufe sind das? Ordnen Sie zu (Informatiker/in, Ingenieur/in, Lehrer/in, Verkäufer/in, Architekt/in, Friseur/in).",,,,,A1,profession,023
netzwerk-a1-kursbuch,speaking,9b,9b,speaking-task,"Fragen Sie Ihren Partner / Ihre Partnerin (Beruf, Arbeitszeit, freie Tage) und berichten Sie im Kurs.",,,,(open-ended),A1,profession,023
netzwerk-a1-kursbuch,writing,9c,9c,writing-task,Mein Beruf. Schreiben Sie einen Text wie in 7a.,,,,(open-ended),A1,profession,023
netzwerk-a1-kursbuch,vocabulary,10a,10a,short-answer,"Wörterbücher. Sehen Sie die Beispiele an. Wo steht der Artikel, wo der Plural? Markieren Sie mit zwei Farben.",,,,,A1,none,024
netzwerk-a1-kursbuch,vocabulary,10b,10b,short-answer,Schreiben Sie die Nomen aus 10a in die Tabelle (der / das / die).,,,,"der: Kilometer, Tag; das: Krankenhaus, Buch, Seminar; die: Woche",A1,none,024
netzwerk-a1-kursbuch,vocabulary,11a,11a,short-answer,Das Artikelbild. Schreiben Sie die Wörter mit Artikel in die Zeichnung.,,,,(open-ended),A1,none,024
netzwerk-a1-kursbuch,vocabulary,11b,11b,writing-task,Machen Sie ein eigenes Artikelbild.,,,,(open-ended),A1,none,024
netzwerk-a1-kursbuch,writing,12a,1,matching,Persönliche Angaben. Was passt zusammen? Nachname/Familienname,,,,Miller,A1,personal-info,025
netzwerk-a1-kursbuch,writing,12b,12b,writing-task,"Sportclub „Fit"". Wählen Sie einen Kurs und ergänzen Sie dann das Anmeldeformular mit Ihren Informationen.",,,,(open-ended),A1,personal-info,025
netzwerk-a1-kursbuch,writing,12a,2,matching,Persönliche Angaben. Was passt zusammen? Vorname,,,,Jonathan,A1,personal-info,025
netzwerk-a1-kursbuch,writing,12a,3,matching,Persönliche Angaben. Was passt zusammen? Geburtsdatum,,,,01.04.1994,A1,personal-info,025
netzwerk-a1-kursbuch,writing,12a,4,matching,Persönliche Angaben. Was passt zusammen? Geburtsort,,,,New York,A1,personal-info,025
netzwerk-a1-kursbuch,writing,12a,5,matching,Persönliche Angaben. Was passt zusammen? Adresse,,,,"Goethestr. 7, 10711 Berlin",A1,personal-info,025
netzwerk-a1-kursbuch,writing,12a,6,matching,Persönliche Angaben. Was passt zusammen? Telefonnummer/Handynummer,,,,0171-12085614,A1,personal-info,025
netzwerk-a1-kursbuch,listening,14b,1,multiple-choice,Wer macht was? ___ arbeitet im Krankenhaus.,Er,Sie,,,A1,profession,026
netzwerk-a1-kursbuch,listening,13a,13a,short-answer,Gehen wir zusammen? Sehen Sie Szene 4. Was macht Anna gern? Was macht Max gern?,,,,,A1,hobby,026
netzwerk-a1-kursbuch,listening,13b,13b,short-answer,Sehen Sie die Szene noch einmal. Wann gehen Anna und Max schwimmen?,,,,,A1,hobby,026
netzwerk-a1-kursbuch,speaking,13c,13c,speaking-task,Arbeiten Sie zu zweit. Variieren Sie den Dialog und spielen Sie.,,,,(open-ended),A1,hobby,026
netzwerk-a1-kursbuch,listening,14a,14a,short-answer,Wo arbeitest du? Sehen Sie Szene 5. Was sind Luca und Anna von Beruf?,,,,,A1,profession,026
netzwerk-a1-kursbuch,listening,14b,2,multiple-choice,Wer macht was? ___ studiert.,Er,Sie,,,A1,profession,026
netzwerk-a1-kursbuch,listening,14b,3,multiple-choice,Wer macht was? ___ joggt gern.,Er,Sie,,,A1,profession,026
netzwerk-a1-kursbuch,listening,14b,4,multiple-choice,Wer macht was? ___ arbeitet nachts.,Er,Sie,,,A1,profession,026
netzwerk-a1-kursbuch,listening,14b,5,multiple-choice,Wer macht was? ___ macht ein Praktikum.,Er,Sie,,,A1,profession,026
netzwerk-a1-kursbuch,listening,14b,6,multiple-choice,Wer macht was? ___ arbeitet heute am Nachmittag.,Er,Sie,,,A1,profession,026
netzwerk-a1-kursbuch,listening,1a,1a,matching,Eine Stadttour in Hamburg. Hören Sie. Ordnen Sie die Stationen den Fotos zu.,,,,,A1,city-places,028
netzwerk-a1-kursbuch,reading,1b,A,matching,Was ist das? Ordnen Sie die Wörter zu. Foto A (720 Züge pro Tag),,,,der Bahnhof,A1,city-places,028
netzwerk-a1-kursbuch,reading,1b,B,matching,Was ist das? Ordnen Sie die Wörter zu. Foto B (die Elbphilharmonie),,,,das Konzerthaus,A1,city-places,028
netzwerk-a1-kursbuch,reading,1c,Bahnhof,fill-in,"Ergänzen Sie die Zahlen. Bahnhof: ___ Züge pro Tag, in ___ Stunden nach Berlin.",,,,720; 2,A1,city-places,028
netzwerk-a1-kursbuch,reading,1c,Elbphilharmonie,fill-in,"Ergänzen Sie die Zahlen. Elbphilharmonie: Kosten ___ Euro, im Jahr 2017 ___ Konzerte.",,,,866 Millionen; 600,A1,city-places,028
netzwerk-a1-kursbuch,reading,1c,Hafen,fill-in,"Ergänzen Sie die Zahlen. Hafen: ___ Schiffe pro Jahr, fahren in ___ Länder.",,,,12.000; 175,A1,city-places,028
netzwerk-a1-kursbuch,reading,1c,Michel,fill-in,"Ergänzen Sie die Zahlen. Michel: Platz für ___ Menschen, Turm ___ Meter hoch.",,,,2.500; 132,A1,city-places,028
netzwerk-a1-kursbuch,reading,1c,Rathaus,fill-in,"Ergänzen Sie die Zahlen. Rathaus: über ___ Jahre alt, Turm ___ Meter hoch.",,,,120; 112,A1,city-places,028
netzwerk-a1-kursbuch,,1d,1d,writing-task,Sammeln Sie Informationen und Zahlen über Ihre Stadt oder Ihren Ort. Machen Sie eine Ausstellung im Kurs.,,,,(open-ended),A1,city-places,029
netzwerk-a1-kursbuch,reading,1b,C,matching,Was ist das? Ordnen Sie die Wörter zu. Foto C (12.000 Schiffe pro Jahr),,,,der Hafen,A1,city-places,029
netzwerk-a1-kursbuch,reading,1b,D,matching,"Was ist das? Ordnen Sie die Wörter zu. Foto D (der Michel, Turm 132 m hoch)",,,,die Kirche,A1,city-places,029
netzwerk-a1-kursbuch,reading,1b,E,matching,"Was ist das? Ordnen Sie die Wörter zu. Foto E (über 120 Jahre alt, 111 Meter breit)",,,,das Rathaus,A1,city-places,029
netzwerk-a1-kursbuch,listening,2a,1,true-false,Der Weg zum Hotel. Welche Orte nennt der Taxifahrer? – Bahnhof,,,,ja,A1,city-places,030
netzwerk-a1-kursbuch,,2c,1,fill-in,"der, das oder die? ___ Bahnhof",,,,der,A1,city-places,030
netzwerk-a1-kursbuch,listening,2a,2,true-false,Der Weg zum Hotel. Welche Orte nennt der Taxifahrer? – Hafen,,,,nein,A1,city-places,030
netzwerk-a1-kursbuch,,2c,2,fill-in,"der, das oder die? ___ Rathaus",,,,das,A1,city-places,030
netzwerk-a1-kursbuch,speaking,2b,2b,speaking-task,Lesen Sie das Gespräch. Zeichnen Sie den Weg in den Plan. Ist Ihre Lösung in 2a richtig?,,,,(open-ended),A1,city-places,030
netzwerk-a1-kursbuch,listening,2a,3,true-false,Der Weg zum Hotel. Welche Orte nennt der Taxifahrer? – Fluss,,,,ja,A1,city-places,030
netzwerk-a1-kursbuch,,2c,3,fill-in,"der, das oder die? ___ Kunsthalle",,,,die,A1,city-places,030
netzwerk-a1-kursbuch,speaking,3,3,speaking-task,"Artikel. Sammeln Sie Nomen aus Kapitel 1–3. Bilden Sie drei Gruppen: der, das, die.",,,,(open-ended),A1,city-places,030
netzwerk-a1-kursbuch,listening,2a,4,true-false,Der Weg zum Hotel. Welche Orte nennt der Taxifahrer? – Konzerthaus,,,,nein,A1,city-places,030
netzwerk-a1-kursbuch,,2c,4,fill-in,"der, das oder die? ___ Fluss",,,,der,A1,city-places,030
netzwerk-a1-kursbuch,listening,2a,5,true-false,Der Weg zum Hotel. Welche Orte nennt der Taxifahrer? – Rathaus,,,,ja,A1,city-places,030
netzwerk-a1-kursbuch,,2c,5,fill-in,"der, das oder die? ___ Hotel",,,,das,A1,city-places,030
netzwerk-a1-kursbuch,listening,2a,6,true-false,Der Weg zum Hotel. Welche Orte nennt der Taxifahrer? – Kirche,,,,ja,A1,city-places,030
netzwerk-a1-kursbuch,,2c,6,fill-in,"der, das oder die? ___ Kirche",,,,die,A1,city-places,030
netzwerk-a1-kursbuch,,2c,7,fill-in,"der, das oder die? ___ See",,,,der,A1,city-places,030
netzwerk-a1-kursbuch,,4b,2,fill-in,Ergänzen Sie die Artikel: Das ist ___ Bahnhof. ___ Bahnhof heißt Hamburg-Altona.,,,,ein; Der,A1,city-places,031
netzwerk-a1-kursbuch,,4b,3,fill-in,"Ergänzen Sie die Artikel: Das ist ___ Brücke. ___ Brücke heißt „Köhlbrandbrücke"".",,,,eine; Die,A1,city-places,031
netzwerk-a1-kursbuch,,4b,4,fill-in,Ergänzen Sie die Artikel: Das sind ___ Häuser. ___ Häuser sind 400 Jahre alt.,,,,– (kein Artikel im Plural); Die,A1,city-places,031
netzwerk-a1-kursbuch,writing,4c,4c,writing-task,"Was ist das? Schreiben Sie Sätze (Café, Kunsthalle, Kirche, Hotel, Kino, Turm). Beispiel: Das ist ein Café.",,,,(open-ended),A1,city-places,031
netzwerk-a1-kursbuch,listening,5a,5a,short-answer,Vokale. Lang oder kurz? Hören Sie die Wörter und markieren Sie _ für lang und . für kurz.,,,,,A1,city-places,031
netzwerk-a1-kursbuch,listening,5b,5b,speaking-task,Hören Sie noch einmal. Langer Vokal: Kreisen Sie die Arme. Kurzer Vokal: Klopfen Sie auf den Tisch.,,,,(open-ended),A1,city-places,031
netzwerk-a1-kursbuch,,4a,Plural,fill-in,Ergänzen Sie den bestimmten Artikel: ___ Schiffe sind im Hafen.,,,,Die,A1,city-places,031
netzwerk-a1-kursbuch,,4a,feminin,fill-in,Ergänzen Sie den bestimmten Artikel: ___ Straße heißt Müllerstraße.,,,,Die,A1,city-places,031
netzwerk-a1-kursbuch,,4a,maskulin,fill-in,Ergänzen Sie den bestimmten Artikel: Das ist ___ Hafen von Hamburg.,,,,der,A1,city-places,031
netzwerk-a1-kursbuch,,4a,neutrum,fill-in,"Ergänzen Sie den bestimmten Artikel: ___ Hotel heißt „Alster"".",,,,Das,A1,city-places,031
netzwerk-a1-kursbuch,,6b,1,matching,"Welches Bild passt? Oh, nein! Keine Fahrkarte?!",,,,C,A1,city-places,032
netzwerk-a1-kursbuch,writing,6c,1,fill-in,"Ist das ein Bus? (Bild: U-Bahn) – Nein, das ist …",,,,"Nein, das ist kein Bus, das ist eine U-Bahn.",A1,city-places,032
netzwerk-a1-kursbuch,,6b,2,matching,"Welches Bild passt? Ach nee, kein Bus. Also schnell! Wo ist die U-Bahn?",,,,B,A1,city-places,032
netzwerk-a1-kursbuch,writing,6c,2,fill-in,"Ist das ein Auto? (Bild: Fahrrad) – Nein, das ist …",,,,"Nein, das ist kein Auto, das ist ein Fahrrad.",A1,city-places,032
netzwerk-a1-kursbuch,,6b,3,matching,"Welches Bild passt? Oje, kein Fahrrad! Schnell, da ist ein Bus!",,,,A,A1,city-places,032
netzwerk-a1-kursbuch,writing,6c,3,fill-in,"Ist das eine Kirche? (Bild: Bahnhof) – Nein, …",,,,"Nein, das ist keine Kirche, das ist ein Bahnhof.",A1,city-places,032
netzwerk-a1-kursbuch,,6b,4,matching,Welches Bild passt? Heute kein Test! So ein Glück!,,,,E,A1,city-places,032
netzwerk-a1-kursbuch,writing,6c,4,fill-in,"Sind das Busse? (Bild: viele Fahrräder) – Nein, …",,,,"Nein, das sind keine Busse, das sind Fahrräder.",A1,city-places,032
netzwerk-a1-kursbuch,,6b,5,matching,Welches Bild passt? Ich gehe zu Fuß. Jetzt aber schnell!,,,,D,A1,city-places,032
netzwerk-a1-kursbuch,writing,6c,5,fill-in,"Sind das Konzertkarten? (Bild: Fahrkarten) – Nein, …",,,,"Nein, das sind keine Konzertkarten, das sind Fahrkarten.",A1,city-places,032
netzwerk-a1-kursbuch,,6a,6a,matching,"Eine Bildgeschichte. Wo passen die Wörter? (der Bus, das Fahrrad, die U-Bahn, zu Fuß gehen)",,,,,A1,city-places,032
netzwerk-a1-kursbuch,listening,7a,1,short-answer,Wegbeschreibungen. Hören Sie. Was sucht die Person? Gespräch 1,,,,,A1,city-places,033
netzwerk-a1-kursbuch,listening,7a,2,short-answer,Wegbeschreibungen. Hören Sie. Was sucht die Person? Gespräch 2,,,,,A1,city-places,033
netzwerk-a1-kursbuch,listening,7a,3,short-answer,Wegbeschreibungen. Hören Sie. Was sucht die Person? Gespräch 3,,,,,A1,city-places,033
netzwerk-a1-kursbuch,listening,7b,7b,matching,Hören Sie noch einmal. Welche Wegbeschreibung passt? Ordnen Sie zu (Bild 1–3).,,,,,A1,city-places,033
netzwerk-a1-kursbuch,speaking,7c,7c,speaking-task,"Arbeiten Sie zu zweit. Spielen Sie Dialoge (Entschuldigung, wo ist bitte …?).",,,,(open-ended),A1,city-places,033
netzwerk-a1-kursbuch,speaking,8,8,speaking-task,Nach dem Weg fragen. Spielen Sie zu zweit. Jede/r würfelt zweimal (Start und Ziel).,,,,(open-ended),A1,city-places,033
netzwerk-a1-kursbuch,reading,9a,1,matching,Ordnen Sie die Fotos zu: Hamburger Theater-Festival (12.–18. Okt.),,,,A,A1,city-places,034
netzwerk-a1-kursbuch,vocabulary,9c,1,fill-in,Ergänzen Sie das deutsche Wort mit Artikel: the theater / le théâtre → ___,,,,das Theater,A1,city-places,034
netzwerk-a1-kursbuch,reading,9a,2,matching,"Ordnen Sie die Fotos zu: Orchester aus aller Welt zu Gast in Hamburg (Elbphilharmonie, 25. Okt.)",,,,B,A1,city-places,034
netzwerk-a1-kursbuch,vocabulary,9c,2,fill-in,Ergänzen Sie das deutsche Wort mit Artikel: the festival / le festival → ___,,,,das Festival,A1,city-places,034
netzwerk-a1-kursbuch,reading,9a,3,matching,"Ordnen Sie die Fotos zu: Kino für alle (Filmfest Hamburg, 27.9.–6.10.)",,,,C,A1,city-places,034
netzwerk-a1-kursbuch,vocabulary,9c,3,fill-in,Ergänzen Sie das deutsche Wort mit Artikel: the orchestra / l'orchestre → ___,,,,das Orchester,A1,city-places,034
netzwerk-a1-kursbuch,vocabulary,9c,4,fill-in,Ergänzen Sie das deutsche Wort mit Artikel: the choir / le choeur → ___,,,,der Chor,A1,city-places,034
netzwerk-a1-kursbuch,vocabulary,9c,5,fill-in,Ergänzen Sie das deutsche Wort mit Artikel: the concert / le concert → ___,,,,das Konzert,A1,city-places,034
netzwerk-a1-kursbuch,vocabulary,9c,6,fill-in,Ergänzen Sie das deutsche Wort mit Artikel: the film / le film → ___,,,,der Film,A1,city-places,034
netzwerk-a1-kursbuch,vocabulary,9c,7,fill-in,Ergänzen Sie das deutsche Wort mit Artikel: the audience / le public → ___,,,,das Publikum,A1,city-places,034
netzwerk-a1-kursbuch,reading,9b,9b,open-ended,Welche Wörter sind in Ihrer Sprache oder in anderen Sprachen ähnlich? Markieren Sie.,,,,(open-ended),A1,city-places,034
netzwerk-a1-kursbuch,speaking,9d,9d,open-ended,Welches Event finden Sie interessant?,,,,(open-ended),A1,city-places,034
netzwerk-a1-kursbuch,vocabulary,10a,10a,fill-in,Notieren Sie die Monate 1–12 auf Deutsch.,,,,"1 Januar, 2 Februar, 3 März, 4 April, 5 Mai, 6 Juni, 7 Juli, 8 August, 9 September, 10 Oktober, 11 November, 12 Dezember",A1,time-dates,035
netzwerk-a1-kursbuch,listening,10c,10c,short-answer,"Hören Sie. Was machen die Leute? Wann machen sie das? (ins Museum gehen, schwimmen, Fahrrad fahren, reisen)",,,,,A1,time-dates,035
netzwerk-a1-kursbuch,speaking,10d,10d,speaking-task,Arbeiten Sie zu zweit mit dem Wörterbuch. Was machen Sie wann? Machen Sie ein Plakat zu den Jahreszeiten.,,,,(open-ended),A1,time-dates,035
netzwerk-a1-kursbuch,,10b,A,short-answer,Welche Jahreszeit sehen Sie auf Foto A (Frau mit Snowboard im Schnee)?,,,,Winter,A1,time-dates,035
netzwerk-a1-kursbuch,,10b,B,short-answer,Welche Jahreszeit sehen Sie auf Foto B (Hand hält einen Pilz)?,,,,Herbst,A1,time-dates,035
netzwerk-a1-kursbuch,,10b,C,short-answer,Welche Jahreszeit sehen Sie auf Foto C (Person springt in einen See)?,,,,Sommer,A1,time-dates,035
netzwerk-a1-kursbuch,,10b,D,short-answer,Welche Jahreszeit sehen Sie auf Foto D (zwei Personen fahren Fahrrad im Park)?,,,,Frühling,A1,time-dates,035
netzwerk-a1-kursbuch,,12a,1,fill-in,Ergänzen Sie die Zahl: Seit (1) ___ gibt es den Englischen Garten.,,,,1792,A1,city-places,036
netzwerk-a1-kursbuch,listening,11a,11a,short-answer,Die Stadttour in München. Wohin fahren Luca und Anna? Sehen Sie Szene 6 und nummerieren Sie die Stationen.,,,,,A1,city-places,036
netzwerk-a1-kursbuch,,12b,12b,open-ended,Recherchieren Sie: Welche Konzerte und Veranstaltungen gibt es bald im Olympiapark? Wohin möchten Sie gerne gehen?,,,,(open-ended),A1,city-places,036
netzwerk-a1-kursbuch,,13,13,ordering,"Entschuldigung, wo ist der Viktualienmarkt? Ordnen Sie die Ausdrücke in die richtige Reihenfolge (die Straße bis zum Isartor / durch das Isartor / immer geradeaus / vor dem Marienplatz nach links).",,,,,A1,city-places,036
netzwerk-a1-kursbuch,,12a,2,fill-in,Ergänzen Sie die Zahl: Der Park ist sehr groß: (2) ___ Hektar.,,,,375,A1,city-places,036
netzwerk-a1-kursbuch,,12a,3,fill-in,Ergänzen Sie die Zahl: Jedes Jahr kommen über (3) ___ Millionen Besucher.,,,,"3,5",A1,city-places,036
netzwerk-a1-kursbuch,,12a,4,fill-in,Ergänzen Sie die Zahl: Der Chinesische Turm ist (4) ___ m hoch.,,,,25,A1,city-places,036
netzwerk-a1-kursbuch,,12a,5,fill-in,Ergänzen Sie die Zahl: Das Müller'sche Volksbad gibt es seit (5) ___.,,,,1901,A1,city-places,036
netzwerk-a1-kursbuch,,12a,6,fill-in,Ergänzen Sie die Zahl: Olympiastadion Bauzeit: (6) ___.,,,,1969–1972,A1,city-places,036
netzwerk-a1-kursbuch,,12a,7,fill-in,Ergänzen Sie die Zahl: Olympiastadion Kosten: (7) ___ Millionen D-Mark.,,,,137,A1,city-places,036
netzwerk-a1-kursbuch,,11b,Chinesischer Turm,matching,"Was passt zu welchem Foto? Foto: Selfie, dahinter ein Turm",,,,D,A1,city-places,036
netzwerk-a1-kursbuch,,11b,Eisbach,matching,Was passt zu welchem Foto? Foto: Fluss/Welle mit Surfer,,,,I,A1,city-places,036
netzwerk-a1-kursbuch,,11b,Englischer Garten,matching,Was passt zu welchem Foto? Foto: Anna und Luca fahren Fahrrad im Park,,,,E,A1,city-places,036
netzwerk-a1-kursbuch,,11b,Haus der Kunst,matching,"Was passt zu welchem Foto? Foto: Museumsgebäude „Haus der Kunst""",,,,B,A1,city-places,036
netzwerk-a1-kursbuch,,11b,Olympiapark,matching,Was passt zu welchem Foto? Foto: beide auf einer Wiese bei Sonnenuntergang,,,,H,A1,city-places,036
netzwerk-a1-kursbuch,,11b,Selfie,matching,Was passt zu welchem Foto? Foto: Selfie von Anna und Luca vor einem Gebäude,,,,,A1,city-places,036
netzwerk-a1-kursbuch,,Wiederholungsspiel,Feld 1,speaking-task,Stellen Sie einen Mitspieler / eine Mitspielerin vor.,,,,(open-ended),A1,personal-info,038
netzwerk-a1-kursbuch,,Wiederholungsspiel,Feld 11,speaking-task,Sagen Sie Ihre E-Mail-Adresse.,,,,(open-ended),A1,personal-info,038
netzwerk-a1-kursbuch,,Wiederholungsspiel,Feld 12,fill-in,"Lesen Sie und ergänzen Sie die Zahlen. 25, 26, …, 28, 29, …, 31, 32, …, 34, 35, …",,,,"27, 30, 33, 36",A1,none,038
netzwerk-a1-kursbuch,,Wiederholungsspiel,Feld 13,speaking-task,Sagen Sie „Am Montag“ als Frage (?) und als Aussagesatz (.).,,,,(open-ended),A1,time-dates,038
netzwerk-a1-kursbuch,,Wiederholungsspiel,Feld 14,speaking-task,Buchstabieren Sie Ihren Familiennamen.,,,,(open-ended),A1,personal-info,038
netzwerk-a1-kursbuch,,Wiederholungsspiel,Feld 16,short-answer,Was macht Niklas gern? Was nicht? (☺ Musik hören / ☹ schwimmen),,,,Niklas hört gern Musik; er schwimmt nicht gern.,A1,hobby,038
netzwerk-a1-kursbuch,,Wiederholungsspiel,Feld 2,speaking-task,Frau Kowalski geht. Was sagen die Personen?,,,,(open-ended),A1,communication,038
netzwerk-a1-kursbuch,,Wiederholungsspiel,Feld 25,fill-in,Ergänzen Sie. Ben … super.,,,,,A1,none,038
netzwerk-a1-kursbuch,,Wiederholungsspiel,Feld 26,short-answer,Was macht Lara?,,,,,A1,daily-routine,038
netzwerk-a1-kursbuch,,Wiederholungsspiel,Feld 27,speaking-task,"Stellen Sie die Person vor. Wie heißt die Person? Wo wohnt sie? Was ist ihr Beruf? (Felix Giehse, Taxi „Kommsofort“, Kieler Str. 29, Hamburg)",,,,(open-ended),A1,profession,038
netzwerk-a1-kursbuch,,Wiederholungsspiel,Feld 28,speaking-task,Fragen Sie Ihren Partner / Ihre Partnerin. … Sie/du gern?,,,,(open-ended),A1,hobby,038
netzwerk-a1-kursbuch,,Wiederholungsspiel,Feld 29,speaking-task,Lang oder kurz? Sprechen Sie. (Hafen – Hallo; wohnen – kommen; Schiff – sieben),,,,(open-ended),A1,none,038
netzwerk-a1-kursbuch,,Wiederholungsspiel,Feld 30,short-answer,Wie heißen die Wochentage? (Montag …),,,,"Montag, Dienstag, Mittwoch, Donnerstag, Freitag, Samstag, Sonntag",A1,time-dates,038
netzwerk-a1-kursbuch,,Wiederholungsspiel,Feld 10,fill-in,"Ergänzen Sie die Monate. Januar, …, März, …, Mai, Juni, …, August, …, Oktober, …, …",,,,"Februar, April, Juli, September, November, Dezember",A1,time-dates,039
netzwerk-a1-kursbuch,,Wiederholungsspiel,Feld 17,fill-in,"Ergänzen Sie die Artikel. … See, … Stadt, … Rathaus",,,,der See; die Stadt; das Rathaus,A1,city-places,039
netzwerk-a1-kursbuch,,Wiederholungsspiel,Feld 18,speaking-task,Antworten Sie. Was ist das? – Das sind …,,,,(open-ended),A1,city-places,039
netzwerk-a1-kursbuch,,Wiederholungsspiel,Feld 19,fill-in,"Antworten Sie. Ist das ein Theater? – Nein, das ist … Theater, das ist …",,,,kein,A1,city-places,039
netzwerk-a1-kursbuch,,Wiederholungsspiel,Feld 21,speaking-task,Welche Sprachen sprechen Sie?,,,,(open-ended),A1,communication,039
netzwerk-a1-kursbuch,,Wiederholungsspiel,Feld 22,speaking-task,Nennen Sie drei Berufe.,,,,(open-ended),A1,profession,039
netzwerk-a1-kursbuch,,Wiederholungsspiel,Feld 23,fill-in,"Ergänzen Sie die Personalpronomen. … sprichst, … heiße, … ist, … kommen",,,,du sprichst; ich heiße; er/es/sie ist; wir/sie kommen,A1,none,039
netzwerk-a1-kursbuch,,Wiederholungsspiel,Feld 24,short-answer,Welche Sprachen spricht man in – Österreich? – Polen? – Spanien? – Brasilien?,,,,Deutsch; Polnisch; Spanisch; Portugiesisch,A1,communication,039
netzwerk-a1-kursbuch,,Wiederholungsspiel,Feld 3,fill-in,Ergänzen Sie lesen. Betty … gern. Peter und Markus … nicht gern. Und du? … du gern?,,,,liest; lesen; Liest,A1,hobby,039
netzwerk-a1-kursbuch,,Wiederholungsspiel,Feld 31,short-answer,"Wie heißen die Verkehrsmittel? Nennen Sie auch die Artikel. (Bus, Flugzeug, S-Bahn, Fahrrad)",,,,der Bus; das Flugzeug; die S-Bahn; das Fahrrad,A1,travel,039
netzwerk-a1-kursbuch,,Wiederholungsspiel,Feld 32,speaking-task,"Was ist das? Das ist … und … Das sind … (Schild „Hamburg-Altona“, Brücke, Geländer)",,,,(open-ended),A1,city-places,039
netzwerk-a1-kursbuch,,Wiederholungsspiel,Feld 33,speaking-task,"Fragen Sie. Gehen wir am …? (Mi: Schwimmbad, Do: Café)",,,,(open-ended),A1,communication,039
netzwerk-a1-kursbuch,,Wiederholungsspiel,Feld 4,fill-in,Ergänzen Sie. Herr Höflinger ist Taxifahrer. Er … pro Jahr 68.000 Kilometer. Er … von Samstag bis Donnerstag. Am Freitag hat er …,,,,fährt; arbeitet; frei,A1,profession,039
netzwerk-a1-kursbuch,,Wiederholungsspiel,Feld 5,speaking-task,Sprechen Sie dreimal schnell. Am Montag kommt Olaf nach Oslo.,,,,(open-ended),A1,none,039
netzwerk-a1-kursbuch,,Wiederholungsspiel,Feld 6,fill-in,"Nennen Sie den Plural. ein Arzt, 3 …; ein Tag, 4 …; ein Buch, 45 …",,,,Ärzte; Tage; Bücher,A1,none,039
netzwerk-a1-kursbuch,,Wiederholungsspiel,Feld 7,speaking-task,"Antworten Sie. Entschuldigung, wo ist das Hotel „Alster“? – Gehen Sie geradeaus, dann rechts und dann wieder rechts.",,,,(open-ended),A1,city-places,039
netzwerk-a1-kursbuch,,Wiederholungsspiel,Feld 8,fill-in,Ergänzen Sie. Das ist der … von Hamburg. Jeden Tag fahren hier 700 …,,,,Hafen; Schiffe,A1,city-places,039
netzwerk-a1-kursbuch,,Wiederholungsspiel,Feld 9,fill-in,Ergänzen Sie. Die Elbe ist ein … in Hamburg. Im Hamburger Hafen gibt es viele …,,,,Fluss; Schiffe,A1,city-places,039
netzwerk-a1-kursbuch,,3a,1,fill-in,Welche Vokale fehlen? N … M …,,,,Name,A1,none,040
netzwerk-a1-kursbuch,,3b,1,fill-in,Die Vokale sind falsch. Wie heißt das Wort richtig? der Wog,,,,der Weg,A1,none,040
netzwerk-a1-kursbuch,,2,2,speaking-task,"Mein Buchstabe. Ein Spieler notiert einen Buchstaben, die anderen nennen Wörter. Ist der Buchstabe im Wort? Wer findet den Buchstaben?",,,,(open-ended),A1,none,040
netzwerk-a1-kursbuch,,3a,2,fill-in,Welche Vokale fehlen? M … NT … G,,,,Montag,A1,none,040
netzwerk-a1-kursbuch,,3b,2,fill-in,Die Vokale sind falsch. Wie heißt das Wort richtig? das Jihr,,,,das Jahr,A1,none,040
netzwerk-a1-kursbuch,,3a,3,fill-in,Welche Vokale fehlen? H … R … N,,,,hören,A1,none,040
netzwerk-a1-kursbuch,,3b,3,fill-in,Die Vokale sind falsch. Wie heißt das Wort richtig? der Buhnhef,,,,der Bahnhof,A1,none,040
netzwerk-a1-kursbuch,,3c,3c,writing-task,Schreiben Sie je drei Wörter wie in 3a und 3b auf einen Zettel. Tauschen Sie die Zettel mit einem anderen Paar. Welches Paar kann alle lösen?,,,,(open-ended),A1,none,040
netzwerk-a1-kursbuch,,3a,4,fill-in,Welche Vokale fehlen? G … H … N,,,,gehen,A1,none,040
netzwerk-a1-kursbuch,,3b,4,fill-in,Die Vokale sind falsch. Wie heißt das Wort richtig? der Bas,,,,der Bus,A1,none,040
netzwerk-a1-kursbuch,,4,4,speaking-task,Diktieren Sie dem Partner / der Partnerin die Zahlen. Er/Sie verbindet die Zahlen im Raster. Was ist es?,,,,(open-ended),A1,none,040
netzwerk-a1-kursbuch,,3a,5,fill-in,Welche Vokale fehlen? L … ND,,,,Land,A1,none,040
netzwerk-a1-kursbuch,,3b,5,fill-in,Die Vokale sind falsch. Wie heißt das Wort richtig? das Boch,,,,das Buch,A1,none,040
netzwerk-a1-kursbuch,,3a,6,fill-in,Welche Vokale fehlen? H … T … L,,,,Hotel,A1,none,040
netzwerk-a1-kursbuch,,3b,6,fill-in,Die Vokale sind falsch. Wie heißt das Wort richtig? die A-Behn,,,,die U-Bahn,A1,none,040
netzwerk-a1-kursbuch,,3a,7,fill-in,Welche Vokale fehlen? K … CH … N,,,,,A1,none,040
netzwerk-a1-kursbuch,,3a,8,fill-in,Welche Vokale fehlen? T … X …,,,,Taxi,A1,none,040
netzwerk-a1-kursbuch,reading,5a,1,matching,"Welche Personen haben den gleichen Beruf? Finden Sie die Paare. 1 Christoph Waltz – Theater- und Film-Schauspieler aus Österreich, lebt in Berlin, London und Los Angeles.",,,,8 (Birgit Minichmayr) – beide Schauspieler,A1,profession,041
netzwerk-a1-kursbuch,reading,5a,2,matching,"Welche Personen haben den gleichen Beruf? 2 Anke Engelke – macht Comedy, wohnt in Köln, singt und spielt in Filmen.",,,,7 (Abdelkarim) – beide Comedy,A1,profession,041
netzwerk-a1-kursbuch,reading,5a,3,matching,"Welche Personen haben den gleichen Beruf? 3 Yvonne Catterfeld – singt und macht Musik, hat ein eigenes Label.",,,,5 (Felix Jaehn) – beide Musik,A1,profession,041
netzwerk-a1-kursbuch,reading,5a,4,matching,"Welche Personen haben den gleichen Beruf? 4 Roger Federer – Tennisspieler, gewinnt viele Turniere, wohnt in Basel.",,,,6 (Laura Dahlmeier) – beide Sport,A1,profession,041
netzwerk-a1-kursbuch,reading,5a,5,matching,"Welche Personen haben den gleichen Beruf? 5 Felix Jaehn – DJ, studiert Musik in London.",,,,3 (Yvonne Catterfeld) – beide Musik,A1,profession,041
netzwerk-a1-kursbuch,speaking,5b,5b,speaking-task,"Welche bekannten Deutschen, Österreicher oder Schweizer kennen Sie noch? Sammeln Sie im Kurs.",,,,(open-ended),A1,profession,041
netzwerk-a1-kursbuch,writing,5c,5c,writing-task,Wählen Sie eine Person. Recherchieren Sie und schreiben Sie einen kurzen Text. Bringen Sie auch ein Foto mit und hängen Sie Ihren Text im Kursraum auf.,,,,(open-ended),A1,profession,041
netzwerk-a1-kursbuch,reading,5a,6,matching,"Welche Personen haben den gleichen Beruf? 6 Laura Dahlmeier – Biathletin mit 16 Medaillen, trainiert viel.",,,,4 (Roger Federer) – beide Sport,A1,profession,041
netzwerk-a1-kursbuch,reading,5a,7,matching,"Welche Personen haben den gleichen Beruf? 7 Abdelkarim – macht Comedy, hat die TV-Show StandUpMigranten.",,,,2 (Anke Engelke) – beide Comedy,A1,profession,041
netzwerk-a1-kursbuch,reading,5a,8,matching,"Welche Personen haben den gleichen Beruf? 8 Birgit Minichmayr – Star aus Österreich, spielt in Filmen und Theatern.",,,,1 (Christoph Waltz) – beide Schauspieler,A1,profession,041
netzwerk-a1-kursbuch,reading,6a,6a,short-answer,"Quiz: In welchem Land sind die Städte? Was sind die Hauptstädte? (Berlin, Bern, Genf, Graz, Köln, Leipzig, Linz, Lugano, München, Salzburg, Wien, Zürich)",,,,,A1,city-places,042
netzwerk-a1-kursbuch,reading,6b,Graz,fill-in,Ergänzen Sie. Graz: Der ___ mit der Uhr ist fast 800 Jahre alt. Er ist 28 Meter hoch und das Symbol von Graz.,,,,Turm,A1,city-places,042
netzwerk-a1-kursbuch,reading,6b,Wien,fill-in,Ergänzen Sie. Wien: Der Stephansdom ist eine ___ im Stadt-Zentrum. Sie ist sehr schön und das Dach hat viele Farben.,,,,Kirche,A1,city-places,042
netzwerk-a1-kursbuch,reading,6b,Zürich,fill-in,"Lesen Sie die Texte und ergänzen Sie die Wörter. Zürich (am See, 40 km lang): Eine Rundfahrt mit dem ___ dauert 1,5 Stunden.",,,,Schiff,A1,city-places,042
netzwerk-a1-kursbuch,speaking,6d,6d,speaking-task,Wählen Sie eine Stadt in D-A-CH und recherchieren Sie (Einwohnerzahl und zwei Informationen). Stellen Sie Ihren Ort kurz vor.,,,,(open-ended),A1,city-places,043
netzwerk-a1-kursbuch,listening,6c,Beatrice,short-answer,Hören Sie drei Personen. Wo ist Beatrice? Notieren Sie.,,,,,A1,city-places,043
netzwerk-a1-kursbuch,reading,6b,Genf,fill-in,Ergänzen Sie. Genf: Der „Jet d’Eau“ – die Wasserfontäne im ___ – ist sehr bekannt. Sie ist 140 Meter hoch.,,,,See,A1,city-places,043
netzwerk-a1-kursbuch,reading,6b,Köln,fill-in,Ergänzen Sie. Köln: Eine ___ mit Aussicht. Hier fahren jeden Tag 1.220 Züge über den Rhein.,,,,Brücke,A1,city-places,043
netzwerk-a1-kursbuch,listening,6c,Laurin,short-answer,Hören Sie drei Personen. Wo ist Laurin? Notieren Sie.,,,,,A1,city-places,043
netzwerk-a1-kursbuch,reading,6b,Leipzig,fill-in,Ergänzen Sie. Leipzig: Das Gewandhaus ist ein Konzerthaus. Hier ist Platz für 1.900 ___ .,,,,Besucher,A1,city-places,043
netzwerk-a1-kursbuch,listening,6c,Pia,short-answer,Hören Sie drei Personen. Wo ist Pia? Notieren Sie.,,,,,A1,city-places,043
netzwerk-a1-kursbuch,vocabulary,1a,1a,matching,Lebensmittel. Welche Wörter kennen Sie auf Deutsch? Verbinden Sie.,,,,,A1,food,044
netzwerk-a1-kursbuch,vocabulary,1b,1b,open-ended,Welche Wörter sind in Ihrer Muttersprache ähnlich? Sammeln Sie im Kurs.,,,,(open-ended),A1,food,044
netzwerk-a1-kursbuch,listening,2a,Bäckerei,matching,Beim Einkaufen. Hören Sie. Welches Gespräch passt zur Bäckerei?,,,,,A1,shopping,044
netzwerk-a1-kursbuch,listening,2a,Markt,matching,Beim Einkaufen. Hören Sie. Welches Gespräch passt zum Markt?,,,,,A1,shopping,044
netzwerk-a1-kursbuch,listening,2a,Metzgerei,matching,Beim Einkaufen. Hören Sie. Welches Gespräch passt zur Metzgerei?,,,,,A1,shopping,044
netzwerk-a1-kursbuch,listening,2a,Supermarkt,matching,Beim Einkaufen. Hören Sie. Welches Gespräch passt zum Supermarkt?,,,,,A1,shopping,044
netzwerk-a1-kursbuch,listening,2b,2b,short-answer,"Hören Sie noch einmal. Welche Wörter hören Sie? Kreuzen Sie an. (Schinken, Fleisch, Kartoffeln, Brot, Marmelade, Wurst, Kuchen, Brötchen, Milch, Apfel, Banane, Käse)",,,,,A1,food,045
netzwerk-a1-kursbuch,,2c,2c,matching,"Geschäfte: Wo kaufen Sie die Lebensmittel aus 2b? Ordnen Sie zu und vergleichen Sie. (Bäckerei, Markt, Metzgerei, Supermarkt)",,,,,A1,shopping,045
netzwerk-a1-kursbuch,reading,3a,3a,multiple-choice,Die Einladung: „Wir grillen heute Abend bei uns. Kommt ihr?“ Welche Antwort passt?,Wo seid ihr? Wir warten schon – das Essen ist gleich fertig.,Gern. Wir kommen und kaufen Fleisch. Bis später!,Danke für die Einladung. Wir haben morgen keine Zeit. Aber vielleicht am Wochenende?,Gern. Wir kommen und kaufen Fleisch. Bis später!,A1,food,046
netzwerk-a1-kursbuch,reading,3b,3b,short-answer,Mario und Elena planen eine Grillparty. Schreiben Sie die Einkaufszettel für Mario und Elena.,,,,"Mario (Supermarkt): Käse, Öl, Getränke; Elena (Markt): Eier, Tomaten, Gurke, Brot",A1,food,046
netzwerk-a1-kursbuch,listening,3c,3c,short-answer,Hören Sie noch einmal. Was machen Mario und Elena nach dem Einkauf?,,,,,A1,food,046
netzwerk-a1-kursbuch,speaking,4,4,speaking-task,Zusammen essen. Arbeiten Sie zu viert. Wer macht was? Schreiben Sie einen Einkaufszettel. Wer kauft was? Wer kocht?,,,,(open-ended),A1,food,046
netzwerk-a1-kursbuch,,5a,5a,speaking-task,"Umlaute ä – ö – ü. Hören Sie und sprechen Sie nach. (Apfel – Äpfel, Saft – Säfte, Brot – Brötchen, Markt – Märkte)",,,,(open-ended),A1,food,046
netzwerk-a1-kursbuch,,5b,5b,speaking-task,Hören Sie ein Wort mit Umlaut? Stehen Sie auf. Sprechen Sie dann die Wörter nach.,,,,(open-ended),A1,food,046
netzwerk-a1-kursbuch,,3d,Brot,fill-in,Akkusativ. Ergänzen Sie die Tabelle (neutrum): ___ / ___ / kein Brot,,,,das; ein,A1,food,046
netzwerk-a1-kursbuch,,3d,Gurke,fill-in,Akkusativ. Ergänzen Sie die Tabelle (feminin): ___ / ___ / keine Gurke,,,,die; eine,A1,food,046
netzwerk-a1-kursbuch,,3d,Käse,fill-in,Akkusativ. Ergänzen Sie die Tabelle (maskulin): den / einen / ___ Käse,,,,keinen,A1,food,046
netzwerk-a1-kursbuch,,3d,Tomaten,fill-in,Akkusativ. Ergänzen Sie die Tabelle (Plural): ___ / – / keine Tomaten,,,,die,A1,food,046
netzwerk-a1-kursbuch,listening,6a,1,matching,"Hören Sie und lesen Sie die Dialoge. Welches Bild passt? Dialog 1: „Ich brauche einen Euro für den Einkaufswagen. Können Sie wechseln, bitte?“",,,,,A1,shopping,047
netzwerk-a1-kursbuch,listening,6a,2,matching,Welches Bild passt? Dialog 2: „Was kostet der Apfelsaft?“ … „Und wie viel kostet der Orangensaft?“,,,,,A1,shopping,047
netzwerk-a1-kursbuch,listening,6a,3,matching,"Welches Bild passt? Dialog 3: „Wer kommt dran?“ … „Ich möchte ein Stück Emmentaler, bitte.“ … „150 Gramm Schinken.“",,,,,A1,shopping,047
netzwerk-a1-kursbuch,listening,6a,4,matching,"Welches Bild passt? Dialog 4: „Entschuldigung, wo finde ich Reis?“ – „Dort rechts.“",,,,,A1,shopping,047
netzwerk-a1-kursbuch,listening,6a,5,matching,"Welches Bild passt? Dialog 5: „Ich brauche noch eine Tüte, bitte.“ … „Das macht dann 18,65 Euro.“",,,,,A1,shopping,047
netzwerk-a1-kursbuch,speaking,6b,6b,speaking-task,Spielen und variieren Sie die Dialoge in 6a.,,,,(open-ended),A1,shopping,047
netzwerk-a1-kursbuch,speaking,6c,6c,speaking-task,Recherchieren Sie die Preise für drei bis fünf Lebensmittel in D-A-CH und berichten Sie.,,,,(open-ended),A1,shopping,047
netzwerk-a1-kursbuch,listening,7a,1,matching,"Schmeckt’s? Hören Sie und lesen Sie die Dialoge. Welches Foto passt? Dialog 1: „Guten Appetit!“ … „Mmh, ja, das Fleisch schmeckt sehr gut!“",,,,,A1,food,048
netzwerk-a1-kursbuch,listening,8a,1,fill-in,Wer möchte was? Hören Sie und ergänzen Sie. Der Mann möchte ein ___.,,,,,A1,food,048
netzwerk-a1-kursbuch,listening,7a,2,matching,"Welches Foto passt? Dialog 2: „Möchtet ihr noch ein Würstchen?“ … „Nein, danke, ich bin satt.“",,,,,A1,food,048
netzwerk-a1-kursbuch,listening,8a,2,fill-in,Wer möchte was? Die Frau trinkt gern ___.,,,,,A1,food,048
netzwerk-a1-kursbuch,listening,7a,3,matching,"Welches Foto passt? Dialog 3: „Möchtest du Salat?“ – „Nein, danke. Ich esse keine Gurken.“",,,,,A1,food,048
netzwerk-a1-kursbuch,listening,8a,3,fill-in,Wer möchte was? Der Mann möchte keine ___.,,,,,A1,food,048
netzwerk-a1-kursbuch,speaking,7b,7b,speaking-task,"Spielen Sie Dialoge (Guten Appetit! / Möchtest du noch …? / Nein, danke, ich bin satt.).",,,,(open-ended),A1,food,048
netzwerk-a1-kursbuch,speaking,8b,8b,speaking-task,Was essen und trinken Sie gern? Machen Sie ein Interview mit Ihrem Partner / Ihrer Partnerin und berichten Sie.,,,,(open-ended),A1,food,048
netzwerk-a1-kursbuch,reading,9a,9a,short-answer,"Umfrage „Was essen Sie?“. Lesen Sie einen Text und machen Sie Notizen: Wer isst wann was? (morgens, vormittags, mittags, nachmittags, abends)",,,,,A1,food,049
netzwerk-a1-kursbuch,speaking,9b,9b,speaking-task,Was essen und trinken die Personen? Erzählen Sie. (Morgens mag Lina … / Maria isst mittags …),,,,(open-ended),A1,food,049
netzwerk-a1-kursbuch,writing,9c,9c,writing-task,Was essen Sie wann? Schreiben Sie einen Text wie in 9a.,,,,(open-ended),A1,food,049
netzwerk-a1-kursbuch,vocabulary,10b,1,fill-in,Wörter in Paaren lernen. Ergänzen Sie. das Brot und ___,,,,die Brötchen,A1,food,050
netzwerk-a1-kursbuch,vocabulary,10a,10a,open-ended,"Eine Mindmap machen. Arbeiten Sie in Gruppen: „Essen und Trinken“ (Lebensmittel, Getränke, Geschäfte, Mahlzeiten).",,,,(open-ended),A1,food,050
netzwerk-a1-kursbuch,vocabulary,10c,10c,open-ended,Was passt für Sie zusammen? Bilden Sie Wortgruppen und vergleichen Sie im Kurs.,,,,(open-ended),A1,mixed,050
netzwerk-a1-kursbuch,vocabulary,10b,2,fill-in,Ergänzen Sie. der Kaffee und ___,,,,der Kuchen,A1,food,050
netzwerk-a1-kursbuch,vocabulary,10b,3,fill-in,Ergänzen Sie. das Salz und ___,,,,der Pfeffer,A1,food,050
netzwerk-a1-kursbuch,vocabulary,10b,4,fill-in,Ergänzen Sie. Obst und ___,,,,Gemüse,A1,food,050
netzwerk-a1-kursbuch,vocabulary,10b,5,fill-in,Ergänzen Sie. der Essig und ___,,,,das Öl,A1,food,050
netzwerk-a1-kursbuch,vocabulary,10b,6,fill-in,Ergänzen Sie. Essen und ___,,,,Trinken,A1,food,050
netzwerk-a1-kursbuch,reading,11,1,short-answer,Koch am Bodensee. Wo arbeitet Max Schmidt?,,,,Als Koch im Restaurant „Esszimmer“ in der Altstadt von Konstanz (am Bodensee).,A1,profession,051
netzwerk-a1-kursbuch,reading,11,2,short-answer,Was macht er auf dem Markt?,,,,"Er kauft Tomaten, Champignons, Salat, Kartoffeln, Zwiebeln und frischen Fisch.",A1,profession,051
netzwerk-a1-kursbuch,reading,11,3,short-answer,Was macht er im Restaurant?,,,,"Er wäscht, schält und schneidet das Gemüse.",A1,profession,051
netzwerk-a1-kursbuch,reading,11,4,short-answer,Wie findet er seinen Beruf?,,,,"Er mag seine Arbeit; Kochen ist Beruf und Hobby, kreativ und macht Spaß, aber oft stressig.",A1,profession,051
netzwerk-a1-kursbuch,reading,11,5,short-answer,Wann arbeitet er?,,,,Von 6 bis 15 Uhr oder von 13 bis 22 Uhr; am Wochenende abends oft länger.,A1,profession,051
netzwerk-a1-kursbuch,listening,12c,1,fill-in,Was kaufen Anna und Luca? Ergänzen Sie. Ä _ _ _ _,,,,Äpfel,A1,food,052
netzwerk-a1-kursbuch,listening,12a,12a,fill-in,"Beas Idee. Sehen Sie Szene 8. Was will die WG am Nachmittag machen? Bea, Anna, Max und Luca wollen zusammen ___",,,,einen Apfelkuchen backen,A1,food,052
netzwerk-a1-kursbuch,listening,12b,12b,multiple-choice,Anna und Luca gehen in den Supermarkt. Welcher Einkaufszettel passt?,"Kaffee, Milch, Mehl, Eier, Zucker, Orangensaft, Cola, Sahne","Zucker, Eier, Mehl, Äpfel, Butter, Orangensaft, Cola, Sahne","Zucker, Eier, Mehl, Brot, Müsli, Orangensaft, Cola, Sahne","Zucker, Eier, Mehl, Äpfel, Butter, Orangensaft, Cola, Sahne",A1,food,052
netzwerk-a1-kursbuch,listening,13a,13a,ordering,Der WG-Nachmittag. Sehen Sie Szene 9 und bringen Sie die sechs Fotos (A–F) in die richtige Reihenfolge. (F = 1),,,,,A1,food,052
netzwerk-a1-kursbuch,listening,13b,13b,ordering,Ordnen Sie die Sätze den Fotos zu und lesen Sie sie in der richtigen Reihenfolge: 1 Alle trinken Kaffee und essen Kuchen. 2 Bea und Max machen einen Apfelkuchen. 3 Max findet Mehl und Zucker. 4 Max braucht Eier. Er geht zu Frau Müller. 5 Anna und Luca kommen mit Kuchen nach Hause. 6 Max bringt Frau Müller ein Stück Kuchen.,,,,,A1,food,052
netzwerk-a1-kursbuch,writing,13c,13c,writing-task,Sie möchten Ihren Lieblingskuchen backen. Was brauchen Sie? Notieren Sie.,,,,(open-ended),A1,food,052
netzwerk-a1-kursbuch,listening,12c,2,fill-in,Was kaufen Anna und Luca? B _ _ _ _ _,,,,Butter,A1,food,052
netzwerk-a1-kursbuch,listening,12c,3,fill-in,Was kaufen Anna und Luca? T _ _ _ _ _ _,,,,,A1,food,052
netzwerk-a1-kursbuch,listening,12c,4,fill-in,Was kaufen Anna und Luca? eine G _ _ _ _,,,,Gurke,A1,food,052
netzwerk-a1-kursbuch,listening,12c,5,fill-in,Was kaufen Anna und Luca? S _ _ _ _ _ _,,,,,A1,food,052
netzwerk-a1-kursbuch,listening,12c,6,fill-in,Was kaufen Anna und Luca? K _ _ _,,,,,A1,food,052
netzwerk-a1-kursbuch,listening,1a,1,matching,Was macht Kaan? Ordnen Sie die Fotos den Sätzen zu. 1 Kaan geht in die Mensa.,,,,B,A1,daily-routine,054
netzwerk-a1-kursbuch,listening,1b,1b,short-answer,Wann macht Kaan was? Hören Sie und nummerieren Sie die Fotos. Erzählen Sie.,,,,,A1,daily-routine,054
netzwerk-a1-kursbuch,listening,1a,2,matching,Ordnen Sie zu. 2 Kaan trifft Marie.,,,,,A1,daily-routine,054
netzwerk-a1-kursbuch,listening,2a,2a,short-answer,"Was macht Kaan am Sonntag? Hören Sie das Gespräch und markieren Sie. (Zeitung lesen, mit der Familie zu Mittag essen, lange schlafen, Fußball spielen, Freunde treffen, lernen, Oma besuchen, Pizza essen, Marie treffen, in den Supermarkt gehen, ins Kino gehen, am Computer arbeiten)",,,,,A1,daily-routine,054
netzwerk-a1-kursbuch,listening,1a,3,matching,Ordnen Sie zu. 3 Er fährt in die Uni.,,,,,A1,daily-routine,054
netzwerk-a1-kursbuch,listening,1a,4,matching,Ordnen Sie zu. 4 Kaan duscht.,,,,,A1,daily-routine,054
netzwerk-a1-kursbuch,listening,1a,5,matching,Ordnen Sie zu. 5 Er lernt in der Bibliothek.,,,,,A1,daily-routine,054
netzwerk-a1-kursbuch,listening,1a,6,matching,Ordnen Sie zu. 6 Er besucht seine Oma.,,,,A,A1,family,054
netzwerk-a1-kursbuch,listening,1a,7,matching,Ordnen Sie zu. 7 Kaan frühstückt und liest Nachrichten.,,,,,A1,daily-routine,054
netzwerk-a1-kursbuch,speaking,Übung 2b,2b,speaking-task,Arbeiten Sie zu zweit und sprechen Sie abwechselnd.,,,,(open-ended),A1,daily-routine,055
netzwerk-a1-kursbuch,speaking,Übung 3a,3a,speaking-task,Und Ihr Tag? Erzählen Sie. Die anderen raten: Ist das am Wochenende oder nicht?,,,,(open-ended),A1,daily-routine,055
netzwerk-a1-kursbuch,speaking,Übung 3b,3b,writing-task,"Montag, Dienstag, Mittwoch … Mein Tag. Machen Sie fünf Fotos zu einem Tag und schreiben Sie zu jedem Foto einen Satz. Präsentieren Sie in Gruppen.",,,,(open-ended),A1,daily-routine,055
netzwerk-a1-kursbuch,listening,Übung 4a,4a,matching,"Die Uhrzeiten. Hören Sie die Gespräche und ordnen Sie die Bilder zu (A Kino, B Bahnhof, C Schlafzimmer, D Büro).",,,,,A1,time-dates,056
netzwerk-a1-kursbuch,listening,Übung 4b,4b-1,matching,Ordnen Sie die Uhrzeiten den Bildern zu: fünf vor zwei,,,,,A1,time-dates,056
netzwerk-a1-kursbuch,listening,Übung 4b,4b-2,matching,Ordnen Sie die Uhrzeiten den Bildern zu: halb sieben,,,,,A1,time-dates,056
netzwerk-a1-kursbuch,listening,Übung 4b,4b-3,matching,Ordnen Sie die Uhrzeiten den Bildern zu: zwanzig vor acht,,,,A,A1,time-dates,056
netzwerk-a1-kursbuch,listening,Übung 4b,4b-4,matching,Ordnen Sie die Uhrzeiten den Bildern zu: zehn nach neun,,,,,A1,time-dates,056
netzwerk-a1-kursbuch,speaking,Übung 5a,5a,speaking-task,Wie spät ist es? Fragen und antworten Sie.,,,,(open-ended),A1,time-dates,056
netzwerk-a1-kursbuch,listening,Übung 5b,5b,fill-in,Uhrzeit offiziell. Wann? Hören Sie und notieren Sie die Uhrzeit (1.–5.).,,,,,A1,time-dates,056
netzwerk-a1-kursbuch,speaking,Übung 5c,5c,speaking-task,Wie sagt man die Uhrzeiten in Ihrer Sprache? Vergleichen Sie.,,,,(open-ended),A1,communication,056
netzwerk-a1-kursbuch,speaking,Übung 6,6,speaking-task,Wann …? – Um … Notieren Sie fünf Fragen. Arbeiten Sie dann zu zweit. Fragen und antworten Sie.,,,,(open-ended),A1,time-dates,056
netzwerk-a1-kursbuch,reading,Übung 7a,7a-1,fill-in,Sehen Sie den Kalender von Familie Dobart an. Ergänzen Sie: Hannes ist … in Hamburg.,,,,von Sonntag bis Dienstag,A1,family,057
netzwerk-a1-kursbuch,reading,Übung 7a,7a-2,fill-in,Ergänzen Sie: Mara arbeitet …,,,,von Freitag bis Sonntag,A1,family,057
netzwerk-a1-kursbuch,reading,Übung 7a,7a-3,fill-in,Ergänzen Sie: Florian hat … kein Spiel.,,,,am Sonntag,A1,family,057
netzwerk-a1-kursbuch,reading,Übung 7a,7a-4,fill-in,Ergänzen Sie: Lena hat … Geigenunterricht.,,,,am Montag,A1,family,057
netzwerk-a1-kursbuch,reading,Übung 7a,7a-5,fill-in,Ergänzen Sie: Mara trifft … Annalisa.,,,,am Dienstag,A1,family,057
netzwerk-a1-kursbuch,listening,Übung 7b,7b-1,true-false,Sind die Sätze richtig oder falsch? Mara Dobart telefoniert mit der Musikschule.,richtig,falsch,,,A1,family,057
netzwerk-a1-kursbuch,listening,Übung 7b,7b-2,true-false,Richtig oder falsch? Die Tochter Lena ist am Montag bis 19:00 Uhr in der Schule.,richtig,falsch,,,A1,family,057
netzwerk-a1-kursbuch,listening,Übung 7b,7b-3,true-false,Richtig oder falsch? Der Sohn Florian kommt am Dienstag zum Trompetenunterricht.,richtig,falsch,,,A1,family,057
netzwerk-a1-kursbuch,listening,Übung 7b,7b-4,true-false,Richtig oder falsch? Florian ist krank und bleibt zu Hause.,richtig,falsch,,,A1,family,057
netzwerk-a1-kursbuch,,Übung 8a,8a,fill-in,Mara Dobart beschreibt ihre Familie. Ergänzen Sie die Possessivartikel (mein/meine …).,,,,,A1,family,057
netzwerk-a1-kursbuch,writing,Übung 8b,8b,writing-task,Schreiben Sie einen Text wie in 8a über Ihre (Fantasie-)Familie.,,,,(open-ended),A1,family,057
netzwerk-a1-kursbuch,listening,Übung 9,9,multiple-choice,"„r“ hören. Wo hören Sie „r“, wo hören Sie „a“? Kreuzen Sie an (hören, Vater, treffen, Schwester, Trompete, Tochter, krank, Uhr, Büro, Computer). Wie ist die Regel?",r,a,,,A1,none,057
netzwerk-a1-kursbuch,reading,Übung 10a,10a-1,matching,Ordnen Sie die Sätze den Fotos zu: Hannes und sein Motorrad.,,,,C,A1,family,058
netzwerk-a1-kursbuch,reading,Übung 10a,10a-2,matching,Ordnen Sie die Sätze den Fotos zu: Mara und ihr Sport.,,,,F,A1,family,058
netzwerk-a1-kursbuch,reading,Übung 10a,10a-3,matching,Ordnen Sie die Sätze den Fotos zu: Der Computer ist mein Hobby.,,,,E,A1,family,058
netzwerk-a1-kursbuch,reading,Übung 10a,10a-4,matching,Ordnen Sie die Sätze den Fotos zu: Lena und ihre Geige.,,,,D,A1,family,058
netzwerk-a1-kursbuch,reading,Übung 10a,10a-5,matching,Ordnen Sie die Sätze den Fotos zu: Unser Hund Otto liebt seinen Ball.,,,,B,A1,family,058
netzwerk-a1-kursbuch,reading,Übung 10a,10a-6,matching,Ordnen Sie die Sätze den Fotos zu: Unsere Familie – alle zusammen.,,,,A,A1,family,058
netzwerk-a1-kursbuch,reading,Übung 10b,10b,fill-in,Das Gästebuch. Lesen Sie die Einträge und ergänzen Sie die Possessivartikel.,,,,,A1,family,058
netzwerk-a1-kursbuch,speaking,Übung 10c,10c,speaking-task,Machen Sie zwei Stapel (Pronomen / Nomen plus Artikel). Ziehen Sie abwechselnd zwei Karten und bilden Sie Sätze.,,,,(open-ended),A1,family,058
netzwerk-a1-kursbuch,reading,Übung 11a,11a,short-answer,"Stress! Lesen Sie die E-Mail. Markieren Sie die Modalverben können, müssen und wollen. Unterstreichen Sie dann die anderen Verben.",,,,,A1,communication,059
netzwerk-a1-kursbuch,speaking,Übung 11b,11b,speaking-task,Was muss Mara machen? Was kann sie (nicht) machen? Was will sie machen? Berichten Sie.,,,,(open-ended),A1,communication,059
netzwerk-a1-kursbuch,reading,Übung 11c,11c-1,fill-in,Ergänzen Sie das Modalverb: Wir (1) ___ uns gern am Mittwoch treffen.,,,,können,A1,communication,059
netzwerk-a1-kursbuch,reading,Übung 11c,11c-2,fill-in,Ergänzen Sie das Modalverb: Ich (2) ___ bis 16 Uhr arbeiten.,,,,,A1,communication,059
netzwerk-a1-kursbuch,reading,Übung 11c,11c-3,fill-in,Ergänzen Sie das Modalverb: Aber dann (3) ___ wir uns sehen.,,,,,A1,communication,059
netzwerk-a1-kursbuch,reading,Übung 11c,11c-4,fill-in,Ergänzen Sie das Modalverb: (4) ___ du zum Yoga gehen oder,,,,,A1,communication,059
netzwerk-a1-kursbuch,reading,Übung 11c,11c-5,fill-in,Ergänzen Sie das Modalverb: (5) ___ wir joggen?,,,,,A1,communication,059
netzwerk-a1-kursbuch,reading,Übung 11c,11c-6,fill-in,Ergänzen Sie das Modalverb: (6) ___ ihr kommen?,,,,,A1,communication,059
netzwerk-a1-kursbuch,reading,Übung 11c,11c-7,fill-in,"Ergänzen Sie das Modalverb: Wir (7) ___ ja morgen telefonieren, okay?",,,,,A1,communication,059
netzwerk-a1-kursbuch,speaking,Übung 12,12,speaking-task,Hören Sie das Gespräch und variieren Sie den Dialog dreimal mit verschiedenen Personen.,,,,(open-ended),A1,communication,059
netzwerk-a1-kursbuch,listening,Übung 13a,13a-1,matching,"Termin beim Arzt. Ordnen Sie die Aussagen zu: Guten Tag, Praxis Dr. Steinig, Svetlana Keller. Was kann ich für Sie tun?",,,,C,A1,communication,060
netzwerk-a1-kursbuch,listening,Übung 13a,13a-2,matching,Ordnen Sie zu: Können Sie am Freitag um 10:45 Uhr kommen?,,,,B,A1,communication,060
netzwerk-a1-kursbuch,listening,Übung 13a,13a-3,matching,"Ordnen Sie zu: Nein, leider nicht, am Montag ist nichts frei. Geht es am Mittwoch um 11:30 Uhr?",,,,D,A1,communication,060
netzwerk-a1-kursbuch,listening,Übung 13a,13a-4,matching,"Ordnen Sie zu: Also Mittwoch um 11:30 Uhr. Wie ist noch mal Ihr Name, bitte?",,,,E,A1,communication,060
netzwerk-a1-kursbuch,listening,Übung 13a,13a-5,matching,"Ordnen Sie zu: Danke, Frau Dobart. Bis Mittwoch. Auf Wiederhören.",,,,A,A1,communication,060
netzwerk-a1-kursbuch,speaking,Übung 13b,13b,speaking-task,Lesen Sie den Dialog mit einem Partner / einer Partnerin.,,,,(open-ended),A1,communication,060
netzwerk-a1-kursbuch,speaking,Übung 14,14,speaking-task,Vereinbaren Sie einen Termin. Wählen Sie eine Rollenkarte und spielen Sie die Dialoge.,,,,(open-ended),A1,communication,060
netzwerk-a1-kursbuch,reading,Übung 15a,15a,short-answer,Lesen Sie und sehen Sie die Bilder an. Kann man hier zu spät kommen? Wie viele Minuten? Markieren und vergleichen Sie.,,,,(open-ended),A1,communication,061
netzwerk-a1-kursbuch,listening,Übung 15b,15b,fill-in,"Hören Sie. Wie viele Minuten sind die Personen zu spät? Ist das ein Problem? Ergänzen Sie die Tabelle (Arzt, Bar, Firma, Abendessen).",,,,,A1,communication,061
netzwerk-a1-kursbuch,speaking,Übung 15c,15c-1,matching,"A wartet, B kommt zu spät. Wer sagt das? Es tut mir leid, ich bin zu spät.",A,B,,B,A1,communication,061
netzwerk-a1-kursbuch,speaking,Übung 15c,15c-2,matching,Wer sagt das (A oder B)? Kein Problem.,A,B,,A,A1,communication,061
netzwerk-a1-kursbuch,speaking,Übung 15c,15c-3,matching,Wer sagt das (A oder B)? Bitte entschuldigen Sie.,A,B,,B,A1,communication,061
netzwerk-a1-kursbuch,speaking,Übung 15c,15c-4,matching,"Wer sagt das (A oder B)? Entschuldigung, bitte.",A,B,,B,A1,communication,061
netzwerk-a1-kursbuch,speaking,Übung 15c,15c-5,matching,Wer sagt das (A oder B)? Das nächste Mal bitte pünktlich!,A,B,,A,A1,communication,061
netzwerk-a1-kursbuch,speaking,Übung 15c,15c-6,matching,Wer sagt das (A oder B)? Macht nichts.,A,B,,A,A1,communication,061
netzwerk-a1-kursbuch,speaking,Übung 15c,15c-7,matching,Wer sagt das (A oder B)? Schon gut.,A,B,,A,A1,communication,061
netzwerk-a1-kursbuch,speaking,Übung 15c,15c-8,matching,Wer sagt das (A oder B)? Ich bitte um Entschuldigung.,A,B,,B,A1,communication,061
netzwerk-a1-kursbuch,speaking,Übung 15d,15d,speaking-task,Arbeiten Sie in Gruppen und spielen Sie die Situationen aus 15a.,,,,(open-ended),A1,communication,061
netzwerk-a1-kursbuch,listening,Übung 16,16,ordering,"Wir gehen joggen. Sehen Sie Szene 10. Was passiert zuerst, was später? Ordnen Sie die Aussagen (Max schläft noch / Anna klopft / kein Brot da / …).",,,,,A1,mixed,062
netzwerk-a1-kursbuch,listening,Übung 17,17,fill-in,"Wo ist Max? Sehen Sie Szene 11. Wer macht das? Ergänzen Sie die Namen Anna, Bea, Luca und Max.",,,,,A1,mixed,062
netzwerk-a1-kursbuch,speaking,Übung 18a,18a,multiple-choice,"Was glauben Sie: Was machen Luca, Bea und Anna? Kreuzen Sie an (kochen / Restaurant / Max schreiben / online bestellen / Supermarkt).",,,,(open-ended),A1,mixed,062
netzwerk-a1-kursbuch,listening,Übung 18b,18b,short-answer,"Mmh, lecker. Sehen Sie Szene 12. Sind Ihre Vermutungen aus 18a richtig?",,,,,A1,mixed,062
netzwerk-a1-kursbuch,listening,Übung 18c,18c,matching,Sehen Sie Szene 12 noch einmal. Zu welchen Fotos (A/B) passen die Denkblasen? Ordnen Sie zu.,,,,,A1,mixed,062
netzwerk-a1-kursbuch,speaking,Übung 1a,1a,speaking-task,Sehen Sie die Fotos an. Welche Freizeitaktivität passt? Raten Sie.,,,,(open-ended),A1,hobby,064
netzwerk-a1-kursbuch,speaking,Übung 1b,1b,speaking-task,Welche Wörter in 1a sind ähnlich in Ihrer Sprache oder kennen Sie schon aus anderen Sprachen?,,,,(open-ended),A1,hobby,064
netzwerk-a1-kursbuch,speaking,Übung 1c,1c,speaking-task,Arbeiten Sie zu zweit. Wählen Sie drei Fotos. Notieren Sie zu den Fotos fünf Wörter. Das Wörterbuch hilft. Wer ist zuerst fertig?,,,,(open-ended),A1,hobby,065
netzwerk-a1-kursbuch,listening,Übung 2a,2a,short-answer,Hören Sie. Um welche Freizeitaktivitäten geht es? Notieren Sie (1.–4.).,,,,,A1,hobby,065
netzwerk-a1-kursbuch,speaking,Übung 2b,2b,speaking-task,Welche Freizeitaktivitäten mögen Sie? Suchen Sie Fotos und machen Sie Ratebilder oder spielen Sie Pantomime. Die anderen raten.,,,,(open-ended),A1,hobby,065
netzwerk-a1-kursbuch,reading,Übung 3a,3a,short-answer,Sofias Geburtstag. Lesen Sie: Was planen Marc und Anne?,,,,(open-ended),A1,time-dates,066
netzwerk-a1-kursbuch,reading,Übung 3b,3b-1,fill-in,Ergänzen Sie: Am 16.7. ___ Sofia Geburtstag.,,,,hat,A1,time-dates,066
netzwerk-a1-kursbuch,reading,Übung 3b,3b-2,fill-in,Ergänzen Sie: Sofia ___ am 17.7.,,,,arbeitet,A1,time-dates,066
netzwerk-a1-kursbuch,reading,Übung 3b,3b-3,fill-in,Ergänzen Sie: Am 18.7. ___ die Freunde mit Sofia.,,,,feiern,A1,time-dates,066
netzwerk-a1-kursbuch,reading,Übung 3b,3b-4,fill-in,Ergänzen Sie: Am 19.7. ___ Sofia ihre Eltern.,,,,besucht,A1,time-dates,066
netzwerk-a1-kursbuch,listening,Übung 4a,4a,fill-in,Wann haben die Personen Geburtstag? Hören Sie und notieren Sie das Datum (Marc; Susanne und Laura; Sven; Lena). Was ist besonders?,,,,,A1,time-dates,066
netzwerk-a1-kursbuch,listening,Übung 5a,5a,matching,"ei, eu, au. Wann haben die Personen Geburtstag? Hören und verbinden Sie (Rauter/Reuter/Reiter/Beimer/Beumer/Baumer mit März–August).",,,,,A1,time-dates,066
netzwerk-a1-kursbuch,listening,Übung 5b,5b,speaking-task,Hören Sie und sprechen Sie nach.,,,,(open-ended),A1,none,066
netzwerk-a1-kursbuch,reading,Übung 6a,6a,short-answer,Die Einladung. Lesen Sie und beschreiben Sie: Was wollen die Freunde machen?,,,,(open-ended),A1,communication,067
netzwerk-a1-kursbuch,reading,Übung 6b,6b,short-answer,"Markieren Sie die Verben mitmachen, einladen, anfangen, abholen, mitbringen, einsammeln, anrufen und mitkommen. Was ist besonders?",,,,,A1,communication,067
netzwerk-a1-kursbuch,,Übung 6c,6c-1,ordering,"Bilden Sie Sätze, beginnen Sie mit den markierten Wörtern: Marc und Anne / alle Freunde / einladen.",,,,Marc und Anne laden alle Freunde ein.,A1,communication,067
netzwerk-a1-kursbuch,,Übung 6c,6c-2,ordering,Bilden Sie einen Satz: der Tag / um 10 Uhr / anfangen.,,,,Der Tag fängt um 10 Uhr an.,A1,communication,067
netzwerk-a1-kursbuch,,Übung 6c,6c-3,ordering,Bilden Sie einen Satz: sie / Sofia / zusammen / abholen.,,,,Sie holen Sofia zusammen ab.,A1,communication,067
netzwerk-a1-kursbuch,,Übung 6c,6c-4,ordering,Bilden Sie einen Satz: Marc und Anne / das Essen / mitbringen (beginnen Sie mit „das Essen“).,,,,Das Essen bringen Marc und Anne mit.,A1,communication,067
netzwerk-a1-kursbuch,,Übung 6c,6c-5,ordering,Bilden Sie einen Satz: sie / bei Regen / alle / anrufen (beginnen Sie mit „bei Regen“).,,,,Bei Regen rufen sie alle an.,A1,communication,067
netzwerk-a1-kursbuch,,Übung 6c,6c-6,ordering,Bilden Sie einen Satz: Marc und Anne / Geld / einsammeln.,,,,Marc und Anne sammeln Geld ein.,A1,communication,067
netzwerk-a1-kursbuch,,Übung 6c,6c-7,ordering,Bilden Sie einen Satz: viele Freunde / am Samstag / können / mitkommen (beginnen Sie mit „am Samstag“).,,,,Am Samstag können viele Freunde mitkommen.,A1,communication,067
netzwerk-a1-kursbuch,speaking,Übung 7a,7a-1,speaking-task,Wie feiern Sie Geburtstag? Fragen Sie: Wen lädst du ein?,,,,(open-ended),A1,communication,067
netzwerk-a1-kursbuch,speaking,Übung 7a,7a-2,speaking-task,Fragen Sie: Wer ruft am Geburtstag an?,,,,(open-ended),A1,communication,067
netzwerk-a1-kursbuch,speaking,Übung 7a,7a-3,speaking-task,Fragen Sie: Was kaufst du für dein Fest ein?,,,,(open-ended),A1,communication,067
netzwerk-a1-kursbuch,speaking,Übung 7a,7a-4,speaking-task,Fragen Sie: Wann fängt das Fest an? Wann hört es auf?,,,,(open-ended),A1,communication,067
netzwerk-a1-kursbuch,speaking,Übung 7a,7a-5,speaking-task,Fragen Sie: Bringen deine Gäste etwas mit? Was?,,,,(open-ended),A1,communication,067
netzwerk-a1-kursbuch,speaking,Übung 7b,7b,speaking-task,Suchen Sie einen anderen Partner / eine andere Partnerin und berichten Sie von Ihrem Interview.,,,,(open-ended),A1,communication,067
netzwerk-a1-kursbuch,writing,Übung 8,8,writing-task,Ein Fest mit Freunden. Schreiben Sie eine Einladungs-Mail (Wann? Wo? Was?). Machen Sie zuerst Notizen.,,,,(open-ended),A1,communication,067
netzwerk-a1-kursbuch,listening,Übung 10a,10a,multiple-choice,"Die Bestellung. Hören Sie das Gespräch. Was bestellen Jan und Leela? Kreuzen Sie an (Apfelsaftschorle, Cola, Wasser, Salat mit Käse, Pizza mit Gemüse).",,,,Jan: Apfelsaftschorle + Pizza mit Gemüse; Leela: Cola + Salat mit Käse; Wasser für den Hund,A1,restaurant,068
netzwerk-a1-kursbuch,listening,Übung 10b,10b,fill-in,Personalpronomen im Akkusativ. Hören Sie noch einmal einen Teil des Gesprächs aus 10a. Ergänzen Sie (Für ___ bitte …).,,,,,A1,restaurant,068
netzwerk-a1-kursbuch,speaking,Übung 10c,10c,speaking-task,Für wen ist was? Spielen Sie zu zweit. Würfeln Sie zwei Mal und bilden Sie Sätze.,,,,(open-ended),A1,restaurant,068
netzwerk-a1-kursbuch,speaking,Übung 9,9,speaking-task,Jan trifft Leela. Sehen Sie die Bilder an. Was passiert? Wie ist das in Ihrem Land? Erzählen Sie.,,,,(open-ended),A1,restaurant,068
netzwerk-a1-kursbuch,speaking,Übung 11,11,speaking-task,Was möchten Sie? Spielen Sie zu dritt Dialoge (Speisekarte und Getränke).,,,,(open-ended),A1,restaurant,069
netzwerk-a1-kursbuch,listening,Übung 12a,12a,ordering,"Bezahlen im Restaurant. Hören Sie und ordnen Sie den Dialog. Wer sagt was? (Zusammen oder getrennt? / Das macht dann 25,30 € / Stimmt so / …).",,,,,A1,restaurant,069
netzwerk-a1-kursbuch,speaking,Übung 12b,12b,speaking-task,Variieren Sie den Dialog.,,,,(open-ended),A1,restaurant,069
netzwerk-a1-kursbuch,listening,Übung 13a,13a-1,true-false,Wie war das Abendessen? Hören Sie das Gespräch von Leela und Caro. Ist die Aussage richtig? Jan und Leela waren im Restaurant.,richtig,falsch,,,A1,restaurant,069
netzwerk-a1-kursbuch,listening,Übung 13a,13a-2,true-false,Ist die Aussage richtig? Das Abendessen war sehr lecker.,richtig,falsch,,,A1,restaurant,069
netzwerk-a1-kursbuch,listening,Übung 13a,13a-3,true-false,Ist die Aussage richtig? Leela hatte keinen Hunger.,richtig,falsch,,,A1,restaurant,069
netzwerk-a1-kursbuch,listening,Übung 13a,13a-4,true-false,Ist die Aussage richtig? Der Hund hatte Durst.,richtig,falsch,,,A1,restaurant,069
netzwerk-a1-kursbuch,listening,Übung 13a,13a-5,true-false,Ist die Aussage richtig? Jan und Leela hatten viel Spaß.,richtig,falsch,,,A1,restaurant,069
netzwerk-a1-kursbuch,listening,Übung 13a,13a-6,true-false,Ist die Aussage richtig? Leela trifft Jan heute wieder.,richtig,falsch,,,A1,restaurant,069
netzwerk-a1-kursbuch,listening,Übung 13a,13a-7,true-false,Ist die Aussage richtig? Sie gehen zusammen in den Park.,richtig,falsch,,,A1,restaurant,069
netzwerk-a1-kursbuch,speaking,Übung 13b,13b,speaking-task,Arbeiten Sie zu zweit. Erzählen Sie von einem Besuch im Restaurant oder Café. Wie war es?,,,,(open-ended),A1,restaurant,069
netzwerk-a1-kursbuch,reading,Übung 14a,14a-1,fill-in,Verschiedene Lokale. Ergänzen Sie die Tabelle (Wo? / Wann geöffnet? / Essen und Trinken?): Kaffeehaus.,,,,"in Wien; meistens bis 23 Uhr; Kaffee und andere Getränke, richtig essen oder nur Kuchen",A1,restaurant,070
netzwerk-a1-kursbuch,reading,Übung 14a,14a-2,fill-in,Ergänzen Sie die Tabelle: Biergarten.,,,,"in Bayern; nur im Sommer; Getränke kaufen, Essen selbst mitbringen (Selbstbedienung)",A1,restaurant,070
netzwerk-a1-kursbuch,reading,Übung 14a,14a-3,fill-in,Ergänzen Sie die Tabelle: Strandbar.,,,,an einem Fluss oder See; nur im Sommer bei Sonne und gutem Wetter; trinken und essen,A1,restaurant,070
netzwerk-a1-kursbuch,reading,Übung 14a,14a-4,fill-in,Ergänzen Sie die Tabelle: Kneipe.,,,,"überall; meistens ab Nachmittag bis spät nachts; kleine Gerichte, z. B. Sandwiches",A1,restaurant,070
netzwerk-a1-kursbuch,speaking,Übung 14b,14b,speaking-task,Was finden Sie interessant? Welches Lokal möchten Sie gern besuchen? Sprechen Sie in Gruppen.,,,,(open-ended),A1,restaurant,070
netzwerk-a1-kursbuch,speaking,Übung 14c,14c,speaking-task,Welche typischen Lokale gibt es in Ihrem Land / in Ihrer Stadt? Berichten Sie.,,,,(open-ended),A1,restaurant,070
netzwerk-a1-kursbuch,reading,Übung 15a,15a,fill-in,"Lesen Sie die Anzeigen (A–E). Wo fehlen diese Informationen: Preis, Ort, Uhrzeit, Datum?",,,,,A1,hobby,071
netzwerk-a1-kursbuch,listening,Übung 15b,15b,fill-in,Hören Sie und ergänzen Sie die Informationen (Anzeigen A–E).,,,,,A1,hobby,071
netzwerk-a1-kursbuch,speaking,Übung 15c,15c,speaking-task,Was wollen Sie gern machen? Sprechen Sie im Kurs und finden Sie für alle Aktivitäten einen Partner / eine Partnerin. Notieren Sie die Namen.,,,,(open-ended),A1,hobby,071
netzwerk-a1-kursbuch,speaking,Übung 15d,15d,speaking-task,Was kann man in Ihrer Stadt machen? Recherchieren Sie und präsentieren Sie im Kurs.,,,,(open-ended),A1,hobby,071
netzwerk-a1-kursbuch,listening,Übung 16a,16a,matching,"Luca hat Geburtstag. Sehen Sie Szene 13. Was bereiten Anna, Max und Bea für die Party vor? Verbinden Sie die Wörter mit dem Foto (Teller, Glas, Blume, Serviette, Brot, Geschenk, Kuchen, Kerze, Karte, Girlande).",,,,,A1,mixed,072
netzwerk-a1-kursbuch,listening,Übung 16b,16b-1,true-false,Was ist richtig? Kreuzen Sie an: Es ist zwölf Uhr.,richtig,falsch,,,A1,mixed,072
netzwerk-a1-kursbuch,listening,Übung 16b,16b-2,true-false,Was ist richtig? Luca kommt von der Arbeit.,richtig,falsch,,,A1,mixed,072
netzwerk-a1-kursbuch,listening,Übung 16b,16b-3,true-false,Was ist richtig? Die Freunde singen ein Lied für ihn.,richtig,falsch,,,A1,mixed,072
netzwerk-a1-kursbuch,listening,Übung 16b,16b-4,true-false,Was ist richtig? Luca schläft auf dem Sofa.,richtig,falsch,,,A1,mixed,072
netzwerk-a1-kursbuch,listening,Übung 16b,16b-5,true-false,Was ist richtig? Max bringt Luca einen Kaffee.,richtig,falsch,,,A1,mixed,072
netzwerk-a1-kursbuch,listening,Übung 16b,16b-6,true-false,Was ist richtig? Luca möchte für die WG kochen.,richtig,falsch,,,A1,mixed,072
netzwerk-a1-kursbuch,listening,Übung 17,17,short-answer,"Lucas Einladung. Sehen Sie Szene 14. Was essen und trinken Luca, Anna und Max? Markieren Sie in der Speisekarte.",,,,,A1,mixed,072
netzwerk-a1-kursbuch,listening,Übung 18a,18a-1,matching,Essen für Bea. Was sagt Bea am Telefon? Ordnen Sie zu: Hallo Bea!,,,,C,A1,mixed,072
netzwerk-a1-kursbuch,listening,Übung 18a,18a-2,matching,Ordnen Sie zu: Was ist los?,,,,D,A1,mixed,072
netzwerk-a1-kursbuch,listening,Übung 18a,18a-3,matching,"Ordnen Sie zu: Oh, wirklich? Schade!",,,,A,A1,mixed,072
netzwerk-a1-kursbuch,listening,Übung 18a,18a-4,matching,"Ordnen Sie zu: Na gut, dann bis später.",,,,B,A1,mixed,072
netzwerk-a1-kursbuch,listening,Übung 18b,18b,matching,Sehen Sie die Szene noch einmal. Wer sagt was? Ordnen Sie zu (die Kellnerin / Luca / Anna / Max).,,,,,A1,mixed,072
netzwerk-a1-kursbuch,speaking,Team A · Feld 1,1,short-answer,"Nennen Sie je ein Nomen für: Milchprodukte, Obst, Gemüse.",,,,,A1,food,074
netzwerk-a1-kursbuch,speaking,Team B · Feld 1,1,short-answer,"Was kauft man wo? Nennen Sie je ein Nomen: in der Metzgerei, im Supermarkt, auf dem Markt.",,,,,A1,shopping,074
netzwerk-a1-kursbuch,speaking,Team A · Feld 2,2,speaking-task,Wann haben Sie Geburtstag?,,,,(open-ended),A1,time-dates,074
netzwerk-a1-kursbuch,speaking,Team B · Feld 2,2,speaking-task,Wann hat Ihr Freund / Ihre Freundin Geburtstag?,,,,(open-ended),A1,time-dates,074
netzwerk-a1-kursbuch,speaking,Team A · Feld 3,3,fill-in,Ergänzen Sie den Dialog: Wer ist das? – Das ist … Mutter. Und hier siehst du … Vater.,,,,,A1,family,074
netzwerk-a1-kursbuch,speaking,Team B · Feld 3,3,fill-in,Ergänzen Sie den Dialog: Wer ist das? – Das ist … Tochter. Und hier siehst du … Sohn.,,,,,A1,family,074
netzwerk-a1-kursbuch,speaking,Team A · Feld 4,4,fill-in,"Wie heißen die Formen? ich kann, du …, er/es/sie …, wir …, ihr …, sie/Sie …",,,,,A1,none,075
netzwerk-a1-kursbuch,speaking,Team B · Feld 4,4,fill-in,"Wie heißen die Formen? ich will, du …, er/es/sie …, wir …, ihr …, sie/Sie …",,,,,A1,none,075
netzwerk-a1-kursbuch,speaking,Team A · Feld 5,5,short-answer,"Wie heißen die Wörter (Brot, Brötchen, Banane)? Nennen Sie auch Artikel und Plural.",,,,,A1,food,075
netzwerk-a1-kursbuch,speaking,Team B · Feld 5,5,short-answer,"Wie heißen die Wörter (Tomate, Apfel, Ei)? Nennen Sie auch Artikel und Plural.",,,,,A1,food,075
netzwerk-a1-kursbuch,speaking,Team A · Feld 6,6,speaking-task,Bilden Sie einen Satz mit dem Verb einladen.,,,,(open-ended),A1,none,075
netzwerk-a1-kursbuch,speaking,Team B · Feld 6,6,speaking-task,Bilden Sie einen Satz mit dem Verb anrufen.,,,,(open-ended),A1,none,075
netzwerk-a1-kursbuch,speaking,Übung 2,2,speaking-task,Drei interessante Informationen. Sprechen Sie zu zweit wie im Beispiel.,,,,(open-ended),A1,time-dates,076
netzwerk-a1-kursbuch,speaking,Übung 3,3,speaking-task,Hast du Zeit? Ergänzen Sie ein Datum. Fragen und antworten Sie. Finden Sie einen Partner / eine Partnerin für drei Aktivitäten.,,,,(open-ended),A1,time-dates,076
netzwerk-a1-kursbuch,speaking,Übung 4,4,speaking-task,Tageszeiten. Jede/r wählt einen Text und diktiert ihn seinem Partner / seiner Partnerin. Korrigieren Sie dann den Text.,,,,(open-ended),A1,time-dates,076
netzwerk-a1-kursbuch,,Übung 5a,5a,matching,Sehen Sie die Fotos an. Was passt: viel Zeit oder wenig Zeit? Notieren Sie die Nummern.,,,,,A1,time-dates,077
netzwerk-a1-kursbuch,speaking,Übung 5c,5c,speaking-task,Ihre Zeit: Für welche Dinge brauchen Sie viel Zeit? Für welche möchten Sie mehr Zeit haben? Sammeln Sie.,,,,(open-ended),A1,time-dates,077
netzwerk-a1-kursbuch,speaking,Übung 6a,6a,speaking-task,Sehen Sie die Bilder an. Welches Gericht kennen Sie? Was möchten Sie probieren?,,,,(open-ended),A1,food,078
netzwerk-a1-kursbuch,speaking,Übung 6b,6b,speaking-task,Welche Lebensmittel sehen Sie auf den Bildern? Sammeln Sie.,,,,(open-ended),A1,food,079
netzwerk-a1-kursbuch,reading,Übung 6c,6c-1,matching,"Welcher Text passt zu welchem Gericht? – Ingo, 33, Berlin",,,,Currywurst mit Pommes (2),A1,food,079
netzwerk-a1-kursbuch,reading,Übung 6c,6c-2,matching,"Welcher Text passt zu welchem Gericht? – Marie, 18, Hamburg",,,,Käsespätzle (3),A1,food,079
netzwerk-a1-kursbuch,reading,Übung 6c,6c-3,matching,"Welcher Text passt zu welchem Gericht? – Alexander, 25, Innsbruck",,,,Kaiserschmarrn (5),A1,food,079
netzwerk-a1-kursbuch,reading,Übung 6c,6c-4,matching,"Welcher Text passt zu welchem Gericht? – Michaela, 28, Zürich",,,,Zürcher Geschnetzeltes mit Rösti (6),A1,food,079
netzwerk-a1-kursbuch,speaking,Übung 6d,6d,speaking-task,Jede/r wählt zwei Texte. Was sagen die Leute? Machen Sie Notizen und berichten Sie Ihrem Partner / Ihrer Partnerin.,,,,(open-ended),A1,food,079
netzwerk-a1-kursbuch,speaking,Übung 6e,6e,speaking-task,Was isst man in Ihrem Land / Ihrer Region? Bringen Sie Fotos von einem typischen Gericht mit und berichten Sie.,,,,(open-ended),A1,food,079
netzwerk-a1-kursbuch,speaking,Übung 1a,1a,speaking-task,Was macht Adnan auf den Fotos? Beschreiben Sie.,,,,(open-ended),A1,profession,080
netzwerk-a1-kursbuch,listening,Übung 1b,1b,matching,Hören Sie die Gespräche und ordnen Sie sie den Fotos zu.,,,,,A1,profession,080
netzwerk-a1-kursbuch,listening,Übung 1c,1c (Gespräch 1),ordering,Hören Sie Gespräch 1 noch einmal und bringen Sie die Sätze in die richtige Reihenfolge.,,,,,A1,profession,080
netzwerk-a1-kursbuch,listening,Übung 1c,1c (Gespräch 2),ordering,Hören Sie Gespräch 2 noch einmal und bringen Sie die Sätze in die richtige Reihenfolge.,,,,,A1,profession,081
netzwerk-a1-kursbuch,speaking,Übung 1d,1d,speaking-task,Spielen Sie die Dialoge zu zweit.,,,,(open-ended),A1,profession,081
netzwerk-a1-kursbuch,speaking,Übung 1e,1e,speaking-task,Ihr Morgen. Was machen Sie? Wen treffen Sie?,,,,(open-ended),A1,daily-routine,081
netzwerk-a1-kursbuch,reading,Übung 2a,2a,matching,Lesen Sie den Blog von Laura. Welche Bilder passen?,,,,,A1,profession,082
netzwerk-a1-kursbuch,reading,Übung 2b,2b-1,short-answer,"Was macht Laura gern, was nicht so gern? – früh aufstehen",,,,nicht so gern,A1,profession,082
netzwerk-a1-kursbuch,reading,Übung 2b,2b-2,short-answer,"Was macht Laura gern, was nicht so gern? – telefonieren",,,,gern,A1,profession,082
netzwerk-a1-kursbuch,reading,Übung 2b,2b-3,short-answer,"Was macht Laura gern, was nicht so gern? – mit Kollegen Kaffee trinken",,,,gern,A1,profession,082
netzwerk-a1-kursbuch,reading,Übung 2b,2b-4,short-answer,"Was macht Laura gern, was nicht so gern? – mit der Chefin Kunden besuchen",,,,gern,A1,profession,082
netzwerk-a1-kursbuch,reading,Übung 2b,2b-5,short-answer,"Was macht Laura gern, was nicht so gern? – am Computer arbeiten",,,,nicht so gern,A1,profession,082
netzwerk-a1-kursbuch,reading,Übung 2b,2b-6,short-answer,"Was macht Laura gern, was nicht so gern? – allein Pause machen",,,,gern,A1,profession,082
netzwerk-a1-kursbuch,reading,Übung 2c,2c-1,fill-in,"Verbinden Sie mit und, oder oder aber: Die Firma ist klein. / Es ist immer viel los.",,,,aber,A1,profession,082
netzwerk-a1-kursbuch,reading,Übung 2c,2c-2,fill-in,"Verbinden Sie mit und, oder oder aber: Die Kollegen sind nett. / Sie sind lustig.",,,,,A1,profession,082
netzwerk-a1-kursbuch,reading,Übung 2c,2c-3,fill-in,"Verbinden Sie mit und, oder oder aber: Laura trinkt mit Kollegen Kaffee. / Sie macht allein Pause.",,,,oder,A1,profession,082
netzwerk-a1-kursbuch,reading,Übung 2c,2c-4,fill-in,"Verbinden Sie mit und, oder oder aber: Mittags isst sie ein Sandwich. / Sie trinkt Apfelschorle.",,,,,A1,profession,082
netzwerk-a1-kursbuch,reading,Übung 2c,2c-5,fill-in,"Verbinden Sie mit und, oder oder aber: Am Abend lernt Laura Deutsch. / Sie trifft Freunde aus Spanien.",,,,,A1,profession,082
netzwerk-a1-kursbuch,reading,Übung 2c,2c-6,fill-in,"Verbinden Sie mit und, oder oder aber: Adnan geht heute früh. / Morgen bleibt er lang.",,,,,A1,profession,082
netzwerk-a1-kursbuch,writing,Übung 2d,2d,writing-task,"Schreiben Sie über Ihren Alltag oder Ihre Arbeit und verwenden Sie und, oder, aber.",,,,(open-ended),A1,profession,082
netzwerk-a1-kursbuch,listening,Übung 3a,3a,multiple-choice,"Über welche Themen spricht Laura? Kreuzen Sie an: 1. Urlaub, 2. Abendessen, 3. Arbeitszeit, 4. Kundenbesuch, 5. Geburtstag, 6. Sommerfest.",,,,,A1,profession,083
netzwerk-a1-kursbuch,listening,Übung 3b,3b-1,fill-in,Laura möchte einen Tag frei. Sie muss mit der ___ sprechen.,,,,,A1,profession,083
netzwerk-a1-kursbuch,listening,Übung 3b,3b-2,fill-in,Sie fährt mit einem Freund und einer Freundin zu einem ___.,,,,,A1,profession,083
netzwerk-a1-kursbuch,listening,Übung 3b,3b-3,fill-in,Am Dienstag möchte sie schon um ___ Uhr nach Hause gehen.,,,,,A1,profession,083
netzwerk-a1-kursbuch,listening,Übung 3b,3b-4,fill-in,Laura und Adnan fahren mit der U-Bahn und dem Taxi zu der ___.,,,,,A1,profession,083
netzwerk-a1-kursbuch,listening,Übung 3b,3b-5,fill-in,Sie sprechen dort mit dem Chef. Er ist sehr ___.,,,,,A1,profession,083
netzwerk-a1-kursbuch,listening,Übung 3b,3b-6,fill-in,Laura möchte mit den Mitarbeitern ihren ___ feiern.,,,,,A1,profession,083
netzwerk-a1-kursbuch,speaking,Übung 3d,3d,speaking-task,Mit wem machen Sie das? Würfeln Sie zwei Mal und bilden Sie Sätze.,,,,(open-ended),A1,profession,083
netzwerk-a1-kursbuch,listening,Übung 4a,4a,multiple-choice,"s und sch. Was hören Sie? Kreuzen Sie an (Glas, Tisch, Bus, Teller/Besteck).",s,sch,,,A1,none,083
netzwerk-a1-kursbuch,listening,Übung 4c,4c-1,multiple-choice,Was hören Sie: st oder scht? – Fest,st,scht,,st,A1,none,083
netzwerk-a1-kursbuch,listening,Übung 4c,4c-10,multiple-choice,Was hören Sie: st oder scht? – stimmen,st,scht,,scht,A1,none,083
netzwerk-a1-kursbuch,listening,Übung 4c,4c-11,multiple-choice,Was hören Sie: st oder scht? – lustig,st,scht,,st,A1,none,083
netzwerk-a1-kursbuch,listening,Übung 4c,4c-12,multiple-choice,Was hören Sie: st oder scht? – Durst,st,scht,,st,A1,none,083
netzwerk-a1-kursbuch,listening,Übung 4c,4c-2,multiple-choice,Was hören Sie: st oder scht? – Dienstag,st,scht,,st,A1,none,083
netzwerk-a1-kursbuch,listening,Übung 4c,4c-3,multiple-choice,Was hören Sie: st oder scht? – stehen,st,scht,,scht,A1,none,083
netzwerk-a1-kursbuch,listening,Übung 4c,4c-4,multiple-choice,Was hören Sie: st oder scht? – Start,st,scht,,scht,A1,none,083
netzwerk-a1-kursbuch,listening,Übung 4c,4c-5,multiple-choice,Was hören Sie: st oder scht? – meistens,st,scht,,st,A1,none,083
netzwerk-a1-kursbuch,listening,Übung 4c,4c-6,multiple-choice,Was hören Sie: st oder scht? – Stress,st,scht,,scht,A1,none,083
netzwerk-a1-kursbuch,listening,Übung 4c,4c-7,multiple-choice,Was hören Sie: st oder scht? – Obst,st,scht,,st,A1,none,083
netzwerk-a1-kursbuch,listening,Übung 4c,4c-8,multiple-choice,Was hören Sie: st oder scht? – vorstellen,st,scht,,scht,A1,none,083
netzwerk-a1-kursbuch,listening,Übung 4c,4c-9,multiple-choice,Was hören Sie: st oder scht? – Frühstück,st,scht,,scht,A1,none,083
netzwerk-a1-kursbuch,listening,Übung 5a,5a-1,multiple-choice,Was passt? Markieren Sie: Tom und Julia sind …,Kollegen,keine Kollegen,,Kollegen,A1,profession,084
netzwerk-a1-kursbuch,listening,Übung 5a,5a-2,multiple-choice,Was passt? Markieren Sie: Sie sind auf dem Weg …,nach Hause,zur Arbeit,,,A1,profession,084
netzwerk-a1-kursbuch,listening,Übung 5a,5a-3,multiple-choice,Was passt? Markieren Sie: Sie sprechen über …,ihren Arbeitstag,ihr Wochenende,,ihren Arbeitstag,A1,profession,084
netzwerk-a1-kursbuch,listening,Übung 5b,5b-1,true-false,Richtig oder falsch? Heute Vormittag hat Tom keinen Stress.,richtig,falsch,,,A1,profession,084
netzwerk-a1-kursbuch,listening,Übung 5b,5b-2,true-false,Richtig oder falsch? Tom muss am Nachmittag zur Bank gehen.,richtig,falsch,,falsch,A1,profession,084
netzwerk-a1-kursbuch,listening,Übung 5b,5b-3,true-false,Richtig oder falsch? Der Termin in der Bank dauert zwei Stunden.,richtig,falsch,,falsch,A1,profession,084
netzwerk-a1-kursbuch,listening,Übung 5b,5b-4,true-false,Richtig oder falsch? Julia muss zur Post gehen.,richtig,falsch,,,A1,profession,084
netzwerk-a1-kursbuch,listening,Übung 5b,5b-5,true-false,Richtig oder falsch? Um 14 Uhr muss Julia beim Chef sein.,richtig,falsch,,falsch,A1,profession,084
netzwerk-a1-kursbuch,listening,Übung 5b,5b-6,true-false,Richtig oder falsch? Sie muss einen Bericht schreiben.,richtig,falsch,,,A1,profession,084
netzwerk-a1-kursbuch,reading,Übung 5c,5c-1,matching,Welcher Satz passt zu welchem Bild? – Am Nachmittag geht Julia zum Chef.,,,,B,A1,profession,084
netzwerk-a1-kursbuch,reading,Übung 5c,5c-2,matching,Welcher Satz passt zu welchem Bild? – Tom kommt aus der Bank und trifft Julia. So ein Zufall!,,,,E,A1,profession,084
netzwerk-a1-kursbuch,reading,Übung 5c,5c-3,matching,Welcher Satz passt zu welchem Bild? – Um 15 Uhr ist Julia beim Chef. Der Termin ist wichtig.,,,,D,A1,profession,084
netzwerk-a1-kursbuch,reading,Übung 5c,5c-4,matching,Welcher Satz passt zu welchem Bild? – Tom geht heute schon um 9 Uhr zur Bank.,,,,A,A1,profession,084
netzwerk-a1-kursbuch,reading,Übung 5c,5c-5,matching,Welcher Satz passt zu welchem Bild? – Das Gespräch in der Bank dauert eine Stunde.,,,,C,A1,profession,084
netzwerk-a1-kursbuch,reading,Übung 5c,5c-6,matching,Welcher Satz passt zu welchem Bild? – Julia kommt vom Chef und trifft Tom.,,,,F,A1,profession,084
netzwerk-a1-kursbuch,writing,Übung 5e,5e-1,ordering,Schreiben Sie einen Satz (Beginn mit dem markierten Wort): sein / bei / der Zahnarzt / heute Vormittag / ich,,,,Heute Vormittag bin ich beim Zahnarzt.,A1,profession,085
netzwerk-a1-kursbuch,writing,Übung 5e,5e-2,ordering,Schreiben Sie einen Satz (Beginn mit dem markierten Wort): fahren / zu / das Büro / dann / ich,,,,Dann fahre ich zum Büro.,A1,profession,085
netzwerk-a1-kursbuch,writing,Übung 5e,5e-3,ordering,Schreiben Sie einen Satz (Beginn mit dem markierten Wort): dort / ich / zu / die Chefin / gehen / gleich,,,,Dort gehe ich gleich zur Chefin.,A1,profession,085
netzwerk-a1-kursbuch,writing,Übung 5e,5e-4,ordering,Schreiben Sie einen Satz (Beginn mit dem markierten Wort): ich / um 17 Uhr / aus / die Firma / kommen,,,,Um 17 Uhr komme ich aus der Firma.,A1,profession,085
netzwerk-a1-kursbuch,writing,Übung 5e,5e-5,ordering,Schreiben Sie einen Satz (Beginn mit dem markierten Wort): zu / Freunde / am Abend / ich / fahren,,,,Am Abend fahre ich zu Freunden.,A1,profession,085
netzwerk-a1-kursbuch,writing,Übung 5e,5e-6,ordering,Schreiben Sie einen Satz (Beginn mit dem markierten Wort): zusammen / wir / in / das Restaurant / essen,,,,Wir essen zusammen im Restaurant.,A1,profession,085
netzwerk-a1-kursbuch,speaking,Übung 5f,5f,speaking-task,Gehen Sie durch den Kursraum. Fragen und antworten Sie: Wohin gehst du? Wo warst du? Woher kommst du?,,,,(open-ended),A1,city-places,085
netzwerk-a1-kursbuch,vocabulary,Übung 6a,6a-1,matching,Im Büro. Was passt wo? – den Computer hochfahren,,,,A,A1,profession,085
netzwerk-a1-kursbuch,vocabulary,Übung 6a,6a-2,matching,Im Büro. Was passt wo? – die Datei öffnen,,,,C,A1,profession,085
netzwerk-a1-kursbuch,vocabulary,Übung 6a,6a-3,matching,Im Büro. Was passt wo? – das Passwort eingeben,,,,B,A1,profession,085
netzwerk-a1-kursbuch,vocabulary,Übung 6a,6a-4,matching,Im Büro. Was passt wo? – den Drucker anmachen/ausmachen,,,,E,A1,profession,085
netzwerk-a1-kursbuch,vocabulary,Übung 6a,6a-5,matching,Im Büro. Was passt wo? – die Datei speichern,,,,D,A1,profession,085
netzwerk-a1-kursbuch,vocabulary,Übung 6a,6a-6,matching,Im Büro. Was passt wo? – den Text drucken,,,,F,A1,profession,085
netzwerk-a1-kursbuch,speaking,Übung 6b,6b,speaking-task,"Was muss Tom zuerst machen, was dann? Sprechen Sie zu zweit.",,,,(open-ended),A1,profession,085
netzwerk-a1-kursbuch,speaking,Übung 6c,6c,speaking-task,Was machen Sie oft am Computer? Nennen Sie drei Aktivitäten.,,,,(open-ended),A1,profession,085
netzwerk-a1-kursbuch,reading,Übung 7a,7a,short-answer,Lesen Sie den Brief. Was machen die Mitglieder zusammen? Sammeln Sie.,,,,"auf Deutsch/Spanisch sprechen, über aktuelle Themen diskutieren, Präsentationen machen, Filme sehen, zusammen kochen",A1,communication,086
netzwerk-a1-kursbuch,speaking,Übung 7b,7b,speaking-task,Welche Kontakte zu Ihrer Sprache oder zu Deutsch gibt es in Ihrer Stadt? Recherchieren und berichten Sie.,,,,(open-ended),A1,communication,086
netzwerk-a1-kursbuch,reading,Übung 8a,8a-1,matching,Briefstandards. Wo steht was im Brief? – Absender,,,,Club Español – Severinstraße 35 – 50769 Köln,A1,communication,086
netzwerk-a1-kursbuch,reading,Übung 8a,8a-2,matching,Briefstandards. Wo steht was im Brief? – Empfänger,,,,"Laura Perez García, Bonner Str. 112, 50667 Köln",A1,communication,086
netzwerk-a1-kursbuch,reading,Übung 8a,8a-3,matching,Briefstandards. Wo steht was im Brief? – Datum,,,,15. Mai 20…,A1,communication,086
netzwerk-a1-kursbuch,reading,Übung 8a,8a-4,matching,Briefstandards. Wo steht was im Brief? – Betreff,,,,Informationen zum Programm und Einladung zum Jahrestreffen,A1,communication,086
netzwerk-a1-kursbuch,reading,Übung 8a,8a-5,matching,Briefstandards. Wo steht was im Brief? – Anrede,,,,"Liebe Frau Perez García,",A1,communication,086
netzwerk-a1-kursbuch,reading,Übung 8a,8a-6,matching,Briefstandards. Wo steht was im Brief? – Gruß,,,,Viele Grüße und bis bald,A1,communication,086
netzwerk-a1-kursbuch,reading,Übung 8a,8a-7,matching,Briefstandards. Wo steht was im Brief? – Unterschrift,,,,Christiane Arends,A1,communication,086
netzwerk-a1-kursbuch,reading,Übung 8a,8a-8,matching,Briefstandards. Wo steht was im Brief? – Adresse,,,,,A1,communication,086
netzwerk-a1-kursbuch,writing,Übung 8b,8b-1,matching,Formelle Briefe: Was passt wo? – Anrede,,,,"Sehr geehrte Damen und Herren, / Sehr geehrter Herr …, / Sehr geehrte Frau …, / Liebe Frau …, / Lieber Herr …,",A1,communication,086
netzwerk-a1-kursbuch,writing,Übung 8b,8b-2,matching,Formelle Briefe: Was passt wo? – Gruß,,,,Mit freundlichen Grüßen / Viele Grüße,A1,communication,086
netzwerk-a1-kursbuch,writing,Übung 8c,8c,writing-task,Ordnen Sie die Sätze und schreiben Sie einen kurzen Brief an Frau Arends. Denken Sie an Anrede und Gruß.,,,,(open-ended),A1,communication,086
netzwerk-a1-kursbuch,speaking,Übung 9a,9a,speaking-task,Über welche Themen sprechen Sie mit Kollegen/Kolleginnen in der Mittagspause? Kreuzen Sie an und vergleichen Sie.,,,,(open-ended),A1,communication,087
netzwerk-a1-kursbuch,listening,Übung 9b,9b,short-answer,Hören Sie drei Gespräche. Über welche Themen aus 9a sprechen die Leute?,,,,,A1,communication,087
netzwerk-a1-kursbuch,reading,Übung 9c,9c-1,short-answer,Welche Themen sind gut für Small Talk? Notieren Sie.,,,,"Wetter, Wochenende, Urlaub, Sport/Fußball, Kino/Filme, Kinder/Familie",A1,communication,087
netzwerk-a1-kursbuch,reading,Übung 9c,9c-2,short-answer,Welche Themen sind keine Themen für Small Talk? Notieren Sie.,,,,"Politik, Religion, Geld, Krankheiten, andere Kollegen",A1,communication,087
netzwerk-a1-kursbuch,reading,Übung 9d,9d-1,matching,"Zu welchem Thema passt der Satz (A Wetter, B Wochenende, C Sport, D Familie)? – Heute ist es wieder heiß.",,,,A,A1,communication,087
netzwerk-a1-kursbuch,reading,Übung 9d,9d-2,matching,"Zu welchem Thema passt der Satz (A Wetter, B Wochenende, C Sport, D Familie)? – Sehen Sie auch das Fußballspiel heute Abend?",,,,C,A1,communication,087
netzwerk-a1-kursbuch,reading,Übung 9d,9d-3,matching,"Zu welchem Thema passt der Satz (A Wetter, B Wochenende, C Sport, D Familie)? – Und wie war Ihr Wochenende?",,,,B,A1,communication,087
netzwerk-a1-kursbuch,reading,Übung 9d,9d-4,matching,"Zu welchem Thema passt der Satz (A Wetter, B Wochenende, C Sport, D Familie)? – Mögen Sie eigentlich Sport?",,,,C,A1,communication,087
netzwerk-a1-kursbuch,reading,Übung 9d,9d-5,matching,"Zu welchem Thema passt der Satz (A Wetter, B Wochenende, C Sport, D Familie)? – Wie geht es Ihren Eltern/Kindern/…?",,,,D,A1,communication,087
netzwerk-a1-kursbuch,reading,Übung 9d,9d-6,matching,"Zu welchem Thema passt der Satz (A Wetter, B Wochenende, C Sport, D Familie)? – Ach, jetzt regnet es schon wieder. Das ist schrecklich, oder?",,,,A,A1,communication,087
netzwerk-a1-kursbuch,reading,Übung 9d,9d-7,matching,"Zu welchem Thema passt der Satz (A Wetter, B Wochenende, C Sport, D Familie)? – Endlich Freitag! Und was machen Sie am Wochenende?",,,,B,A1,communication,087
netzwerk-a1-kursbuch,reading,Übung 9d,9d-8,matching,"Zu welchem Thema passt der Satz (A Wetter, B Wochenende, C Sport, D Familie)? – Wie alt sind Ihre Kinder?",,,,D,A1,communication,087
netzwerk-a1-kursbuch,speaking,Übung 9e,9e,speaking-task,Spielen Sie kurze Small Talk-Situationen. Gehen Sie durch den Kursraum und sprechen Sie mit drei Personen.,,,,(open-ended),A1,communication,087
netzwerk-a1-kursbuch,speaking,Übung 10a,10a,speaking-task,Sehen Sie das Foto an. Was denken Sie? Was ist los? Wie geht es Anna?,,,,(open-ended),A1,mixed,088
netzwerk-a1-kursbuch,listening,Übung 10b,10b,ordering,Sehen Sie Szene 16. Was muss Anna machen? Ordnen Sie die Fotos in die richtige Reihenfolge.,,,,,A1,mixed,088
netzwerk-a1-kursbuch,listening,Übung 11a,11a-1,fill-in,"Ergänzen Sie das Gespräch (Freut mich, Kein Problem, Guten Tag, einen Drucker, Hallo, das ist, Kinotickets): Anna: Hi Max, (1) ___ meine Oma, Inge Blank.",,,,das ist,A1,profession,088
netzwerk-a1-kursbuch,listening,Übung 11a,11a-2,fill-in,"Ergänzen Sie das Gespräch: Max: (2) ___, Frau Blank.",,,,Guten Tag,A1,profession,088
netzwerk-a1-kursbuch,listening,Übung 11a,11a-3,fill-in,Ergänzen Sie das Gespräch: Max: (3) ___!,,,,Freut mich,A1,profession,088
netzwerk-a1-kursbuch,listening,Übung 11a,11a-4,fill-in,Ergänzen Sie das Gespräch: Oma: (4) ___ Max!,,,,Hallo,A1,profession,088
netzwerk-a1-kursbuch,listening,Übung 11a,11a-5,fill-in,"Ergänzen Sie das Gespräch: Anna: Du, Max, du hast doch (5) ___ …",,,,einen Drucker,A1,profession,088
netzwerk-a1-kursbuch,listening,Übung 11a,11a-6,fill-in,Ergänzen Sie das Gespräch: Anna: Nur zwei (6) ___. Oma und ich gehen heute Abend ins Kino.,,,,Kinotickets,A1,profession,088
netzwerk-a1-kursbuch,listening,Übung 11a,11a-7,fill-in,Ergänzen Sie das Gespräch: Max: (7) ___ – das mache ich schnell!,,,,Kein Problem,A1,profession,088
netzwerk-a1-kursbuch,listening,Übung 11b,11b-1,multiple-choice,Was ist richtig? Anna und ihre Oma wollen … ins Kino gehen.,zu zweit,mit Max,,zu zweit,A1,profession,088
netzwerk-a1-kursbuch,listening,Übung 11b,11b-2,multiple-choice,Was ist richtig? Max muss die Datei …,"runterladen, öffnen und drucken",öffnen und speichern,,,A1,profession,088
netzwerk-a1-kursbuch,listening,Übung 11b,11b-3,multiple-choice,Was ist richtig? Der Drucker ist …,an,aus,,,A1,profession,088
netzwerk-a1-kursbuch,listening,Übung 11b,11b-4,multiple-choice,Was ist richtig? Max kann die Datei …,ausdrucken,nicht ausdrucken,,,A1,profession,088
netzwerk-a1-kursbuch,listening,Übung 11b,11b-5,multiple-choice,Was ist richtig? Max ist …,sauer,cool,,cool,A1,profession,088
netzwerk-a1-kursbuch,listening,Übung 11b,11b-6,multiple-choice,Was ist richtig? Die Oma hat …,eine Idee,ein Problem,,eine Idee,A1,profession,088
netzwerk-a1-kursbuch,listening,Übung 11b,11b-7,multiple-choice,Was ist richtig? Sie macht … aus und wieder an.,den Drucker,den Computer,,den Drucker,A1,profession,088
netzwerk-a1-kursbuch,speaking,Übung 1a,1a,speaking-task,Gesund leben. Was kann man machen? Sammeln Sie.,,,,(open-ended),A1,health,090
netzwerk-a1-kursbuch,speaking,Übung 1b,1b,speaking-task,Annika Jansen macht für zwei Monate ein Experiment. Beschreiben Sie die Bilder. Was macht Annika?,,,,(open-ended),A1,health,090
netzwerk-a1-kursbuch,reading,Übung 1c,1c-1,matching,Lesen Sie Annikas Kommentare. Welches Foto passt? – Kommentar 31.03. (Süßigkeiten an Nadine geben),,,,C,A1,health,090
netzwerk-a1-kursbuch,reading,Übung 1c,1c-2,matching,"Lesen Sie Annikas Kommentare. Welches Foto passt? – Kommentar 02.04. (Joggen, Sport, duschen)",,,,,A1,health,090
netzwerk-a1-kursbuch,reading,Übung 1c,1c-3,matching,"Lesen Sie Annikas Kommentare. Welches Foto passt? – Kommentar 10.04. (Frühstück, Salat, Suppe)",,,,,A1,health,090
netzwerk-a1-kursbuch,listening,Übung 2a,2a-1,multiple-choice,Hören Sie die Sprachnachrichten. Was sagen die Personen zum Experiment? Kreuzen Sie an. – Thomas: Ich finde das Experiment …,gesund,interessant,,,A1,health,091
netzwerk-a1-kursbuch,listening,Übung 2a,2a-2,multiple-choice,Thomas: Die Freunde … Annika.,vermissen,vergessen,,,A1,health,091
netzwerk-a1-kursbuch,listening,Übung 2a,2a-3,multiple-choice,Claire: Das Experiment ist …,super,nicht gut,,,A1,health,091
netzwerk-a1-kursbuch,listening,Übung 2a,2a-4,multiple-choice,Claire: Sport ist …,wichtig,langweilig,,,A1,health,091
netzwerk-a1-kursbuch,listening,Übung 2a,2a-5,multiple-choice,Mutter: Annika isst gerade …,zu wenig,zu viel,,,A1,health,091
netzwerk-a1-kursbuch,listening,Übung 2a,2a-6,multiple-choice,Mutter: Das Experiment ist …,sehr gut,gefährlich,,,A1,health,091
netzwerk-a1-kursbuch,speaking,Übung 2b,2b,speaking-task,Wie finden Sie das Experiment? Möchten Sie so etwas auch machen?,,,,(open-ended),A1,health,091
netzwerk-a1-kursbuch,reading,Übung 3a,3a,short-answer,Leon will sportlich sein. Lesen Sie den Comic. Was muss Leon tun?,,,,,A1,health,092
netzwerk-a1-kursbuch,reading,Übung 3b,3b,short-answer,Markieren Sie in 3a die Verben im Imperativ. Wie bildet man den Imperativ?,,,,,A1,none,092
netzwerk-a1-kursbuch,speaking,Übung 3c,3c,speaking-task,"Spielen Sie zu zweit „Fitness-App"". Formulieren Sie Aufforderungen.",,,,(open-ended),A1,health,092
netzwerk-a1-kursbuch,speaking,Übung 3d,3d,speaking-task,Was passiert? Lesen Sie und sprechen Sie im Kurs.,,,,(open-ended),A1,health,092
netzwerk-a1-kursbuch,,Übung 3e,3e,fill-in,Markieren Sie die Verben im Imperativ in 3d und ergänzen Sie die Regel (Imperativ mit ihr und Sie).,,,,Macht weiter! · Machen Sie Sport! · Steht auf! · Seid aktiv! · Seien Sie ruhig!,A1,none,092
netzwerk-a1-kursbuch,speaking,Übung 4,4,speaking-task,Notieren Sie drei Aufforderungen für Ihren Kurs und lesen Sie vor.,,,,(open-ended),A1,none,092
netzwerk-a1-kursbuch,listening,Übung 5a,5a-1,matching,Hören Sie das Gespräch und ordnen Sie die Antworten zu. – Wie alt bist du?,,,,B (Ich bin jetzt 27.),A1,personal-info,093
netzwerk-a1-kursbuch,listening,Übung 5a,5a-2,matching,Wie groß bist du?,,,,"C (1,75 m.)",A1,personal-info,093
netzwerk-a1-kursbuch,listening,Übung 5a,5a-3,matching,Wie viel wiegst du?,,,,A (73 Kilo.),A1,personal-info,093
netzwerk-a1-kursbuch,speaking,Übung 5b,5b,speaking-task,"Was glauben Sie: Wie alt, wie groß und wie schwer sind die Personen? Notieren Sie und sprechen Sie zu zweit.",,,,(open-ended),A1,personal-info,093
netzwerk-a1-kursbuch,vocabulary,Übung 6a,6a,matching,"Der Körper. Ordnen Sie die Wörter zu (das Knie, der Hals, der Rücken, der Fuß, der Bauch, der Arm, die Hand, der Finger, das Bein, der Kopf).",,,,,A1,health,093
netzwerk-a1-kursbuch,speaking,Übung 6b,6b,speaking-task,"Arbeiten Sie zu zweit. A nennt einen Körperteil mit Artikel, B zeigt auf den Körperteil. Wechseln Sie dann.",,,,(open-ended),A1,health,093
netzwerk-a1-kursbuch,listening,Übung 7a,7a-1,multiple-choice,"p oder b, t oder d, k oder g? Was hören Sie? Kreuzen Sie an. (1)",Fitness-Studio Pause in Puchheim,Fitness-Studio Bause in Buchheim,,,A1,none,093
netzwerk-a1-kursbuch,listening,Übung 7a,7a-2,multiple-choice,Was hören Sie? (2),Sportclub Tegel in Dorfen,Sportclub Degel in Torfen,,,A1,none,093
netzwerk-a1-kursbuch,listening,Übung 7a,7a-3,multiple-choice,Was hören Sie? (3),Fitness-Studio Karo in Kösnitz,Fitness-Studio Garo in Gösnitz,,,A1,none,093
netzwerk-a1-kursbuch,speaking,Übung 7b,7b,speaking-task,Hören Sie und sprechen Sie nach.,,,,(open-ended),A1,none,093
netzwerk-a1-kursbuch,,Übung 8a,8a-1,matching,Sehen Sie die Fotos an. Ordnen Sie die Sätze zu. – Frau Pohn bekommt ein Rezept für eine Salbe.,,,,C,A1,health,094
netzwerk-a1-kursbuch,,Übung 8a,8a-2,matching,Frau Pohn hatte einen Unfall. Ihr Knie ist verletzt.,,,,A,A1,health,094
netzwerk-a1-kursbuch,,Übung 8a,8a-3,matching,Frau Doktor Klimke macht einen Verband.,,,,B,A1,health,094
netzwerk-a1-kursbuch,listening,Übung 8b,8b-1,matching,"Ordnen Sie das Gespräch. Hören Sie dann und kontrollieren Sie. – Was ist los, Frau Pohn?",,,,D,A1,health,094
netzwerk-a1-kursbuch,listening,Übung 8b,8b-2,matching,"Legen Sie sich da hin, bitte. Tut das weh?",,,,C,A1,health,094
netzwerk-a1-kursbuch,listening,Übung 8b,8b-3,matching,Ich muss die Wunde sauber machen. Dann mache ich einen Verband.,,,,E,A1,health,094
netzwerk-a1-kursbuch,listening,Übung 8b,8b-4,matching,Immer morgens und abends. Bewegen Sie das Bein nur wenig. Ich gebe Ihnen auch ein Rezept für eine Salbe.,,,,A,A1,health,094
netzwerk-a1-kursbuch,listening,Übung 8b,8b-5,matching,"Nein, aber bei Problemen kommen Sie bitte gleich. Auf Wiedersehen und gute Besserung!",,,,B,A1,health,094
netzwerk-a1-kursbuch,,Übung 8c,8c-1,true-false,Nach dem Arztbesuch. Frau Pohn berichtet. Was ist richtig? Kreuzen Sie an. – Ich soll jeden Morgen den Verband wechseln.,,,,,A1,health,094
netzwerk-a1-kursbuch,,Übung 8c,8c-2,true-false,Ich soll viel schlafen.,,,,,A1,health,094
netzwerk-a1-kursbuch,,Übung 8c,8c-3,true-false,Ich soll das Bein nur wenig bewegen.,,,,richtig,A1,health,094
netzwerk-a1-kursbuch,,Übung 8c,8c-4,true-false,Ich soll bei Problemen sofort kommen.,,,,richtig,A1,health,094
netzwerk-a1-kursbuch,,Übung 8c,8c-5,true-false,Ich soll viel Tee trinken.,,,,,A1,health,094
netzwerk-a1-kursbuch,speaking,Übung 9,9,speaking-task,"Ich bin so krank! Arbeiten Sie zu zweit. Was sagt die Frau, was sagt der Mann?",,,,(open-ended),A1,health,094
netzwerk-a1-kursbuch,,Übung 10a,10a-1,matching,Wer sagt was? Ordnen Sie die Aussagen zu. – Ich bin total erkältet und krank.,,,,B,A1,health,095
netzwerk-a1-kursbuch,,Übung 10a,10a-2,matching,Ich kann den Arm nicht bewegen.,,,,C,A1,health,095
netzwerk-a1-kursbuch,,Übung 10a,10a-3,matching,Mein Arm tut sehr weh.,,,,C,A1,health,095
netzwerk-a1-kursbuch,,Übung 10a,10a-4,matching,Mir ist so schlecht.,,,,A,A1,health,095
netzwerk-a1-kursbuch,,Übung 10a,10a-5,matching,Ich habe Bauchschmerzen.,,,,A,A1,health,095
netzwerk-a1-kursbuch,,Übung 10a,10a-6,matching,Ich muss immer husten und habe Fieber.,,,,B,A1,health,095
netzwerk-a1-kursbuch,listening,Übung 10b,10b-1,matching,Was müssen die Patienten tun? Was dürfen sie (nicht) tun? Ordnen Sie die Aussagen den Bildern in 10a zu. – Essen Sie heute nichts.,,,,A,A1,health,095
netzwerk-a1-kursbuch,listening,Übung 10b,10b-2,matching,Sie müssen ins Krankenhaus gehen.,,,,,A1,health,095
netzwerk-a1-kursbuch,listening,Übung 10b,10b-3,matching,Rauchen Sie nicht!,,,,,A1,health,095
netzwerk-a1-kursbuch,listening,Übung 10b,10b-4,matching,Den Hustensaft müssen Sie abends nehmen.,,,,,A1,health,095
netzwerk-a1-kursbuch,listening,Übung 10b,10b-5,matching,"Sie dürfen kurz duschen, das geht.",,,,,A1,health,095
netzwerk-a1-kursbuch,listening,Übung 10b,10b-6,matching,Sie dürfen viel trinken. Tee ist gut.,,,,,A1,health,095
netzwerk-a1-kursbuch,listening,Übung 10b,10b-7,matching,Mit Fieber dürfen Sie nicht baden oder Ihre Haare waschen.,,,,,A1,health,095
netzwerk-a1-kursbuch,listening,Übung 10b,10b-8,matching,Nehmen Sie zweimal täglich eine Tablette gegen die Schmerzen.,,,,,A1,health,095
netzwerk-a1-kursbuch,listening,Übung 10b,10b-9,matching,Sie dürfen nicht arbeiten. Bleiben Sie zu Hause.,,,,,A1,health,095
netzwerk-a1-kursbuch,writing,Übung 10c,10c-1,writing-task,"Welche Anweisungen gibt der Arzt? Schreiben Sie Sätze mit müssen oder nicht dürfen. – Jonas (10 Jahre alt) hat Halsschmerzen. (rausgehen, Tee trinken)",,,,(open-ended),A1,health,095
netzwerk-a1-kursbuch,writing,Übung 10c,10c-2,writing-task,"Herr Schöpf hat Rückenschmerzen. (joggen, Medikamente nehmen)",,,,(open-ended),A1,health,095
netzwerk-a1-kursbuch,writing,Übung 10c,10c-3,writing-task,"Frau Fischer hat Kopfschmerzen. (arbeiten, Tabletten nehmen)",,,,(open-ended),A1,health,095
netzwerk-a1-kursbuch,speaking,Übung 11,11,speaking-task,"Spielen Sie zu zweit Dialoge. Tauschen Sie dann die Rollen. 1. Sie haben seit drei Tagen Bauchschmerzen. 2. Sie haben Kopf- und Halsschmerzen, aber kein Fieber.",,,,(open-ended),A1,health,095
netzwerk-a1-kursbuch,,Übung 12a,12a-1,matching,Was hilft? Was vermuten Sie? Ordnen Sie zu. – Zahnschmerzen haben,,,,Nelken,A1,health,096
netzwerk-a1-kursbuch,,Übung 12a,12a-2,matching,nicht schlafen können,,,,Milch mit Honig,A1,health,096
netzwerk-a1-kursbuch,,Übung 12a,12a-3,matching,Schnupfen haben,,,,Hühnersuppe,A1,health,096
netzwerk-a1-kursbuch,reading,Übung 12b,12b-1,matching,"Lesen Sie die Forumsbeiträge und die Tipps. Was passt zusammen? Notieren Sie die Namen. – Tipp 1 (Nelke in den Mund nehmen, mindestens 10 Minuten)",,,,Jack Jacket,A1,health,096
netzwerk-a1-kursbuch,reading,Übung 12b,12b-2,matching,"Tipp 2 (früh aufstehen, heiße Milch mit Honig vor dem Schlafen)",,,,flo@seattle,A1,health,096
netzwerk-a1-kursbuch,reading,Übung 12b,12b-3,matching,"Tipp 3 (Hühnersuppe, die Nase ist sofort wieder frei)",,,,MimiWe,A1,health,096
netzwerk-a1-kursbuch,writing,Übung 12c,12c,writing-task,Was hilft? Beschreiben Sie ein Problem wie in 12b. Hängen Sie die Zettel auf und schreiben Sie Tipps dazu.,,,,(open-ended),A1,health,096
netzwerk-a1-kursbuch,vocabulary,Übung 13a,13a-1,matching,Lesen Sie die Aussagen und markieren Sie die Berufe. Schreiben Sie die Berufe zu den Fotos. – Foto 1 (Pfleger hinter Frau im Rollstuhl),,,,Krankenpfleger (C),A1,health,097
netzwerk-a1-kursbuch,vocabulary,Übung 13a,13a-2,matching,"Foto 2 (Frau mit Handschuhen und Brille, Reagenzglas, Blutproben)",,,,Laborantin (D),A1,health,097
netzwerk-a1-kursbuch,vocabulary,Übung 13a,13a-3,matching,"Foto 3 (Rettungskräfte versorgen eine Person, Rettungswagen)",,,,Notarzt (A),A1,health,097
netzwerk-a1-kursbuch,vocabulary,Übung 13a,13a-4,matching,Foto 4 (Frau in blauer Kleidung kümmert sich um einen liegenden Mann),,,,Physiotherapeutin (B),A1,health,097
netzwerk-a1-kursbuch,vocabulary,Übung 13b,13b,short-answer,Wörter verstehen. Lesen Sie die Strategien und Beispiele. Ergänzen Sie eigene Beispiele.,,,,(open-ended),A1,health,097
netzwerk-a1-kursbuch,speaking,Übung 13c,13c,speaking-task,Im Krankenhaus. Arbeiten Sie zu zweit und sammeln Sie Wörter aus 13a. Recherchieren Sie weitere wichtige Wörter und Ausdrücke und machen Sie ein Plakat.,,,,(open-ended),A1,health,097
netzwerk-a1-kursbuch,speaking,Übung 14a,14a,speaking-task,Aua! Sehen Sie die Fotos an. Vermuten Sie: Was ist Lucas Problem? Was macht Max? Sprechen Sie zu zweit.,,,,(open-ended),A1,health,098
netzwerk-a1-kursbuch,,Übung 14b,14b-1,matching,"Was denken Sie? Wer sagt was? Notieren Sie Luca oder Max. – Ja, gerne! Da unten ist eine Schokolade!",Luca,Max,,,A1,health,098
netzwerk-a1-kursbuch,,Übung 14b,14b-2,matching,Arghhhhhh!,Luca,Max,,Luca,A1,health,098
netzwerk-a1-kursbuch,,Übung 14b,14b-3,matching,Komm!,Luca,Max,,,A1,health,098
netzwerk-a1-kursbuch,,Übung 14b,14b-4,matching,Was ist denn mit dir los?,Luca,Max,,Max,A1,health,098
netzwerk-a1-kursbuch,,Übung 14b,14b-5,matching,Kann ich dir helfen?,Luca,Max,,Max,A1,health,098
netzwerk-a1-kursbuch,,Übung 14b,14b-6,matching,Luca?,Luca,Max,,Max,A1,health,098
netzwerk-a1-kursbuch,,Übung 14b,14b-7,matching,"Aua, mein Rücken tut so weh!",Luca,Max,,Luca,A1,health,098
netzwerk-a1-kursbuch,,Übung 14b,14b-8,matching,"Hallo Max, alles klar?",Luca,Max,,Luca,A1,health,098
netzwerk-a1-kursbuch,listening,Übung 14c,14c,ordering,Sehen Sie nun Szene 18 und ordnen Sie den Dialog.,,,,,A1,health,098
netzwerk-a1-kursbuch,speaking,Übung 15a,15a,speaking-task,Hol bitte …! Sehen Sie Szene 19. Was möchte Luca haben? Was müssen Max und Anna holen? Was muss Bea machen? Sprechen Sie zu zweit.,,,,(open-ended),A1,health,098
netzwerk-a1-kursbuch,,Übung 15b,15b,short-answer,"Sehen Sie die Szene noch einmal. Was hat Luca gesagt? Notieren Sie die Aufforderungen (A, B, C).",,,,,A1,health,098
netzwerk-a1-kursbuch,,Übung 16a,16a-1,multiple-choice,Der arme Luca. Sehen Sie Szene 20. Was ist richtig? Kreuzen Sie an. – Die Freunde möchten Luca …,weiter helfen,nicht mehr helfen,,,A1,health,098
netzwerk-a1-kursbuch,,Übung 16a,16a-2,multiple-choice,Luca geht es …,nicht sehr schlecht,sehr schlecht,,,A1,health,098
netzwerk-a1-kursbuch,,Übung 16a,16a-3,multiple-choice,Luca …,bleibt auf dem Sofa,steht auf und geht zu seinen Freunden,,,A1,health,098
netzwerk-a1-kursbuch,,Übung 16a,16a-4,multiple-choice,Luca …,versteht den Spaß,versteht den Spaß nicht,,,A1,health,098
netzwerk-a1-kursbuch,speaking,Übung 16b,16b,speaking-task,Arbeiten Sie zu viert. Verteilen Sie die Rollen und spielen Sie Szene 18–20.,,,,(open-ended),A1,health,098
netzwerk-a1-kursbuch,,Übung 1a,1a,matching,Möbel und Geräte. Wo steht was? Es gibt mehrere Möglichkeiten. Ordnen Sie zu und vergleichen Sie.,,,,,A1,home,100
netzwerk-a1-kursbuch,,Übung 1b,1b,short-answer,Sie ziehen in die Wohnung oben. Was brauchen Sie noch? Arbeiten Sie zu zweit und ergänzen Sie.,,,,(open-ended),A1,home,100
netzwerk-a1-kursbuch,listening,Übung 2a,2a-1,fill-in,"Lieblingsorte. Wo sind die Leute besonders gern in ihrer Wohnung? Hören Sie und notieren Sie. – Eva Neumann, Journalistin",,,,Arbeitszimmer,A1,home,101
netzwerk-a1-kursbuch,listening,Übung 2a,2a-2,fill-in,"Jan Petersen, Lehrer",,,,,A1,home,101
netzwerk-a1-kursbuch,listening,Übung 2a,2a-3,fill-in,"Maike Barnes, Studentin",,,,,A1,home,101
netzwerk-a1-kursbuch,listening,Übung 2a,2a-4,fill-in,"Leo Babel, Informatiker",,,,,A1,home,101
netzwerk-a1-kursbuch,speaking,Übung 2b,2b,speaking-task,Was ist Ihr Lieblingszimmer? Was machen Sie dort gern? Erzählen Sie.,,,,(open-ended),A1,home,101
netzwerk-a1-kursbuch,reading,Übung 3a,3a,short-answer,Carla und Alex suchen eine Wohnung. Lesen Sie die Nachricht. Markieren Sie alle wichtigen Informationen über die Wohnung.,,,,,A1,home,102
netzwerk-a1-kursbuch,,Übung 3b,3b-1,fill-in,Ergänzen Sie den Zettel (Wir suchen eine Wohnung!). – Zimmer,,,,3,A1,home,102
netzwerk-a1-kursbuch,,Übung 3b,3b-2,fill-in,Größe,,,,ungefähr 80 qm,A1,home,102
netzwerk-a1-kursbuch,,Übung 3b,3b-3,fill-in,Miete maximal,,,,800 Euro,A1,home,102
netzwerk-a1-kursbuch,,Übung 3b,3b-4,fill-in,Ort,,,,im Zentrum,A1,home,102
netzwerk-a1-kursbuch,,Übung 3b,3b-5,fill-in,Wünsche,,,,"Balkon oder Terrasse, ruhig, hell",A1,home,102
netzwerk-a1-kursbuch,listening,Übung 3c,3c,short-answer,Carla und Alex lesen Wohnungsanzeigen. Hören Sie das Gespräch. Über welche Wohnung sprechen sie? Ist die Wohnung passend für sie? Warum (nicht)?,,,,,A1,home,102
netzwerk-a1-kursbuch,speaking,Übung 3d,3d,speaking-task,Lesen Sie die anderen Anzeigen noch einmal. Sprechen Sie über die Wohnungen. Welche Wohnung passt zu Carla und Alex?,,,,(open-ended),A1,home,102
netzwerk-a1-kursbuch,listening,Übung 4a,4a,fill-in,Alex und Carla haben eine neue Wohnung. Hören Sie das Gespräch. Was kommt wohin? Was möchte Alex? Was möchte Carla? Ergänzen Sie die Tabelle und berichten Sie.,,,,,A1,home,103
netzwerk-a1-kursbuch,speaking,Übung 4b,4b,speaking-task,Und Sie? In welche Zimmer stellen Sie die Dinge? Sprechen Sie zu zweit.,,,,(open-ended),A1,home,103
netzwerk-a1-kursbuch,reading,Übung 5a,5a,short-answer,Lesen Sie die Einladung. Welche Informationen fehlen?,,,,,A1,home,103
netzwerk-a1-kursbuch,listening,Übung 5b,5b,short-answer,Hören Sie das Gespräch. Notieren Sie die fehlenden Informationen.,,,,,A1,home,103
netzwerk-a1-kursbuch,writing,Übung 5c,5c,writing-task,Schreiben Sie eine Antwort (auf die Einladung von Carla und Alex).,,,,(open-ended),A1,home,103
netzwerk-a1-kursbuch,speaking,Übung 6a,6a,speaking-task,Die Einweihungsfeier. Sehen Sie das Bild an. Was ist wo?,,,,(open-ended),A1,home,104
netzwerk-a1-kursbuch,speaking,Übung 6b,6b,speaking-task,Wo genau sind die Dinge? Erzählen Sie.,,,,(open-ended),A1,home,104
netzwerk-a1-kursbuch,speaking,Übung 6c,6c,speaking-task,Wo sind die Möbel und Dinge in Ihrem Kursraum oder in Ihrer Wohnung? Sprechen Sie zu dritt.,,,,(open-ended),A1,home,104
netzwerk-a1-kursbuch,listening,Übung 7a,7a-1,matching,Hören Sie das Gespräch. Wer sagt was? – Das Wohnzimmer ist ja super.,Carla,Vanessa,,Vanessa,A1,home,105
netzwerk-a1-kursbuch,listening,Übung 7a,7a-2,matching,"Die Lampe ist doch toll, sie ist nicht langweilig.",Carla,Vanessa,,,A1,home,105
netzwerk-a1-kursbuch,listening,Übung 7a,7a-3,matching,"Sie ist nicht langweilig, aber hässlich.",Carla,Vanessa,,,A1,home,105
netzwerk-a1-kursbuch,listening,Übung 7a,7a-4,matching,Das Bild über dem Fernseher sieht schön aus.,Carla,Vanessa,,,A1,home,105
netzwerk-a1-kursbuch,listening,Übung 7a,7a-5,matching,Ich mag es nicht besonders.,Carla,Vanessa,,,A1,home,105
netzwerk-a1-kursbuch,listening,Übung 7a,7a-6,matching,Die Terrasse ist wirklich super.,Carla,Vanessa,,,A1,home,105
netzwerk-a1-kursbuch,listening,Übung 7a,7a-7,matching,Der Tisch hier ist nicht mehr schön.,Carla,Vanessa,,,A1,home,105
netzwerk-a1-kursbuch,listening,Übung 7a,7a-8,matching,Die Terrasse ist ganz toll.,Carla,Vanessa,,,A1,home,105
netzwerk-a1-kursbuch,listening,Übung 7a,7a-9,matching,Ich finde die Wohnung echt gemütlich!,Carla,Vanessa,,,A1,home,105
netzwerk-a1-kursbuch,,Übung 7b,7b-1,multiple-choice,"Welche Äußerung ist positiv, welche negativ? Notieren Sie 🙂 oder 🙁. – Das Wohnzimmer ist ja super.",positiv 🙂,negativ 🙁,,positiv 🙂,A1,home,105
netzwerk-a1-kursbuch,,Übung 7b,7b-2,multiple-choice,"Die Lampe ist doch toll, sie ist nicht langweilig.",positiv 🙂,negativ 🙁,,positiv 🙂,A1,home,105
netzwerk-a1-kursbuch,,Übung 7b,7b-3,multiple-choice,"Sie ist nicht langweilig, aber hässlich.",positiv 🙂,negativ 🙁,,negativ 🙁,A1,home,105
netzwerk-a1-kursbuch,,Übung 7b,7b-4,multiple-choice,Das Bild über dem Fernseher sieht schön aus.,positiv 🙂,negativ 🙁,,positiv 🙂,A1,home,105
netzwerk-a1-kursbuch,,Übung 7b,7b-5,multiple-choice,Ich mag es nicht besonders.,positiv 🙂,negativ 🙁,,negativ 🙁,A1,home,105
netzwerk-a1-kursbuch,,Übung 7b,7b-6,multiple-choice,Die Terrasse ist wirklich super.,positiv 🙂,negativ 🙁,,positiv 🙂,A1,home,105
netzwerk-a1-kursbuch,,Übung 7b,7b-7,multiple-choice,Der Tisch hier ist nicht mehr schön.,positiv 🙂,negativ 🙁,,negativ 🙁,A1,home,105
netzwerk-a1-kursbuch,,Übung 7b,7b-8,multiple-choice,Die Terrasse ist ganz toll.,positiv 🙂,negativ 🙁,,positiv 🙂,A1,home,105
netzwerk-a1-kursbuch,,Übung 7b,7b-9,multiple-choice,Ich finde die Wohnung echt gemütlich!,positiv 🙂,negativ 🙁,,positiv 🙂,A1,home,105
netzwerk-a1-kursbuch,listening,Übung 8a,8a-1,multiple-choice,Langes e̲ oder kurzes ẹ? Welches e hören Sie? Kreuzen Sie an. – gemütlich,e̲ (lang),ẹ (kurz),,,A1,none,105
netzwerk-a1-kursbuch,listening,Übung 8a,8a-10,multiple-choice,reden,e̲ (lang),ẹ (kurz),,,A1,none,105
netzwerk-a1-kursbuch,listening,Übung 8a,8a-11,multiple-choice,Zentrum,e̲ (lang),ẹ (kurz),,,A1,none,105
netzwerk-a1-kursbuch,listening,Übung 8a,8a-12,multiple-choice,Bett,e̲ (lang),ẹ (kurz),,,A1,none,105
netzwerk-a1-kursbuch,listening,Übung 8a,8a-2,multiple-choice,mehr,e̲ (lang),ẹ (kurz),,e̲ (lang),A1,none,105
netzwerk-a1-kursbuch,listening,Übung 8a,8a-3,multiple-choice,hell,e̲ (lang),ẹ (kurz),,,A1,none,105
netzwerk-a1-kursbuch,listening,Übung 8a,8a-4,multiple-choice,sehr,e̲ (lang),ẹ (kurz),,e̲ (lang),A1,none,105
netzwerk-a1-kursbuch,listening,Übung 8a,8a-5,multiple-choice,Teppich,e̲ (lang),ẹ (kurz),,,A1,none,105
netzwerk-a1-kursbuch,listening,Übung 8a,8a-6,multiple-choice,Regal,e̲ (lang),ẹ (kurz),,,A1,none,105
netzwerk-a1-kursbuch,listening,Übung 8a,8a-7,multiple-choice,Idee,e̲ (lang),ẹ (kurz),,e̲ (lang),A1,none,105
netzwerk-a1-kursbuch,listening,Übung 8a,8a-8,multiple-choice,neben,e̲ (lang),ẹ (kurz),,,A1,none,105
netzwerk-a1-kursbuch,listening,Übung 8a,8a-9,multiple-choice,steht,e̲ (lang),ẹ (kurz),,e̲ (lang),A1,none,105
netzwerk-a1-kursbuch,,Übung 8b,8b-1,multiple-choice,Wie ist die Regel? Kreuzen Sie an. – eh oder ee spricht man …,immer lang,immer kurz,lang oder kurz,immer lang,A1,none,105
netzwerk-a1-kursbuch,,Übung 8b,8b-2,multiple-choice,e allein spricht man …,immer lang,immer kurz,lang oder kurz,lang oder kurz,A1,none,105
netzwerk-a1-kursbuch,speaking,Übung 8c,8c,speaking-task,Hören Sie und sprechen Sie nach.,,,,(open-ended),A1,none,105
netzwerk-a1-kursbuch,,Übung 9a,9a,matching,"Farben. Sehen Sie die Möbel und Geräte an. Verbinden Sie sie mit den Farben (schwarz, braun, grau, rot, orange, gelb, blau, grün, lila, weiß).",,,,,A1,home,105
netzwerk-a1-kursbuch,speaking,Übung 9b,9b,speaking-task,Wie heißen die Farben in Ihrer Sprache? Vergleichen Sie.,,,,(open-ended),A1,home,105
netzwerk-a1-kursbuch,speaking,Übung 9c,9c,speaking-task,Suchen Sie Fotos von Wohnungen oder Zimmern. Was finden Sie schön? Erzählen Sie.,,,,(open-ended),A1,home,105
netzwerk-a1-kursbuch,,Übung 10a,10a-1,matching,Sehen Sie die Fotos an und ordnen Sie die Überschriften zu. – Im Hochhaus zu Hause – ich sehe die ganze Stadt,,,,B,A1,home,106
netzwerk-a1-kursbuch,,Übung 10a,10a-2,matching,"Cool – wohnen im Loft, alles in einem Raum",,,,E,A1,home,106
netzwerk-a1-kursbuch,,Übung 10a,10a-3,matching,Hallo Herr Nachbar! – Wohnen im Reihenhaus mit Garten,,,,D,A1,home,106
netzwerk-a1-kursbuch,,Übung 10a,10a-4,matching,Altbauwohnung in der Stadt – Treppen aus Holz und hohe Decken,,,,A,A1,home,106
netzwerk-a1-kursbuch,,Übung 10a,10a-5,matching,Fachwerkhaus – alles klein: Zimmer und Fenster,,,,C,A1,home,106
netzwerk-a1-kursbuch,listening,Übung 10b,10b,short-answer,Hören Sie die Bewohner. Machen Sie Notizen zu den Wohnungen und Häusern: Was sind die Vorteile? Was sind die Nachteile?,,,,,A1,home,107
netzwerk-a1-kursbuch,speaking,Übung 10c,10c,speaking-task,Vergleichen Sie Ihre Notizen. Welche Wohnform finden Sie gut? Warum?,,,,(open-ended),A1,home,107
netzwerk-a1-kursbuch,reading,Übung 11a,11a,short-answer,Lesen Sie die Texte. Was passt auch zu Ihrer Wohn-Situation? Markieren Sie.,,,,(open-ended),A1,home,107
netzwerk-a1-kursbuch,writing,Übung 11b,11b,writing-task,Notieren Sie Ihre Textbausteine.,,,,(open-ended),A1,home,107
netzwerk-a1-kursbuch,writing,Übung 11c,11c,writing-task,Schreiben Sie einen kurzen Text über Ihre Wohnung oder eine Fantasie-Wohnung.,,,,(open-ended),A1,home,107
netzwerk-a1-kursbuch,speaking,Übung 12,12,speaking-task,"Wie wohnt man bei Ihnen? Was ist typisch, was ist besonders? Recherchieren Sie Fotos und erzählen Sie.",,,,(open-ended),A1,home,107
netzwerk-a1-kursbuch,listening,Übung 13a,13a,multiple-choice,"Unsere Wohnung. Sehen Sie Szene 21. Welche Zimmer zeigt Anna ihrer Freundin? Kreuzen Sie an (Zimmer von Luca, Flur, Zimmer von Bea, Bad, Küche, Zimmer von Max, Zimmer von Anna, Wohnzimmer, Esszimmer).",,,,,A1,home,108
netzwerk-a1-kursbuch,,Übung 13b,13b,short-answer,Sehen Sie Szene 21 noch einmal. Wie findet Annas Freundin die Zimmer?,,,,,A1,home,108
netzwerk-a1-kursbuch,speaking,Übung 13c,13c,speaking-task,Wie finden Sie die Wohnung?,,,,(open-ended),A1,home,108
netzwerk-a1-kursbuch,speaking,Übung 14a,14a,speaking-task,Ich habe eine Idee. Was machen Anna und ihre Freundin? Sehen Sie Szene 22 und beschreiben Sie.,,,,(open-ended),A1,home,108
netzwerk-a1-kursbuch,,Übung 14b,14b,short-answer,Hat Luca recht? Sehen Sie Szene 22 noch einmal. Was ist neu?,,,,,A1,home,108
netzwerk-a1-kursbuch,speaking,Übung 14c,14c,speaking-task,Besuch von Freunden. Was machen Sie? Erzählen Sie.,,,,(open-ended),A1,home,108
netzwerk-a1-kursbuch,speaking,Übung 1 (Wiederholungsspiel),Feld 1,speaking-task,Was machen Sie am Computer? Nennen Sie drei Aktivitäten.,,,,(open-ended),A1,communication,110
netzwerk-a1-kursbuch,speaking,Übung 1 (Wiederholungsspiel),Feld 10,speaking-task,Sie sind beim Arzt und haben Kopfschmerzen und Fieber. Was sagen Sie?,,,,(open-ended),A1,health,110
netzwerk-a1-kursbuch,speaking,Übung 1 (Wiederholungsspiel),Feld 15,speaking-task,"Sie suchen ein Zimmer und sehen diese Anzeige (Zimmer in WG frei!, Tel. 0161 – 723345). Stellen Sie drei Fragen.",,,,(open-ended),A1,home,110
netzwerk-a1-kursbuch,speaking,Übung 1 (Wiederholungsspiel),Feld 16,speaking-task,"Was macht Tom? (Bank, rennende Person, Schalter)",,,,(open-ended),A1,city-places,110
netzwerk-a1-kursbuch,speaking,Übung 1 (Wiederholungsspiel),Feld 17,speaking-task,Sie haben eine Besprechung. Fragen Sie: – Wann? – Wo? – Wie lange?,,,,(open-ended),A1,profession,110
netzwerk-a1-kursbuch,speaking,Übung 1 (Wiederholungsspiel),Feld 2,speaking-task,Aua! Was tut weh?,,,,(open-ended),A1,health,110
netzwerk-a1-kursbuch,speaking,Übung 1 (Wiederholungsspiel),Feld 22,speaking-task,Wie lernen Sie Deutsch? Was machen Sie? Nennen Sie drei Aktivitäten.,,,,(open-ended),A1,school,110
netzwerk-a1-kursbuch,speaking,Übung 1 (Wiederholungsspiel),Feld 23,speaking-task,"Tina ist krank. Was darf sie nicht machen, was muss sie machen?",,,,(open-ended),A1,health,110
netzwerk-a1-kursbuch,speaking,Übung 1 (Wiederholungsspiel),Feld 24,speaking-task,"Wie heißen die Möbel? Nennen Sie die Wörter mit Artikel. (Tisch, Stehlampe, Stuhl)",,,,(open-ended),A1,home,110
netzwerk-a1-kursbuch,speaking,Übung 1 (Wiederholungsspiel),Feld 29,speaking-task,Ihr Freund / Ihre Freundin ist krank. Er/Sie hat Bauchschmerzen. Geben Sie drei Tipps.,,,,(open-ended),A1,health,110
netzwerk-a1-kursbuch,speaking,Übung 1 (Wiederholungsspiel),Feld 3,speaking-task,Sie trinken mit Ihren Kolleginnen und Kollegen Kaffee. Stellen Sie zwei Fragen.,,,,(open-ended),A1,profession,110
netzwerk-a1-kursbuch,speaking,Übung 1 (Wiederholungsspiel),Feld 30,speaking-task,Sie bekommen eine Einladung: Geburtstagfest von Christine am 15. Mai. Welche Informationen brauchen Sie noch? Stellen Sie zwei Fragen.,,,,(open-ended),A1,communication,110
netzwerk-a1-kursbuch,speaking,Übung 1 (Wiederholungsspiel),Feld 31,short-answer,Anrede und Gruß im Brief. Nennen Sie je zwei Möglichkeiten.,,,,(open-ended),A1,communication,110
netzwerk-a1-kursbuch,speaking,Übung 1 (Wiederholungsspiel),Feld 8,short-answer,Nennen Sie das Gegenteil. – ruhig – dunkel – günstig,,,,laut; hell; teuer,A1,home,110
netzwerk-a1-kursbuch,speaking,Übung 1 (Wiederholungsspiel),Feld 9,speaking-task,Langes oder kurzes e? Sprechen Sie. – du stehst – die Person – schnell – der Weg – der Termin – leer,,,,(open-ended),A1,none,110
netzwerk-a1-kursbuch,speaking,Übung 1 (Wiederholungsspiel),Feld 11,fill-in,Ergänzen Sie. Frau Schneider … – ist … (in – das Büro). – geht … (zu – die Bank). – ist … (bei – die Chefin).,,,,ist im Büro; geht zur Bank; ist bei der Chefin,A1,profession,111
netzwerk-a1-kursbuch,speaking,Übung 1 (Wiederholungsspiel),Feld 12,speaking-task,Nennen Sie fünf Zimmer in einer Wohnung.,,,,(open-ended),A1,home,111
netzwerk-a1-kursbuch,speaking,Übung 1 (Wiederholungsspiel),Feld 13,speaking-task,st oder scht? Sprechen Sie. – der Stuhl – das Obst – der Samstag – das Fest – die Straße,,,,(open-ended),A1,none,111
netzwerk-a1-kursbuch,speaking,Übung 1 (Wiederholungsspiel),Feld 14,speaking-task,Wo ist das bei Ihnen? – der Herd – das Bett – die Waschmaschine – der Fernseher,,,,(open-ended),A1,home,111
netzwerk-a1-kursbuch,speaking,Übung 1 (Wiederholungsspiel),Feld 18,fill-in,Wohin kommt das? [Sofa] → … Wohnzimmer. [Regal] → … Flur. [Geschirrspüler] → … Küche.,,,,ins Wohnzimmer; in den Flur; in die Küche,A1,home,111
netzwerk-a1-kursbuch,speaking,Übung 1 (Wiederholungsspiel),Feld 19,speaking-task,Laura im Praktikum. Was macht sie? Verbinden Sie mit und und oder. – früh aufstehen + ins Büro fahren – am Computer arbeiten / in Besprechungen sein,,,,(open-ended),A1,profession,111
netzwerk-a1-kursbuch,speaking,Übung 1 (Wiederholungsspiel),Feld 20,speaking-task,"Wie heißen die Farben? (blau, rot, grau, schwarz, dunkelrot, grün)",,,,(open-ended),A1,none,111
netzwerk-a1-kursbuch,speaking,Übung 1 (Wiederholungsspiel),Feld 21,speaking-task,"Sie möchten einen Text schreiben und ausdrucken. Was machen Sie zuerst, was dann?",,,,(open-ended),A1,communication,111
netzwerk-a1-kursbuch,speaking,Übung 1 (Wiederholungsspiel),Feld 25,speaking-task,Ihnen gefällt etwas sehr gut. Was können Sie sagen? Nennen Sie drei Möglichkeiten.,,,,(open-ended),A1,home,111
netzwerk-a1-kursbuch,speaking,Übung 1 (Wiederholungsspiel),Feld 26,speaking-task,"Wörter mit p, t, k oder b, d, g. Sprechen Sie: – Bauch – Patient – Tablette – dann – krank – gehen",,,,(open-ended),A1,none,111
netzwerk-a1-kursbuch,speaking,Übung 1 (Wiederholungsspiel),Feld 27,speaking-task,Woher kommt Herr Schneider? – das Büro – der Chef – die Kantine,,,,(open-ended),A1,profession,111
netzwerk-a1-kursbuch,speaking,Übung 1 (Wiederholungsspiel),Feld 28,speaking-task,Was gibt es im Wohnzimmer? Nennen Sie fünf Dinge.,,,,(open-ended),A1,home,111
netzwerk-a1-kursbuch,speaking,Übung 1 (Wiederholungsspiel),Feld 32,speaking-task,Beschreiben Sie Ihren Lieblingsort. Wann sind Sie dort? Was machen Sie dort gern?,,,,(open-ended),A1,city-places,111
netzwerk-a1-kursbuch,speaking,Übung 1 (Wiederholungsspiel),Feld 33,speaking-task,Was hat der Arzt gesagt? – viel Tee trinken – den Arm wenig bewegen – viel schlafen,,,,(open-ended),A1,health,111
netzwerk-a1-kursbuch,speaking,Übung 1 (Wiederholungsspiel),Feld 34,speaking-task,Einladung. Sie haben eine Einladung zu einem Abendessen bei Freunden. Fragen Sie: – Wann? – Was mitbringen?,,,,(open-ended),A1,communication,111
netzwerk-a1-kursbuch,speaking,Übung 1 (Wiederholungsspiel),Feld 35,speaking-task,Formulieren Sie drei Aufforderungen für den Kurs.,,,,(open-ended),A1,school,111
netzwerk-a1-kursbuch,speaking,Übung 1 (Wiederholungsspiel),Feld 4,speaking-task,Formulieren Sie Aufforderungen wie ein Fitness-Trainer. – aufstehen – mitmachen – aktiv sein – Wasser trinken,,,,(open-ended),A1,health,111
netzwerk-a1-kursbuch,speaking,Übung 1 (Wiederholungsspiel),Feld 5,speaking-task,Wie finden Sie die Möbel? – der Schrank – das Sofa und der Sessel – das Regal – die Stühle,,,,(open-ended),A1,home,111
netzwerk-a1-kursbuch,speaking,Übung 1 (Wiederholungsspiel),Feld 6,speaking-task,Mit wem machen Sie das? – sprechen (Partner) – arbeiten (zwei Kollegen) – lernen (Freundin) – telefonieren (Kundin),,,,(open-ended),A1,communication,111
netzwerk-a1-kursbuch,speaking,Übung 1 (Wiederholungsspiel),Feld 7,speaking-task,Wie heißen die Gebäude? Nennen Sie auch den Artikel.,,,,(open-ended),A1,home,111
netzwerk-a1-kursbuch,,Übung 2a,2a,fill-in,"Was machen Sie? Wie oft? Kreuzen Sie an (täglich / … x pro Woche / manchmal / nie): zu Fuß gehen, die Treppe nehmen, joggen, im Fitness-Studio trainieren, Fahrrad fahren, mit anderen spielen.",,,,(open-ended),A1,health,112
netzwerk-a1-kursbuch,speaking,Übung 2b,2b,speaking-task,"Fragen Sie Ihren Partner / Ihre Partnerin. Notieren Sie die Antwort. (Wie oft gehst du zu Fuß, 30 Minuten oder mehr?)",,,,(open-ended),A1,health,112
netzwerk-a1-kursbuch,speaking,Übung 2c,2c,speaking-task,Welche anderen Aktivitäten gibt es in Ihrem Kurs? Sammeln Sie.,,,,(open-ended),A1,health,112
netzwerk-a1-kursbuch,writing,Übung 3,3,writing-task,Sie können nicht zum Kurs kommen. Schreiben Sie eine Nachricht an einen Freund / eine Freundin aus dem Kurs.,,,,(open-ended),A1,health,112
netzwerk-a1-kursbuch,listening,Übung 4a,4a-1,fill-in,"Freundlich (f) oder unfreundlich (u)? Notieren Sie: Stell den Fernseher ins Schlafzimmer, bitte.",,,,f,A1,home,113
netzwerk-a1-kursbuch,listening,Übung 4a,4a-2,fill-in,"Freundlich (f) oder unfreundlich (u)? Notieren Sie: Bringt den Herd in die Küche, bitte.",,,,,A1,home,113
netzwerk-a1-kursbuch,listening,Übung 4a,4a-3,fill-in,Freundlich (f) oder unfreundlich (u)? Notieren Sie: Bring die Lampe bitte ins Arbeitszimmer.,,,,,A1,home,113
netzwerk-a1-kursbuch,listening,Übung 4a,4a-4,fill-in,Freundlich (f) oder unfreundlich (u)? Notieren Sie: Bitte stellt das Regal in den Flur.,,,,,A1,home,113
netzwerk-a1-kursbuch,listening,Übung 4a,4a-5,fill-in,Freundlich (f) oder unfreundlich (u)? Notieren Sie: Stellt den Sessel ins Wohnzimmer.,,,,,A1,home,113
netzwerk-a1-kursbuch,listening,Übung 4a,4a-6,fill-in,Freundlich (f) oder unfreundlich (u)? Notieren Sie: Bitte bring den Teppich ins Schlafzimmer.,,,,,A1,home,113
netzwerk-a1-kursbuch,speaking,Übung 4b,4b,speaking-task,Freundlich oder unfreundlich? Sprechen Sie die Sätze aus 4a. Ihr Partner / Ihre Partnerin rät.,,,,(open-ended),A1,home,113
netzwerk-a1-kursbuch,vocabulary,Übung 5a,5a,short-answer,Arbeiten Sie zu zweit. Jede/r wählt ein Bild. Was sehen Sie? Notieren Sie neun Wörter mit Artikel und Plural.,,,,(open-ended),A1,home,113
netzwerk-a1-kursbuch,speaking,Übung 5b,5b,speaking-task,Was gibt es auf Ihrem Bild? Berichten Sie. Ihr Partner / Ihre Partnerin notiert die Wörter mit Artikel und Plural.,,,,(open-ended),A1,home,113
netzwerk-a1-kursbuch,speaking,Übung 6,6,speaking-task,Arbeiten Sie in Gruppen. Eine Person nennt ein Wort. Machen Sie damit eine Wörtertreppe wie im Beispiel (kochen → Name → E-Mail → Land → Donnerstag → gern).,,,,(open-ended),A1,none,113
netzwerk-a1-kursbuch,listening,Übung 7a,7a,short-answer,Hören Sie das Lied von Einshoch6. Welche Wörter verstehen Sie? Notieren Sie und sammeln Sie im Kurs.,,,,(open-ended),A1,communication,114
netzwerk-a1-kursbuch,speaking,Übung 7b,7b,speaking-task,Was glauben Sie? Worum geht es in dem Lied?,,,,(open-ended),A1,communication,114
netzwerk-a1-kursbuch,listening,Übung 7c,7c,ordering,Hören Sie das Lied noch einmal und ordnen Sie den Text (drei Strophen).,,,,,A1,communication,114
netzwerk-a1-kursbuch,reading,Übung 7d,7d,short-answer,Was macht die Person im Lied alles? Was kennen Sie? Markieren Sie Wörter und Ausdrücke.,,,,(open-ended),A1,communication,114
netzwerk-a1-kursbuch,speaking,Übung 7e,7e,speaking-task,Und Sie? Was aus dem Lied machen Sie oft/manchmal/nie? Sprechen Sie in Gruppen.,,,,(open-ended),A1,communication,114
netzwerk-a1-kursbuch,reading,Übung 8a,8a-1,multiple-choice,Wie frühstücken Sie sonntags?,So wie immer: Ich trinke einen Kaffee und lese Zeitung.,"Zusammen mit Familie, Freunden und Kindern.",Ich gehe gern mit Freunden in ein Café und bestelle ein Frühstück.,,A1,home,115
netzwerk-a1-kursbuch,reading,Übung 8a,8a-2,multiple-choice,"Sie bekommen Besuch. Wie geht es Ihnen, was machen Sie?","Hurra, Besuch! Ich mache die Wohnung extra sauber.",Besuch macht immer viel Arbeit. Ich bin gern allein.,"Ich habe oft Besuch, das finde ich super. Aber ich mache die Wohnung nicht extra sauber.",,A1,home,115
netzwerk-a1-kursbuch,reading,Übung 8a,8a-3,multiple-choice,Was tun Sie in Ihrer Freizeit?,Ich treffe oft meinen Freund / meine Freundin.,Ich lese viel und spiele am Computer.,"Ich treffe immer Freunde, mache Sport und bin fast nie zu Hause.",,A1,home,115
netzwerk-a1-kursbuch,reading,Übung 8a,8a-4,multiple-choice,Wie reisen Sie besonders gern?,Wir reisen zu zweit und organisieren alles gemeinsam.,Ich reise nicht gern. Ich finde es zu Hause sehr schön.,Ich mache gern Reisen in der Gruppe. Man sieht viel und muss nichts organisieren.,,A1,home,115
netzwerk-a1-kursbuch,reading,Übung 8a,8a-5,multiple-choice,Sie machen eine Party. Sie haben zu wenige Gläser. Was machen Sie?,Ich frage meinen Nachbarn / meine Nachbarin.,Ich nehme die Gläser von Oma aus dem Schrank. Die Gläser sind sehr teuer.,Ich kaufe im Supermarkt Gläser. Sie sind billig und ich brauche sie bald wieder.,,A1,home,115
netzwerk-a1-kursbuch,reading,Übung 8a,8a-6,multiple-choice,Es ist Sonntag und Sie sind allein. Was machen Sie?,"Ich koche etwas Schönes, trinke Tee und lese den ganzen Tag.",Ich bestelle eine Pizza und sehe einen Film.,Ich rufe meine Eltern an und telefoniere lang.,,A1,home,115
netzwerk-a1-kursbuch,reading,Übung 8a,8a-7,multiple-choice,Ihre Wohnung ist sehr klein. Was machen Sie?,Ich brauche mehr Platz. Ich suche eine andere Wohnung.,Für mich ist das perfekt: Ich bin wenig zu Hause und die Wohnung ist schnell sauber.,"Ich mag kleine Wohnungen sehr, große Zimmer mag ich nicht.",,A1,home,115
netzwerk-a1-kursbuch,reading,Übung 8b,8b,short-answer,Zählen Sie Ihre Punkte und lesen Sie die Auswertung. Passt sie zu Ihnen?,,,,(open-ended),A1,home,115
netzwerk-a1-kursbuch,speaking,Übung 1a,1a,speaking-task,Was machen die Leute? Beschreiben Sie die Fotos. (Bilder malen | Kinder betreuen | lernen | segeln | recherchieren | eine Stadt zeigen | Unterricht geben | spielen),,,,(open-ended),A1,profession,116
netzwerk-a1-kursbuch,listening,Übung 1b,1b,short-answer,"Hören Sie die Radiosendung. Welchen Beruf haben die Personen? Was finden sie gut, was nicht? Notieren Sie (Beruf, Vorteil, Nachteil).",,,,,A1,profession,116
netzwerk-a1-kursbuch,,Übung 2a,2a,short-answer,"Was ist für Sie wichtig im Beruf? Wählen Sie drei Aussagen und geben Sie Punkte: 3 Punkte = sehr wichtig. (interessant/Spaß, viele Kontakte, nicht anstrengend, viel reisen, im Team, viel Geld, nette Kollegen/Chefs, Karriere)",,,,(open-ended),A1,profession,117
netzwerk-a1-kursbuch,speaking,Übung 2b,2b,speaking-task,Vergleichen Sie Ihre Ergebnisse. Machen Sie eine Kursstatistik.,,,,(open-ended),A1,profession,117
netzwerk-a1-kursbuch,reading,Übung 3a,3a,ordering,Sehen Sie die Bilder an und lesen Sie die Nachrichten von Daniel und Tina. Ordnen Sie die Bilder in die richtige Reihenfolge.,,,,"E, D, B, C, A",A1,daily-routine,118
netzwerk-a1-kursbuch,reading,Übung 3b,3b-1,fill-in,Was ist passiert? Ergänzen Sie: 08:30 — Der Professor _hat_ immer nur ___.,,,,geredet,A1,daily-routine,118
netzwerk-a1-kursbuch,reading,Übung 3b,3b-2,fill-in,Was ist passiert? Ergänzen Sie: 14:00 — Daniel ___ eine Präsentation ___.,,,,hat geplant,A1,daily-routine,118
netzwerk-a1-kursbuch,reading,Übung 3b,3b-3,fill-in,Was ist passiert? Ergänzen Sie: 16:00 — Daniel ___ sechs Stunden lang ___.,,,,hat gelernt,A1,daily-routine,118
netzwerk-a1-kursbuch,reading,Übung 3b,3b-4,fill-in,Was ist passiert? Ergänzen Sie: 22:00 — Er ___ eine Pause ___. Er ___ eine Pizza ___.,,,,hat gemacht; hat geholt,A1,daily-routine,118
netzwerk-a1-kursbuch,listening,Übung 4a,4a-1,multiple-choice,Was hat Tina gemacht? Was hat Daniel gemacht? Kreuzen Sie an: für ein Seminar recherchieren.,Tina,Daniel,,,A1,profession,119
netzwerk-a1-kursbuch,listening,Übung 4a,4a-2,multiple-choice,Kreuzen Sie an: Statistik lernen.,Tina,Daniel,,,A1,profession,119
netzwerk-a1-kursbuch,listening,Übung 4a,4a-3,multiple-choice,Kreuzen Sie an: eine Prüfung machen.,Tina,Daniel,,,A1,profession,119
netzwerk-a1-kursbuch,listening,Übung 4a,4a-4,multiple-choice,Kreuzen Sie an: eine Präsentation machen.,Tina,Daniel,,,A1,profession,119
netzwerk-a1-kursbuch,listening,Übung 4a,4a-5,multiple-choice,Kreuzen Sie an: Fußball spielen.,Tina,Daniel,,,A1,profession,119
netzwerk-a1-kursbuch,listening,Übung 4a,4a-6,multiple-choice,Kreuzen Sie an: im Studio trainieren.,Tina,Daniel,,,A1,profession,119
netzwerk-a1-kursbuch,listening,Übung 4a,4a-7,multiple-choice,Kreuzen Sie an: in der Bäckerei arbeiten.,Tina,Daniel,,,A1,profession,119
netzwerk-a1-kursbuch,writing,Übung 4b,4b,writing-task,Was haben die beiden gemacht? Schreiben Sie. Vergleichen Sie dann zu zweit.,,,,(open-ended),A1,profession,119
netzwerk-a1-kursbuch,listening,Übung 5a,5a-1,matching,Was hat Daniel vor dem Studium gemacht? Ordnen Sie zu: Daniel hat nach der Schule ___,,,,D,A1,profession,119
netzwerk-a1-kursbuch,listening,Übung 5a,5a-2,matching,Ordnen Sie zu: Bei der Arbeit hat es ___,,,,,A1,profession,119
netzwerk-a1-kursbuch,listening,Übung 5a,5a-3,matching,Ordnen Sie zu: Daniel hatte nie Zeit und hat ___,,,,,A1,profession,119
netzwerk-a1-kursbuch,listening,Übung 5a,5a-4,matching,Ordnen Sie zu: Dann hat Daniel ___,,,,,A1,profession,119
netzwerk-a1-kursbuch,listening,Übung 5a,5a-5,matching,Ordnen Sie zu: Im Urlaub hat Daniel ___,,,,,A1,profession,119
netzwerk-a1-kursbuch,,Übung 5b,5b,short-answer,Markieren Sie die Partizip-Formen in 5a. Machen Sie dann eine Liste mit dem Infinitiv und dem Partizip II.,,,,(open-ended),A1,profession,119
netzwerk-a1-kursbuch,speaking,Übung 6,6,speaking-task,Arbeiten Sie in Gruppen. Notieren Sie fünf Verben aus Aufgabe 3 bis 5 auf Zettel. Mischen Sie die Zettel. Ziehen Sie einen Zettel und bilden Sie einen Satz im Perfekt.,,,,(open-ended),A1,profession,119
netzwerk-a1-kursbuch,reading,Übung 7a,7a,short-answer,Lesen Sie. Was sind die Personen von Beruf? Wie haben sie die Stelle gefunden? Sprechen Sie zu zweit.,,,,,A1,profession,120
netzwerk-a1-kursbuch,reading,Übung 7b,7b-1,true-false,Welche Aussagen sind richtig? Felix wohnt jetzt in Berlin und er mag seine Arbeit.,richtig,falsch,,richtig,A1,profession,120
netzwerk-a1-kursbuch,reading,Übung 7b,7b-2,true-false,Richtig oder falsch? Claudia ist vorher nur 15 Minuten zur Arbeit gefahren.,richtig,falsch,,falsch,A1,profession,120
netzwerk-a1-kursbuch,reading,Übung 7b,7b-3,true-false,Richtig oder falsch? Freddy hat drei Jahre lang nicht gearbeitet.,richtig,falsch,,falsch,A1,profession,120
netzwerk-a1-kursbuch,reading,Übung 7b,7b-4,true-false,Richtig oder falsch? Lea hat in Spanien gelebt.,richtig,falsch,,richtig,A1,profession,120
netzwerk-a1-kursbuch,reading,Übung 8a,8a-1,fill-in,Perfekt mit sein. Ergänzen Sie: gehen — Freddy ___ zur Agentur für Arbeit ___.,,,,ist gegangen,A1,profession,120
netzwerk-a1-kursbuch,reading,Übung 8a,8a-2,fill-in,Perfekt mit sein. Ergänzen Sie: kommen — Felix ___ nach Berlin ___.,,,,ist gekommen,A1,profession,120
netzwerk-a1-kursbuch,reading,Übung 8a,8a-3,fill-in,Perfekt mit sein. Ergänzen Sie: fliegen — Lea ___ nach Spanien ___.,,,,ist geflogen,A1,profession,120
netzwerk-a1-kursbuch,reading,Übung 8a,8a-4,fill-in,Perfekt mit sein. Ergänzen Sie: bleiben — Sie ___ zwei Jahre in Spanien ___.,,,,ist geblieben,A1,profession,120
netzwerk-a1-kursbuch,reading,Übung 8a,8a-5,fill-in,Perfekt mit sein. Ergänzen Sie: passieren — Es ___ nichts ___.,,,,ist passiert,A1,profession,120
netzwerk-a1-kursbuch,,Übung 8b,8b,short-answer,Ergänzen Sie Ihre Liste aus 5b mit den Verben aus 7a.,,,,(open-ended),A1,profession,120
netzwerk-a1-kursbuch,listening,Übung 10 (Aussprache h),10a-1,multiple-choice,Aussprache h. Was hören Sie? Kreuzen Sie an (1).,Eis,heiß,,,A1,none,121
netzwerk-a1-kursbuch,listening,Übung 10 (Aussprache h),10a-2,multiple-choice,Aussprache h. Was hören Sie? Kreuzen Sie an (2).,er,her,,,A1,none,121
netzwerk-a1-kursbuch,listening,Übung 10 (Aussprache h),10a-3,multiple-choice,Aussprache h. Was hören Sie? Kreuzen Sie an (3).,aus,Haus,,,A1,none,121
netzwerk-a1-kursbuch,listening,Übung 10 (Aussprache h),10a-4,multiple-choice,Aussprache h. Was hören Sie? Kreuzen Sie an (4).,und,Hund,,,A1,none,121
netzwerk-a1-kursbuch,speaking,Übung 10 (Aussprache h),10b,speaking-task,"Hören Sie und sprechen Sie nach. (Hallo Hanna, hast du heute Abend Zeit? / Hans hat heute zu Hause gearbeitet. / Herr Huber arbeitet im Hotel Hilber in Hamburg.)",,,,(open-ended),A1,none,121
netzwerk-a1-kursbuch,speaking,Übung 10,10c,speaking-task,"Notieren Sie drei Fragen. Gehen Sie durch den Kursraum. Fragen und antworten Sie. (wo/wie lange zur Schule/Uni gehen, wann nach … kommen, was studieren/lernen, wie deine Stelle finden, wo letztes Jahr arbeiten)",,,,(open-ended),A1,profession,121
netzwerk-a1-kursbuch,speaking,Übung 10,10d,speaking-task,Sammeln Sie die Informationen zu den Personen im Kurs.,,,,(open-ended),A1,profession,121
netzwerk-a1-kursbuch,speaking,Übung 9a,9a,speaking-task,Ein ganz normaler Tag? Florian erzählt. Wie war es wirklich? Sprechen Sie zu zweit.,,,,(open-ended),A1,daily-routine,121
netzwerk-a1-kursbuch,writing,Übung 9b,9b,writing-task,Was haben Sie gestern gemacht? Schreiben Sie einen kurzen Text.,,,,(open-ended),A1,daily-routine,121
netzwerk-a1-kursbuch,reading,Übung 11a,11a-1,matching,"Lesen Sie und ordnen Sie zu: Firma Hölke, guten Tag. Sie sprechen mit Tom Müller.",,,,C,A1,communication,122
netzwerk-a1-kursbuch,reading,Übung 11a,11a-2,matching,Ordnen Sie zu: Tut mir leid. Da kann ich Ihnen nicht helfen. Sie müssen mit Frau Selmicz sprechen.,,,,E,A1,communication,122
netzwerk-a1-kursbuch,reading,Übung 11a,11a-3,matching,Ordnen Sie zu: Selmicz. S E L M I C Z.,,,,F,A1,communication,122
netzwerk-a1-kursbuch,reading,Übung 11a,11a-4,matching,Ordnen Sie zu: Frau Selmicz ist heute leider nicht da. Können Sie morgen noch einmal anrufen?,,,,B,A1,communication,122
netzwerk-a1-kursbuch,reading,Übung 11a,11a-5,matching,"Ordnen Sie zu: Ja, das ist die 4319.",,,,A,A1,communication,122
netzwerk-a1-kursbuch,reading,Übung 11a,11a-6,matching,Ordnen Sie zu: Bitte. Auf Wiederhören.,,,,D,A1,communication,122
netzwerk-a1-kursbuch,listening,Übung 11b,11b,short-answer,Hören Sie jetzt das Gespräch und kontrollieren Sie.,,,,,A1,communication,122
netzwerk-a1-kursbuch,reading,Übung 11c,11c,fill-in,Was sagen Sie wann? Lesen Sie das Gespräch in 11a noch einmal und ergänzen Sie: Sie verabschieden sich: ___,,,,Auf Wiederhören.,A1,communication,122
netzwerk-a1-kursbuch,speaking,Übung 12,12,speaking-task,Arbeiten Sie zu zweit. Wählen Sie eine Situation und bereiten Sie ein Telefongespräch vor. Spielen Sie dann Ihr Gespräch vor.,,,,(open-ended),A1,communication,122
netzwerk-a1-kursbuch,reading,Übung 13a,13a,matching,"Sehen Sie die Fotos an und lesen Sie die Texte. Ordnen Sie zu (1 Oktoberfest in München, 2 Weihnachtsmarkt in Dresden, 3 Bregenzer Festspiele — Fotos A/B/C).",,,,,A1,mixed,123
netzwerk-a1-kursbuch,reading,Übung 13b,13b,short-answer,Arbeiten Sie zu dritt. Jede/r liest einen Text und notiert Informationen zur Veranstaltung (Wo? Wann? Seit wann? Wie viele Besucher? Was kann man dort machen?).,,,,(open-ended),A1,mixed,123
netzwerk-a1-kursbuch,speaking,Übung 13c,13c,speaking-task,Stellen Sie mit Ihren Notizen aus 13b die Veranstaltung vor.,,,,(open-ended),A1,mixed,123
netzwerk-a1-kursbuch,listening,Übung 13d,13d,matching,"Welche Jobs machen die Personen? Hören Sie und ordnen Sie zu (A Kellnerin, B Händler, C Statist — Person 1/2/3).",,,,,A1,profession,123
netzwerk-a1-kursbuch,listening,Übung 13e,13e-1,multiple-choice,"Hören Sie noch einmal. Wer sagt was? Kreuzen Sie an: Der Job ist anstrengend, aber ich verdiene viel Geld.",Person 1,Person 2,Person 3,,A1,profession,123
netzwerk-a1-kursbuch,listening,Übung 13e,13e-2,multiple-choice,"Wer sagt das? Die Arbeit macht Spaß, aber ich bekomme nicht viel Geld.",Person 1,Person 2,Person 3,,A1,profession,123
netzwerk-a1-kursbuch,listening,Übung 13e,13e-3,multiple-choice,Wer sagt das? Wir verkaufen viel und es ist jedes Jahr wieder schön.,Person 1,Person 2,Person 3,,A1,profession,123
netzwerk-a1-kursbuch,speaking,Übung 13f,13f,speaking-task,Welche Saison-Jobs oder interessanten Jobs kennen Sie? Recherchieren Sie Fotos und erzählen Sie.,,,,(open-ended),A1,profession,123
netzwerk-a1-kursbuch,listening,Übung 14a,14a,short-answer,Sehen Sie Szene 23. Wo arbeiten Bea und Anna? (Arbeit im Restaurant | Praktikum in einer Firma | Job für eine Marketing-Firma | Arbeit in der Bank | Arbeit bei einer Filmfirma | Praktikum in einem Supermarkt),,,,,A1,profession,124
netzwerk-a1-kursbuch,listening,Übung 14b,14b,matching,"Sehen Sie die Szene noch einmal. Was macht Bea, was macht Anna? Ordnen Sie zu (A mit Kunden sprechen … I das Protokoll schreiben).",,,,,A1,profession,124
netzwerk-a1-kursbuch,speaking,Übung 14c,14c,speaking-task,Was denken Sie? Welchen Job aus 14a hat Max gefunden?,,,,(open-ended),A1,profession,124
netzwerk-a1-kursbuch,speaking,Übung 15a,15a,speaking-task,Die Stellenanzeige. Lesen Sie die Anzeige. Wie bereiten Sie sich auf das Bewerbungsgespräch vor? Sprechen Sie zu zweit. (Kleidung wählen | mit Freunden sprechen | Informationen über die Firma suchen | den Weg recherchieren),,,,(open-ended),A1,profession,124
netzwerk-a1-kursbuch,listening,Übung 15b,15b,short-answer,Sehen Sie Szene 24. Was macht Max wann? Wie findet Max den Job?,,,,,A1,profession,124
netzwerk-a1-kursbuch,writing,Übung 15c,15c,writing-task,"Sehen Sie das Foto in 15b noch einmal an. Max wartet vor dem Bewerbungsgespräch. Was denkt er wahrscheinlich? Notieren Sie (09:51 Uhr, 10:23 Uhr, 10:39 Uhr).",,,,(open-ended),A1,profession,124
netzwerk-a1-kursbuch,reading,Übung 15d,15d,short-answer,"Lesen Sie die Nachricht von Max. Was sagt er jetzt über den Job? Was ist gut, was ist schlecht? Erzählen Sie.",,,,,A1,profession,124
netzwerk-a1-kursbuch,reading,Übung 1a,1a-1,matching,"Die Verabredung. Welche Aussage passt wo (Bild A/B/C)? Ordnen Sie zu: Das macht 119 Euro, bitte.",,,,,A1,shopping,126
netzwerk-a1-kursbuch,reading,Übung 1a,1a-10,matching,"Ordnen Sie zu: Ja, und du siehst auch toll aus!",,,,,A1,shopping,126
netzwerk-a1-kursbuch,reading,Übung 1a,1a-2,matching,Ordnen Sie zu: Ich freue mich auf heute Abend! Hm … Was ziehe ich nur an?!,,,,A,A1,shopping,126
netzwerk-a1-kursbuch,reading,Übung 1a,1a-3,matching,Ordnen Sie zu: Das Hemd und die Hose stehen Ihnen sehr gut!,,,,,A1,shopping,126
netzwerk-a1-kursbuch,reading,Übung 1a,1a-4,matching,"Ordnen Sie zu: Das T-Shirt ist doof, zu weit und viel zu lang. Ich muss einkaufen!",,,,,A1,shopping,126
netzwerk-a1-kursbuch,reading,Übung 1a,1a-5,matching,Ordnen Sie zu: Hoffentlich finde ich hier etwas!,,,,,A1,shopping,126
netzwerk-a1-kursbuch,reading,Übung 1a,1a-6,matching,"Ordnen Sie zu: Oh, hallo! Was machst du denn hier?",,,,,A1,shopping,126
netzwerk-a1-kursbuch,reading,Übung 1a,1a-7,matching,"Ordnen Sie zu: Das ist aber schön! Und teuer! Egal, ich kaufe es.",,,,,A1,shopping,126
netzwerk-a1-kursbuch,reading,Übung 1a,1a-8,matching,Ordnen Sie zu: Super T-Shirt.,,,,,A1,shopping,126
netzwerk-a1-kursbuch,reading,Übung 1a,1a-9,matching,Ordnen Sie zu: Der Rock ist zu kurz. Und die Hose ist zu eng.,,,,,A1,shopping,126
netzwerk-a1-kursbuch,listening,Übung 1b,1b,multiple-choice,Hören Sie zwei Gespräche. Welches Gespräch passt zu der Geschichte: 1 oder 2?,1,2,,,A1,shopping,126
netzwerk-a1-kursbuch,vocabulary,Übung 2,2a,short-answer,Welche Kleidung tragen Sie wann oder wo? Sammeln Sie Wörter aus 1a und ergänzen Sie mit dem Wörterbuch. Erzählen Sie dann.,,,,(open-ended),A1,shopping,127
netzwerk-a1-kursbuch,vocabulary,Übung 2,2b,short-answer,Welche Wörter sind in anderen Sprachen ähnlich oder gleich? Sammeln Sie.,,,,(open-ended),A1,shopping,127
netzwerk-a1-kursbuch,speaking,Übung 3,3a,speaking-task,Wo kaufen Sie Kleidung? Vergleichen Sie im Kurs.,,,,(open-ended),A1,shopping,128
netzwerk-a1-kursbuch,listening,Übung 3,3b,short-answer,Hören Sie das Gespräch. Wo will Andreas Kleidung kaufen?,,,,,A1,shopping,128
netzwerk-a1-kursbuch,listening,Übung 3,3c,short-answer,Hören Sie weiter und notieren Sie. Wer findet was gut?,,,,,A1,shopping,128
netzwerk-a1-kursbuch,listening,Übung 3,3d,short-answer,Hören Sie das Ende des Gesprächs. Was bestellt Andreas?,,,,,A1,shopping,128
netzwerk-a1-kursbuch,reading,Übung 4,4a,fill-in,Die Entscheidung. Lesen Sie das Gespräch und ergänzen Sie die Regel (Welcher? – dieser).,,,,,A1,shopping,128
netzwerk-a1-kursbuch,speaking,Übung 4,4b,speaking-task,Variieren Sie das Gespräch von 4a.,,,,(open-ended),A1,shopping,128
netzwerk-a1-kursbuch,reading,Übung 5,5a,short-answer,"Lesen Sie die Nachrichten. Wem gefällt das T-Shirt, wem der Hut?",,,,T-Shirt: Susi (auch Jana); Hut: Timo,A1,shopping,129
netzwerk-a1-kursbuch,reading,Übung 5,5b,fill-in,Lesen Sie die Nachrichten noch einmal und markieren Sie die Partizipien. Ergänzen Sie dann die Regel.,,,,"finden→gefunden, kaufen→gekauft, passen→gepasst, machen→gemacht; empfehlen→empfohlen, erzählen→erzählt, entdecken→entdeckt, bezahlen→bezahlt, verstehen→verstanden; aussehen→ausgesehen, ankommen→angekommen, zurückschicken→zurückgeschickt, umtauschen→umgetauscht",A1,shopping,129
netzwerk-a1-kursbuch,listening,Übung 6,6a,short-answer,Betonung von Verben mit Präfix. Hören Sie. Was ist betont? Markieren Sie und kreuzen Sie an. (bekommen – mitkommen; einkaufen – verkaufen; aufstehen – verstehen),,,,Präfix betont → Verb trennbar; Präfix nicht betont → Verb nicht trennbar,A1,shopping,129
netzwerk-a1-kursbuch,speaking,Übung 6,6b,speaking-task,Hören Sie und sprechen Sie nach.,,,,(open-ended),A1,shopping,129
netzwerk-a1-kursbuch,writing,Übung 7,7,writing-task,"Was haben Sie gemacht? Schreiben Sie zu jeder Zeitangabe einen Satz (heute, gestern, vorgestern, vor drei Tagen, letzte Woche).",,,,(open-ended),A1,shopping,129
netzwerk-a1-kursbuch,listening,Übung 8,8a,short-answer,Im Geschäft. Hören Sie. Wer fragt was? Kreuzen Sie an. (Kunde/Verkäuferin),,,,,A1,shopping,130
netzwerk-a1-kursbuch,reading,Übung 8,8b,matching,Ordnen Sie die Antworten den Fragen in 8a zu. Hören Sie dann das Gespräch noch einmal.,,,,7 → A (Beispiel); übrige Zuordnung nur mit Audio lösbar,A1,shopping,130
netzwerk-a1-kursbuch,reading,Übung 8,8c,short-answer,Lesen Sie die Sätze aus 8a und 8b noch einmal. Markieren Sie die Personalpronomen im Dativ und unterstreichen Sie die Verben mit Dativ.,,,,,A1,shopping,130
netzwerk-a1-kursbuch,writing,Übung 8,8d,writing-task,Schreiben und spielen Sie einen eigenen Dialog wie in 8a und b.,,,,(open-ended),A1,shopping,130
netzwerk-a1-kursbuch,reading,Übung 9,9a,fill-in,Shoppen. Ergänzen Sie die Dialoge (Personalpronomen im Dativ). Hören Sie zur Kontrolle. Lesen Sie dann zu zweit.,,,,,A1,shopping,130
netzwerk-a1-kursbuch,speaking,Übung 9,9b,speaking-task,Spielen Sie zu zweit. Würfeln Sie zwei Mal und bilden Sie Sätze oder Fragen.,,,,(open-ended),A1,shopping,130
netzwerk-a1-kursbuch,reading,Übung 10c,1,short-answer,Wo finden Sie was? – Ihre Schwester kocht gern. Sie probiert gern neue Gerichte.,,,,Untergeschoss (Alles für die Küche / Haushaltswaren),A1,shopping,131
netzwerk-a1-kursbuch,listening,Übung 10,10a,short-answer,Hören Sie das Gespräch. Was möchten Herr und Frau Wagner kaufen? Kreuzen Sie an. Nicht alle Wörter passen.,,,,,A1,shopping,131
netzwerk-a1-kursbuch,reading,Übung 10,10b,short-answer,Wo finden Herr und Frau Wagner die Produkte?,,,,,A1,shopping,131
netzwerk-a1-kursbuch,speaking,Übung 11,11a,speaking-task,Arbeiten Sie zu zweit. Sie suchen drei Dinge im Kaufhaus. Fragen und antworten Sie.,,,,(open-ended),A1,shopping,131
netzwerk-a1-kursbuch,speaking,Übung 11,11b,speaking-task,Kaufhaus oder …? Wo kaufen Sie was? Arbeiten Sie mit dem Wörterbuch und sammeln Sie im Kurs.,,,,(open-ended),A1,shopping,131
netzwerk-a1-kursbuch,reading,Übung 10c,2,short-answer,Sie brauchen einen Bleistift und Papier.,,,,Erdgeschoss (Schreibwaren),A1,shopping,131
netzwerk-a1-kursbuch,reading,Übung 10c,3,short-answer,Ihr Vater hat Geburtstag. Er fotografiert gern und seine Kamera ist kaputt.,,,,4. Stock (Fotozubehör / Technik),A1,shopping,131
netzwerk-a1-kursbuch,reading,Übung 10c,4,short-answer,Sie suchen ein Spiel für den Sohn von Freunden.,,,,3. Stock (Spielwaren),A1,shopping,131
netzwerk-a1-kursbuch,reading,Übung 10c,5,short-answer,Sie spielen gern Tennis und brauchen Bälle.,,,,5. Stock (Alles für den Sport),A1,shopping,131
netzwerk-a1-kursbuch,reading,Übung 12,12a,multiple-choice,Lesen Sie zuerst den Infotext. Welche Überschrift passt?,Hauptstadt Berlin,Trendstadt Berlin,Berlin gestern und heute,Trendstadt Berlin,A1,city-places,132
netzwerk-a1-kursbuch,speaking,Übung 12,12c,speaking-task,Welche zwei Orte möchten Sie besuchen? Arbeiten Sie zu zweit. Recherchieren Sie eine neue Information dazu und präsentieren Sie im Kurs.,,,,(open-ended),A1,city-places,133
netzwerk-a1-kursbuch,reading,Übung 12b,Architektur,matching,In Berlin unterwegs. Ordnen Sie den Stichpunkt einem Ort (A–E) zu; finden Sie nichts: 0. – Architektur,,,,D (Hackesche Höfe),A1,city-places,133
netzwerk-a1-kursbuch,reading,Übung 12b,Ausstellungen,matching,Ordnen Sie den Stichpunkt einem Ort (A–E) zu; sonst 0. – Ausstellungen,,,,0,A1,city-places,133
netzwerk-a1-kursbuch,reading,Übung 12b,Bilder,matching,Ordnen Sie den Stichpunkt einem Ort (A–E) zu; sonst 0. – Bilder,,,,0,A1,city-places,133
netzwerk-a1-kursbuch,reading,Übung 12b,Bücher,matching,Ordnen Sie den Stichpunkt einem Ort (A–E) zu; sonst 0. – Bücher,,,,0,A1,city-places,133
netzwerk-a1-kursbuch,reading,Übung 12b,Dinge für den Haushalt,matching,Ordnen Sie den Stichpunkt einem Ort (A–E) zu; sonst 0. – Dinge für den Haushalt,,,,,A1,city-places,133
netzwerk-a1-kursbuch,reading,Übung 12b,Essen,matching,Ordnen Sie den Stichpunkt einem Ort (A–E) zu; sonst 0. – Essen,,,,,A1,city-places,133
netzwerk-a1-kursbuch,reading,Übung 12b,Kleidung,matching,Ordnen Sie den Stichpunkt einem Ort (A–E) zu; sonst 0. – Kleidung,,,,,A1,city-places,133
netzwerk-a1-kursbuch,reading,Übung 12b,Mode,matching,Ordnen Sie den Stichpunkt einem Ort (A–E) zu; sonst 0. – Mode,,,,,A1,city-places,133
netzwerk-a1-kursbuch,reading,Übung 12b,Möbel,matching,Ordnen Sie den Stichpunkt einem Ort (A–E) zu; sonst 0. – Möbel,,,,0,A1,city-places,133
netzwerk-a1-kursbuch,reading,Übung 12b,Schuhe,matching,Ordnen Sie den Stichpunkt einem Ort (A–E) zu; sonst 0. – Schuhe,,,,A (Schuhladen Trippen),A1,city-places,133
netzwerk-a1-kursbuch,reading,Übung 12b,Souvenirs/Geschenke,matching,Ordnen Sie den Stichpunkt einem Ort (A–E) zu; sonst 0. – Souvenirs/Geschenke,,,,C (Ausberlin); auch E (erfinderladen),A1,city-places,133
netzwerk-a1-kursbuch,reading,Übung 12b,Taschen,matching,Ordnen Sie den Stichpunkt einem Ort (A–E) zu; sonst 0. – Taschen,,,,B (Tausche),A1,city-places,133
netzwerk-a1-kursbuch,listening,Übung 13,13a,multiple-choice,Sehen Sie Szene 25. Wie geht es Max? Was will er machen? (zur Arbeit gehen / zu einer Party gehen / ins Kino gehen / zum Sport gehen),,,,,A1,shopping,134
netzwerk-a1-kursbuch,speaking,Übung 13,13b,short-answer,Welche Kleidungsstücke nimmt Max aus dem Schrank? Was wählt er am Schluss? Beschreiben Sie.,,,,(open-ended),A1,shopping,134
netzwerk-a1-kursbuch,listening,Übung 14,14a.1,fill-in,Sehen Sie Szene 26. Wer will wohin gehen? Ergänzen Sie die Namen: _____ will zu einer Hochzeit gehen.,,,,,A1,shopping,134
netzwerk-a1-kursbuch,listening,Übung 14,14a.2,fill-in,_____ will klettern gehen.,,,,,A1,shopping,134
netzwerk-a1-kursbuch,speaking,Übung 14,14b,speaking-task,Beschreiben Sie die Kleidung von Luca. Nennen Sie auch die Farben.,,,,(open-ended),A1,shopping,134
netzwerk-a1-kursbuch,writing,Übung 14,14c,writing-task,Was denkt die Nachbarin? Was denkt Max? Arbeiten Sie zu zweit und notieren Sie je einen Satz.,,,,(open-ended),A1,shopping,134
netzwerk-a1-kursbuch,speaking,Übung 14,14d,speaking-task,Und Sie? Was ziehen Sie auf einer Hochzeit an? Erzählen Sie.,,,,(open-ended),A1,shopping,134
netzwerk-a1-kursbuch,reading,Übung 1a,1,matching,Sehen Sie die Fotos an. Welcher Urlaub passt? Ordnen Sie zu. – Badeurlaub an der Nordsee,,,,D (Person im Liegestuhl am Meer),A1,travel,136
netzwerk-a1-kursbuch,vocabulary,Übung 1,1b,short-answer,Packen Sie die Reisetaschen. Was kommt in welches Gepäck? Notieren Sie.,,,,(open-ended),A1,travel,136
netzwerk-a1-kursbuch,reading,Übung 1a,2,matching,Ordnen Sie zu. – Stadturlaub in Basel,,,,B (Stadtansicht Basel),A1,travel,136
netzwerk-a1-kursbuch,reading,Übung 1a,3,matching,Ordnen Sie zu. – Campingurlaub am Chiemsee,,,,A (Campingplatz mit Zelten),A1,travel,136
netzwerk-a1-kursbuch,reading,Übung 1a,4,matching,Ordnen Sie zu. – Ski- oder Snowboard-Urlaub in den Alpen,,,,C (Snowboarder im Schnee),A1,travel,136
netzwerk-a1-kursbuch,listening,Übung 2,2a,short-answer,Koffer packen. Hören Sie das Gespräch. Wohin wollen Katharina und Johannes fahren? Welches Foto aus 1a passt?,,,,,A1,travel,137
netzwerk-a1-kursbuch,listening,Übung 2,2b,short-answer,Hören Sie noch einmal. Was packt Katharina ein? Machen Sie Notizen.,,,,,A1,travel,137
netzwerk-a1-kursbuch,speaking,Übung 2,2c,speaking-task,Was braucht Katharina für ihren Urlaub noch? Sammeln Sie.,,,,(open-ended),A1,travel,137
netzwerk-a1-kursbuch,speaking,Übung 2,2d,speaking-task,Spielen Sie „Kofferpacken“.,,,,(open-ended),A1,travel,137
netzwerk-a1-kursbuch,speaking,Übung 3,3a,speaking-task,Urlaub in einer Stadt. Was möchten Sie machen? Erzählen Sie.,,,,(open-ended),A1,travel,138
netzwerk-a1-kursbuch,listening,Übung 3,3b,short-answer,In Basel im Hotel. Hören Sie das Gespräch. Welche Vorschläge hören Sie? Kreuzen Sie an.,,,,,A1,travel,138
netzwerk-a1-kursbuch,speaking,Übung 3,3c,speaking-task,Lesen Sie die Regel. Erzählen Sie: Was kann man in Basel machen?,,,,(open-ended),A1,travel,138
netzwerk-a1-kursbuch,speaking,Übung 3,3d,speaking-task,Hören Sie noch einmal das Gespräch in 3b. Berichten Sie über die Pläne von Katharina und Johannes.,,,,(open-ended),A1,travel,138
netzwerk-a1-kursbuch,speaking,Übung 3,3e,speaking-task,Ein Tag in Basel. Was wollen Sie machen? Recherchieren und berichten Sie.,,,,(open-ended),A1,travel,138
netzwerk-a1-kursbuch,listening,Übung 4,4a,fill-in,Der Weg zur Stadttour. Hören Sie und ergänzen Sie die Wegbeschreibung.,,,,,A1,travel,138
netzwerk-a1-kursbuch,reading,Übung 5a,1,short-answer,Die Postkarte: Wie finden sie Basel?,,,,Sehr schön – man kann dort sehr viel machen.,A1,travel,139
netzwerk-a1-kursbuch,reading,Übung 5b,1,matching,Verbinden Sie die Sätze mit denn: Die Stadt ist toll.,,,,C – Man kann viel machen. (Beispiel),A1,travel,139
netzwerk-a1-kursbuch,reading,Übung 5a,2,short-answer,Was haben sie gemacht?,,,,Sie haben das Vitra Design Museum besucht und eine Stadttour gemacht.,A1,travel,139
netzwerk-a1-kursbuch,reading,Übung 5b,2,matching,Ich mag das Museum.,,,,D – Kunst gefällt mir.,A1,travel,139
netzwerk-a1-kursbuch,reading,Übung 5a,3,short-answer,Was machen sie morgen?,,,,Einen Spaziergang im Zoo und ein bisschen shoppen.,A1,travel,139
netzwerk-a1-kursbuch,reading,Übung 5b,3,matching,Wir essen sehr viel.,,,,A – Es gibt viele gute Restaurants.,A1,travel,139
netzwerk-a1-kursbuch,reading,Übung 5b,4,matching,Abends sind wir müde.,,,,B – Wir haben viel gesehen und gemacht.,A1,travel,139
netzwerk-a1-kursbuch,writing,Übung 4,4b,writing-task,Beschreiben Sie den Weg von Ihrem Sprachinstitut zu einer Attraktion in Ihrem Ort.,,,,(open-ended),A1,travel,139
netzwerk-a1-kursbuch,speaking,Übung 6,6a,speaking-task,In welche Stadt in D-A-CH möchten Sie fahren? Arbeiten Sie zu zweit. Recherchieren Sie Informationen und berichten Sie.,,,,(open-ended),A1,travel,139
netzwerk-a1-kursbuch,writing,Übung 6,6b,writing-task,Lesen Sie die Postkarte in 5a noch einmal und markieren Sie wichtige Ausdrücke. Schreiben Sie dann mit den Informationen aus 6a eine Postkarte aus „Ihrer“ Stadt.,,,,(open-ended),A1,travel,139
netzwerk-a1-kursbuch,reading,Übung 7b,1,short-answer,Text A: Wo hat Laura Urlaub gemacht?,,,,In München. (Beispiel),A1,travel,140
netzwerk-a1-kursbuch,reading,Übung 7c,1,fill-in,Text B: _____ waren Bernd und seine Freunde in Stralsund? (Fragewort ergänzen und antworten),,,,Wann – im Herbst.,A1,travel,140
netzwerk-a1-kursbuch,reading,Übung 7b,2,short-answer,Wann war sie dort?,,,,Im August.,A1,travel,140
netzwerk-a1-kursbuch,reading,Übung 7c,2,fill-in,_____ haben sie zusammen gemacht?,,,,Was – sie sind 300 km mit dem Fahrrad von Stralsund nach Lübeck gefahren.,A1,travel,140
netzwerk-a1-kursbuch,reading,Übung 7b,3,short-answer,Mit wem ist Laura in Urlaub gefahren?,,,,Mit ihrer Freundin Tina.,A1,travel,140
netzwerk-a1-kursbuch,reading,Übung 7c,3,fill-in,_____ hat die Tour gedauert?,,,,Wie lange – eine Woche.,A1,travel,140
netzwerk-a1-kursbuch,reading,Übung 7b,4,short-answer,Wie war die Jugendherberge?,,,,"Sauber und günstig, etwas außerhalb.",A1,travel,140
netzwerk-a1-kursbuch,reading,Übung 7c,4,fill-in,_____ sind sie nicht in Hannover ausgestiegen?,,,,Warum – sie waren müde und haben geschlafen (Bahnhof verpasst).,A1,travel,140
netzwerk-a1-kursbuch,reading,Übung 7b,5,short-answer,Warum haben sie nicht zurückgefunden?,,,,Die Handy-Akkus waren leer (kein Internet) und sie hatten die Adresse nicht.,A1,travel,140
netzwerk-a1-kursbuch,reading,Übung 7c,5,fill-in,_____ hat sie geweckt?,,,,Wer – der Schaffner.,A1,travel,140
netzwerk-a1-kursbuch,reading,Übung 7b,6,short-answer,Wer hat ihnen geholfen?,,,,Ein Taxifahrer.,A1,travel,140
netzwerk-a1-kursbuch,reading,Übung 7c,6,fill-in,_____ haben sie in Kassel getroffen?,,,,Wen – Bekannte.,A1,travel,140
netzwerk-a1-kursbuch,reading,Übung 7a,A,matching,Lesen Sie die Reiseberichte. Welche Überschrift passt zu Text A (Laura94)?,,,,4 – Der Weg zur Jugendherberge,A1,travel,140
netzwerk-a1-kursbuch,reading,Übung 7a,B,matching,Welche Überschrift passt zu Text B (Bernd98)?,,,,2 – Müde im Zug,A1,travel,140
netzwerk-a1-kursbuch,listening,Übung 10,10a,short-answer,"f, v, w. Hören Sie die Wörter. Hören Sie f wie in finden oder w wie in wohnen? Kreuzen Sie an und ergänzen Sie die Regel.",,,,"f: vorstellen, Frühstück, vor, Film, vier, viele; w: warten, Video, wir. Regel: „v“ spricht man meistens als f (wie in finden).",A1,travel,141
netzwerk-a1-kursbuch,speaking,Übung 10,10b,speaking-task,Lesen Sie die Sätze laut. Hören Sie zur Kontrolle.,,,,(open-ended),A1,travel,141
netzwerk-a1-kursbuch,writing,Übung 10,10c,writing-task,Schreiben Sie zu zweit Sätze wie in 10b. Arbeiten Sie mit der Wortliste im Anhang.,,,,(open-ended),A1,travel,141
netzwerk-a1-kursbuch,writing,Übung 7,7d,writing-task,Lesen Sie den Bericht von Christian und schreiben Sie zu zweit sechs Fragen. Tauschen Sie dann mit einem anderen Paar die Fragen und antworten Sie.,,,,(open-ended),A1,travel,141
netzwerk-a1-kursbuch,reading,Übung 8,8a,short-answer,Arbeiten Sie zu dritt. Jede/r liest einen Text aus 7a und d und markiert alle Zeitangaben mit Präpositionen. Ordnen Sie die Zeitangaben dann in eine Tabelle.,,,,,A1,travel,141
netzwerk-a1-kursbuch,writing,Übung 8,8b,writing-task,"Wann machen Sie was? Verbinden Sie und schreiben Sie Sätze (ab, an, in, nach, seit, vor).",,,,(open-ended),A1,travel,141
netzwerk-a1-kursbuch,writing,Übung 9,9,writing-task,Schreiben Sie einen Bericht von einer (Fantasie-)Reise. Hängen Sie alle Berichte im Kurs auf. Welcher Text ist besonders interessant oder lustig?,,,,(open-ended),A1,travel,141
netzwerk-a1-kursbuch,reading,Übung 11c,1,fill-in,"Markieren Sie die Wetter-Wörter und ergänzen Sie: die _____, es ist bewölkt",,,,Wolke (Beispiel),A1,weather,142
netzwerk-a1-kursbuch,speaking,Übung 11,11d,speaking-task,Wie ist das Wetter bei Ihnen? Welche Jahreszeiten gibt es? Erzählen Sie.,,,,(open-ended),A1,weather,142
netzwerk-a1-kursbuch,reading,Übung 11c,2,fill-in,"der Regen, es _____",,,,regnet,A1,weather,142
netzwerk-a1-kursbuch,reading,Übung 11c,3,fill-in,"die _____ scheint, es ist sonnig",,,,Sonne,A1,weather,142
netzwerk-a1-kursbuch,reading,Übung 11c,4,fill-in,"der Schnee, es _____",,,,schneit,A1,weather,142
netzwerk-a1-kursbuch,reading,Übung 11c,5,fill-in,vier _____ plus/_____,,,,Grad; minus,A1,weather,142
netzwerk-a1-kursbuch,reading,Übung 11c,6,fill-in,"der _____, es ist windig",,,,Wind,A1,weather,142
netzwerk-a1-kursbuch,reading,Übung 11b,Anna,matching,"Lesen Sie die Urlaubsnachrichten und ordnen Sie die Wetterberichte zu. – Anna (Blick auf Stadt und Berge; sonnig, warm, kein Wind).",,,,"Salzburg (sonnig, 15 Grad)",A1,weather,142
netzwerk-a1-kursbuch,reading,Übung 11b,Barbara,matching,"Ordnen Sie den Wetterbericht zu. – Barbara (warm, sonnig, nur ein paar Wolken).",,,,"Rostock (sonnig-bewölkt, 18 Grad)",A1,weather,142
netzwerk-a1-kursbuch,reading,Übung 11a,Berlin,short-answer,Wo liegt Berlin?,,,,im Osten,A1,city-places,142
netzwerk-a1-kursbuch,reading,Übung 11a,Bremen,short-answer,Wo liegt Bremen?,,,,im Norden,A1,city-places,142
netzwerk-a1-kursbuch,reading,Übung 11a,Dresden,short-answer,Wo liegt Dresden?,,,,im Osten,A1,city-places,142
netzwerk-a1-kursbuch,reading,Übung 11a,Düsseldorf,short-answer,Wo liegt Düsseldorf?,,,,im Westen,A1,city-places,142
netzwerk-a1-kursbuch,reading,Übung 11a,Erfurt,short-answer,Wo liegt Erfurt?,,,,in der Mitte,A1,city-places,142
netzwerk-a1-kursbuch,reading,Übung 11a,Freiburg,short-answer,Wo liegt Freiburg?,,,,im Süden (Südwesten),A1,city-places,142
netzwerk-a1-kursbuch,reading,Übung 11a,Kassel,short-answer,Wo liegt Kassel?,,,,in der Mitte,A1,city-places,142
netzwerk-a1-kursbuch,reading,Übung 11a,Leipzig,short-answer,Himmelsrichtungen: Wo liegt Leipzig in Deutschland? (im Norden/Osten/Süden/Westen/in der Mitte),,,,im Osten (Beispiel),A1,city-places,142
netzwerk-a1-kursbuch,reading,Übung 11b,Leo,matching,"Ordnen Sie den Wetterbericht zu. – Leo (so kalt, 4 Grad minus, es schneit).",,,,"Zürich (Schnee, -4 Grad)",A1,weather,142
netzwerk-a1-kursbuch,reading,Übung 11a,Lübeck,short-answer,Wo liegt Lübeck?,,,,im Norden,A1,city-places,142
netzwerk-a1-kursbuch,reading,Übung 11a,Rostock,short-answer,Wo liegt Rostock?,,,,im Norden,A1,city-places,142
netzwerk-a1-kursbuch,reading,Übung 11b,Sebastian,matching,"Ordnen Sie den Wetterbericht zu. – Sebastian (es regnet und regnet, Zeit zum Shoppen).",,,,"Freiburg (Regen, 12 Grad)",A1,weather,142
netzwerk-a1-kursbuch,reading,Übung 11a,Stuttgart,short-answer,Wo liegt Stuttgart?,,,,im Süden,A1,city-places,142
netzwerk-a1-kursbuch,reading,Übung 11a,Trier,short-answer,Wo liegt Trier?,,,,im Westen,A1,city-places,142
netzwerk-a1-kursbuch,speaking,Übung 12,12a,speaking-task,"Berge, Meer oder Stadt? Welche Reiseziele kennen Sie in Deutschland? Erzählen Sie.",,,,(open-ended),A1,travel,143
netzwerk-a1-kursbuch,speaking,Übung 12,12c,speaking-task,Berichten Sie von Ihrem Abschnitt.,,,,(open-ended),A1,travel,143
netzwerk-a1-kursbuch,writing,Übung 13,13a,writing-task,Wohin fahren die Menschen in Ihrem Land besonders gern? Recherchieren und schreiben Sie einen Text. Zeigen Sie auch Fotos.,,,,(open-ended),A1,travel,143
netzwerk-a1-kursbuch,speaking,Übung 13,13b,speaking-task,Machen Sie eine Ausstellung im Kurs.,,,,(open-ended),A1,travel,143
netzwerk-a1-kursbuch,reading,Übung 12b,A1,short-answer,Abschnitt A (Nord-/Ostsee): Wohin fahren die Deutschen gern?,,,,In den Norden – ans Meer oder auf eine Insel.,A1,travel,143
netzwerk-a1-kursbuch,reading,Übung 12b,A2,short-answer,Abschnitt A: Was machen sie dort?,,,,"Schwimmen, Sport machen und den Urlaub genießen.",A1,travel,143
netzwerk-a1-kursbuch,reading,Übung 12b,B1,short-answer,Abschnitt B (Städte): Wohin fahren die Deutschen gern?,,,,"In die Städte – Berlin, Hamburg, München, Dresden, Köln.",A1,travel,143
netzwerk-a1-kursbuch,reading,Übung 12b,B2,short-answer,Abschnitt B: Was machen sie dort?,,,,Kultur erleben und Natur in den Parks genießen.,A1,travel,143
netzwerk-a1-kursbuch,reading,Übung 12b,C1,short-answer,Abschnitt C (Berge): Wohin fahren die Deutschen gern?,,,,In die Berge – z. B. Garmisch-Partenkirchen oder Berchtesgaden.,A1,travel,143
netzwerk-a1-kursbuch,reading,Übung 12b,C2,short-answer,Abschnitt C: Was machen sie dort?,,,,"Wandern, Ski fahren und die Natur genießen.",A1,travel,143
netzwerk-a1-kursbuch,listening,Übung 14,14a.1,short-answer,Endlich Ferien! Sehen Sie Szene 27: Was macht Bea?,,,,,A1,travel,144
netzwerk-a1-kursbuch,listening,Übung 14,14a.2,short-answer,Was sagen Anna und Max zu Bea?,,,,,A1,travel,144
netzwerk-a1-kursbuch,listening,Übung 14,14a.3,short-answer,Was machen Anna und Max?,,,,,A1,travel,144
netzwerk-a1-kursbuch,listening,Übung 14,14a.4,short-answer,Wie viel kostet eine Woche auf dem Bauernhof?,,,,,A1,travel,144
netzwerk-a1-kursbuch,listening,Übung 14,14b,short-answer,Was nehmen Anna und Max mit? Sehen Sie die Szene noch einmal und notieren Sie so viele Dinge wie möglich.,,,,,A1,travel,144
netzwerk-a1-kursbuch,listening,Übung 15,15a,ordering,Auf dem Bauernhof. Sehen Sie Szene 28 und ordnen Sie die Dialoge (A–E).,,,,,A1,travel,144
netzwerk-a1-kursbuch,listening,Übung 15,15b,ordering,Sehen Sie die Szene noch einmal. Was hat Bea in Bremen gemacht? Ordnen Sie die Fotos (A–D) in die richtige Reihenfolge und beschreiben Sie sie.,,,,,A1,travel,144
netzwerk-a1-kursbuch,speaking,Übung 16,16a,speaking-task,Sehen Sie den Film noch einmal. Was passiert? Sprechen Sie zu zweit.,,,,(open-ended),A1,travel,144
netzwerk-a1-kursbuch,speaking,Übung 16,16b,speaking-task,Wo möchten Sie Urlaub machen: in einer Stadt oder auf dem Bauernhof? Warum? Sprechen Sie.,,,,(open-ended),A1,travel,144
netzwerk-a1-kursbuch,speaking,Übung 1,1a,speaking-task,"Ein Urlaubstag. Spielen Sie zu zweit und wählen Sie ein Reiseteam A, B, C oder D. Wählen Sie zwei Situationen und bereiten Sie zu zweit ein Rollenspiel für Ihre Reise vor. Machen Sie Notizen.",,,,(open-ended),A1,travel,146
netzwerk-a1-kursbuch,speaking,Übung 1,1b,speaking-task,Spielen Sie die Situationen abwechselnd vor. Sprechen Sie frei.,,,,(open-ended),A1,travel,146
netzwerk-a1-kursbuch,speaking,Übung 1,Situation 1,speaking-task,Sie fahren in den Urlaub und müssen Ihren Koffer packen. Sprechen Sie mit Ihrem Partner / Ihrer Partnerin. Was nehmen Sie mit?,,,,(open-ended),A1,travel,146
netzwerk-a1-kursbuch,speaking,Übung 1,Situation 2,speaking-task,Sie möchten ein Souvenir kaufen. Was passt? Sprechen Sie mit Ihrem Partner / Ihrer Partnerin.,,,,(open-ended),A1,shopping,146
netzwerk-a1-kursbuch,speaking,Übung 1,Situation 3,speaking-task,Sie planen den Tag gemeinsam. Sprechen Sie mit Ihrem Partner / Ihrer Partnerin. Was möchten Sie machen? Wann?,,,,(open-ended),A1,travel,147
netzwerk-a1-kursbuch,speaking,Übung 1,Situation 4,speaking-task,Sie sind abends in einem Restaurant und sprechen mit Ihrem Partner / Ihrer Partnerin über Ihren Urlaubstag.,,,,(open-ended),A1,travel,147
netzwerk-a1-kursbuch,writing,Übung 3a,1,short-answer,Im Sommer.,,,,,A1,time-dates,148
netzwerk-a1-kursbuch,writing,Übung 3a,10,short-answer,Seit drei Monaten.,,,,,A1,time-dates,148
netzwerk-a1-kursbuch,writing,Übung 3a,11,short-answer,Seit gestern.,,,,,A1,time-dates,148
netzwerk-a1-kursbuch,writing,Übung 3a,12,short-answer,Nach dem Frühstück.,,,,,A1,time-dates,148
netzwerk-a1-kursbuch,speaking,Übung 2,2,speaking-task,"Was hast du gestern gemacht? Zuerst, dann, danach … – Sprechen Sie zu dritt. Person A wählt fünf Aktivitäten und erzählt. Person B berichtet Person C. Wechseln Sie dann.",,,,(open-ended),A1,daily-routine,148
netzwerk-a1-kursbuch,writing,Übung 3a,2,short-answer,Vor dem Unterricht.,,,,Wann frühstückst du?,A1,time-dates,148
netzwerk-a1-kursbuch,writing,Übung 3a,3,short-answer,Nach dem Abendessen.,,,,,A1,time-dates,148
netzwerk-a1-kursbuch,speaking,Übung 3b,3b,speaking-task,Gehen Sie durch den Kursraum. Fragen und antworten Sie.,,,,(open-ended),A1,time-dates,148
netzwerk-a1-kursbuch,writing,Übung 3a,4,short-answer,Am Abend.,,,,,A1,time-dates,148
netzwerk-a1-kursbuch,speaking,Übung 4,4,open-ended,Zwei Paare spielen gegeneinander. Würfeln Sie. Notieren Sie zu dem Thema so viele Wörter wie möglich. Sie haben zwei Minuten Zeit. Welches Paar hat mehr Wörter? Spielen Sie drei Runden.,,,,(open-ended),A1,mixed,148
netzwerk-a1-kursbuch,writing,Übung 3a,5,short-answer,Am Wochenende.,,,,,A1,time-dates,148
netzwerk-a1-kursbuch,writing,Übung 3a,6,short-answer,Im April.,,,,,A1,time-dates,148
netzwerk-a1-kursbuch,writing,Übung 3a,7,short-answer,Ab Montag.,,,,,A1,time-dates,148
netzwerk-a1-kursbuch,writing,Übung 3a,8,short-answer,Im Winter.,,,,,A1,time-dates,148
netzwerk-a1-kursbuch,writing,Übung 3a,9,short-answer,Um elf Uhr.,,,,,A1,time-dates,148
netzwerk-a1-kursbuch,reading,Übung 5a,5a,short-answer,Andrea schreibt vor dem Urlaub eine Mail an ihre Kollegen. Markieren Sie: Was sollen Anna und Daniel machen?,,,,,A1,profession,149
netzwerk-a1-kursbuch,reading,Übung 5b,5b,short-answer,"Arbeiten Sie zu zweit. A liest die Mail von Anna, B liest die Mail von Daniel. Welche Aufgaben von Andrea haben sie gemacht? Notieren Sie in Stichpunkten.",,,,,A1,profession,149
netzwerk-a1-kursbuch,reading,Übung 5c,5c,short-answer,Vergleichen Sie Ihre Stichpunkte mit der Mail von Andrea in 5a. Was muss Andrea am Montag noch machen?,,,,,A1,profession,149
netzwerk-a1-kursbuch,reading,Übung 6a,1,multiple-choice,Wie heißt die Hauptstadt von Deutschland?,Stuttgart,Berlin,Frankfurt,,A1,city-places,150
netzwerk-a1-kursbuch,reading,Übung 6a,2,multiple-choice,Wie viele Menschen wohnen in Deutschland?,"82,8 Millionen","213,1 Millionen","38,9 Millionen",,A1,mixed,150
netzwerk-a1-kursbuch,reading,Übung 6a,3,matching,"Ein Foto aus … Wo ist das? Ordnen Sie zu. (Fotos: Brandenburger Tor, Frauenkirche, Elbphilharmonie)",A München,B Hamburg,C Berlin,,A1,city-places,150
netzwerk-a1-kursbuch,reading,Übung 6a,4,multiple-choice,Welche Länder sind Nachbarländer von Deutschland?,Italien und Belgien,Niederlande und Ungarn,Frankreich und Polen,,A1,mixed,150
netzwerk-a1-kursbuch,reading,Übung 6a,5,matching,"Das isst man in … Notieren Sie D für Deutschland, A für Österreich und CH für die Schweiz. (Fotos: Rösti, Germknödel, Currywurst)",A Rösti,B Germknödel,C Currywurst,,A1,food,150
netzwerk-a1-kursbuch,reading,Übung 6a,6,multiple-choice,Wie heißt die Hauptstadt von der Schweiz?,Genf,Bern,Zürich,,A1,city-places,150
netzwerk-a1-kursbuch,reading,Übung 6a,10,multiple-choice,Welche Flagge gehört zu Österreich?,[Flagge der Schweiz: rot mit weißem Kreuz],[Flagge Deutschlands: schwarz-rot-gold],[Flagge Österreichs: rot-weiß-rot],,A1,mixed,151
netzwerk-a1-kursbuch,reading,Übung 6a,11,multiple-choice,Wie viele Menschen leben in Österreich?,"3,3 Millionen","8,8 Millionen","15,8 Millionen",,A1,mixed,151
netzwerk-a1-kursbuch,reading,Übung 6a,12,multiple-choice,Wien. Welches Foto passt nicht?,Prater,Schloss Schönbrunn,Potsdamer Platz,,A1,city-places,151
netzwerk-a1-kursbuch,writing,Übung 6c,6c,writing-task,"Schreiben Sie drei eigene Quizfragen zu Deutschland, Österreich oder der Schweiz. Sie können im Internet und im Kursbuch Kapitel 1–12 recherchieren. Tauschen Sie die Fragen im Kurs aus.",,,,(open-ended),A1,mixed,151
netzwerk-a1-kursbuch,reading,Übung 6a,7,multiple-choice,Was sind die offiziellen Sprachen in der Schweiz?,"Englisch, Italienisch, Französisch, Deutsch","Spanisch, Deutsch, Italienisch, Französisch","Deutsch, Französisch, Italienisch, Rätoromanisch",,A1,communication,151
netzwerk-a1-kursbuch,reading,Übung 6a,8,multiple-choice,Wie viele Menschen leben in der Schweiz?,"8,4 Millionen","12,3 Millionen","18,9 Millionen",,A1,mixed,151
netzwerk-a1-kursbuch,reading,Übung 6a,9,multiple-choice,Wie heißt die Hauptstadt von Österreich?,Wien,Salzburg,Innsbruck,,A1,city-places,151
