collection,word,translation,article,gender,plural,word_class,example,topic,source_page
tricolore-1-5th-edition,au bord de la mer,by the sea,,,,phrase,,home,021
tricolore-1-5th-edition,au pays de Galles,in Wales,,,,phrase,,travel,021
tricolore-1-5th-edition,cinq,,,,,other,,none,021
tricolore-1-5th-edition,Comment dit-on [...] en anglais?,What's the English for [...]?,,,,phrase,,communication,021
tricolore-1-5th-edition,Comment dit-on [...] en français?,What's the French for [...]?,,,,phrase,,communication,021
tricolore-1-5th-edition,Comment dit-on […] en français/anglais?,What's the French/English for […]?,,,,phrase,,communication,021
tricolore-1-5th-edition,Comment ça s'écrit?,How do you spell that? / How's it written?,,,,phrase,,communication,021
tricolore-1-5th-edition,Comment ça se dit?,How do you say this?,,,,phrase,,communication,021
tricolore-1-5th-edition,dans un appartement,in a flat,,,,phrase,,home,021
tricolore-1-5th-edition,dans un port,in a port,,,,phrase,,home,021
tricolore-1-5th-edition,dans un village,in a village,,,,phrase,,home,021
tricolore-1-5th-edition,dans une ferme,on a farm,,,,phrase,,home,021
tricolore-1-5th-edition,dans une maison,in a house,,,,phrase,,home,021
tricolore-1-5th-edition,dans une ville,in a town,,,,phrase,,home,021
tricolore-1-5th-edition,deux,,,,,other,,none,021
tricolore-1-5th-edition,dimanche,Sunday,,,,noun,,time-dates,021
tricolore-1-5th-edition,dix,,,,,other,,none,021
tricolore-1-5th-edition,dix-huit,,,,,other,,none,021
tricolore-1-5th-edition,dix-neuf,,,,,other,,none,021
tricolore-1-5th-edition,dix-sept,,,,,other,,none,021
tricolore-1-5th-edition,douze,,,,,other,,none,021
tricolore-1-5th-edition,en Angleterre,in England,,,,phrase,,travel,021
tricolore-1-5th-edition,en France,in France,,,,phrase,,travel,021
tricolore-1-5th-edition,en Irlande (du Nord),in (Northern) Ireland,,,,phrase,,travel,021
tricolore-1-5th-edition,en Écosse,in Scotland,,,,phrase,,travel,021
tricolore-1-5th-edition,huit,,,,,other,,none,021
tricolore-1-5th-edition,J'habite …,I live …,,,,phrase,,home,021
tricolore-1-5th-edition,jeudi,Thursday,,,,noun,,time-dates,021
tricolore-1-5th-edition,jours de la semaine,days of the week,les,,,noun,,time-dates,021
tricolore-1-5th-edition,lundi,Monday,,,,noun,,time-dates,021
tricolore-1-5th-edition,mardi,Tuesday,,,,noun,,time-dates,021
tricolore-1-5th-edition,mercredi,Wednesday,,,,noun,,time-dates,021
tricolore-1-5th-edition,neuf,,,,,other,,none,021
tricolore-1-5th-edition,onze,,,,,other,,none,021
tricolore-1-5th-edition,Où habites-tu? (Tu habites où?),Where do you live?,,,,phrase,,home,021
tricolore-1-5th-edition,près de Paris,near Paris,,,,phrase,,travel,021
tricolore-1-5th-edition,quatorze,,,,,other,,none,021
tricolore-1-5th-edition,quatre,,,,,other,,none,021
tricolore-1-5th-edition,Quel jour sommes-nous?,What day/date is it?,,,,phrase,,time-dates,021
tricolore-1-5th-edition,quinze,,,,,other,,none,021
tricolore-1-5th-edition,samedi,Saturday,,,,noun,,time-dates,021
tricolore-1-5th-edition,seize,,,,,other,,none,021
tricolore-1-5th-edition,sept,,,,,other,,none,021
tricolore-1-5th-edition,six,,,,,other,,none,021
tricolore-1-5th-edition,treize,,,,,other,,none,021
tricolore-1-5th-edition,trente,,,,,other,,none,021
tricolore-1-5th-edition,trois,,,,,other,,none,021
tricolore-1-5th-edition,un,,,,,other,,none,021
tricolore-1-5th-edition,vendredi,Friday,,,,noun,,time-dates,021
tricolore-1-5th-edition,vingt,,,,,other,,none,021
tricolore-1-5th-edition,vingt-cinq,,,,,other,,none,021
tricolore-1-5th-edition,vingt-deux,,,,,other,,none,021
tricolore-1-5th-edition,vingt-et-un,,,,,other,,none,021
tricolore-1-5th-edition,vingt-huit,,,,,other,,none,021
tricolore-1-5th-edition,vingt-neuf,,,,,other,,none,021
tricolore-1-5th-edition,vingt-quatre,,,,,other,,none,021
tricolore-1-5th-edition,vingt-sept,,,,,other,,none,021
tricolore-1-5th-edition,vingt-six,,,,,other,,none,021
tricolore-1-5th-edition,vingt-trois,,,,,other,,none,021
tricolore-1-5th-edition,zéro,,,,,other,,none,021
tricolore-1-5th-edition,à la maison,at home,,,,phrase,,home,021
tricolore-1-5th-edition,à la montagne,in the mountains,,,,phrase,,home,021
tricolore-1-5th-edition,à Londres,in London,,,,phrase,,travel,021
tricolore-1-5th-edition,août,August,,,,noun,,time-dates,061
tricolore-1-5th-edition,avril,April,,,,noun,,time-dates,061
tricolore-1-5th-edition,baskets,trainers,des,,(f pl),noun,,shopping,061
tricolore-1-5th-edition,Bon anniversaire!,Happy Birthday!,,,,phrase,,communication,061
tricolore-1-5th-edition,Bonne Année!,Happy New Year!,,,,phrase,,communication,061
tricolore-1-5th-edition,Bonne fête!,Best wishes on your Saint's Day!,,,,phrase,,communication,061
tricolore-1-5th-edition,C'est le dix-neuf juillet.,It's the 19th of July.,,,,phrase,,time-dates,061
tricolore-1-5th-edition,C'est le mardi premier juin.,It's Tuesday the first of June.,,,,phrase,,time-dates,061
tricolore-1-5th-edition,C'est le trente août.,It's the 30th of August.,,,,phrase,,time-dates,061
tricolore-1-5th-edition,"C'est quand, le concert/le match?",When is the concert/the match?,,,,phrase,,time-dates,061
tricolore-1-5th-edition,"C'est quand, ton anniversaire?",When is your birthday?,,,,phrase,,time-dates,061
tricolore-1-5th-edition,carte cadeau,gift card/token,une,,,noun,,shopping,061
tricolore-1-5th-edition,casque (audio),headphones,un,,,noun,,shopping,061
tricolore-1-5th-edition,casquette,baseball cap,une,,,noun,,shopping,061
tricolore-1-5th-edition,cent,,,,,other,,none,061
tricolore-1-5th-edition,chaussettes,socks,des,,(f pl),noun,,shopping,061
tricolore-1-5th-edition,chaussures,shoes,des,,(f pl),noun,,shopping,061
tricolore-1-5th-edition,chemise,shirt,une,,,noun,,shopping,061
tricolore-1-5th-edition,cravate,tie,une,,,noun,,shopping,061
tricolore-1-5th-edition,deux-cents,,,,,other,,none,061
tricolore-1-5th-edition,décembre,December,,,,noun,,time-dates,061
tricolore-1-5th-edition,février,February,,,,noun,,time-dates,061
tricolore-1-5th-edition,fête nationale,Bastille Day (14th July),la,,,noun,,time-dates,061
tricolore-1-5th-edition,J'ai reçu un tee-shirt et des chaussures.,I got a T-shirt and some shoes.,,,,phrase,,shopping,061
tricolore-1-5th-edition,J'ai/Il a/Elle a ...,I have/He has/She has ...,,,,phrase,,personal-info,061
tricolore-1-5th-edition,janvier,January,,,,noun,,time-dates,061
tricolore-1-5th-edition,Je/Il/Elle porte des lunettes.,I wear/He/She wears glasses.,,,,phrase,,personal-info,061
tricolore-1-5th-edition,jogging,"jogging trousers, tracksuit bottoms",un,,,noun,,shopping,061
tricolore-1-5th-edition,jour de l'An,New Year's Day,le,,,noun,,time-dates,061
tricolore-1-5th-edition,Joyeuses Pâques!,Happy Easter!,,,,phrase,,communication,061
tricolore-1-5th-edition,Joyeux Noël!,Happy Christmas!,,,,phrase,,communication,061
tricolore-1-5th-edition,juillet,July,,,,noun,,time-dates,061
tricolore-1-5th-edition,juin,June,,,,noun,,time-dates,061
tricolore-1-5th-edition,jupe,skirt,une,,,noun,,shopping,061
tricolore-1-5th-edition,les cheveux blonds.,blonde hair.,,,,phrase,,personal-info,061
tricolore-1-5th-edition,les cheveux châtains.,brown (chestnut brown) hair.,,,,phrase,,personal-info,061
tricolore-1-5th-edition,les cheveux courts.,short hair.,,,,phrase,,personal-info,061
tricolore-1-5th-edition,les cheveux frisés.,curly hair.,,,,phrase,,personal-info,061
tricolore-1-5th-edition,les cheveux longs.,long hair.,,,,phrase,,personal-info,061
tricolore-1-5th-edition,les cheveux noirs.,black hair.,,,,phrase,,personal-info,061
tricolore-1-5th-edition,les cheveux raides.,straight hair.,,,,phrase,,personal-info,061
tricolore-1-5th-edition,les cheveux roux.,red/ginger hair.,,,,phrase,,personal-info,061
tricolore-1-5th-edition,les yeux bleus/gris.,blue/grey eyes.,,,,phrase,,personal-info,061
tricolore-1-5th-edition,les yeux marron/verts.,brown/green eyes.,,,,phrase,,personal-info,061
tricolore-1-5th-edition,mai,May,,,,noun,,time-dates,061
tricolore-1-5th-edition,mardi gras,Shrove Tuesday,,,,noun,,time-dates,061
tricolore-1-5th-edition,mars,March,,,,noun,,time-dates,061
tricolore-1-5th-edition,mois,the months,les,,,noun,,time-dates,061
tricolore-1-5th-edition,novembre,November,,,,noun,,time-dates,061
tricolore-1-5th-edition,Noël,Christmas,,,,noun,,time-dates,061
tricolore-1-5th-edition,octobre,October,,,,noun,,time-dates,061
tricolore-1-5th-edition,pantalon,(pair of) trousers,un,,,noun,,shopping,061
tricolore-1-5th-edition,pull,jumper,un,,,noun,,shopping,061
tricolore-1-5th-edition,Pâques,Easter,,,,noun,,time-dates,061
tricolore-1-5th-edition,Qu'est-ce que tu as reçu comme cadeaux?,What presents did you get?,,,,phrase,,shopping,061
tricolore-1-5th-edition,quatre-vingt-deux,,,,,other,,none,061
tricolore-1-5th-edition,quatre-vingt-dix,,,,,other,,none,061
tricolore-1-5th-edition,quatre-vingt-douze,,,,,other,,none,061
tricolore-1-5th-edition,quatre-vingt-onze,,,,,other,,none,061
tricolore-1-5th-edition,quatre-vingt-un,,,,,other,,none,061
tricolore-1-5th-edition,quatre-vingts,,,,,other,,none,061
tricolore-1-5th-edition,Quelle est la date aujourd'hui?,What's the date today?,,,,phrase,,time-dates,061
tricolore-1-5th-edition,robe,dress,une,,,noun,,shopping,061
tricolore-1-5th-edition,sandales,sandals,des,,(f pl),noun,,shopping,061
tricolore-1-5th-edition,septembre,September,,,,noun,,time-dates,061
tricolore-1-5th-edition,short,(pair of) shorts,un,,,noun,,shopping,061
tricolore-1-5th-edition,soixante-dix,,,,,other,,none,061
tricolore-1-5th-edition,soixante-dix-huit,,,,,other,,none,061
tricolore-1-5th-edition,soixante-dix-neuf,,,,,other,,none,061
tricolore-1-5th-edition,soixante-dix-sept,,,,,other,,none,061
tricolore-1-5th-edition,soixante-douze,,,,,other,,none,061
tricolore-1-5th-edition,soixante-et-onze,,,,,other,,none,061
tricolore-1-5th-edition,soixante-quatorze,,,,,other,,none,061
tricolore-1-5th-edition,soixante-quinze,,,,,other,,none,061
tricolore-1-5th-edition,soixante-seize,,,,,other,,none,061
tricolore-1-5th-edition,soixante-treize,,,,,other,,none,061
tricolore-1-5th-edition,sweat,sweatshirt,un,,,noun,,shopping,061
tricolore-1-5th-edition,tee-shirt,T-shirt,un,,,noun,,shopping,061
tricolore-1-5th-edition,tennis,"tennis shoes, trainers",des,,(f pl),noun,,shopping,061
tricolore-1-5th-edition,trois-cent-soixante,,,,,other,,none,061
tricolore-1-5th-edition,vêtements,clothes,les,,,noun,,shopping,061
tricolore-1-5th-edition,écouteurs,earphones,des,,(m pl),noun,,shopping,061
tricolore-1-5th-edition,@+ (textspeak for À plus tard),See you later,,,,other,,communication,077
tricolore-1-5th-edition,adorer,"to love, adore",,,,verb,,mixed,077
tricolore-1-5th-edition,aimer,"to like, love",,,,verb,,mixed,077
tricolore-1-5th-edition,Amitiés,Best wishes,,,,noun,,communication,077
tricolore-1-5th-edition,arriver,to arrive,,,,verb,,mixed,077
tricolore-1-5th-edition,au printemps,in spring,,,,phrase,,weather,077
tricolore-1-5th-edition,automne (m),autumn,l',m,,noun,,weather,077
tricolore-1-5th-edition,basket,basketball.,le,,,noun,Je joue au basket.,hobby,077
tricolore-1-5th-edition,brouillard,It's foggy.,du,,,noun,Il y a du brouillard.,weather,077
tricolore-1-5th-edition,chaud,It's hot.,,,,adjective,Il fait chaud.,weather,077
tricolore-1-5th-edition,chercher,to look for,,,,verb,,mixed,077
tricolore-1-5th-edition,cliquer,to click,,,,verb,,mixed,077
tricolore-1-5th-edition,détester,to hate,,,,verb,,mixed,077
tricolore-1-5th-edition,en automne,in autumn,,,,phrase,,weather,077
tricolore-1-5th-edition,en hiver,in winter,,,,phrase,,weather,077
tricolore-1-5th-edition,en été,in summer,,,,phrase,,weather,077
tricolore-1-5th-edition,entrer,to enter,,,,verb,,mixed,077
tricolore-1-5th-edition,foot(ball),football.,le,,,noun,Je joue au foot(ball).,hobby,077
tricolore-1-5th-edition,froid,It's cold.,,,,adjective,Il fait froid.,weather,077
tricolore-1-5th-edition,golf,golf.,le,,,noun,Je joue au golf.,hobby,077
tricolore-1-5th-edition,habiter,to live in,,,,verb,,mixed,077
tricolore-1-5th-edition,hiver (m),winter,l',m,,noun,,weather,077
tricolore-1-5th-edition,hockey,hockey.,le,,,noun,Je joue au hockey.,hobby,077
tricolore-1-5th-edition,Il fait beau.,It's fine.,,,,phrase,,weather,077
tricolore-1-5th-edition,Il neige.,It's snowing.,,,,phrase,,weather,077
tricolore-1-5th-edition,Il pleut.,It's raining.,,,,phrase,,weather,077
tricolore-1-5th-edition,J'écoute de la musique.,I listen to music.,,,,phrase,,hobby,077
tricolore-1-5th-edition,J'écris des textos/messages.,I write some texts/messages.,,,,phrase,,hobby,077
tricolore-1-5th-edition,Je chante.,I sing.,,,,phrase,,hobby,077
tricolore-1-5th-edition,Je danse.,I dance.,,,,phrase,,hobby,077
tricolore-1-5th-edition,Je dessine.,I draw.,,,,phrase,,hobby,077
tricolore-1-5th-edition,Je discute avec mes amis.,I chat with my friends.,,,,phrase,,hobby,077
tricolore-1-5th-edition,Je joue au badminton.,I play badminton.,,,,phrase,,hobby,077
tricolore-1-5th-edition,Je joue sur la console de jeux.,I use the playstation.,,,,phrase,,hobby,077
tricolore-1-5th-edition,Je joue/travaille sur l'ordinateur.,I play/work on the computer.,,,,phrase,,hobby,077
tricolore-1-5th-edition,Je range ma chambre.,I tidy up my room.,,,,phrase,,hobby,077
tricolore-1-5th-edition,Je regarde mes e-mails/textos/messages,I look at my emails/texts/messages,,,,phrase,,hobby,077
tricolore-1-5th-edition,Je regarde un film.,I watch a film.,,,,phrase,,hobby,077
tricolore-1-5th-edition,Je reste à la maison.,I stay at home.,,,,phrase,,hobby,077
tricolore-1-5th-edition,Je retrouve mes amis.,I meet up with my friends.,,,,phrase,,hobby,077
tricolore-1-5th-edition,Je surfe sur Internet.,I surf the Internet.,,,,phrase,,hobby,077
tricolore-1-5th-edition,Je travaille.,I work.,,,,phrase,,hobby,077
tricolore-1-5th-edition,Je téléphone à un(e) ami(e).,I phone a friend.,,,,phrase,,hobby,077
tricolore-1-5th-edition,jouer,to play,,,,verb,,mixed,077
tricolore-1-5th-edition,mauvais,The weather's bad.,,,,adjective,Il fait mauvais.,weather,077
tricolore-1-5th-edition,normalement,usually,,,,adverb,,daily-routine,077
tricolore-1-5th-edition,On joue aux cartes.,We play cards.,,,,phrase,,hobby,077
tricolore-1-5th-edition,On joue à des jeux vidéo.,We play computer games.,,,,phrase,,hobby,077
tricolore-1-5th-edition,penser,to think,,,,verb,,mixed,077
tricolore-1-5th-edition,printemps,spring,le,,,noun,,weather,077
tricolore-1-5th-edition,Qu'est-ce que tu fais le weekend?,What do you do at weekends?,,,,phrase,,hobby,077
tricolore-1-5th-edition,Qu'est-ce que tu fais quand il fait mauvais?,What do you do when the weather's bad?,,,,phrase,,hobby,077
tricolore-1-5th-edition,Qu'est-ce que tu fais?,What are you doing?,,,,phrase,,hobby,077
tricolore-1-5th-edition,Quel temps fait-il?,What's the weather like?,,,,phrase,,weather,077
tricolore-1-5th-edition,quelquefois,sometimes,,,,adverb,,daily-routine,077
tricolore-1-5th-edition,radio,the radio.,la,,,noun,J'écoute la radio.,hobby,077
tricolore-1-5th-edition,regarder,"to watch, look at",,,,verb,,mixed,077
tricolore-1-5th-edition,rentrer,to come back,,,,verb,,mixed,077
tricolore-1-5th-edition,rester,to stay,,,,verb,,mixed,077
tricolore-1-5th-edition,rugby,rugby.,le,,,noun,Je joue au rugby.,hobby,077
tricolore-1-5th-edition,soleil,It's sunny.,du,,,noun,Il y a du soleil.,weather,077
tricolore-1-5th-edition,souvent,often,,,,adverb,,daily-routine,077
tricolore-1-5th-edition,surfer,to surf,,,,verb,,mixed,077
tricolore-1-5th-edition,taper,to type,,,,verb,,mixed,077
tricolore-1-5th-edition,tennis,tennis.,le,,,noun,Je joue au tennis.,hobby,077
tricolore-1-5th-edition,tennis de table,table tennis.,le,,,noun,Je joue au tennis de table.,hobby,077
tricolore-1-5th-edition,Ton ami(e),Your friend,,,,phrase,,communication,077
tricolore-1-5th-edition,travailler,to work,,,,verb,,mixed,077
tricolore-1-5th-edition,télé,TV.,la,,,noun,Je regarde la télé.,hobby,077
tricolore-1-5th-edition,téléphoner,to phone,,,,verb,,mixed,077
tricolore-1-5th-edition,vent,It's windy.,du,,,noun,Il y a du vent.,weather,077
tricolore-1-5th-edition,volley,volleyball.,le,,,noun,Je joue au volley.,hobby,077
tricolore-1-5th-edition,À bientôt,See you soon,,,,phrase,,communication,077
tricolore-1-5th-edition,écouter,to listen to,,,,verb,,mixed,077
tricolore-1-5th-edition,été (m),summer,l',m,,noun,,weather,077
tricolore-1-5th-edition,aquarium,aquarium,un,,,noun,,city-places,093
tricolore-1-5th-edition,auberge de jeunesse,youth hostel,une,,,noun,,city-places,093
tricolore-1-5th-edition,banque,bank,une,,,noun,,city-places,093
tricolore-1-5th-edition,bibliothèque,library,une,,,noun,,city-places,093
tricolore-1-5th-edition,bowling,bowling alley,un,,,noun,,city-places,093
tricolore-1-5th-edition,bâtiments religieux,religious buildings,des,,,noun,,city-places,093
tricolore-1-5th-edition,C'est assez loin.,It's quite a long way away.,,,,phrase,,city-places,093
tricolore-1-5th-edition,C'est derrière l'église.,It's behind the church.,,,,phrase,,city-places,093
tricolore-1-5th-edition,C'est devant l'église.,It's in front of the church.,,,,phrase,,city-places,093
tricolore-1-5th-edition,C'est entre le cinéma et le café.,It's between the cinema and the café.,,,,phrase,,city-places,093
tricolore-1-5th-edition,C'est loin.,It's a long way.,,,,phrase,,city-places,093
tricolore-1-5th-edition,C'est loin?,Is it far?,,,,phrase,,city-places,093
tricolore-1-5th-edition,C'est tout près.,It's very near.,,,,phrase,,city-places,093
tricolore-1-5th-edition,C'est à 50 mètres.,It's 50 metres away.,,,,phrase,,city-places,093
tricolore-1-5th-edition,C'est à côté de la poste.,It's next to the post office.,,,,phrase,,city-places,093
tricolore-1-5th-edition,C'est à côté du cinéma.,It's next to the cinema.,,,,phrase,,city-places,093
tricolore-1-5th-edition,camping,campsite,un,,,noun,,city-places,093
tricolore-1-5th-edition,cathédrale,cathedral,une,,,noun,,city-places,093
tricolore-1-5th-edition,Ce n'est pas loin.,It's not far.,,,,phrase,,city-places,093
tricolore-1-5th-edition,centre commercial,shopping centre,un,,,noun,,city-places,093
tricolore-1-5th-edition,centre sportif,sports centre,un,,,noun,,city-places,093
tricolore-1-5th-edition,château,castle,un,,,noun,,city-places,093
tricolore-1-5th-edition,Continuez tout droit.,Continue straight on.,,,,phrase,,city-places,093
tricolore-1-5th-edition,Est-ce qu'il y a un café près d'ici?,Is there a café near here?,,,,phrase,,city-places,093
tricolore-1-5th-edition,gare,station,une,,,noun,,city-places,093
tricolore-1-5th-edition,Grosse-Horloge,the big clock tower (in La Rochelle),la,,,noun,,city-places,093
tricolore-1-5th-edition,hôpital,hospital,un,,,noun,,city-places,093
tricolore-1-5th-edition,hôtel,hotel,un,,,noun,,city-places,093
tricolore-1-5th-edition,hôtel de ville,town hall,un,,,noun,,city-places,093
tricolore-1-5th-edition,Il va à la gare.,He's going to the station.,,,,phrase,,travel,093
tricolore-1-5th-edition,Ils vont aux magasins.,They are going to the shops.,,,,phrase,,travel,093
tricolore-1-5th-edition,Je vais à Paris.,I'm going to Paris.,,,,phrase,,travel,093
tricolore-1-5th-edition,magasin,shop,un,,,noun,,city-places,093
tricolore-1-5th-edition,marché,market,un,,,noun,,city-places,093
tricolore-1-5th-edition,mosquée,mosque,une,,,noun,,city-places,093
tricolore-1-5th-edition,musée,museum,un,,,noun,,city-places,093
tricolore-1-5th-edition,Nous allons à l'hôpital.,We're going to the hospital.,,,,phrase,,travel,093
tricolore-1-5th-edition,office de tourisme,tourist office,un,,,noun,,city-places,093
tricolore-1-5th-edition,parc,park,un,,,noun,,city-places,093
tricolore-1-5th-edition,"Pardon, monsieur/madame.","Excuse me, sir/madam.",,,,phrase,,city-places,093
tricolore-1-5th-edition,parking,car park,un,,,noun,,city-places,093
tricolore-1-5th-edition,patinoire,skating rink,une,,,noun,,city-places,093
tricolore-1-5th-edition,piscine,swimming pool,une,,,noun,,city-places,093
tricolore-1-5th-edition,place,square,une,,,noun,,city-places,093
tricolore-1-5th-edition,poste,post office,une,,,noun,,city-places,093
tricolore-1-5th-edition,"Pour aller au centre-ville, s'il vous plaît?","How do you get to the town centre, please?",,,,phrase,,city-places,093
tricolore-1-5th-edition,Prenez la première (1ère) rue à gauche.,Take the first road on the left.,,,,phrase,,city-places,093
tricolore-1-5th-edition,restaurant,restaurant,un,,,noun,,city-places,093
tricolore-1-5th-edition,synagogue,synagogue,une,,,noun,,city-places,093
tricolore-1-5th-edition,temple,temple,un,,,noun,,city-places,093
tricolore-1-5th-edition,terrain de football,football pitch,un,,,noun,,city-places,093
tricolore-1-5th-edition,théâtre,theatre,un,,,noun,,city-places,093
tricolore-1-5th-edition,tour,tower,une,,,noun,,city-places,093
tricolore-1-5th-edition,Tournez à droite.,Turn to the right.,,,,phrase,,city-places,093
tricolore-1-5th-edition,tout droit,straight on,,,,adverb,,city-places,093
tricolore-1-5th-edition,Tu vas au parc?,Are you going to the park?,,,,phrase,,travel,093
tricolore-1-5th-edition,à droite,on the right,,,,adverb,,city-places,093
tricolore-1-5th-edition,à gauche,on the left,,,,adverb,,city-places,093
tricolore-1-5th-edition,église,church,une,,,noun,,city-places,093
tricolore-1-5th-edition,... cinq,,,,,phrase,,time-dates,111
tricolore-1-5th-edition,... dix,,,,,phrase,,time-dates,111
tricolore-1-5th-edition,... et demie,,,,,phrase,,time-dates,111
tricolore-1-5th-edition,... et quart,,,,,phrase,,time-dates,111
tricolore-1-5th-edition,... moins cinq,,,,,phrase,,time-dates,111
tricolore-1-5th-edition,... moins dix,,,,,phrase,,time-dates,111
tricolore-1-5th-edition,... moins le quart,,,,,phrase,,time-dates,111
tricolore-1-5th-edition,... moins vingt,,,,,phrase,,time-dates,111
tricolore-1-5th-edition,... moins vingt-cinq,,,,,phrase,,time-dates,111
tricolore-1-5th-edition,... vingt,,,,,phrase,,time-dates,111
tricolore-1-5th-edition,... vingt-cinq,,,,,phrase,,time-dates,111
tricolore-1-5th-edition,allemand (m),German,l',m,,noun,,school,111
tricolore-1-5th-edition,amusant,fun,,,,adjective,C'est amusant.,school,111
tricolore-1-5th-edition,anglais,English,l',,,noun,,school,111
tricolore-1-5th-edition,après-midi,in the afternoon,l',,,noun,,time-dates,111
tricolore-1-5th-edition,assez,quite,,,,adverb,,none,111
tricolore-1-5th-edition,C'est ...,It's ...,,,,phrase,,school,111
tricolore-1-5th-edition,dessin,art,le,,,noun,,school,111
tricolore-1-5th-edition,difficile,difficult,,,,adjective,C'est difficile.,school,111
tricolore-1-5th-edition,déjeuner,lunch,le,,,noun,,food,111
tricolore-1-5th-edition,dîner,dinner (evening meal),le,,,noun,,food,111
tricolore-1-5th-edition,ennuyeux,boring,,,,adjective,C'est ennuyeux.,school,111
tricolore-1-5th-edition,EPS (éducation physique et sportive) (f),PE,l',f,,noun,,school,111
tricolore-1-5th-edition,espagnol (m),Spanish,l',m,,noun,,school,111
tricolore-1-5th-edition,facile,easy,,,,adjective,C'est facile.,school,111
tricolore-1-5th-edition,français,French,le,,,noun,,school,111
tricolore-1-5th-edition,goûter,afternoon snack,le,,,noun,,food,111
tricolore-1-5th-edition,génial,brilliant,,,,adjective,C'est génial.,school,111
tricolore-1-5th-edition,géographie,geography,la,,,noun,,school,111
tricolore-1-5th-edition,histoire (f),history,l',f,,noun,,school,111
tricolore-1-5th-edition,Il est midi et demi.,,,,,phrase,,time-dates,111
tricolore-1-5th-edition,Il est midi.,,,,,phrase,,time-dates,111
tricolore-1-5th-edition,Il est minuit et demi.,,,,,phrase,,time-dates,111
tricolore-1-5th-edition,Il est minuit.,,,,,phrase,,time-dates,111
tricolore-1-5th-edition,informatique (f),ICT,l',f,,noun,,school,111
tricolore-1-5th-edition,intéressant,interesting,,,,adjective,C'est intéressant.,school,111
tricolore-1-5th-edition,J'arrive au collège à ...,I arrive at school at ...,,,,phrase,,daily-routine,111
tricolore-1-5th-edition,Je commence mes devoirs à ...,I start my homework at ...,,,,phrase,,daily-routine,111
tricolore-1-5th-edition,Je m'appelle ...,I'm called ('I call myself') ...,,,,phrase,,personal-info,111
tricolore-1-5th-edition,je mange des sandwichs.,I eat sandwiches.,,,,phrase,,daily-routine,111
tricolore-1-5th-edition,je mange à la cantine.,I eat in the canteen.,,,,phrase,,daily-routine,111
tricolore-1-5th-edition,Je me couche ...,I go to bed ('I lay myself down') ...,,,,phrase,,daily-routine,111
tricolore-1-5th-edition,Je me lève ...,I get up ('I get myself up') ...,,,,phrase,,daily-routine,111
tricolore-1-5th-edition,Je rentre à la maison à ...,I get home at ...,,,,phrase,,daily-routine,111
tricolore-1-5th-edition,Je vais au lit à ... / Je me couche à ...,I go to bed at ...,,,,phrase,,daily-routine,111
tricolore-1-5th-edition,journée typique,a typical day,une,,,noun,,daily-routine,111
tricolore-1-5th-edition,"Le matin, je prends mon petit déjeuner à ...","In the morning, I have breakfast at ...",,,,phrase,,daily-routine,111
tricolore-1-5th-edition,"Le soir, on mange à ...","In the evening, we eat at ...",,,,phrase,,daily-routine,111
tricolore-1-5th-edition,Les cours commencent à ...,Lessons start at ...,,,,phrase,,daily-routine,111
tricolore-1-5th-edition,"leur, leurs",their (see page 105),,,,other,,none,111
tricolore-1-5th-edition,maths,maths,les,,(f pl),noun,,school,111
tricolore-1-5th-edition,matin,in the morning,le,,,noun,,time-dates,111
tricolore-1-5th-edition,musique,music,la,,,noun,,school,111
tricolore-1-5th-edition,"notre, nos",our (see page 104),,,,other,,none,111
tricolore-1-5th-edition,nuit,at night,la,,,noun,,time-dates,111
tricolore-1-5th-edition,nul,"useless, rubbish",,,,adjective,C'est nul.,school,111
tricolore-1-5th-edition,parce que,because,,,,other,,none,111
tricolore-1-5th-edition,petit déjeuner,breakfast,le,,,noun,,food,111
tricolore-1-5th-edition,pourquoi,why,,,,adverb,,none,111
tricolore-1-5th-edition,Quelle heure est-il?,What's the time?,,,,phrase,,time-dates,111
tricolore-1-5th-edition,repas,a meal,un,,,noun,,food,111
tricolore-1-5th-edition,sa matière préférée,his/her favourite subject,,,,phrase,,school,111
tricolore-1-5th-edition,sciences,science,les,,(f pl),noun,,school,111
tricolore-1-5th-edition,ses affaires,his/her/its things,,,,phrase,,none,111
tricolore-1-5th-edition,soir,in the evening,le,,,noun,,time-dates,111
tricolore-1-5th-edition,son anniversaire,his/her/its birthday,,,,phrase,,family,111
tricolore-1-5th-edition,"son, sa, ses","his, her, its (see page 103)",,,,other,,none,111
tricolore-1-5th-edition,sport,sport,le,,,noun,,school,111
tricolore-1-5th-edition,super,great,,,,adjective,C'est super.,school,111
tricolore-1-5th-edition,SVT (Sciences de la Vie et de la Terre),natural sciences,les,,,noun,,school,111
tricolore-1-5th-edition,sympa,"nice, good",,,,adjective,C'est sympa.,school,111
tricolore-1-5th-edition,technologie,technology,la,,,noun,,school,111
tricolore-1-5th-edition,très,very,,,,adverb,,none,111
tricolore-1-5th-edition,un peu,a bit,,,,adverb,,none,111
tricolore-1-5th-edition,utile,useful,,,,adjective,C'est utile.,school,111
tricolore-1-5th-edition,"votre, vos",your (see page 104),,,,other,,none,111
tricolore-1-5th-edition,vraiment,really,,,,adverb,,none,111
tricolore-1-5th-edition,"À midi, ...","At midday, ...",,,,phrase,,daily-routine,111
tricolore-1-5th-edition,éducation civique (f),citizenship,l',f,,noun,,school,111
tricolore-1-5th-edition,ananas,pineapple,un,,,noun,,food,125
tricolore-1-5th-edition,banane,banana,une,,,noun,,food,125
tricolore-1-5th-edition,beurre,butter,du,,,noun,,food,125
tricolore-1-5th-edition,boissons chaudes,hot drinks,des,,(f pl),noun,,food,125
tricolore-1-5th-edition,boissons froides,cold drinks,des,,(f pl),noun,,food,125
tricolore-1-5th-edition,bon pour la santé,good for your health,,,,phrase,,health,125
tricolore-1-5th-edition,bonbons,sweets,des,,(m pl),noun,,health,125
tricolore-1-5th-edition,brocolis,broccoli,des,,(m pl),noun,,food,125
tricolore-1-5th-edition,C'est (très) bon/délicieux.,It's (very) nice/delicious.,,,,phrase,,food,125
tricolore-1-5th-edition,café,coffee,du,,,noun,,food,125
tricolore-1-5th-edition,carottes,carrots,des,,(f pl),noun,,food,125
tricolore-1-5th-edition,chips,crisps,des,,(m pl),noun,,food,125
tricolore-1-5th-edition,chocolat chaud,hot chocolate,un,,,noun,,food,125
tricolore-1-5th-edition,chou,a cabbage,un,,,noun,,food,125
tricolore-1-5th-edition,chou-fleur,a cauliflower,un,,,noun,,food,125
tricolore-1-5th-edition,coca,cola,du,,,noun,,food,125
tricolore-1-5th-edition,confiture,jam,de la,,,noun,,food,125
tricolore-1-5th-edition,confiture d'oranges,marmalade,de la,,,noun,,food,125
tricolore-1-5th-edition,croissants,croissants,des,,(m pl),noun,,food,125
tricolore-1-5th-edition,croustillant,crusty,,,,adjective,,food,125
tricolore-1-5th-edition,céréales,cereal,des,,(f pl),noun,,food,125
tricolore-1-5th-edition,desserts,desserts/sweets,des,,(m pl),noun,,food,125
tricolore-1-5th-edition,"Désolé(e), mais je n'aime pas beaucoup ça.",I'm sorry but I don't like that much.,,,,phrase,,food,125
tricolore-1-5th-edition,eau (minérale) (f),(mineral) water,de l',f,,noun,,food,125
tricolore-1-5th-edition,Encore du/de la/de l'/des … ?,Some more … ?,,,,phrase,,food,125
tricolore-1-5th-edition,fraise,strawberry,une,,,noun,,food,125
tricolore-1-5th-edition,framboise,raspberry,une,,,noun,,food,125
tricolore-1-5th-edition,frites,chips,des,,(f pl),noun,,food,125
tricolore-1-5th-edition,fromage,cheese,du,,,noun,,food,125
tricolore-1-5th-edition,fruits,fruit,des,,(m pl),noun,,food,125
tricolore-1-5th-edition,glace,ice cream,une,,,noun,,food,125
tricolore-1-5th-edition,gâteau,cake,un,,,noun,,food,125
tricolore-1-5th-edition,haricots verts,French beans,des,,(m pl),noun,,food,125
tricolore-1-5th-edition,hors-d'œuvre,starter,un,,,noun,,food,125
tricolore-1-5th-edition,J'aime (beaucoup) le/la/les …,I (really) like …,,,,phrase,,food,125
tricolore-1-5th-edition,jambon,ham,du,,,noun,,food,125
tricolore-1-5th-edition,jus de fruit,fruit juice,du,,,noun,,food,125
tricolore-1-5th-edition,lait,milk,du,,,noun,,food,125
tricolore-1-5th-edition,limonade,lemonade,de la,,,noun,,food,125
tricolore-1-5th-edition,légumes,vegetables,des,,(m pl),noun,,food,125
tricolore-1-5th-edition,melon,melon,un,,,noun,,food,125
tricolore-1-5th-edition,"Merci, j'ai assez mangé.","No thank you, I've had enough.",,,,phrase,,food,125
tricolore-1-5th-edition,"Non, merci.","No, thank you.",,,,phrase,,food,125
tricolore-1-5th-edition,oignon,an onion,un,,,noun,,food,125
tricolore-1-5th-edition,omelette (f),omelette,de l',f,,noun,,food,125
tricolore-1-5th-edition,orange,orange,une,,,noun,,food,125
tricolore-1-5th-edition,"Oui, je veux bien.","Yes, I would like some.",,,,phrase,,food,125
tricolore-1-5th-edition,"Oui, s'il vous plaît.","Yes, please.",,,,phrase,,food,125
tricolore-1-5th-edition,pain,bread,du,,,noun,,food,125
tricolore-1-5th-edition,pain grillé,toast,du,,,noun,,food,125
tricolore-1-5th-edition,pas trop,not too much,,,,adverb,,health,125
tricolore-1-5th-edition,petits pois,peas,des,,(m pl),noun,,food,125
tricolore-1-5th-edition,pizza,pizza,de la,,,noun,,food,125
tricolore-1-5th-edition,plat principal,main course,le,,,noun,,food,125
tricolore-1-5th-edition,poire,pear,une,,,noun,,food,125
tricolore-1-5th-edition,poisson,fish,du,,,noun,,food,125
tricolore-1-5th-edition,pomme,apple,une,,,noun,,food,125
tricolore-1-5th-edition,pommes de terre,potatoes,des,,(f pl),noun,,food,125
tricolore-1-5th-edition,potage,soup,du,,,noun,,food,125
tricolore-1-5th-edition,poulet,chicken,du,,,noun,,food,125
tricolore-1-5th-edition,pâté,pâté,du,,,noun,,food,125
tricolore-1-5th-edition,pêche,peach,une,,,noun,,food,125
tricolore-1-5th-edition,raisins,grapes,des,,(m pl),noun,,food,125
tricolore-1-5th-edition,repas,a meal,un,,,noun,,food,125
tricolore-1-5th-edition,riz,rice,du,,,noun,,food,125
tricolore-1-5th-edition,salade,lettuce/salad,de la,,,noun,,food,125
tricolore-1-5th-edition,sel,salt,le,,,noun,,health,125
tricolore-1-5th-edition,sucre,sugar,du,,,noun,,food,125
tricolore-1-5th-edition,sucreries,sweet things,des,,(f pl),noun,,health,125
tricolore-1-5th-edition,surtout,especially,,,,adverb,,health,125
tricolore-1-5th-edition,tarte aux pommes,apple tart,une,,,noun,,food,125
tricolore-1-5th-edition,tartines,bread and butter,des,,(f pl),noun,,food,125
tricolore-1-5th-edition,thé,tea,du,,,noun,,food,125
tricolore-1-5th-edition,toasts,toast,des,,(m pl),noun,,food,125
tricolore-1-5th-edition,tomate,tomato,une,,,noun,,food,125
tricolore-1-5th-edition,un peu,a little,,,,adverb,,health,125
tricolore-1-5th-edition,viande,meat,de la,,,noun,,food,125
tricolore-1-5th-edition,vin rouge/blanc,red/white wine,du,,,noun,,food,125
tricolore-1-5th-edition,yaourt,yoghurt,un,,,noun,,food,125
tricolore-1-5th-edition,œuf (à la coque),(boiled) egg,un,,,noun,,food,125
tricolore-1-5th-edition,œufs au bacon,bacon and egg,des,,(m pl),noun,,food,125
tricolore-1-5th-edition,après-midi,in the afternoon,l',,,noun,,time-dates,141
tricolore-1-5th-edition,au basket.,basketball.,,,,phrase,Je joue au basket.,hobby,141
tricolore-1-5th-edition,au volley.,volleyball.,,,,phrase,Je joue au volley.,hobby,141
tricolore-1-5th-edition,aux cartes.,cards.,,,,phrase,Je joue aux cartes.,hobby,141
tricolore-1-5th-edition,aux échecs.,chess.,,,,phrase,Je joue aux échecs.,hobby,141
tricolore-1-5th-edition,C'est gratuit ...,It's free ...,,,,phrase,,vacation,141
tricolore-1-5th-edition,C'est ouvert ... (tous les jours en été).,It's open ... (every day in summer).,,,,phrase,,vacation,141
tricolore-1-5th-edition,C'est pour ... (les enfants et les adultes).,It's for ... (children and adults).,,,,phrase,,vacation,141
tricolore-1-5th-edition,C'est situé près de … (Paris).,It's near ... (Paris).,,,,phrase,,vacation,141
tricolore-1-5th-edition,d'abord,first of all,,,,adverb,,daily-routine,141
tricolore-1-5th-edition,de l'équitation.,go horse-riding.,,,,phrase,Je fais de l'équitation.,hobby,141
tricolore-1-5th-edition,de la batterie.,the drums.,,,,phrase,Je joue de la batterie.,hobby,141
tricolore-1-5th-edition,de la danse,go dancing.,,,,phrase,Je fais de la danse.,hobby,141
tricolore-1-5th-edition,de la flûte.,the flute.,,,,phrase,Je joue de la flûte.,hobby,141
tricolore-1-5th-edition,de la guitare.,the guitar.,,,,phrase,Je joue de la guitare.,hobby,141
tricolore-1-5th-edition,de la gymnastique.,do gymnastics.,,,,phrase,Je fais de la gymnastique.,hobby,141
tricolore-1-5th-edition,de la natation.,go swimming.,,,,phrase,Je fais de la natation.,hobby,141
tricolore-1-5th-edition,de la peinture.,paint.,,,,phrase,Je fais de la peinture.,hobby,141
tricolore-1-5th-edition,de la photo.,take photos.,,,,phrase,Je fais de la photo.,hobby,141
tricolore-1-5th-edition,de la planche à voile.,go wind-surfing.,,,,phrase,Je fais de la planche à voile.,hobby,141
tricolore-1-5th-edition,de la voile.,go sailing.,,,,phrase,Je fais de la voile.,hobby,141
tricolore-1-5th-edition,des promenades.,go walking.,,,,phrase,Je fais des promenades.,hobby,141
tricolore-1-5th-edition,dix-huit heures,,,,,other,,time-dates,141
tricolore-1-5th-edition,dix-neuf heures,,,,,other,,time-dates,141
tricolore-1-5th-edition,dix-sept heures,,,,,other,,time-dates,141
tricolore-1-5th-edition,du clavier.,the keyboard.,,,,phrase,Je joue du clavier.,hobby,141
tricolore-1-5th-edition,du cyclisme/du vélo.,go cycling.,,,,phrase,Je fais du cyclisme/du vélo.,hobby,141
tricolore-1-5th-edition,du dessin.,draw.,,,,phrase,Je fais du dessin.,hobby,141
tricolore-1-5th-edition,du piano.,the piano.,,,,phrase,Je joue du piano.,hobby,141
tricolore-1-5th-edition,du roller.,go roller blading.,,,,phrase,Je fais du roller.,hobby,141
tricolore-1-5th-edition,du skate.,go skate-boarding.,,,,phrase,Je fais du skate.,hobby,141
tricolore-1-5th-edition,du ski.,go skiing.,,,,phrase,Je fais du ski.,hobby,141
tricolore-1-5th-edition,du théâtre.,do drama.,,,,phrase,Je fais du théâtre.,hobby,141
tricolore-1-5th-edition,du violon.,the violin.,,,,phrase,Je joue du violon.,hobby,141
tricolore-1-5th-edition,du VTT.,go mountain-biking.,,,,phrase,Je fais du VTT.,hobby,141
tricolore-1-5th-edition,ensuite,next,,,,adverb,,daily-routine,141
tricolore-1-5th-edition,Est-ce que tu aimes la musique?,Do you like music?,,,,phrase,,hobby,141
tricolore-1-5th-edition,Est-ce que tu aimes le sport?,Do you like sport?,,,,phrase,,hobby,141
tricolore-1-5th-edition,Est-ce que tu fais autre chose?,Do you do anything else?,,,,phrase,,hobby,141
tricolore-1-5th-edition,J'ai fait ... (de la natation).,I did ... (some swimming).,,,,phrase,,hobby,141
tricolore-1-5th-edition,J'ai joué ... (au football).,I played ... (football).,,,,phrase,,hobby,141
tricolore-1-5th-edition,"J'aime la musique, mais je ne joue pas d'un instrument.","I like music, but I don't play an instrument.",,,,phrase,,hobby,141
tricolore-1-5th-edition,J'aime lire.,I like reading.,,,,phrase,,hobby,141
tricolore-1-5th-edition,Je suis allé(e) ... (au cinéma).,I went ... (to the cinema).,,,,phrase,,hobby,141
tricolore-1-5th-edition,L'entrée coûte... (35 euros).,It costs ... (35 euros) to go in.,,,,phrase,,vacation,141
tricolore-1-5th-edition,la semaine dernière,last week,,,,phrase,,time-dates,141
tricolore-1-5th-edition,le weekend dernier,last weekend,,,,phrase,,time-dates,141
tricolore-1-5th-edition,matin,in the morning,le,,,noun,,time-dates,141
tricolore-1-5th-edition,parc d'attractions,theme park,un,,,noun,,vacation,141
tricolore-1-5th-edition,plus tard,later,,,,adverb,,daily-routine,141
tricolore-1-5th-edition,puis,"then, next",,,,adverb,,daily-routine,141
tricolore-1-5th-edition,quatorze heures,,,,,other,,time-dates,141
tricolore-1-5th-edition,quinze heures,,,,,other,,time-dates,141
tricolore-1-5th-edition,samedi dernier,last Saturday,,,,phrase,,time-dates,141
tricolore-1-5th-edition,seize heures,,,,,other,,time-dates,141
tricolore-1-5th-edition,soir,in the evening,le,,,noun,,time-dates,141
tricolore-1-5th-edition,sur l'ordinateur.,on the computer.,,,,phrase,Je joue sur l'ordinateur.,hobby,141
tricolore-1-5th-edition,treize heures,,,,,other,,time-dates,141
tricolore-1-5th-edition,Tu as passé un bon weekend?,Did you have a good weekend?,,,,phrase,,hobby,141
tricolore-1-5th-edition,vingt heures,,,,,other,,time-dates,141
tricolore-1-5th-edition,vingt-deux heures,,,,,other,,time-dates,141
tricolore-1-5th-edition,vingt-et-une heures,,,,,other,,time-dates,141
tricolore-1-5th-edition,vingt-quatre heures/zéro heure,,,,,other,,time-dates,141
tricolore-1-5th-edition,vingt-trois heures,,,,,other,,time-dates,141
tricolore-1-5th-edition,à des jeux vidéo.,computer games.,,,,phrase,Je joue à des jeux vidéo.,hobby,141
tricolore-1-5th-edition,a,he/she has (from avoir see p.57),,,,verb,,none,169
tricolore-1-5th-edition,abord,"first, at first",,,,adverb,,none,169
tricolore-1-5th-edition,abricot,apricot,un,,,noun,,food,169
tricolore-1-5th-edition,absent,"absent, not there",,,,adjective,,none,169
tricolore-1-5th-edition,accord,"okay, agreed, all right",,,,phrase,,none,169
tricolore-1-5th-edition,acheter,to buy,,,,verb,,shopping,169
tricolore-1-5th-edition,activité,activity,une,,,noun,,hobby,169
tricolore-1-5th-edition,adorer,"to adore, love",,,,verb,,none,169
tricolore-1-5th-edition,adresse,address,une,,,noun,,personal-info,169
tricolore-1-5th-edition,affaires (f pl),"things, belongings",les,f pl,,noun,,none,169
tricolore-1-5th-edition,affiche,poster,une,,,noun,,none,169
tricolore-1-5th-edition,agneau (m),lamb,l',m,,noun,,food,169
tricolore-1-5th-edition,agréable,pleasant,,,,adjective,,none,169
tricolore-1-5th-edition,ai,I have (from avoir see p.57),j',,,verb,,none,169
tricolore-1-5th-edition,aider,to help,,,,verb,,none,169
tricolore-1-5th-edition,aigre,"sour, bitter",,,,adjective,,food,169
tricolore-1-5th-edition,aimer,to like,,,,verb,,none,169
tricolore-1-5th-edition,air,he/she seems,,,,phrase,,none,169
tricolore-1-5th-edition,ajouter,to add,,,,verb,,none,169
tricolore-1-5th-edition,Allemagne (f),Germany,l',f,,noun,,none,169
tricolore-1-5th-edition,allemand,Germany,,,,adjective,,none,169
tricolore-1-5th-edition,aller,to go,,,,verb,,travel,169
tricolore-1-5th-edition,aller à la pêche,to go fishing,,,,phrase,,hobby,169
tricolore-1-5th-edition,allez!,come on! (from aller),,,,phrase,,none,169
tricolore-1-5th-edition,allumer,"to light, switch on",,,,verb,,home,169
tricolore-1-5th-edition,alors,"so, therefore, well",,,,adverb,,none,169
tricolore-1-5th-edition,ami(e),friend,un(e),,,noun,,family,169
tricolore-1-5th-edition,amitiés,(at end of letter) best wishes,,,,phrase,,communication,169
tricolore-1-5th-edition,amusant,"amusing, enjoyable, fun",,,,adjective,,none,169
tricolore-1-5th-edition,amuse-toi bien!,have a good time!,,,,phrase,,none,169
tricolore-1-5th-edition,an,year,un,,,noun,,time-dates,169
tricolore-1-5th-edition,ananas,pineapple,un,,,noun,,food,169
tricolore-1-5th-edition,anglais,English,,,,adjective,,none,169
tricolore-1-5th-edition,Angleterre (f),England,l',f,,noun,,travel,169
tricolore-1-5th-edition,animal (pl des animaux),animal,un,,des animaux,noun,,none,169
tricolore-1-5th-edition,anniversaire,birthday,un,,,noun,,time-dates,169
tricolore-1-5th-edition,annonce,advert,une,,,noun,,communication,169
tricolore-1-5th-edition,année,year,une,,,noun,,time-dates,169
tricolore-1-5th-edition,août,August,,,,noun,,time-dates,169
tricolore-1-5th-edition,appareil,"on the phone, speaking",à l',,,phrase,,communication,169
tricolore-1-5th-edition,appareil électrique,electric appliance,un,,,noun,,home,169
tricolore-1-5th-edition,appareil-photo,camera,un,,,noun,,hobby,169
tricolore-1-5th-edition,appartement,flat,un,,,noun,,home,169
tricolore-1-5th-edition,appelle,his/her name is ... (from s'appeler),il/elle s',,,verb,,personal-info,169
tricolore-1-5th-edition,appelle ...,my name is ...,je m',,,verb,,personal-info,169
tricolore-1-5th-edition,apporter,to bring,,,,verb,,none,169
tricolore-1-5th-edition,apprendre,to learn,,,,verb,,school,169
tricolore-1-5th-edition,après,after(wards),,,,adverb,,none,169
tricolore-1-5th-edition,après-midi (m),(in the) afternoon(s),l',m,,noun,,time-dates,169
tricolore-1-5th-edition,aquarium,aquarium,un,,,noun,,city-places,169
tricolore-1-5th-edition,arbre,tree,un,,,noun,,none,169
tricolore-1-5th-edition,arcades,with arcades,à,,,phrase,,city-places,169
tricolore-1-5th-edition,argent (m),money,l',m,,noun,,shopping,169
tricolore-1-5th-edition,arriver,to arrive,,,,verb,,travel,169
tricolore-1-5th-edition,arrêt d'autobus,bus stop,un,,,noun,,city-places,169
tricolore-1-5th-edition,arrête,(it) stops (from s'arrêter),il/elle s',,,verb,,travel,169
tricolore-1-5th-edition,as,you have (from avoir see p.57),tu,,,verb,,none,169
tricolore-1-5th-edition,ascenseur (m),lift,l',m,,noun,,city-places,169
tricolore-1-5th-edition,asseyez-vous,sit down,,,,phrase,,none,169
tricolore-1-5th-edition,assez,"quite, enough",,,,adverb,,none,169
tricolore-1-5th-edition,assieds-toi (là)!,sit down (there)!,,,,phrase,,none,169
tricolore-1-5th-edition,assiette,plate,une,,,noun,,food,169
tricolore-1-5th-edition,assis,"seated, sitting",,,,adjective,,none,169
tricolore-1-5th-edition,athlétisme (m),athletics,l',m,,noun,,hobby,169
tricolore-1-5th-edition,attendre,to wait (for),,,,verb,,none,169
tricolore-1-5th-edition,attentivement,attentively,,,,adverb,,school,169
tricolore-1-5th-edition,au,"in, at, to (see p.82)",,,,preposition,,none,169
tricolore-1-5th-edition,au choix,choice of ...,,,,phrase,,shopping,169
tricolore-1-5th-edition,au revoir,goodbye,,,,phrase,,communication,169
tricolore-1-5th-edition,auberge de jeunesse,youth hostel,une,,,noun,,vacation,169
tricolore-1-5th-edition,aujourd'hui,today,,,,adverb,,time-dates,169
tricolore-1-5th-edition,aussi,"also, as well",,,,adverb,,none,169
tricolore-1-5th-edition,automne (m),autumn,l',m,,noun,,weather,169
tricolore-1-5th-edition,autre,other,,,,adjective,,none,169
tricolore-1-5th-edition,avancez,go forward (from avancer),,,,verb,,none,169
tricolore-1-5th-edition,avant,before,,,,preposition,,none,169
tricolore-1-5th-edition,avec,with,,,,preposition,,none,169
tricolore-1-5th-edition,avez,you have (from avoir see p.57),vous,,,verb,,none,169
tricolore-1-5th-edition,avez-vous ... ?,have you ... ?,,,,phrase,,none,169
tricolore-1-5th-edition,avion,plane,un,,,noun,,travel,169
tricolore-1-5th-edition,avoir,to have (see p.57),,,,verb,,none,169
tricolore-1-5th-edition,avril,April,,,,noun,,time-dates,169
tricolore-1-5th-edition,babyfoot,table football,le,,,noun,,hobby,169
tricolore-1-5th-edition,badminton,badminton,le,,,noun,,hobby,169
tricolore-1-5th-edition,baguette,long French loaf,une,,,noun,,food,169
tricolore-1-5th-edition,bal,dance,un,,,noun,,hobby,169
tricolore-1-5th-edition,baladeur,personal music player,un,,,noun,,hobby,169
tricolore-1-5th-edition,balcon,balcony,un,,,noun,,home,169
tricolore-1-5th-edition,balle,(small) ball,une,,,noun,,hobby,169
tricolore-1-5th-edition,ballon (de football),(foot)ball,un,,,noun,,hobby,169
tricolore-1-5th-edition,banane,banana,une,,,noun,,food,169
tricolore-1-5th-edition,bande dessinée (BD),comic strip book,une,,,noun,,hobby,169
tricolore-1-5th-edition,banque,bank,une,,,noun,,city-places,169
tricolore-1-5th-edition,barbe,beard,une,,,noun,,none,169
tricolore-1-5th-edition,basket,basketball,le,,,noun,,hobby,169
tricolore-1-5th-edition,baskets (f pl),trainers,les,f pl,,noun,,shopping,169
tricolore-1-5th-edition,bateau,boat,un,,,noun,,travel,169
tricolore-1-5th-edition,batterie,"drums, percussion",la,,,noun,,hobby,169
tricolore-1-5th-edition,BD (bande dessinée),comic strip book,une,,,noun,,hobby,169
tricolore-1-5th-edition,"beau (f belle, before vowel bel)",beautiful,,,,adjective,,none,169
tricolore-1-5th-edition,beau-frère,brother-in-law,un,,,noun,,family,169
tricolore-1-5th-edition,beau-père,stepfather,un,,,noun,,family,169
tricolore-1-5th-edition,beaucoup de,"a lot, many",,,,adverb,,none,169
tricolore-1-5th-edition,Belgique,Belgium,la,,,noun,,travel,169
tricolore-1-5th-edition,belle-mère,stepmother,une,,,noun,,family,169
tricolore-1-5th-edition,belle-sœur,sister-in-law,une,,,noun,,family,169
tricolore-1-5th-edition,besoin,need,un,,,noun,,none,169
tricolore-1-5th-edition,beurre,butter,le,,,noun,,food,169
tricolore-1-5th-edition,bibliothèque,library,une,,,noun,,city-places,169
tricolore-1-5th-edition,bic,biro,un,,,noun,,school,169
tricolore-1-5th-edition,bien,"fine, well",,,,adverb,,none,169
tricolore-1-5th-edition,bien sûr,of course,,,,phrase,,none,169
tricolore-1-5th-edition,bientôt,soon,,,,adverb,,time-dates,169
tricolore-1-5th-edition,bille,marble,une,,,noun,,hobby,169
tricolore-1-5th-edition,billet,"ticket, bank-note",un,,,noun,,travel,169
tricolore-1-5th-edition,biscotte,toast-like biscuit,une,,,noun,,food,169
tricolore-1-5th-edition,biscuit,biscuit,un,,,noun,,food,169
tricolore-1-5th-edition,blanc (f blanche),white,,,,adjective,,none,169
tricolore-1-5th-edition,blanc d'œuf,egg white,le,,,noun,,food,169
tricolore-1-5th-edition,bleu,blue,,,,adjective,,none,169
tricolore-1-5th-edition,bleu marine,navy blue,,,,adjective,,none,169
tricolore-1-5th-edition,blond,blonde,,,,adjective,,none,169
tricolore-1-5th-edition,boisson,drink,une,,,noun,,food,169
tricolore-1-5th-edition,bol,bowl,un,,,noun,,food,169
tricolore-1-5th-edition,bon (f bonne),good,,,,adjective,,none,169
tricolore-1-5th-edition,bon anniversaire!,happy birthday,,,,phrase,,time-dates,169
tricolore-1-5th-edition,bon appétit!,enjoy your meal!,,,,phrase,,restaurant,169
tricolore-1-5th-edition,bonbon,sweet,un,,,noun,,food,169
tricolore-1-5th-edition,bonjour,"hello, good morning",,,,phrase,,communication,169
tricolore-1-5th-edition,Bonne Année,Happy New Year,,,,phrase,,time-dates,169
tricolore-1-5th-edition,bonne fête,best wishes on your Saint's Day,,,,phrase,,time-dates,169
tricolore-1-5th-edition,bonne idée,good idea,,,,phrase,,none,169
tricolore-1-5th-edition,bonne nuit,goodnight,,,,phrase,,daily-routine,169
tricolore-1-5th-edition,bord de la mer,at the seaside,au,,,phrase,,vacation,169
tricolore-1-5th-edition,bottes (f pl),boots,des,f pl,,noun,,shopping,169
tricolore-1-5th-edition,boulanger,baker,un,,,noun,,profession,169
tricolore-1-5th-edition,boulangerie,"bakery, baker's shop",une,,,noun,,shopping,169
tricolore-1-5th-edition,boules (f pl),bowls,les,f pl,,noun,,hobby,169
tricolore-1-5th-edition,bouteille,bottle,une,,,noun,,food,169
tricolore-1-5th-edition,bowling,bowling alley,un,,,noun,,hobby,169
tricolore-1-5th-edition,boîte,"box, tin, disco/club",une,,,noun,,shopping,169
tricolore-1-5th-edition,boîte aux lettres,letter box,une,,,noun,,communication,169
tricolore-1-5th-edition,bravo!,well done!,,,,phrase,,none,169
tricolore-1-5th-edition,brocolis (m pl),broccoli,les,m pl,,noun,,food,169
tricolore-1-5th-edition,brouillard,fog,le,,,noun,,weather,169
tricolore-1-5th-edition,brun,brown,,,,adjective,,none,169
tricolore-1-5th-edition,bulle,"speech bubble, caption",une,,,noun,,none,169
tricolore-1-5th-edition,bureau,office,un,,,noun,,home,169
tricolore-1-5th-edition,bureau de poste,post office,un,,,noun,,city-places,169
tricolore-1-5th-edition,bâtiment,building,un,,,noun,,city-places,169
tricolore-1-5th-edition,bâton,stick,un,,,noun,,none,169
tricolore-1-5th-edition,bête,silly,,,,adjective,,none,169
tricolore-1-5th-edition,bûche de Noël,Christmas log,une,,,noun,,food,169
tricolore-1-5th-edition,c'est,it is,,,,phrase,,none,169
tricolore-1-5th-edition,c'est bon!,it tastes good!,,,,phrase,,food,169
tricolore-1-5th-edition,c'est très bien,it's (that's) fine,,,,phrase,,none,169
tricolore-1-5th-edition,c'est vrai?,really,,,,phrase,,none,169
tricolore-1-5th-edition,cacher,to hide,,,,verb,,none,169
tricolore-1-5th-edition,cadeau (pl des cadeaux),present,un,,des cadeaux,noun,,shopping,169
tricolore-1-5th-edition,café,café,un,,,noun,,restaurant,169
tricolore-1-5th-edition,café au lait,a cup of coffee with milk,un,,,noun,,food,169
tricolore-1-5th-edition,café crème,a cup of coffee with milk,un,,,noun,,food,169
tricolore-1-5th-edition,cage,cage,une,,,noun,,none,169
tricolore-1-5th-edition,cahier,exercise book,un,,,noun,,school,169
tricolore-1-5th-edition,caisse,"cash desk, checkout",une,,,noun,,shopping,169
tricolore-1-5th-edition,calculatrice,calculator,une,,,noun,,school,169
tricolore-1-5th-edition,campagne,"country, countryside",la,,,noun,,vacation,169
tricolore-1-5th-edition,camping,campsite,un,,,noun,,vacation,169
tricolore-1-5th-edition,cantine,"dining hall, canteen",une,,,noun,,school,169
tricolore-1-5th-edition,car,coach,un,,,noun,,travel,169
tricolore-1-5th-edition,carnet,notebook,un,,,noun,,school,169
tricolore-1-5th-edition,carotte,carrot,une,,,noun,,food,169
tricolore-1-5th-edition,cartable,school bag,un,,,noun,,school,169
tricolore-1-5th-edition,carte,"card, map",une,,,noun,,hobby,169
tricolore-1-5th-edition,carte cadeau,gift card,une,,,noun,,shopping,169
tricolore-1-5th-edition,carte postale,postcard,une,,,noun,,communication,169
tricolore-1-5th-edition,case,printed box (on form or grid),une,,,noun,,school,169
tricolore-1-5th-edition,casque,helmet,un,,,noun,,none,169
tricolore-1-5th-edition,casquette,(baseball) cap,une,,,noun,,shopping,169
tricolore-1-5th-edition,cassis,blackcurrant flavoured,au,,,phrase,,food,169
tricolore-1-5th-edition,cathédrale,cathedral,une,,,noun,,city-places,169
tricolore-1-5th-edition,"ce (cet, cette, ces)","this, that",,,,other,,none,169
tricolore-1-5th-edition,ce n'est pas,it's not,,,,phrase,,none,169
tricolore-1-5th-edition,ce n'est pas bien,that's no good,,,,phrase,,none,169
tricolore-1-5th-edition,ce sont,"they are, these are",,,,phrase,,none,169
tricolore-1-5th-edition,ceinture,belt,une,,,noun,,shopping,169
tricolore-1-5th-edition,cela,that,,,,other,,none,169
tricolore-1-5th-edition,Cendrillon,Cinderella,,,,noun,,none,169
tricolore-1-5th-edition,cent,(one) hundred,,,,other,,none,169
tricolore-1-5th-edition,centre,centre,le,,,noun,,city-places,169
tricolore-1-5th-edition,centre commercial,shopping centre,un,,,noun,,shopping,169
tricolore-1-5th-edition,centre sportif,sports centre,un,,,noun,,city-places,169
tricolore-1-5th-edition,centre-ville,town centre,le,,,noun,,city-places,169
tricolore-1-5th-edition,ces,"these, those",,,,other,,none,169
tricolore-1-5th-edition,cet (cette),"this, that",,,,other,,none,169
tricolore-1-5th-edition,chaise,chair,une,,,noun,,home,169
tricolore-1-5th-edition,chambre,bedroom,une,,,noun,,home,169
tricolore-1-5th-edition,chameau,camel,un,,,noun,,none,169
tricolore-1-5th-edition,champignon,mushroom,un,,,noun,,food,169
tricolore-1-5th-edition,"chance, avoir de la chance",to be lucky,,,,phrase,,none,169
tricolore-1-5th-edition,chanson,song,une,,,noun,,hobby,169
tricolore-1-5th-edition,chant folklorique,folk singing,le,,,noun,,hobby,169
tricolore-1-5th-edition,chanter,to sing,,,,verb,,hobby,169
tricolore-1-5th-edition,chanteur (f une chanteuse),singer,un,,,noun,,profession,169
tricolore-1-5th-edition,chapeau,hat,un,,,noun,,shopping,169
tricolore-1-5th-edition,chaque,"each, every",,,,adjective,,none,169
tricolore-1-5th-edition,chaque fois,each time,à,,,phrase,,time-dates,169
tricolore-1-5th-edition,chat (f une chatte),cat,un,,,noun,,none,169
tricolore-1-5th-edition,chaud,it's hot,,,,phrase,,weather,169
tricolore-1-5th-edition,chaussettes (f pl),socks,des,f pl,,noun,,shopping,169
tricolore-1-5th-edition,chaussures (f pl),shoes,des,f pl,,noun,,shopping,169
tricolore-1-5th-edition,chaussures de sport (f pl),trainers,des,f pl,,noun,,shopping,169
tricolore-1-5th-edition,chaîne hi-fi,stereo system,une,,,noun,,home,169
tricolore-1-5th-edition,chemin,"way, path",un,,,noun,,travel,169
tricolore-1-5th-edition,chemise,shirt,une,,,noun,,shopping,169
tricolore-1-5th-edition,chemisier,blouse,un,,,noun,,shopping,169
tricolore-1-5th-edition,cher (f chère),"dear ... (beginning of letter), expensive",,,,adjective,,shopping,169
tricolore-1-5th-edition,chercher,to look for,,,,verb,,none,169
tricolore-1-5th-edition,cheval (pl des chevaux),horse,un,,des chevaux,noun,,none,169
tricolore-1-5th-edition,chez,"at, to (someone's house)",,,,preposition,,none,169
tricolore-1-5th-edition,chez moi,at home,,,,phrase,,home,169
tricolore-1-5th-edition,chez toi,to/at your house,,,,phrase,,home,169
tricolore-1-5th-edition,chic,smart,,,,adjective,,none,169
tricolore-1-5th-edition,chien,dog,un,,,noun,,none,169
tricolore-1-5th-edition,Chine,China,la,,,noun,,travel,169
tricolore-1-5th-edition,chips (m pl),crisps,les,m pl,,noun,,food,169
tricolore-1-5th-edition,chocolat,chocolate,le,,,noun,,food,169
tricolore-1-5th-edition,chocolat chaud,hot chocolate drink,un,,,noun,,food,169
tricolore-1-5th-edition,choix,"choice, selection",un,,,noun,,shopping,169
tricolore-1-5th-edition,chorale,choir,une,,,noun,,hobby,169
tricolore-1-5th-edition,châtain,chestnut brown,,,,adjective,,personal-info,169
tricolore-1-5th-edition,château,castle,un,,,noun,,travel,169
tricolore-1-5th-edition,célèbre,famous,,,,adjective,,none,169
tricolore-1-5th-edition,céréales (f pl),cereal,des,f pl,,noun,,food,169
tricolore-1-5th-edition,en automne,in autumn,,,,phrase,,weather,169
tricolore-1-5th-edition,en chocolat,made of chocolate,,,,phrase,,food,169
tricolore-1-5th-edition,faire du camping,to go camping,,,,phrase,,vacation,169
tricolore-1-5th-edition,il fait beau,the weather's fine,,,,phrase,,weather,169
tricolore-1-5th-edition,il y a du brouillard,it's foggy,,,,phrase,,weather,169
tricolore-1-5th-edition,j'ai ... ans,I am ... years old,,,,phrase,,personal-info,169
tricolore-1-5th-edition,j'ai les cheveux châtains,I have chestnut brown hair,,,,phrase,,personal-info,169
tricolore-1-5th-edition,jouer aux cartes,to play cards,,,,phrase,,hobby,169
tricolore-1-5th-edition,par/en avion,by plane,,,,phrase,,travel,169
tricolore-1-5th-edition,pas beaucoup,not much,,,,phrase,,none,169
tricolore-1-5th-edition,"à (au, à la, aux)","in, at, to (see p.82)",,,,preposition,,none,169
tricolore-1-5th-edition,à bientôt,see you soon,,,,phrase,,communication,169
tricolore-1-5th-edition,à la campagne,in the country,,,,phrase,,vacation,169
tricolore-1-5th-edition,âne,donkey,un,,,noun,,none,169
tricolore-1-5th-edition,ça,that,,,,other,,none,169
tricolore-1-5th-edition,ça fait ...,that makes ...,,,,phrase,,shopping,169
tricolore-1-5th-edition,ça ne fait rien,that (it) doesn't matter,,,,phrase,,none,169
tricolore-1-5th-edition,ça ne va pas,"it's no good, things aren't going well",,,,phrase,,health,169
tricolore-1-5th-edition,"ça va bien, merci","fine, thank you",,,,phrase,,communication,169
tricolore-1-5th-edition,ça va?,all right? how are you?,,,,phrase,,communication,169
tricolore-1-5th-edition,ça y est,that's it,,,,phrase,,none,169
tricolore-1-5th-edition,être d'accord,to be in agreement,,,,phrase,,none,169
tricolore-1-5th-edition,au citron,lemon flavoured,,,,phrase,,food,170
tricolore-1-5th-edition,bleu clair,light blue,,,,adjective,,none,170
tricolore-1-5th-edition,chose,thing,une,,,noun,,none,170
tricolore-1-5th-edition,chou,cabbage,un,,,noun,,food,170
tricolore-1-5th-edition,chou-fleur,cauliflower,un,,,noun,,food,170
tricolore-1-5th-edition,chouette!,great!,,,,phrase,,none,170
tricolore-1-5th-edition,chrétien(ne),Christian,,,,adjective,,none,170
tricolore-1-5th-edition,ciel,sky,le,,,noun,,weather,170
tricolore-1-5th-edition,cinq,five,,,,other,,none,170
tricolore-1-5th-edition,cinquante,fifty,,,,other,,none,170
tricolore-1-5th-edition,cinéma,cinema,un,,,noun,,city-places,170
tricolore-1-5th-edition,circulation,traffic,la,,,noun,,travel,170
tricolore-1-5th-edition,circuler,to move around,,,,verb,,travel,170
tricolore-1-5th-edition,cirque,circus,un,,,noun,,hobby,170
tricolore-1-5th-edition,citron,lemon,un,,,noun,,food,170
tricolore-1-5th-edition,citrouille,pumpkin,une,,,noun,,food,170
tricolore-1-5th-edition,clair,light,,,,adjective,,none,170
tricolore-1-5th-edition,clarinette,clarinet,une,,,noun,,hobby,170
tricolore-1-5th-edition,classe,class,une,,,noun,,school,170
tricolore-1-5th-edition,classeur,"file, ring binder",un,,,noun,,school,170
tricolore-1-5th-edition,classique,classical,,,,adjective,,none,170
tricolore-1-5th-edition,clavier,keyboard,un,,,noun,,school,170
tricolore-1-5th-edition,clinique,hospital,une,,,noun,,health,170
tricolore-1-5th-edition,cliquer,to click,,,,verb,,none,170
tricolore-1-5th-edition,club,club,un,,,noun,,hobby,170
tricolore-1-5th-edition,clé USB,USB stick,une,,,noun,,school,170
tricolore-1-5th-edition,Coca,"cola, coke",le,,,noun,,food,170
tricolore-1-5th-edition,coche,"mark, tick",une,,,noun,,school,170
tricolore-1-5th-edition,cocher,"to tick, mark",,,,verb,,school,170
tricolore-1-5th-edition,cochon d'Inde,guinea pig,un,,,noun,,none,170
tricolore-1-5th-edition,collant,pair of tights,un,,,noun,,shopping,170
tricolore-1-5th-edition,collier,"collar, necklace",un,,,noun,,shopping,170
tricolore-1-5th-edition,collège,school for students aged 11–16 approx.,un,,,noun,,school,170
tricolore-1-5th-edition,"colonie de vacances, colo",summer camp,une,,,noun,,vacation,170
tricolore-1-5th-edition,colorier,to colour,,,,verb,,none,170
tricolore-1-5th-edition,colorié,coloured,,,,adjective,,none,170
tricolore-1-5th-edition,combien (de)?,how many? how much?,,,,adverb,,shopping,170
tricolore-1-5th-edition,combien sommes-nous?,what's the date?,le,,,phrase,,time-dates,170
tricolore-1-5th-edition,combien?,how much is it?,c'est,,,phrase,,shopping,170
tricolore-1-5th-edition,comme,"as, like",,,,adverb,,none,170
tricolore-1-5th-edition,comme ci comme ça,"so-so, not bad",,,,phrase,,health,170
tricolore-1-5th-edition,comme il fait chaud!,how hot it is!,,,,phrase,,weather,170
tricolore-1-5th-edition,commencer,to begin,,,,verb,,none,170
tricolore-1-5th-edition,comment dit-on (...) en anglais?,what's the English for (...)?,,,,phrase,,communication,170
tricolore-1-5th-edition,comment dit-on (...) en français?,what's the French for (...)?,,,,phrase,,communication,170
tricolore-1-5th-edition,comment s'appelle-t-il/elle?,what's his/her name?,,,,phrase,,personal-info,170
tricolore-1-5th-edition,comment t'appelles-tu?,what's your name?,,,,phrase,,personal-info,170
tricolore-1-5th-edition,comment ça s'écrit?,how do you spell that? how's that written?,,,,phrase,,communication,170
tricolore-1-5th-edition,comment?,what? pardon?,,,,adverb,,communication,170
tricolore-1-5th-edition,commun,in common,en,,,phrase,,none,170
tricolore-1-5th-edition,compléter,to fill in,,,,verb,,school,170
tricolore-1-5th-edition,comprendre,to understand,,,,verb,,school,170
tricolore-1-5th-edition,compter,to count,,,,verb,,school,170
tricolore-1-5th-edition,concert,concert,un,,,noun,,hobby,170
tricolore-1-5th-edition,concombre,cucumber,le,,,noun,,food,170
tricolore-1-5th-edition,concours,competition,un,,,noun,,school,170
tricolore-1-5th-edition,confiture,jam,la,,,noun,,food,170
tricolore-1-5th-edition,confortable,comfortable,,,,adjective,,none,170
tricolore-1-5th-edition,conférence,lecture,une,,,noun,,none,170
tricolore-1-5th-edition,connu,well-known,,,,adjective,,none,170
tricolore-1-5th-edition,conquête,conquest,la,,,noun,,none,170
tricolore-1-5th-edition,console de jeux,games console,une,,,noun,,hobby,170
tricolore-1-5th-edition,content,happy,,,,adjective,,none,170
tricolore-1-5th-edition,contre,against,,,,preposition,,none,170
tricolore-1-5th-edition,contrôle,"assessment, test",un,,,noun,,school,170
tricolore-1-5th-edition,copain,friend (male),un,,,noun,,family,170
tricolore-1-5th-edition,copine,friend (female),une,,,noun,,family,170
tricolore-1-5th-edition,correspondant(e),penfriend,un(e),,,noun,,communication,170
tricolore-1-5th-edition,coton,cotton,le,,,noun,,none,170
tricolore-1-5th-edition,couche,I go to bed (from se coucher),je me,,,verb,,daily-routine,170
tricolore-1-5th-edition,couche,he goes to bed (from se coucher),il se,,,verb,,daily-routine,170
tricolore-1-5th-edition,couleur,colour,une,,,noun,,none,170
tricolore-1-5th-edition,coup de téléphone,telephone call,un,,,noun,,communication,170
tricolore-1-5th-edition,couper,to cut,,,,verb,,food,170
tricolore-1-5th-edition,cour,school grounds,la,,,noun,,school,170
tricolore-1-5th-edition,couronne,crown,une,,,noun,,none,170
tricolore-1-5th-edition,cours,"class, lesson",un,,,noun,,school,170
tricolore-1-5th-edition,"courses, faire des courses",to go shopping,,,,phrase,,shopping,170
tricolore-1-5th-edition,court,short,,,,adjective,,none,170
tricolore-1-5th-edition,cousin(e),cousin,un(e),,,noun,,family,170
tricolore-1-5th-edition,couvert,"covered, indoor",,,,adjective,,weather,170
tricolore-1-5th-edition,cravate,tie,une,,,noun,,shopping,170
tricolore-1-5th-edition,crayon,pencil,un,,,noun,,school,170
tricolore-1-5th-edition,cricket,cricket,le,,,noun,,hobby,170
tricolore-1-5th-edition,critiquer,to criticise,,,,verb,,none,170
tricolore-1-5th-edition,crois pas,I don't think so,je ne,,,phrase,,communication,170
tricolore-1-5th-edition,croissant,croissant (crescent-shaped roll),un,,,noun,,food,170
tricolore-1-5th-edition,crèche,crib,une,,,noun,,none,170
tricolore-1-5th-edition,crème anglaise,custard,la,,,noun,,food,170
tricolore-1-5th-edition,crèperie,pancake restaurant/stall,une,,,noun,,restaurant,170
tricolore-1-5th-edition,crêpe,pancake,une,,,noun,,food,170
tricolore-1-5th-edition,cuillerée,spoonful,une,,,noun,,food,170
tricolore-1-5th-edition,cuisine,kitchen,une,,,noun,,home,170
tricolore-1-5th-edition,curieux (f curieuse),"strange, odd",,,,adjective,,none,170
tricolore-1-5th-edition,cyclisme,cycling,le,,,noun,,hobby,170
tricolore-1-5th-edition,côte,coast,une,,,noun,,travel,170
tricolore-1-5th-edition,côté de,next to,à,,,preposition,,none,170
tricolore-1-5th-edition,d'abord,"at first, first of all",,,,adverb,,none,170
tricolore-1-5th-edition,d'accord,"okay, all right",,,,phrase,,none,170
tricolore-1-5th-edition,dans,"in, on",,,,preposition,,none,170
tricolore-1-5th-edition,danse,"dance, dancing",la,,,noun,,hobby,170
tricolore-1-5th-edition,danser,to dance,,,,verb,,hobby,170
tricolore-1-5th-edition,date,date,une,,,noun,,time-dates,170
tricolore-1-5th-edition,dauphin,dolphin,un,,,noun,,none,170
tricolore-1-5th-edition,de,"of, from",,,,preposition,,none,170
tricolore-1-5th-edition,debout,to be (standing) up,être,,,phrase,,none,170
tricolore-1-5th-edition,demain,tomorrow,,,,adverb,,time-dates,170
tricolore-1-5th-edition,demi,half,,,,adjective,,none,170
tricolore-1-5th-edition,demi-frère,"half brother, stepbrother",un,,,noun,,family,170
tricolore-1-5th-edition,demi-heure,half an hour,une,,,noun,,time-dates,170
tricolore-1-5th-edition,demi-sœur,"half sister, stepsister",une,,,noun,,family,170
tricolore-1-5th-edition,dernier,last,,,,adjective,,none,170
tricolore-1-5th-edition,derrière,behind,,,,preposition,,none,170
tricolore-1-5th-edition,des,some (see p.112),,,,other,,none,170
tricolore-1-5th-edition,descendent de l'autobus,they get off the bus (from descendre),ils/elles,,,verb,,travel,170
tricolore-1-5th-edition,descendre,"to go down, get off",,,,verb,,travel,170
tricolore-1-5th-edition,dessert,"dessert, sweet",un,,,noun,,food,170
tricolore-1-5th-edition,dessin,"sketch, drawing, art",le,,,noun,,school,170
tricolore-1-5th-edition,dessiner,to draw,,,,verb,,hobby,170
tricolore-1-5th-edition,dessus,"on (it), above",,,,adverb,,none,170
tricolore-1-5th-edition,deux,two,,,,other,,none,170
tricolore-1-5th-edition,deuxième,second,,,,adjective,,none,170
tricolore-1-5th-edition,devant,in front of,,,,preposition,,none,170
tricolore-1-5th-edition,deviner,to guess,,,,verb,,none,170
tricolore-1-5th-edition,devise,"currency, motto",la,,,noun,,none,170
tricolore-1-5th-edition,devoirs (m pl),homework,les,m pl,,noun,,school,170
tricolore-1-5th-edition,difficile,difficult,,,,adjective,,school,170
tricolore-1-5th-edition,dimanche,(on) Sunday(s),(le),,,noun,,time-dates,170
tricolore-1-5th-edition,dinde,turkey,une,,,noun,,food,170
tricolore-1-5th-edition,dinosaure,dinosaur,un,,,noun,,none,170
tricolore-1-5th-edition,dire,to say,,,,verb,,none,170
tricolore-1-5th-edition,discothèque,discotheque,une,,,noun,,hobby,170
tricolore-1-5th-edition,discuter (de),"to chat, to talk about things",,,,verb,,communication,170
tricolore-1-5th-edition,distraction,leisure activity,une,,,noun,,hobby,170
tricolore-1-5th-edition,dix,ten,,,,other,,none,170
tricolore-1-5th-edition,dix-huit,eighteen,,,,other,,none,170
tricolore-1-5th-edition,dix-neuf,nineteen,,,,other,,none,170
tricolore-1-5th-edition,dix-sept,seventeen,,,,other,,none,170
tricolore-1-5th-edition,dodo,sleep,,,,noun,,daily-routine,170
tricolore-1-5th-edition,"dominos, jouer aux dominos",to play dominoes,,,,phrase,,hobby,170
tricolore-1-5th-edition,dommage,it's a pity,c'est,,,phrase,,none,170
tricolore-1-5th-edition,donc,therefore,,,,adverb,,none,170
tricolore-1-5th-edition,donner,to give,,,,verb,,none,170
tricolore-1-5th-edition,donnez-moi ...,give me ...,,,,phrase,,shopping,170
tricolore-1-5th-edition,dort,he sleeps/is asleep (from dormir),il,,,verb,,daily-routine,170
tricolore-1-5th-edition,Douvres,Dover,,,,noun,,travel,170
tricolore-1-5th-edition,douze,twelve,,,,other,,none,170
tricolore-1-5th-edition,drapeau,flag (pl des drapeaux),un,,des drapeaux,noun,,none,170
tricolore-1-5th-edition,droite,on the right,à,,,phrase,,travel,170
tricolore-1-5th-edition,drôle,funny,,,,adjective,,none,170
tricolore-1-5th-edition,du,"of the, in the",,,,other,,none,170
tricolore-1-5th-edition,"du (de la, de l', des)",some (see p.112),,,,other,,none,170
tricolore-1-5th-edition,durer,to last,,,,verb,,none,170
tricolore-1-5th-edition,débarrasser,to clear away,,,,verb,,daily-routine,170
tricolore-1-5th-edition,décembre,December,,,,noun,,time-dates,170
tricolore-1-5th-edition,décoller,to take off,,,,verb,,travel,170
tricolore-1-5th-edition,découvre,(he) discovers (from découvrir),(il),,,verb,,none,170
tricolore-1-5th-edition,découvrir,to discover,,,,verb,,none,170
tricolore-1-5th-edition,décrire,to describe,,,,verb,,none,170
tricolore-1-5th-edition,défilé,procession,un,,,noun,,vacation,170
tricolore-1-5th-edition,déguisé(e),in fancy dress,,,,adjective,,vacation,170
tricolore-1-5th-edition,déjeuner,lunch,le,,,noun,,food,170
tricolore-1-5th-edition,délicieux (f délicieuse),delicious,,,,adjective,,food,170
tricolore-1-5th-edition,dépliant,leaflet,un,,,noun,,travel,170
tricolore-1-5th-edition,désespéré,"in despair, desperate",,,,adjective,,none,170
tricolore-1-5th-edition,désirez?,what would you like? (from désirer),vous,,,verb,,shopping,170
tricolore-1-5th-edition,désolé,very sorry,,,,adjective,,none,170
tricolore-1-5th-edition,détester,to hate,,,,verb,,none,170
tricolore-1-5th-edition,dîne,they have dinner (from dîner),on,,,verb,,food,170
tricolore-1-5th-edition,dîner,dinner,un,,,noun,,food,170
tricolore-1-5th-edition,e-mail,email,un,,,noun,,communication,170
tricolore-1-5th-edition,eau (f),water,l',f,,noun,,food,170
tricolore-1-5th-edition,elle,"she, it, her",,,,other,,none,170
tricolore-1-5th-edition,elles,they (feminine form),,,,other,,none,170
tricolore-1-5th-edition,emploi du temps,timetable,un,,,noun,,school,170
tricolore-1-5th-edition,en,in,,,,preposition,,none,170
tricolore-1-5th-edition,en classe,in class,,,,phrase,,school,170
tricolore-1-5th-edition,en effet,in fact,,,,phrase,,none,170
tricolore-1-5th-edition,encore,"more, again",,,,adverb,,none,170
tricolore-1-5th-edition,encore du ...,some more ...,,,,phrase,,food,170
tricolore-1-5th-edition,endroit,place,un,,,noun,,city-places,170
tricolore-1-5th-edition,enfant,child,un(e),,,noun,,family,170
tricolore-1-5th-edition,enfant unique,only child,un(e),,,noun,,family,170
tricolore-1-5th-edition,enfin,"finally, at last",,,,adverb,,none,170
tricolore-1-5th-edition,ennuyeux (f ennuyeuse),boring,,,,adjective,,none,170
tricolore-1-5th-edition,enquête,"enquiry, survey",une,,,noun,,school,170
tricolore-1-5th-edition,enregistrer,to record,,,,verb,,none,170
tricolore-1-5th-edition,enseignement (m),"education, instruction",l',m,,noun,,school,170
tricolore-1-5th-edition,ensemble,together,,,,adverb,,none,170
tricolore-1-5th-edition,ensuite,next,,,,adverb,,time-dates,170
tricolore-1-5th-edition,entendre,to hear,,,,verb,,none,170
tricolore-1-5th-edition,entraînement (m),training (session),l',m,,noun,,hobby,170
tricolore-1-5th-edition,entre,between,,,,preposition,,none,170
tricolore-1-5th-edition,entrer,to enter,,,,verb,,none,170
tricolore-1-5th-edition,entrée,"entrance, fee",une,,,noun,,restaurant,170
tricolore-1-5th-edition,environ,about,,,,adverb,,none,170
tricolore-1-5th-edition,envoyer,to send,,,,verb,,communication,170
tricolore-1-5th-edition,EPS (éducation physique et sportive) (f),PE,l',f,,noun,,school,170
tricolore-1-5th-edition,erreur,mistake,une,,,noun,,school,170
tricolore-1-5th-edition,es,you are (from être see p.49),tu,,,verb,,none,170
tricolore-1-5th-edition,escalier (m),staircase,l',m,,noun,,home,170
tricolore-1-5th-edition,escargot,snail,un,,,noun,,food,170
tricolore-1-5th-edition,espace (f),space,l',f,,noun,,none,170
tricolore-1-5th-edition,Espagne (f),Spain,l',f,,noun,,travel,170
tricolore-1-5th-edition,espagnol,Spanish,,,,adjective,,none,170
tricolore-1-5th-edition,essayer,to try (on),,,,verb,,shopping,170
tricolore-1-5th-edition,est,is (from être see p.49),,,,verb,,none,170
tricolore-1-5th-edition,est-ce qu'il y a ... ?,is there ... ?,,,,phrase,,none,170
tricolore-1-5th-edition,est-ce que ... ?,question form (see p.36),,,,phrase,,none,170
tricolore-1-5th-edition,est-ce que je peux ... ?,can I ... ? may I ... ?,,,,phrase,,none,170
tricolore-1-5th-edition,est-ce que tu aimes ... ?,do you like ... ?,,,,phrase,,none,170
tricolore-1-5th-edition,et,and,,,,other,,none,170
tricolore-1-5th-edition,l'eau bouillante,boiling water,,,,noun,,food,170
tricolore-1-5th-edition,l'eau minérale,mineral water,,,,noun,,food,170
tricolore-1-5th-edition,le petit déjeuner,breakfast,,,,noun,,food,170
tricolore-1-5th-edition,mots surlignés,highlighted words,des,,,noun,,school,170
tricolore-1-5th-edition,quelque chose,something,,,,phrase,,none,170
tricolore-1-5th-edition,tu ne m'écoutes pas!,you're not listening to me!,,,,phrase,,communication,170
tricolore-1-5th-edition,un club des jeunes,youth club,,,,noun,,hobby,170
tricolore-1-5th-edition,à demain,see you tomorrow,,,,phrase,,communication,170
tricolore-1-5th-edition,écharpe,scarf,une,,,noun,,shopping,170
tricolore-1-5th-edition,"échecs, jouer aux échecs",to play chess,,,,phrase,,hobby,170
tricolore-1-5th-edition,éclair,eclair (type of cake),un,,,noun,,food,170
tricolore-1-5th-edition,école,school,une,,,noun,,school,170
tricolore-1-5th-edition,école primaire,school for students aged 6–11,,,,noun,,school,170
tricolore-1-5th-edition,Écosse (f),Scotland,l',f,,noun,,travel,170
tricolore-1-5th-edition,écouter,to listen to,,,,verb,,school,170
tricolore-1-5th-edition,écrire,to write,,,,verb,,school,170
tricolore-1-5th-edition,écris-moi bientôt,write soon,,,,phrase,,communication,170
tricolore-1-5th-edition,Édimbourg,Edinburgh,,,,noun,,travel,170
tricolore-1-5th-edition,éducation civique (f),citizenship,l',f,,noun,,school,170
tricolore-1-5th-edition,église,church,une,,,noun,,city-places,170
tricolore-1-5th-edition,élève,"pupil, student",un(e),,,noun,,school,170
tricolore-1-5th-edition,éléphant,elephant,un,,,noun,,none,170
tricolore-1-5th-edition,émission,"broadcast, programme",une,,,noun,,communication,170
tricolore-1-5th-edition,énorme,huge,,,,adjective,,none,170
tricolore-1-5th-edition,épicerie,grocer's shop,une,,,noun,,shopping,170
tricolore-1-5th-edition,épreuve,test,une,,,noun,,school,170
tricolore-1-5th-edition,équipe,team,une,,,noun,,hobby,170
tricolore-1-5th-edition,équitation (f),horse riding,l',f,,noun,,hobby,170
tricolore-1-5th-edition,étage,"floor, storey",un,,,noun,,home,170
tricolore-1-5th-edition,était,(it) was,(il),,,verb,,none,170
tricolore-1-5th-edition,été (m),summer,l',m,,noun,,weather,170
tricolore-1-5th-edition,(à) chaque fois,each time,,,,phrase,,time-dates,171
tricolore-1-5th-edition,en hiver,in winter,,,,phrase,,weather,171
tricolore-1-5th-edition,en été,in summer,,,,phrase,,weather,171
tricolore-1-5th-edition,et ainsi de suite,and so on,,,,phrase,,none,171
tricolore-1-5th-edition,excursion,excursion,une,,,noun,,vacation,171
tricolore-1-5th-edition,exemple,for example,par,,,phrase,,school,171
tricolore-1-5th-edition,exposition,exhibition,une,,,noun,,city-places,171
tricolore-1-5th-edition,extrait,extract,un,,,noun,,school,171
tricolore-1-5th-edition,extraordinaire,extraordinary,,,,adjective,,none,171
tricolore-1-5th-edition,face,"side (of coin, object)",une,,,noun,,none,171
tricolore-1-5th-edition,face (de),opposite,en,,,phrase,,city-places,171
tricolore-1-5th-edition,facile,easy,,,,adjective,,school,171
tricolore-1-5th-edition,faim,I'm hungry,j'ai,,,phrase,,food,171
tricolore-1-5th-edition,faire,"to do, make, go",,,,verb,,none,171
tricolore-1-5th-edition,faire de l'équitation,to go horse riding,,,,phrase,,hobby,171
tricolore-1-5th-edition,faire de la gymnastique,to do gymnastics,,,,phrase,,hobby,171
tricolore-1-5th-edition,faire de la planche à voile,to go windsurfing,,,,phrase,,hobby,171
tricolore-1-5th-edition,faire de la voile,to go sailing,,,,phrase,,hobby,171
tricolore-1-5th-edition,faire des courses,to go shopping,,,,phrase,,shopping,171
tricolore-1-5th-edition,faire du camping,to go camping,,,,phrase,,vacation,171
tricolore-1-5th-edition,faire du ski,to go skiing,,,,phrase,,hobby,171
tricolore-1-5th-edition,faire du vélo,to go cycling/biking,,,,phrase,,hobby,171
tricolore-1-5th-edition,faire la cuisine,to do the cooking,,,,phrase,,food,171
tricolore-1-5th-edition,faire le total,"to add up, to total",,,,phrase,,shopping,171
tricolore-1-5th-edition,faire mes devoirs,to do my homework,,,,phrase,,school,171
tricolore-1-5th-edition,faire un tour à vélo,to go for a bike ride,,,,phrase,,hobby,171
tricolore-1-5th-edition,faire une promenade,to go for a walk,,,,phrase,,hobby,171
tricolore-1-5th-edition,fait,he is making (from faire see p.100),il,,,verb,,none,171
tricolore-1-5th-edition,faites,you do (from faire see p.100),vous,,,verb,,none,171
tricolore-1-5th-edition,famille (nombreuse),(large) family,une,,,noun,,family,171
tricolore-1-5th-edition,fantaisie,"fancy, fun",,,,noun,,none,171
tricolore-1-5th-edition,fantastique,fantastic,,,,adjective,,none,171
tricolore-1-5th-edition,fatigant,tiring,,,,adjective,,none,171
tricolore-1-5th-edition,fatigué(e),tired,,,,adjective,,health,171
tricolore-1-5th-edition,faut pas manquer ça,you mustn't miss that,il ne,,,phrase,,vacation,171
tricolore-1-5th-edition,faux (f fausse),"false, wrong",,,,adjective,,school,171
tricolore-1-5th-edition,favori,favourite,un,,,noun,,hobby,171
tricolore-1-5th-edition,femme,"woman, wife",une,,,noun,,family,171
tricolore-1-5th-edition,fenêtre,window,une,,,noun,,home,171
tricolore-1-5th-edition,ferme,farm,une,,,noun,,none,171
tricolore-1-5th-edition,fermer,to close,,,,verb,,none,171
tricolore-1-5th-edition,fermé,closed,,,,adjective,,shopping,171
tricolore-1-5th-edition,feu,fire,un,,,noun,,none,171
tricolore-1-5th-edition,feu d'artifice,firework display,un,,,noun,,vacation,171
tricolore-1-5th-edition,feuille (de papier),"piece of paper, leaf",une,,,noun,,school,171
tricolore-1-5th-edition,feutre,felt tip pen,un,,,noun,,school,171
tricolore-1-5th-edition,fille,"girl, daughter",une,,,noun,,family,171
tricolore-1-5th-edition,film,film,un,,,noun,,hobby,171
tricolore-1-5th-edition,fils,son,un,,,noun,,family,171
tricolore-1-5th-edition,fin,end,la,,,noun,,none,171
tricolore-1-5th-edition,finalement,finally,,,,adverb,,none,171
tricolore-1-5th-edition,fini,it's finished,c'est,,,phrase,,school,171
tricolore-1-5th-edition,finissent,they finish (from finir),ils/elles,,,verb,,school,171
tricolore-1-5th-edition,fleur,flower,une,,,noun,,none,171
tricolore-1-5th-edition,flèche,arrow,une,,,noun,,none,171
tricolore-1-5th-edition,flûte,flute,une,,,noun,,hobby,171
tricolore-1-5th-edition,flûte à bec,recorder,une,,,noun,,hobby,171
tricolore-1-5th-edition,fois,once,une,,,noun,,time-dates,171
tricolore-1-5th-edition,foncé,dark,,,,adjective,,none,171
tricolore-1-5th-edition,foncé,the darker,le plus,,,phrase,,none,171
tricolore-1-5th-edition,font,"they do, make (from faire see p.100)",ils/elles,,,verb,,none,171
tricolore-1-5th-edition,football,football,le,,,noun,,hobby,171
tricolore-1-5th-edition,forme,fit,en,,,phrase,,health,171
tricolore-1-5th-edition,formidable,terrific,,,,adjective,,none,171
tricolore-1-5th-edition,fraise,strawberry,une,,,noun,,food,171
tricolore-1-5th-edition,framboise,raspberry,une,,,noun,,food,171
tricolore-1-5th-edition,France,France,la,,,noun,,travel,171
tricolore-1-5th-edition,français,French,,,,adjective,,none,171
tricolore-1-5th-edition,française,in the French way,à la,,,phrase,,food,171
tricolore-1-5th-edition,frisé,curly,,,,adjective,,personal-info,171
tricolore-1-5th-edition,frites (f pl),chips,les,f pl,,noun,,food,171
tricolore-1-5th-edition,froid,cold,,,,adjective,,weather,171
tricolore-1-5th-edition,fromage,cheese,le,,,noun,,food,171
tricolore-1-5th-edition,fruit,fruit,un,,,noun,,food,171
tricolore-1-5th-edition,frère,brother,un,,,noun,,family,171
tricolore-1-5th-edition,fève,lucky charm (in cake),une,,,noun,,food,171
tricolore-1-5th-edition,félicitations!,congratulations!,,,,phrase,,none,171
tricolore-1-5th-edition,férié,public holiday,jour,,,adjective,,time-dates,171
tricolore-1-5th-edition,février,February,,,,noun,,time-dates,171
tricolore-1-5th-edition,fête,"Saint's day, festival",une,,,noun,,time-dates,171
tricolore-1-5th-edition,fête des Mères,Mothers' Day,la,,,noun,,time-dates,171
tricolore-1-5th-edition,fête nationale,"French national holiday (Bastille day, 14th July)",la,,,noun,,time-dates,171
tricolore-1-5th-edition,fêter,to celebrate,,,,verb,,time-dates,171
tricolore-1-5th-edition,gagnant(e),winner,un(e),,,noun,,hobby,171
tricolore-1-5th-edition,gagner,to win,,,,verb,,hobby,171
tricolore-1-5th-edition,galette,"large, flat cake",une,,,noun,,food,171
tricolore-1-5th-edition,gants (m pl),gloves,des,m pl,,noun,,shopping,171
tricolore-1-5th-edition,garage,garage,un,,,noun,,home,171
tricolore-1-5th-edition,garder,to keep,,,,verb,,none,171
tricolore-1-5th-edition,gare,station,une,,,noun,,city-places,171
tricolore-1-5th-edition,gare routière,bus and coach station,une,,,noun,,travel,171
tricolore-1-5th-edition,garçon,boy,un,,,noun,,none,171
tricolore-1-5th-edition,gauche,on the left,à,,,phrase,,travel,171
tricolore-1-5th-edition,gens (m pl),people,des,m pl,,noun,,none,171
tricolore-1-5th-edition,gentil,kind,,,,adjective,,none,171
tricolore-1-5th-edition,gerbille,gerbil,une,,,noun,,none,171
tricolore-1-5th-edition,glace,ice cream,une,,,noun,,food,171
tricolore-1-5th-edition,golf,golf,le,,,noun,,hobby,171
tricolore-1-5th-edition,gomme,rubber,une,,,noun,,school,171
tricolore-1-5th-edition,goûter,afternoon snack,le,,,noun,,food,171
tricolore-1-5th-edition,grammaire,grammar,la,,,noun,,school,171
tricolore-1-5th-edition,gramme,gram,une,,,noun,,food,171
tricolore-1-5th-edition,grand,"big, tall",,,,adjective,,none,171
tricolore-1-5th-edition,grand-chose,not much,pas,,,phrase,,none,171
tricolore-1-5th-edition,grand-mère,grandmother,une,,,noun,,family,171
tricolore-1-5th-edition,grand-père,grandfather,un,,,noun,,family,171
tricolore-1-5th-edition,grands-parents (m pl),grandparents,les,m pl,,noun,,family,171
tricolore-1-5th-edition,gratuit,free,,,,adjective,,shopping,171
tricolore-1-5th-edition,grave,serious,,,,adjective,,none,171
tricolore-1-5th-edition,grille,grid,la,,,noun,,school,171
tricolore-1-5th-edition,gris,grey,,,,adjective,,none,171
tricolore-1-5th-edition,gros (f grosse),"large, fat, big (of animals)",,,,adjective,,none,171
tricolore-1-5th-edition,grossir,to put on weight,,,,verb,,health,171
tricolore-1-5th-edition,groupe,group,un,,,noun,,none,171
tricolore-1-5th-edition,guitare,guitar,une,,,noun,,hobby,171
tricolore-1-5th-edition,gymnastique,gymnastics,la,,,noun,,hobby,171
tricolore-1-5th-edition,gâteau (pl des gâteaux),cake,un,,des gâteaux,noun,,food,171
tricolore-1-5th-edition,géant,giant,un,,,noun,,none,171
tricolore-1-5th-edition,génial,brilliant,,,,adjective,,none,171
tricolore-1-5th-edition,génie,genie,une,,,noun,,none,171
tricolore-1-5th-edition,généralement,usually,,,,adverb,,none,171
tricolore-1-5th-edition,géographie,geography,la,,,noun,,school,171
tricolore-1-5th-edition,habitant,inhabitant,un,,,noun,,none,171
tricolore-1-5th-edition,habiter,to live in or at,,,,verb,,home,171
tricolore-1-5th-edition,habitude,usually,d',,,phrase,,daily-routine,171
tricolore-1-5th-edition,hamster,hamster,un,,,noun,,none,171
tricolore-1-5th-edition,haricots verts (m pl),green beans,les,m pl,,noun,,food,171
tricolore-1-5th-edition,haute technologie,high tech,la,,,noun,,none,171
tricolore-1-5th-edition,heure,"time, hour",une,,,noun,,time-dates,171
tricolore-1-5th-edition,histoire,story,une,,,noun,,school,171
tricolore-1-5th-edition,histoire (f),history,l',f,,noun,,school,171
tricolore-1-5th-edition,historique,historical,,,,adjective,,school,171
tricolore-1-5th-edition,hiver (m),winter,l',m,,noun,,weather,171
tricolore-1-5th-edition,hockey,hockey,le,,,noun,,hobby,171
tricolore-1-5th-edition,homme,man,un,,,noun,,none,171
tricolore-1-5th-edition,horaire,timetable,un,,,noun,,travel,171
tricolore-1-5th-edition,horaire d'ouverture,opening hours,,,,noun,,shopping,171
tricolore-1-5th-edition,horizontalement,across,,,,adverb,,school,171
tricolore-1-5th-edition,horloge,clock,une,,,noun,,time-dates,171
tricolore-1-5th-edition,hors-d'œuvre,first course,un,,,noun,,restaurant,171
tricolore-1-5th-edition,huile (f),oil,l',f,,noun,,food,171
tricolore-1-5th-edition,huit,eight,,,,other,,none,171
tricolore-1-5th-edition,hâche,axe,une,,,noun,,none,171
tricolore-1-5th-edition,hélas!,alas!,,,,phrase,,none,171
tricolore-1-5th-edition,hérisson,hedgehog,un,,,noun,,none,171
tricolore-1-5th-edition,hôpital,hospital,un,,,noun,,health,171
tricolore-1-5th-edition,hôtel,hotel,un,,,noun,,travel,171
tricolore-1-5th-edition,hôtel de ville,town hall,un,,,noun,,city-places,171
tricolore-1-5th-edition,ici,here,,,,adverb,,none,171
tricolore-1-5th-edition,idéal(e),ideal,,,,adjective,,none,171
tricolore-1-5th-edition,idée,idea,une,,,noun,,none,171
tricolore-1-5th-edition,il,"he, it",,,,other,,none,171
tricolore-1-5th-edition,il fait beau,it's fine weather,,,,phrase,,weather,171
tricolore-1-5th-edition,il fait chaud,it's hot,,,,phrase,,weather,171
tricolore-1-5th-edition,il fait froid,it's cold,,,,phrase,,weather,171
tricolore-1-5th-edition,il fait mauvais,it's bad weather,,,,phrase,,weather,171
tricolore-1-5th-edition,il y a,"there is, there are",,,,phrase,,none,171
tricolore-1-5th-edition,illustré,illustrated,,,,adjective,,school,171
tricolore-1-5th-edition,ils,they (masculine form),,,,other,,none,171
tricolore-1-5th-edition,images,in pictures,en,,,phrase,,school,171
tricolore-1-5th-edition,imper,(short for imperméable),,,,noun,,shopping,171
tricolore-1-5th-edition,imperméable,raincoat,un,,,noun,,shopping,171
tricolore-1-5th-edition,impoli,"impolite, bad mannered",,,,adjective,,none,171
tricolore-1-5th-edition,important,important,,,,adjective,,none,171
tricolore-1-5th-edition,impressionnant,impressive,,,,adjective,,none,171
tricolore-1-5th-edition,incroyable,unbelievable,,,,adjective,,none,171
tricolore-1-5th-edition,Inde (f),India,l',f,,noun,,travel,171
tricolore-1-5th-edition,indice,clue,une,,,noun,,school,171
tricolore-1-5th-edition,informatique (f),"ICT, computing, information technology",l',f,,noun,,school,171
tricolore-1-5th-edition,ingrédients (m pl),ingredients,les,m pl,,noun,,food,171
tricolore-1-5th-edition,inquiet (f inquiète),"anxious, concerned",,,,adjective,,none,171
tricolore-1-5th-edition,instrument (de musique),musical instrument,un,,,noun,,hobby,171
tricolore-1-5th-edition,interview,interview,une,,,noun,,communication,171
tricolore-1-5th-edition,intéressant,interesting,,,,adjective,,none,171
tricolore-1-5th-edition,Irlande (f) (du Nord),(Northern) Ireland,l',,,noun,,travel,171
tricolore-1-5th-edition,Italie (f),Italy,l',f,,noun,,travel,171
tricolore-1-5th-edition,jambe,leg,la,,,noun,,health,171
tricolore-1-5th-edition,jambon,ham,le,,,noun,,food,171
tricolore-1-5th-edition,janvier,January,,,,noun,,time-dates,171
tricolore-1-5th-edition,Japon,Japan,le,,,noun,,travel,171
tricolore-1-5th-edition,jardin,garden,un,,,noun,,home,171
tricolore-1-5th-edition,jaune,"yellow, tan",,,,adjective,,none,171
tricolore-1-5th-edition,jaune d'œuf,egg yolk,le,,,noun,,food,171
tricolore-1-5th-edition,je,I,,,,other,,none,171
tricolore-1-5th-edition,jean,pair of jeans,un,,,noun,,shopping,171
tricolore-1-5th-edition,jeu (pl jeux),game,un,,jeux,noun,,hobby,171
tricolore-1-5th-edition,jeudi,(on) Thursday(s),(le),,,noun,,time-dates,171
tricolore-1-5th-edition,jeune,young,,,,adjective,,none,171
tricolore-1-5th-edition,jogging,"jogging trousers, tracksuit",un,,,noun,,shopping,171
tricolore-1-5th-edition,joli,pretty,,,,adjective,,none,171
tricolore-1-5th-edition,jouer,to play,,,,verb,,hobby,171
tricolore-1-5th-edition,jouet,toy,un,,,noun,,hobby,171
tricolore-1-5th-edition,joueur,player,un,,,noun,,hobby,171
tricolore-1-5th-edition,jour,"day, one day",un,,,noun,,time-dates,171
tricolore-1-5th-edition,jour de l'An,New Year's Day,le,,,noun,,time-dates,171
tricolore-1-5th-edition,juillet,July,,,,noun,,time-dates,171
tricolore-1-5th-edition,juin,June,,,,noun,,time-dates,171
tricolore-1-5th-edition,jumeaux (f des jumelles),twins,des,,,noun,,family,171
tricolore-1-5th-edition,jupe,skirt,une,,,noun,,shopping,171
tricolore-1-5th-edition,jus de fruit,fruit juice,un,,,noun,,food,171
tricolore-1-5th-edition,jus de viande,gravy,le,,,noun,,food,171
tricolore-1-5th-edition,jusqu'à,"until, as far as",,,,preposition,,none,171
tricolore-1-5th-edition,juste,fair,,,,adjective,,none,171
tricolore-1-5th-edition,kilo,kilogram,un,,,noun,,shopping,171
tricolore-1-5th-edition,kilomètre,kilometre,un,,,noun,,travel,171
tricolore-1-5th-edition,la galette des Rois,special cake for Epiphany (6th January),,,,noun,,food,171
tricolore-1-5th-edition,laboratoire,laboratory,un,,,noun,,school,171
tricolore-1-5th-edition,lac,lake,un,,,noun,,travel,171
tricolore-1-5th-edition,laisser,to leave,,,,verb,,none,171
tricolore-1-5th-edition,lait,milk,le,,,noun,,food,171
tricolore-1-5th-edition,langue,language,une,,,noun,,school,171
tricolore-1-5th-edition,lapin,rabbit,un,,,noun,,none,171
tricolore-1-5th-edition,laver,to wash,,,,verb,,daily-routine,171
tricolore-1-5th-edition,"le (f la, pl les)",the,,,,other,,none,171
tricolore-1-5th-edition,lecteur CD / MP3,CD / MP3 player,un,,,noun,,hobby,171
tricolore-1-5th-edition,lecture,reading,la,,,noun,,hobby,171
tricolore-1-5th-edition,lentement,slowly,,,,adverb,,none,171
tricolore-1-5th-edition,les cheveux frisés,curly hair,,,,noun,,personal-info,171
tricolore-1-5th-edition,lettre,letter,une,,,noun,,communication,171
tricolore-1-5th-edition,leur (pl leurs),their (see p.105),,,,other,,none,171
tricolore-1-5th-edition,là,there,,,,adverb,,none,171
tricolore-1-5th-edition,là-bas,over there,,,,adverb,,none,171
tricolore-1-5th-edition,lève,I get up (from se lever),je me,,,verb,,daily-routine,171
tricolore-1-5th-edition,lève,he gets up,il se,,,verb,,daily-routine,171
tricolore-1-5th-edition,légende,key (to symbols),une,,,noun,,school,171
tricolore-1-5th-edition,légume,vegetable,un,,,noun,,food,171
tricolore-1-5th-edition,quelle heure est-il?,what time is it?,,,,phrase,,time-dates,171
tricolore-1-5th-edition,trois fois,three times,,,,phrase,,time-dates,171
tricolore-1-5th-edition,un demi-kilo,half a kilogram,,,,noun,,shopping,171
tricolore-1-5th-edition,un jeu de société,board game or card game (for two or more players),,,,noun,,hobby,171
tricolore-1-5th-edition,un jeu vidéo,electronic/computer game,,,,noun,,hobby,171
tricolore-1-5th-edition,un quart d'heure,a quarter of an hour,,,,noun,,time-dates,171
tricolore-1-5th-edition,une demi-heure,half an hour,,,,noun,,time-dates,171
tricolore-1-5th-edition,une fois par mois,once a month,,,,phrase,,time-dates,171
tricolore-1-5th-edition,une journée (typique),a (typical day),une,,,noun,,daily-routine,171
tricolore-1-5th-edition,à (trois) heures,at (three) o'clock,,,,phrase,,time-dates,171
tricolore-1-5th-edition,étoile,star,une,,,noun,,none,171
tricolore-1-5th-edition,étranger,foreign,,,,adjective,,travel,171
tricolore-1-5th-edition,événement,event,un,,,noun,,none,171
tricolore-1-5th-edition,être,to be (see p.49),,,,verb,,none,171
tricolore-1-5th-edition,île,island,une,,,noun,,travel,171
tricolore-1-5th-edition,au bord de la mer,at the seaside,,,,phrase,,vacation,172
tricolore-1-5th-edition,des œufs au bacon,eggs and bacon,,,,phrase,,food,172
tricolore-1-5th-edition,en moto,by motorbike,,,,phrase,,travel,172
tricolore-1-5th-edition,il a lieu,it's taking place ... (from avoir lieu),,,,phrase,,none,172
tricolore-1-5th-edition,il fait mauvais,the weather is bad,,,,phrase,,weather,172
tricolore-1-5th-edition,j'en ai assez mangé,I've eaten enough,,,,phrase,,food,172
tricolore-1-5th-edition,Joyeux Noël,Happy Christmas,,,,phrase,,time-dates,172
tricolore-1-5th-edition,Joyeux Pâques,Happy Easter,,,,phrase,,time-dates,172
tricolore-1-5th-edition,le mot qui manque,the missing word,,,,phrase,,school,172
tricolore-1-5th-edition,le Père Noël,Father Christmas,,,,noun,,time-dates,172
tricolore-1-5th-edition,les méchantes sœurs,ugly sisters (from Cinderella),,,,noun,,none,172
tricolore-1-5th-edition,lever,to get up,,,,verb,,daily-routine,172
tricolore-1-5th-edition,levez-vous!,get up!,,,,verb,,daily-routine,172
tricolore-1-5th-edition,libre,free,,,,adjective,,none,172
tricolore-1-5th-edition,libre-service,self-service,,,,noun,,shopping,172
tricolore-1-5th-edition,lieu,place,un,,,noun,,city-places,172
tricolore-1-5th-edition,limonade,lemonade,la,,,noun,,food,172
tricolore-1-5th-edition,lire,to read,,,,verb,,hobby,172
tricolore-1-5th-edition,liseuse,e-reader,une,,,noun,,hobby,172
tricolore-1-5th-edition,liste,list,une,,,noun,,none,172
tricolore-1-5th-edition,lit,bed,un,,,noun,,home,172
tricolore-1-5th-edition,livre,book,un,,,noun,,school,172
tricolore-1-5th-edition,logement,accommodation,le,,,noun,,home,172
tricolore-1-5th-edition,loin,a long way,,,,adverb,,none,172
tricolore-1-5th-edition,loisirs (m pl),leisure,les,m pl,m pl,noun,,hobby,172
tricolore-1-5th-edition,Londres,London,,,,noun,,travel,172
tricolore-1-5th-edition,long (f longue),long,,,,adjective,,none,172
tricolore-1-5th-edition,lui,him,,,,other,,none,172
tricolore-1-5th-edition,lumière,light,une,,,noun,,home,172
tricolore-1-5th-edition,lundi,(on) Monday(s),(le),,,noun,,time-dates,172
tricolore-1-5th-edition,lunettes (f pl),glasses,les,f pl,f pl,noun,,shopping,172
tricolore-1-5th-edition,lycée,school for students aged 15 and over,un,,,noun,,school,172
tricolore-1-5th-edition,lève-toi!,get up,,,,verb,,daily-routine,172
tricolore-1-5th-edition,ma,my (see p.22),,,,adjective,,none,172
tricolore-1-5th-edition,machine (à laver),(washing) machine,une,,,noun,,home,172
tricolore-1-5th-edition,madame (Mme) (pl mesdames),madam (Mrs),,,pl mesdames,noun,,personal-info,172
tricolore-1-5th-edition,mademoiselle (pl mesdemoiselles),Miss,,,pl mesdemoiselles,noun,,personal-info,172
tricolore-1-5th-edition,magasin,shop,un,,,noun,,shopping,172
tricolore-1-5th-edition,magnifique,"magnificent, great",,,,adjective,,none,172
tricolore-1-5th-edition,mai,May,,,,noun,,time-dates,172
tricolore-1-5th-edition,maillot de bain,swimming costume,un,,,noun,,vacation,172
tricolore-1-5th-edition,main,hand,une,,,noun,,health,172
tricolore-1-5th-edition,maintenant,now,,,,adverb,,none,172
tricolore-1-5th-edition,mais,but,,,,other,,none,172
tricolore-1-5th-edition,maison,house,une,,,noun,,home,172
tricolore-1-5th-edition,mal,bad,,,,adverb,,none,172
tricolore-1-5th-edition,maladie,illness,une,,,noun,,health,172
tricolore-1-5th-edition,malheureusement,unfortunately,,,,adverb,,none,172
tricolore-1-5th-edition,maman,Mum,,,,noun,,family,172
tricolore-1-5th-edition,Mamie,"Granny, Grandma",,,,noun,,family,172
tricolore-1-5th-edition,Manche,English Channel,la,,,noun,,travel,172
tricolore-1-5th-edition,manettes (f pl),game controllers,les,f pl,f pl,noun,,hobby,172
tricolore-1-5th-edition,manger,to eat,,,,verb,,food,172
tricolore-1-5th-edition,manquer,to miss,,,,verb,,none,172
tricolore-1-5th-edition,manteau,coat,un,,,noun,,shopping,172
tricolore-1-5th-edition,manège,roundabout,un,,,noun,,vacation,172
tricolore-1-5th-edition,maquette,model,une,,,noun,,hobby,172
tricolore-1-5th-edition,marche,step,une,,,noun,,none,172
tricolore-1-5th-edition,marcher,"to work (of a machine, etc.), to walk",,,,verb,,none,172
tricolore-1-5th-edition,marché,market,un,,,noun,,shopping,172
tricolore-1-5th-edition,marché aux fleurs,flower market,le,,,noun,,shopping,172
tricolore-1-5th-edition,marché aux poissons,fish market,le,,,noun,,shopping,172
tricolore-1-5th-edition,mardi,(on) Tuesday(s),(le),,,noun,,time-dates,172
tricolore-1-5th-edition,mardi gras,Shrove Tuesday,,,,noun,,time-dates,172
tricolore-1-5th-edition,marin,sailor,un,,,noun,,profession,172
tricolore-1-5th-edition,marron (doesn't change form),brown,,,,adjective,,none,172
tricolore-1-5th-edition,mars,March,,,,noun,,time-dates,172
tricolore-1-5th-edition,match,match,un,,,noun,,hobby,172
tricolore-1-5th-edition,maths (f pl les mathématiques),maths,les,,f pl,noun,,school,172
tricolore-1-5th-edition,matin,(in the) morning,le,,,noun,,time-dates,172
tricolore-1-5th-edition,matinée,morning,une,,,noun,,time-dates,172
tricolore-1-5th-edition,matière,school subject,une,,,noun,,school,172
tricolore-1-5th-edition,matériel,equipment,le,,,noun,,school,172
tricolore-1-5th-edition,mauvais,bad,,,,adjective,,none,172
tricolore-1-5th-edition,meilleur,better,,,,adjective,,none,172
tricolore-1-5th-edition,meilleur(e)s ami(e)s,my best friends,mes,,,noun,,family,172
tricolore-1-5th-edition,melon,melon,un,,,noun,,food,172
tricolore-1-5th-edition,menu du jour,today's menu,le,,,noun,,restaurant,172
tricolore-1-5th-edition,mer,sea,la,,,noun,,vacation,172
tricolore-1-5th-edition,merci (beaucoup),thank you (very much),,,,other,,communication,172
tricolore-1-5th-edition,mercredi,(on) Wednesday(s),(le),,,noun,,time-dates,172
tricolore-1-5th-edition,mes,my (see p.22),,,,adjective,,none,172
tricolore-1-5th-edition,message électronique,email,un,,,noun,,communication,172
tricolore-1-5th-edition,mettre,"to put, to put on",,,,verb,,none,172
tricolore-1-5th-edition,meuble,piece of furniture,un,,,noun,,home,172
tricolore-1-5th-edition,mi-temps,half-time,la,,,noun,,hobby,172
tricolore-1-5th-edition,midi,midday,,,,noun,,time-dates,172
tricolore-1-5th-edition,miel,honey,le,,,noun,,food,172
tricolore-1-5th-edition,mignon,sweet,,,,adjective,,none,172
tricolore-1-5th-edition,milieu,middle,le,,,noun,,none,172
tricolore-1-5th-edition,minuit,midnight,,,,noun,,time-dates,172
tricolore-1-5th-edition,minute,minute,une,,,noun,,time-dates,172
tricolore-1-5th-edition,moche,"horrible, awful",,,,adjective,,none,172
tricolore-1-5th-edition,mode,fashion,la,,,noun,,shopping,172
tricolore-1-5th-edition,modèle réduit,scale model,un,,,noun,,hobby,172
tricolore-1-5th-edition,moi,me,,,,other,,none,172
tricolore-1-5th-edition,moins,less,,,,other,,none,172
tricolore-1-5th-edition,mois,month,un,,,noun,,time-dates,172
tricolore-1-5th-edition,mois de ...,in the month of ...,,,,phrase,,time-dates,172
tricolore-1-5th-edition,"moment, pour le moment",for the moment,,,,phrase,,time-dates,172
tricolore-1-5th-edition,mon,my (see p.22),,,,adjective,,none,172
tricolore-1-5th-edition,monde,world,le,,,noun,,none,172
tricolore-1-5th-edition,monnaie,small change,la,,,noun,,shopping,172
tricolore-1-5th-edition,monsieur,gentleman,un,,,noun,,personal-info,172
tricolore-1-5th-edition,Monsieur (M.) (pl messieurs),sir (Mr),,,pl messieurs,noun,,personal-info,172
tricolore-1-5th-edition,montagne,mountain,une,,,noun,,vacation,172
tricolore-1-5th-edition,monter,"to climb up, get on, go up",,,,verb,,none,172
tricolore-1-5th-edition,montre,watch,une,,,noun,,shopping,172
tricolore-1-5th-edition,montre,they show (from montrer),,,,verb,,none,172
tricolore-1-5th-edition,morceau,piece,un,,,noun,,food,172
tricolore-1-5th-edition,mosquée,mosque,une,,,noun,,city-places,172
tricolore-1-5th-edition,mot,word,un,,,noun,,school,172
tricolore-1-5th-edition,mots croisés (m pl),crossword,les,m pl,m pl,noun,,hobby,172
tricolore-1-5th-edition,mots mêlés (m pl),wordsearch,(des),m pl,m pl,noun,,hobby,172
tricolore-1-5th-edition,moutarde,mustard,la,,,noun,,food,172
tricolore-1-5th-edition,moyen,"medium, means",,,,adjective,,none,172
tricolore-1-5th-edition,mur,on the wall,,,,phrase,,home,172
tricolore-1-5th-edition,musicien(ne),musician,un(e),,,noun,,profession,172
tricolore-1-5th-edition,musique,music,la,,,noun,,hobby,172
tricolore-1-5th-edition,musulman(e),Muslim,,,,adjective,,none,172
tricolore-1-5th-edition,musée,museum,un,,,noun,,city-places,172
tricolore-1-5th-edition,mère,mother,une,,,noun,,family,172
tricolore-1-5th-edition,mécanique,mechanical,,,,adjective,,none,172
tricolore-1-5th-edition,méchant,"nasty, naughty, fierce",,,,adjective,,none,172
tricolore-1-5th-edition,mélanger,to mix,,,,verb,,food,172
tricolore-1-5th-edition,même,"same, even",,,,other,,none,172
tricolore-1-5th-edition,n' ... pas,not (before a vowel),,,,other,,none,172
tricolore-1-5th-edition,n'est-ce pas?,isn't it? don't you?,,,,phrase,,none,172
tricolore-1-5th-edition,nager,to swim,,,,verb,,hobby,172
tricolore-1-5th-edition,natation,swimming,la,,,noun,,hobby,172
tricolore-1-5th-edition,naturellement,naturally,,,,adverb,,none,172
tricolore-1-5th-edition,navire,ship,un,,,noun,,travel,172
tricolore-1-5th-edition,ne ... pas,not,,,,other,,none,172
tricolore-1-5th-edition,neige,it's snowing,,,,verb,,weather,172
tricolore-1-5th-edition,neuf,nine,,,,other,,none,172
tricolore-1-5th-edition,niveau,level,un,,,noun,,school,172
tricolore-1-5th-edition,nièce,niece,une,,,noun,,family,172
tricolore-1-5th-edition,noir,black,,,,adjective,,none,172
tricolore-1-5th-edition,noisettes,with nuts,,,,phrase,,food,172
tricolore-1-5th-edition,nom,name,un,,,noun,,personal-info,172
tricolore-1-5th-edition,nombre,number,un,,,noun,,none,172
tricolore-1-5th-edition,non,no,,,,other,,none,172
tricolore-1-5th-edition,nord,north,le,,,noun,,travel,172
tricolore-1-5th-edition,normalement,normally,,,,adverb,,none,172
tricolore-1-5th-edition,notre (pl nos),our (see p.104),,,pl nos,adjective,,none,172
tricolore-1-5th-edition,nourriture,"food, feeding time",la,,,noun,,food,172
tricolore-1-5th-edition,nous,"we, us",,,,other,,none,172
tricolore-1-5th-edition,nouveau (f nouvelle),new,,,,adjective,,none,172
tricolore-1-5th-edition,nouvel (before masc. noun beginning with a vowel),new,,,,adjective,,none,172
tricolore-1-5th-edition,novembre,November,,,,noun,,time-dates,172
tricolore-1-5th-edition,Noël,Christmas,,,,noun,,time-dates,172
tricolore-1-5th-edition,nuit,(at) night,la,,,noun,,time-dates,172
tricolore-1-5th-edition,nul,"rubbish, useless",,,,adjective,,none,172
tricolore-1-5th-edition,numéro,number,un,,,noun,,none,172
tricolore-1-5th-edition,octobre,October,,,,noun,,time-dates,172
tricolore-1-5th-edition,offert,I was given,,,,verb,,none,172
tricolore-1-5th-edition,office de tourisme,tourist office,un,,,noun,,travel,172
tricolore-1-5th-edition,offre d'emploi,job vacancy,une,,,noun,,profession,172
tricolore-1-5th-edition,oignon,onion,un,,,noun,,food,172
tricolore-1-5th-edition,oiseau (pl oiseaux),bird,un,,pl oiseaux,noun,,none,172
tricolore-1-5th-edition,omelette,omelette,une,,,noun,,food,172
tricolore-1-5th-edition,on,"one, we",,,,other,,none,172
tricolore-1-5th-edition,on y va?,shall we go?,,,,phrase,,none,172
tricolore-1-5th-edition,oncle,uncle,un,,,noun,,family,172
tricolore-1-5th-edition,ont,they have (from avoir see p.57),,,,verb,,none,172
tricolore-1-5th-edition,onze,eleven,,,,other,,none,172
tricolore-1-5th-edition,orage,storm,un,,,noun,,weather,172
tricolore-1-5th-edition,orange,orange,une,,,noun,,food,172
tricolore-1-5th-edition,orangeade,orangeade,une,,,noun,,food,172
tricolore-1-5th-edition,ordinateur,computer,un,,,noun,,communication,172
tricolore-1-5th-edition,ordinateur portable,lap-top computer,un,,,noun,,communication,172
tricolore-1-5th-edition,organiser,to organise,,,,verb,,none,172
tricolore-1-5th-edition,ou,or,,,,other,,none,172
tricolore-1-5th-edition,oublier,to forget,,,,verb,,none,172
tricolore-1-5th-edition,ouest (m),west,l',m,,noun,,travel,172
tricolore-1-5th-edition,oui,yes,,,,other,,none,172
tricolore-1-5th-edition,ours,bear,un,,,noun,,none,172
tricolore-1-5th-edition,ouvert,open,,,,adjective,,none,172
tricolore-1-5th-edition,ouvre,he/she opens (from ouvrir),,,,verb,,none,172
tricolore-1-5th-edition,ouvrent,they open (from ouvrir),,,,verb,,none,172
tricolore-1-5th-edition,ouvrez,open (from ouvrir),,,,verb,,none,172
tricolore-1-5th-edition,ouvrons,we open (from ouvrir),,,,verb,,none,172
tricolore-1-5th-edition,où,where,,,,adverb,,none,172
tricolore-1-5th-edition,pain,bread,le,,,noun,,food,172
tricolore-1-5th-edition,paire de ...,a pair of ...,une,,,noun,,shopping,172
tricolore-1-5th-edition,panier,basket,un,,,noun,,shopping,172
tricolore-1-5th-edition,pantalon,pair of trousers,un,,,noun,,shopping,172
tricolore-1-5th-edition,papa,dad,,,,noun,,family,172
tricolore-1-5th-edition,paquet,"a parcel, packet",un,,,noun,,shopping,172
tricolore-1-5th-edition,par,by,,,,preposition,,none,172
tricolore-1-5th-edition,parapluie,umbrella,un,,,noun,,shopping,172
tricolore-1-5th-edition,parasol,sunshade,un,,,noun,,vacation,172
tricolore-1-5th-edition,paravent,"draught screen, windbreak",un,,,noun,,vacation,172
tricolore-1-5th-edition,parc,park,un,,,noun,,city-places,172
tricolore-1-5th-edition,parc d'attractions,theme park,un,,,noun,,vacation,172
tricolore-1-5th-edition,parce que,because,,,,other,,none,172
tricolore-1-5th-edition,pardon,excuse me,,,,other,,communication,172
tricolore-1-5th-edition,pare-brise,windscreen,un,,,noun,,travel,172
tricolore-1-5th-edition,pare-choc,car bumper,un,,,noun,,travel,172
tricolore-1-5th-edition,parents (m pl),parents,les,m pl,m pl,noun,,family,172
tricolore-1-5th-edition,paresseux,lazy,,,,adjective,,none,172
tricolore-1-5th-edition,parfum,"flavour, perfume",un,,,noun,,food,172
tricolore-1-5th-edition,parking,car park,un,,,noun,,city-places,172
tricolore-1-5th-edition,parler,"to talk, to speak",,,,verb,,communication,172
tricolore-1-5th-edition,paroles (f pl),words,les,f pl,f pl,noun,,communication,172
tricolore-1-5th-edition,part,he/she/it leaves (from partir),,,,verb,,travel,172
tricolore-1-5th-edition,partager,to share,,,,verb,,none,172
tricolore-1-5th-edition,partie,a part of,une,,,noun,,none,172
tricolore-1-5th-edition,partir de ... heures,from ... o'clock,,,,phrase,,time-dates,172
tricolore-1-5th-edition,partout,everywhere,,,,adverb,,none,172
tricolore-1-5th-edition,pas,step,un,,,noun,,none,172
tricolore-1-5th-edition,pas,not,,,,other,,none,172
tricolore-1-5th-edition,pas beaucoup,not much,,,,phrase,,none,172
tricolore-1-5th-edition,pas ici,not here,,,,phrase,,none,172
tricolore-1-5th-edition,pas mal,not bad,,,,phrase,,none,172
tricolore-1-5th-edition,passe-temps,hobby,un,,,noun,,hobby,172
tricolore-1-5th-edition,passeport,passport,un,,,noun,,travel,172
tricolore-1-5th-edition,passer,"to spend, to pass",,,,verb,,none,172
tricolore-1-5th-edition,passez un tour,miss a turn,,,,phrase,,hobby,172
tricolore-1-5th-edition,passionné de,fanatic about,,,,phrase,,hobby,172
tricolore-1-5th-edition,passé,of the past,,,,phrase,,time-dates,172
tricolore-1-5th-edition,patin à roulettes,roller skating,le,,,noun,,hobby,172
tricolore-1-5th-edition,patinoire,ice rink,une,,,noun,,city-places,172
tricolore-1-5th-edition,pauvre,poor,,,,adjective,,none,172
tricolore-1-5th-edition,payer,to pay,,,,verb,,shopping,172
tricolore-1-5th-edition,pays,country,un,,,noun,,travel,172
tricolore-1-5th-edition,pays de Galles,Wales,le,,,noun,,travel,172
tricolore-1-5th-edition,peinture,painting,la,,,noun,,hobby,172
tricolore-1-5th-edition,pendant,"during, for",,,,preposition,,none,172
tricolore-1-5th-edition,pense à quelque chose,I am thinking of or about something (from penser),,,,phrase,,none,172
tricolore-1-5th-edition,perdent,they lose (from perdre),,,,verb,,hobby,172
tricolore-1-5th-edition,perdre,to lose,,,,verb,,none,172
tricolore-1-5th-edition,perdu,lost (from perdre),,,,adjective,,none,172
tricolore-1-5th-edition,perroquet,parrot,un,,,noun,,none,172
tricolore-1-5th-edition,Pâques,Easter,,,,noun,,time-dates,172
tricolore-1-5th-edition,pâté,"meat paste, pâté",le,,,noun,,food,172
tricolore-1-5th-edition,père,father,un,,,noun,,family,172
tricolore-1-5th-edition,pêche,peach,une,,,noun,,food,172
tricolore-1-5th-edition,pêche,fishing,la,,,noun,,hobby,172
tricolore-1-5th-edition,un pain au chocolat,bread roll with chocolate inside,,,,noun,,food,172
tricolore-1-5th-edition,à la maison,"at home, home",,,,phrase,,home,172
tricolore-1-5th-edition,à la mode,in fashion,,,,phrase,,shopping,172
tricolore-1-5th-edition,à la montagne,in the mountains,,,,phrase,,vacation,172
tricolore-1-5th-edition,œuf,egg,un,,,noun,,food,172
tricolore-1-5th-edition,œuf à la coque,boiled egg,un,,,noun,,food,172
tricolore-1-5th-edition,au printemps,in spring,,,,phrase,,time-dates,173
tricolore-1-5th-edition,de quelle couleur est-il?,what colour is it (he)?,,,,phrase,,none,173
tricolore-1-5th-edition,j'ai les cheveux raides,I have straight hair,,,,phrase,,none,173
tricolore-1-5th-edition,j'ai les cheveux roux,I have red/ginger hair,,,,phrase,,none,173
tricolore-1-5th-edition,la place principale,main square,,,,noun,,city-places,173
tricolore-1-5th-edition,mercredi prochain,next Wednesday,,,,phrase,,time-dates,173
tricolore-1-5th-edition,perruche,"budgerigar, parakeet",une,,,noun,,none,173
tricolore-1-5th-edition,personnage,character,un,,,noun,,none,173
tricolore-1-5th-edition,petit,small,,,,adjective,,none,173
tricolore-1-5th-edition,petit déjeuner,breakfast,le,,,noun,,food,173
tricolore-1-5th-edition,petit-enfant,grandchild,un,,,noun,,family,173
tricolore-1-5th-edition,petits pois (m pl),peas,les,m pl,m pl,noun,,food,173
tricolore-1-5th-edition,peu,a little,,,,other,,none,173
tricolore-1-5th-edition,peu à peu,gradually,,,,phrase,,none,173
tricolore-1-5th-edition,peuple,"people, population",le,,,noun,,none,173
tricolore-1-5th-edition,peut,you (one) can (from pouvoir),,,,verb,,none,173
tricolore-1-5th-edition,peut-être,perhaps,,,,adverb,,none,173
tricolore-1-5th-edition,peux ... ?,can you ... ? (from pouvoir),,,,phrase,,none,173
tricolore-1-5th-edition,"peux, est-ce que je peux ... ?",can I ... ? (from pouvoir),,,,phrase,,none,173
tricolore-1-5th-edition,photo,photo,une,,,noun,,hobby,173
tricolore-1-5th-edition,photographie,photography,la,,,noun,,hobby,173
tricolore-1-5th-edition,phrase,sentence,une,,,noun,,school,173
tricolore-1-5th-edition,piano,piano,un,,,noun,,hobby,173
tricolore-1-5th-edition,pied,on foot,,,,phrase,,none,173
tricolore-1-5th-edition,ping-pong,table tennis,le,,,noun,,hobby,173
tricolore-1-5th-edition,pique-nique,picnic,un,,,noun,,food,173
tricolore-1-5th-edition,piscine,swimming pool,une,,,noun,,city-places,173
tricolore-1-5th-edition,pittoresque,picturesque,,,,adjective,,none,173
tricolore-1-5th-edition,pizza,pizza,une,,,noun,,food,173
tricolore-1-5th-edition,pièce,"coin, room",une,,,noun,,home,173
tricolore-1-5th-edition,piéton,pedestrian,un,,,noun,,city-places,173
tricolore-1-5th-edition,place,square,une,,,noun,,city-places,173
tricolore-1-5th-edition,place,in the right place,,,,phrase,,none,173
tricolore-1-5th-edition,plage,beach,une,,,noun,,vacation,173
tricolore-1-5th-edition,plan de la ville,street plan,un,,,noun,,city-places,173
tricolore-1-5th-edition,planche à voile,windsurfing,la,,,noun,,hobby,173
tricolore-1-5th-edition,plancher,floor,le,,,noun,,home,173
tricolore-1-5th-edition,plante,plant,une,,,noun,,home,173
tricolore-1-5th-edition,planète,planet,la,,,noun,,none,173
tricolore-1-5th-edition,plat,dish,un,,,noun,,food,173
tricolore-1-5th-edition,plat principal,main course/dish,le,,,noun,,restaurant,173
tricolore-1-5th-edition,plats d'un repas,courses of a meal,les,,,noun,,restaurant,173
tricolore-1-5th-edition,plein air,open-air,,,,phrase,,vacation,173
tricolore-1-5th-edition,pleut,it's raining,,,,verb,,weather,173
tricolore-1-5th-edition,pluie,rain,la,,,noun,,weather,173
tricolore-1-5th-edition,plupart,most,la,,,noun,,none,173
tricolore-1-5th-edition,plus,on top of that,,,,phrase,,none,173
tricolore-1-5th-edition,plus tard,later,,,,adverb,,time-dates,173
tricolore-1-5th-edition,poche,pocket,une,,,noun,,shopping,173
tricolore-1-5th-edition,point,point,un,,,noun,,none,173
tricolore-1-5th-edition,poire,pear,une,,,noun,,food,173
tricolore-1-5th-edition,poisson,fish,un,,,noun,,food,173
tricolore-1-5th-edition,poisson d'avril,April Fool,,,,noun,,time-dates,173
tricolore-1-5th-edition,poivre,pepper,le,,,noun,,food,173
tricolore-1-5th-edition,police,police,la,,,noun,,city-places,173
tricolore-1-5th-edition,poliment,politely,,,,adverb,,none,173
tricolore-1-5th-edition,pomme,apple,une,,,noun,,food,173
tricolore-1-5th-edition,pomme de terre,potato,une,,,noun,,food,173
tricolore-1-5th-edition,pont,bridge,un,,,noun,,city-places,173
tricolore-1-5th-edition,porc,pork,le,,,noun,,food,173
tricolore-1-5th-edition,port,port,un,,,noun,,travel,173
tricolore-1-5th-edition,portable,mobile phone,un,,,noun,,communication,173
tricolore-1-5th-edition,porte,door,une,,,noun,,home,173
tricolore-1-5th-edition,porter,to wear,,,,verb,,shopping,173
tricolore-1-5th-edition,portion de,a portion of,une,,,noun,,food,173
tricolore-1-5th-edition,poser une question,to ask a question,,,,phrase,,school,173
tricolore-1-5th-edition,poste,post office,la,,,noun,,city-places,173
tricolore-1-5th-edition,poste de police,police station,le,,,noun,,city-places,173
tricolore-1-5th-edition,potage,soup,le,,,noun,,food,173
tricolore-1-5th-edition,potage aux légumes,vegetable soup,le,,,noun,,food,173
tricolore-1-5th-edition,poubelle,bin,une,,,noun,,home,173
tricolore-1-5th-edition,poule,hen,une,,,noun,,none,173
tricolore-1-5th-edition,poulet,chicken,le,,,noun,,food,173
tricolore-1-5th-edition,pour,"in order to, for",,,,preposition,,none,173
tricolore-1-5th-edition,pourquoi?,why?,,,,other,,none,173
tricolore-1-5th-edition,premier (f première),first,,,,adjective,,none,173
tricolore-1-5th-edition,prendre,"to take, have (see p.115)",,,,verb,,none,173
tricolore-1-5th-edition,presque,"almost, nearly",,,,adverb,,none,173
tricolore-1-5th-edition,principale,,,,,adjective,,none,173
tricolore-1-5th-edition,printemps,spring,le,,,noun,,time-dates,173
tricolore-1-5th-edition,prix,"price, prize",le,,,noun,,shopping,173
tricolore-1-5th-edition,prochain,next,,,,adjective,,none,173
tricolore-1-5th-edition,professeur (prof),teacher,un,,,noun,,profession,173
tricolore-1-5th-edition,profiter de,to make the most of,,,,verb,,none,173
tricolore-1-5th-edition,projet,plan,un,,,noun,,none,173
tricolore-1-5th-edition,promenade,"walk, excursion",une,,,noun,,vacation,173
tricolore-1-5th-edition,prononcer,to be pronounced,,,,verb,,school,173
tricolore-1-5th-edition,protéger,to protect,,,,verb,,none,173
tricolore-1-5th-edition,provisions (f pl),"provisions, groceries",des,f pl,f pl,noun,,shopping,173
tricolore-1-5th-edition,près de,near,,,,preposition,,none,173
tricolore-1-5th-edition,préférer,to prefer,,,,verb,,none,173
tricolore-1-5th-edition,préféré,favourite,,,,adjective,,none,173
tricolore-1-5th-edition,prénom,"first name, forename",un,,,noun,,personal-info,173
tricolore-1-5th-edition,préparer,to prepare,,,,verb,,food,173
tricolore-1-5th-edition,présent,at present,,,,phrase,,time-dates,173
tricolore-1-5th-edition,prêt,ready,,,,adjective,,none,173
tricolore-1-5th-edition,puis,"then, next",,,,adverb,,none,173
tricolore-1-5th-edition,pull,pullover,un,,,noun,,shopping,173
tricolore-1-5th-edition,puni,punished (from punir),,,,adjective,,none,173
tricolore-1-5th-edition,punir,to punish,,,,verb,,none,173
tricolore-1-5th-edition,puzzle,jigsaw,un,,,noun,,hobby,173
tricolore-1-5th-edition,pyjama,pair of pyjamas,un,,,noun,,shopping,173
tricolore-1-5th-edition,qu'est-ce qu'il y a?,what is there? what is the matter?,,,,phrase,,none,173
tricolore-1-5th-edition,qu'est-ce que c'est?,what is it?,,,,phrase,,none,173
tricolore-1-5th-edition,qu'est-ce que tu fais?,what are you doing?,,,,phrase,,none,173
tricolore-1-5th-edition,qu'est-ce que tu veux/vous voulez?,what do you want?,,,,phrase,,none,173
tricolore-1-5th-edition,qu'est-ce que ça veut dire?,what does that mean?,,,,phrase,,communication,173
tricolore-1-5th-edition,quand,when,,,,adverb,,none,173
tricolore-1-5th-edition,quand même,all the same,,,,phrase,,none,173
tricolore-1-5th-edition,quarante,forty,,,,other,,none,173
tricolore-1-5th-edition,quartier,"district, locality",un,,,noun,,city-places,173
tricolore-1-5th-edition,quatorze,fourteen,,,,other,,none,173
tricolore-1-5th-edition,quatre,four,,,,other,,none,173
tricolore-1-5th-edition,que ... ?,what ... ?,,,,other,,none,173
tricolore-1-5th-edition,"quel (quelle, quels, quelles)",what? which?,,,,other,,none,173
tricolore-1-5th-edition,quel désordre!,what a mess!,,,,phrase,,none,173
tricolore-1-5th-edition,quel parfum?,which flavour?,,,,phrase,,food,173
tricolore-1-5th-edition,quel temps fait-il?,what's the weather like?,,,,phrase,,weather,173
tricolore-1-5th-edition,quel temps!,what terrible weather!,,,,phrase,,weather,173
tricolore-1-5th-edition,quel âge as-tu?,how old are you?,,,,phrase,,personal-info,173
tricolore-1-5th-edition,quelle est la date aujourd'hui?,what's the date today?,,,,phrase,,time-dates,173
tricolore-1-5th-edition,quelle heure est-il?,what time is it?,,,,phrase,,time-dates,173
tricolore-1-5th-edition,quelle journée!,what a day!,,,,phrase,,none,173
tricolore-1-5th-edition,quelque chose,something,,,,other,,none,173
tricolore-1-5th-edition,quelquefois,sometimes,,,,adverb,,none,173
tricolore-1-5th-edition,quelques jours,a few days,,,,phrase,,time-dates,173
tricolore-1-5th-edition,queue,"queue, tail (animal)",la,,,noun,,none,173
tricolore-1-5th-edition,qui,who,,,,other,,none,173
tricolore-1-5th-edition,qui est-ce?,who is it?,,,,phrase,,personal-info,173
tricolore-1-5th-edition,quinze,fifteen,,,,other,,none,173
tricolore-1-5th-edition,quinze jours,fortnight,,,,noun,,time-dates,173
tricolore-1-5th-edition,quitter,to leave,,,,verb,,none,173
tricolore-1-5th-edition,quoi!,what!,,,,other,,none,173
tricolore-1-5th-edition,raconter,"to tell, talk about",,,,verb,,communication,173
tricolore-1-5th-edition,radio,radio,une,,,noun,,communication,173
tricolore-1-5th-edition,raide,straight,,,,adjective,,none,173
tricolore-1-5th-edition,raisin,grape,un,,,noun,,food,173
tricolore-1-5th-edition,rang,row (in class),un,,,noun,,school,173
tricolore-1-5th-edition,ranger des affaires,to tidy up,,,,phrase,,home,173
tricolore-1-5th-edition,rappel,reminder,un,,,noun,,none,173
tricolore-1-5th-edition,raquette de tennis,tennis racket,une,,,noun,,hobby,173
tricolore-1-5th-edition,recette,recipe,une,,,noun,,food,173
tricolore-1-5th-edition,rechercher,to search for,,,,verb,,school,173
tricolore-1-5th-edition,recherches (f pl),research,les,f pl,f pl,noun,,school,173
tricolore-1-5th-edition,reconnaître,to recognise,,,,verb,,none,173
tricolore-1-5th-edition,reculez,go back (from reculer),,,,verb,,none,173
tricolore-1-5th-edition,regarder,"to watch, look at",,,,verb,,hobby,173
tricolore-1-5th-edition,regrette,I'm sorry (from regretter),,,,verb,,none,173
tricolore-1-5th-edition,remplacer,to replace,,,,verb,,none,173
tricolore-1-5th-edition,remplir,"to fill, fill in",,,,verb,,school,173
tricolore-1-5th-edition,rencontrer,to meet,,,,verb,,none,173
tricolore-1-5th-edition,rendez-vous,meeting place,un,,,noun,,none,173
tricolore-1-5th-edition,rentrer,to return,,,,verb,,daily-routine,173
tricolore-1-5th-edition,rentrée,return to school,la,,,noun,,school,173
tricolore-1-5th-edition,repas,meal,un,,,noun,,food,173
tricolore-1-5th-edition,requin,shark,un,,,noun,,none,173
tricolore-1-5th-edition,restaurant,restaurant,un,,,noun,,restaurant,173
tricolore-1-5th-edition,rester (à la maison),to stay (at home),,,,verb,,daily-routine,173
tricolore-1-5th-edition,rester en forme,to stay fit,,,,phrase,,health,173
tricolore-1-5th-edition,retard,late,,,,phrase,,time-dates,173
tricolore-1-5th-edition,retourner,to return,,,,verb,,none,173
tricolore-1-5th-edition,retrouver,to meet up with,,,,verb,,none,173
tricolore-1-5th-edition,revoir,goodbye,,,,phrase,,none,173
tricolore-1-5th-edition,reçu,receipt,un,,,noun,,shopping,173
tricolore-1-5th-edition,reçu,I received (from recevoir),,,,verb,,none,173
tricolore-1-5th-edition,riche,rich,,,,adjective,,none,173
tricolore-1-5th-edition,rien,"it's nothing, think nothing of it",,,,other,,none,173
tricolore-1-5th-edition,rien de spécial,nothing much,,,,phrase,,none,173
tricolore-1-5th-edition,rigolo,funny,,,,adjective,,none,173
tricolore-1-5th-edition,rire,to laugh,,,,verb,,none,173
tricolore-1-5th-edition,rit,we laugh (from rire),,,,verb,,none,173
tricolore-1-5th-edition,riz,rice,le,,,noun,,food,173
tricolore-1-5th-edition,robe,dress,une,,,noun,,shopping,173
tricolore-1-5th-edition,rocher,rock,un,,,noun,,none,173
tricolore-1-5th-edition,roi,king,un,,,noun,,none,173
tricolore-1-5th-edition,roller,roller skating,le,,,noun,,hobby,173
tricolore-1-5th-edition,rond(e),round,,,,adjective,,none,173
tricolore-1-5th-edition,rose,pink,,,,adjective,,none,173
tricolore-1-5th-edition,rouge,red,,,,adjective,,none,173
tricolore-1-5th-edition,route,road,une,,,noun,,travel,173
tricolore-1-5th-edition,roux,red/ginger,,,,adjective,,none,173
tricolore-1-5th-edition,rue,street,une,,,noun,,city-places,173
tricolore-1-5th-edition,rugby,rugby,le,,,noun,,hobby,173
tricolore-1-5th-edition,râpé(e)(s),grated,,,,adjective,,food,173
tricolore-1-5th-edition,règle,"ruler, rule",une,,,noun,,school,173
tricolore-1-5th-edition,récolte,harvest,une,,,noun,,none,173
tricolore-1-5th-edition,récréation,break,la,,,noun,,school,173
tricolore-1-5th-edition,répondre,to reply,,,,verb,,school,173
tricolore-1-5th-edition,réponse,"reply, answer",une,,,noun,,school,173
tricolore-1-5th-edition,répéter,to repeat,,,,verb,,school,173
tricolore-1-5th-edition,résultats (m pl),results,les,m pl,m pl,noun,,school,173
tricolore-1-5th-edition,résumé,summary,un,,,noun,,school,173
tricolore-1-5th-edition,rôti,roast,,,,adjective,,food,173
tricolore-1-5th-edition,s'accrocher,to hook on,,,,verb,,none,173
tricolore-1-5th-edition,s'il te plaît/s'il vous plaît,please,,,,phrase,,communication,173
tricolore-1-5th-edition,sa,"his, her, its (see p.103)",,,,adjective,,none,173
tricolore-1-5th-edition,sac,bag,un,,,noun,,shopping,173
tricolore-1-5th-edition,sage,good,,,,adjective,,none,173
tricolore-1-5th-edition,sainement,healthy,,,,adverb,,health,173
tricolore-1-5th-edition,Saint-Sylvestre,New Year's Eve,la,,,noun,,time-dates,173
tricolore-1-5th-edition,sais pas,I don't know (from savoir),,,,verb,,none,173
tricolore-1-5th-edition,saison,season,une,,,noun,,time-dates,173
tricolore-1-5th-edition,salade (verte),"lettuce, (green) salad",une,,,noun,,food,173
tricolore-1-5th-edition,salle de bains,bathroom,une,,,noun,,home,173
tricolore-1-5th-edition,salle de classe,classroom,une,,,noun,,school,173
tricolore-1-5th-edition,salle de séjour,living room,une,,,noun,,home,173
tricolore-1-5th-edition,salle à manger,dining room,une,,,noun,,home,173
tricolore-1-5th-edition,salon,"lounge, sitting room",un,,,noun,,home,173
tricolore-1-5th-edition,salut!,"hello, hi",,,,other,,communication,173
tricolore-1-5th-edition,salutation,greeting,une,,,noun,,communication,173
tricolore-1-5th-edition,samedi,(on) Saturday(s),(le),,,noun,,time-dates,173
tricolore-1-5th-edition,sandales (f pl),sandals,les,f pl,f pl,noun,,shopping,173
tricolore-1-5th-edition,sandwich,sandwich,un,,,noun,,food,173
tricolore-1-5th-edition,sans,without,,,,preposition,,none,173
tricolore-1-5th-edition,santé,health,la,,,noun,,health,173
tricolore-1-5th-edition,sardine,sardine,une,,,noun,,food,173
tricolore-1-5th-edition,saucisson,continental spicy sausage,un,,,noun,,food,173
tricolore-1-5th-edition,sauf,except,,,,preposition,,none,173
tricolore-1-5th-edition,sauter,to jump,,,,verb,,hobby,173
tricolore-1-5th-edition,savoir,to know,,,,verb,,none,173
tricolore-1-5th-edition,saxophone,saxophone,un,,,noun,,hobby,173
tricolore-1-5th-edition,sciences (f pl),science,les,f pl,f pl,noun,,school,173
tricolore-1-5th-edition,scolaire,to do with school,,,,adjective,,school,173
tricolore-1-5th-edition,se connecter,to go online,,,,verb,,communication,173
tricolore-1-5th-edition,seize,sixteen,,,,other,,none,173
tricolore-1-5th-edition,sel,salt,le,,,noun,,food,173
tricolore-1-5th-edition,semaine,week,une,,,noun,,time-dates,173
tricolore-1-5th-edition,sept,seven,,,,other,,none,173
tricolore-1-5th-edition,septembre,September,,,,noun,,time-dates,173
tricolore-1-5th-edition,serpent,snake,un,,,noun,,none,173
tricolore-1-5th-edition,sers-toi!,help yourself,,,,verb,,food,173
tricolore-1-5th-edition,ses,"his, her, its (see p.103)",,,,adjective,,none,173
tricolore-1-5th-edition,seul,alone,,,,adjective,,none,173
tricolore-1-5th-edition,seulement,only,,,,adverb,,none,173
tricolore-1-5th-edition,short,pair of shorts,un,,,noun,,shopping,173
tricolore-1-5th-edition,si,"if, yes",,,,other,,none,173
tricolore-1-5th-edition,simple,easy,,,,adjective,,none,173
tricolore-1-5th-edition,sinon,otherwise,,,,other,,none,173
tricolore-1-5th-edition,situé,situated,,,,adjective,,none,173
tricolore-1-5th-edition,six,six,,,,other,,none,173
tricolore-1-5th-edition,siècle,century,un,,,noun,,time-dates,173
tricolore-1-5th-edition,skate,skateboard,un,,,noun,,hobby,173
tricolore-1-5th-edition,SVT (Sciences de la Vie et de la Terre),natural sciences,,,,noun,,school,173
tricolore-1-5th-edition,séparer,to separate,,,,verb,,none,173
tricolore-1-5th-edition,sévère,strict,,,,adjective,,none,173
tricolore-1-5th-edition,tout seul,all alone,,,,phrase,,none,173
tricolore-1-5th-edition,un poisson rouge,goldfish,,,,noun,,none,173
tricolore-1-5th-edition,un sac à dos,backpack,,,,noun,,travel,173
tricolore-1-5th-edition,une pomme d'amour,toffee apple,,,,noun,,food,173
tricolore-1-5th-edition,avoir le temps,to have time,,,,phrase,,time-dates,174
tricolore-1-5th-edition,c'est tout,that's all,,,,phrase,,none,174
tricolore-1-5th-edition,du vin rouge/blanc,red/white wine,,,,phrase,,food,174
tricolore-1-5th-edition,en tout,in all,,,,phrase,,none,174
tricolore-1-5th-edition,en ville,in (to) the town centre,,,,phrase,,city-places,174
tricolore-1-5th-edition,faire du théâtre,to do drama,,,,phrase,,hobby,174
tricolore-1-5th-edition,faire les valises,to pack,,,,phrase,,travel,174
tricolore-1-5th-edition,il y a du soleil,it's sunny,,,,phrase,,weather,174
tricolore-1-5th-edition,il y a du vent,it's windy,,,,phrase,,weather,174
tricolore-1-5th-edition,je veux bien,I'd like to,,,,phrase,,none,174
tricolore-1-5th-edition,le tennis de table,table tennis,,,,noun,,hobby,174
tricolore-1-5th-edition,les grandes vacances (f pl),summer holidays,,f pl,f pl,noun,,vacation,174
tricolore-1-5th-edition,pas trop,not too much,,,,phrase,,none,174
tricolore-1-5th-edition,quel temps fait-il?,what's the weather like?,,,,phrase,,weather,174
tricolore-1-5th-edition,ski (nautique),(water) skiing,le,,,noun,,hobby,174
tricolore-1-5th-edition,snack,snack (bar),un,,,noun,,food,174
tricolore-1-5th-edition,sofa,"sofa, settee",un,,,noun,,home,174
tricolore-1-5th-edition,soir,(in the) evening(s),le,,,noun,,time-dates,174
tricolore-1-5th-edition,soixante,sixty,,,,other,,none,174
tricolore-1-5th-edition,soixante-dix,seventy,,,,other,,none,174
tricolore-1-5th-edition,soleil,sun,le,,,noun,,weather,174
tricolore-1-5th-edition,sommaire,summary,un,,,noun,,school,174
tricolore-1-5th-edition,sommes,we are (from être see p.49),,,,verb,,none,174
tricolore-1-5th-edition,son,sound,un,,,noun,,none,174
tricolore-1-5th-edition,son,"his, her, its (see p.103)",,,,adjective,,none,174
tricolore-1-5th-edition,sondage,"survey, opinion poll",un,,,noun,,school,174
tricolore-1-5th-edition,sonner,to ring,,,,verb,,communication,174
tricolore-1-5th-edition,sont,they are (from être see p.49),,,,verb,,none,174
tricolore-1-5th-edition,sort,she goes out (from sortir),,,,verb,,none,174
tricolore-1-5th-edition,sortir,to go out,,,,verb,,none,174
tricolore-1-5th-edition,soudain,suddenly,,,,adverb,,none,174
tricolore-1-5th-edition,souligner,to underline,,,,verb,,school,174
tricolore-1-5th-edition,souligné,underlined,,,,adjective,,school,174
tricolore-1-5th-edition,souper,supper,le,,,noun,,food,174
tricolore-1-5th-edition,souris,mouse,une,,,noun,,communication,174
tricolore-1-5th-edition,sous,under,,,,preposition,,none,174
tricolore-1-5th-edition,souvent,often,,,,adverb,,none,174
tricolore-1-5th-edition,spectacle,show,un,,,noun,,hobby,174
tricolore-1-5th-edition,sport,sport,le,,,noun,,hobby,174
tricolore-1-5th-edition,sportif (f sportive),fond of sports,,,,adjective,,hobby,174
tricolore-1-5th-edition,sports d'hiver (m pl),winter sports,les,m pl,m pl,noun,,hobby,174
tricolore-1-5th-edition,stade,stadium,un,,,noun,,city-places,174
tricolore-1-5th-edition,stage,course,un,,,noun,,school,174
tricolore-1-5th-edition,station (de radio),(radio) station,une,,,noun,,communication,174
tricolore-1-5th-edition,station d'accueil MP3,MP3 dock,une,,,noun,,communication,174
tricolore-1-5th-edition,strophe,verse,une,,,noun,,school,174
tricolore-1-5th-edition,stylo,pen,un,,,noun,,school,174
tricolore-1-5th-edition,sucre,sugar,le,,,noun,,food,174
tricolore-1-5th-edition,sucreries (f pl),sweet things,des,f pl,f pl,noun,,food,174
tricolore-1-5th-edition,sud,south,le,,,noun,,travel,174
tricolore-1-5th-edition,suis,I am (from être see p.49),,,,verb,,none,174
tricolore-1-5th-edition,Suisse,Switzerland,la,,,noun,,travel,174
tricolore-1-5th-edition,suit,(it) follows (from suivre),,,,verb,,none,174
tricolore-1-5th-edition,suivant,following,,,,adjective,,none,174
tricolore-1-5th-edition,super,great,,,,adjective,,none,174
tricolore-1-5th-edition,supermarché,supermarket,un,,,noun,,shopping,174
tricolore-1-5th-edition,sur,on,,,,preposition,,none,174
tricolore-1-5th-edition,surfer (sur le Net),to surf (the Net),,,,verb,,communication,174
tricolore-1-5th-edition,surligneur,highlighter,un,,,noun,,school,174
tricolore-1-5th-edition,surnom,nickname,un,,,noun,,personal-info,174
tricolore-1-5th-edition,surprise-partie,party,une,,,noun,,hobby,174
tricolore-1-5th-edition,surtout,especially,,,,adverb,,none,174
tricolore-1-5th-edition,sweat,sweatshirt,un,,,noun,,shopping,174
tricolore-1-5th-edition,sympa,"nice, good",,,,adjective,,none,174
tricolore-1-5th-edition,sympathique,nice,,,,adjective,,none,174
tricolore-1-5th-edition,synagogue,synagogue,une,,,noun,,city-places,174
tricolore-1-5th-edition,Syndicat d'Initiative,tourist office,un,,,noun,,travel,174
tricolore-1-5th-edition,sœur,sister,une,,,noun,,family,174
tricolore-1-5th-edition,ta,your (see p.22),,,,adjective,,none,174
tricolore-1-5th-edition,table,table,une,,,noun,,home,174
tricolore-1-5th-edition,tableau,"board, picture, table in a book",un,,,noun,,school,174
tricolore-1-5th-edition,tableau interactif,interactive whiteboard,un,,,noun,,school,174
tricolore-1-5th-edition,tablette,tablet computer,une,,,noun,,communication,174
tricolore-1-5th-edition,taille-crayon,pencil sharpener,un,,,noun,,school,174
tricolore-1-5th-edition,tais-toi!/taisez-vous!,be quiet!,,,,verb,,communication,174
tricolore-1-5th-edition,tante,aunt,une,,,noun,,family,174
tricolore-1-5th-edition,tapis d'ordinateur,mouse mat,un,,,noun,,communication,174
tricolore-1-5th-edition,tarentule,tarantula spider,une,,,noun,,none,174
tricolore-1-5th-edition,tarte,tart,une,,,noun,,food,174
tricolore-1-5th-edition,tarte aux pommes,apple tart,une,,,noun,,food,174
tricolore-1-5th-edition,tartine,piece of bread and butter and/or jam,une,,,noun,,food,174
tricolore-1-5th-edition,taxi,taxi,un,,,noun,,travel,174
tricolore-1-5th-edition,technologie,technology,la,,,noun,,school,174
tricolore-1-5th-edition,tee-shirt,T-shirt,un,,,noun,,shopping,174
tricolore-1-5th-edition,temple,temple,un,,,noun,,city-places,174
tricolore-1-5th-edition,temps,"weather, time",le,,,noun,,weather,174
tricolore-1-5th-edition,tennis,tennis,le,,,noun,,hobby,174
tricolore-1-5th-edition,tennis (f pl),tennis shoes,les,f pl,f pl,noun,,shopping,174
tricolore-1-5th-edition,tente,tent,une,,,noun,,vacation,174
tricolore-1-5th-edition,terminer,to end,,,,verb,,school,174
tricolore-1-5th-edition,terrain de football,football pitch,un,,,noun,,hobby,174
tricolore-1-5th-edition,tes,your (see p.22),,,,adjective,,none,174
tricolore-1-5th-edition,texto,text message,un,,,noun,,communication,174
tricolore-1-5th-edition,thé,tea,le,,,noun,,food,174
tricolore-1-5th-edition,théâtre,theatre,un,,,noun,,hobby,174
tricolore-1-5th-edition,tiens!,"hey, look!",,,,other,,communication,174
tricolore-1-5th-edition,tigré,tabby (cat),,,,adjective,,none,174
tricolore-1-5th-edition,timbre,stamp,un,,,noun,,communication,174
tricolore-1-5th-edition,titre,"title, heading",un,,,noun,,school,174
tricolore-1-5th-edition,toast,toast,le,,,noun,,food,174
tricolore-1-5th-edition,toboggan,flume (in pool),un,,,noun,,vacation,174
tricolore-1-5th-edition,toi,you,,,,other,,none,174
tricolore-1-5th-edition,toilettes (f pl),toilets,les,f pl,f pl,noun,,home,174
tricolore-1-5th-edition,toit,roof,un,,,noun,,home,174
tricolore-1-5th-edition,tomate,tomato,une,,,noun,,food,174
tricolore-1-5th-edition,tombe,(it) falls (from tomber),,,,verb,,none,174
tricolore-1-5th-edition,tombola,"tombola, raffle",une,,,noun,,hobby,174
tricolore-1-5th-edition,ton,your (see p.22),,,,adjective,,none,174
tricolore-1-5th-edition,toujours,"still, always",,,,adverb,,none,174
tricolore-1-5th-edition,tour,tower,une,,,noun,,city-places,174
tricolore-1-5th-edition,tour,turn (in game),un,,,noun,,hobby,174
tricolore-1-5th-edition,tournez,turn (from tourner),,,,verb,,travel,174
tricolore-1-5th-edition,tous,all,,,,other,,none,174
tricolore-1-5th-edition,tous les jours,every day,,,,phrase,,time-dates,174
tricolore-1-5th-edition,Toussaint,"All Saints' Day, autumn half-term holiday",la,,,noun,,time-dates,174
tricolore-1-5th-edition,tout,everything,,,,other,,none,174
tricolore-1-5th-edition,tout de suite,"straight away, immediately",,,,phrase,,none,174
tricolore-1-5th-edition,tout droit,straight ahead,,,,phrase,,travel,174
tricolore-1-5th-edition,tout le monde,everyone,,,,other,,none,174
tricolore-1-5th-edition,tout le temps,all the time,,,,phrase,,none,174
tricolore-1-5th-edition,tout près,very near,,,,phrase,,none,174
tricolore-1-5th-edition,traduit,translated (from traduire),,,,adjective,,school,174
tricolore-1-5th-edition,train,train,un,,,noun,,travel,174
tricolore-1-5th-edition,travail!,down to work!,,,,phrase,,profession,174
tricolore-1-5th-edition,travailler,to work,,,,verb,,profession,174
tricolore-1-5th-edition,traverser,to cross,,,,verb,,travel,174
tricolore-1-5th-edition,treize,thirteen,,,,other,,none,174
tricolore-1-5th-edition,trente,thirty,,,,other,,none,174
tricolore-1-5th-edition,tricot,jumper (or anything knitted),un,,,noun,,hobby,174
tricolore-1-5th-edition,trois,three,,,,other,,none,174
tricolore-1-5th-edition,troisième,third,,,,other,,none,174
tricolore-1-5th-edition,trombone,"trombone, paperclip",une,,,noun,,school,174
tricolore-1-5th-edition,trompette,trumpet,une,,,noun,,hobby,174
tricolore-1-5th-edition,trop ...,too ...,,,,adverb,,none,174
tricolore-1-5th-edition,trousse,pencil case,une,,,noun,,school,174
tricolore-1-5th-edition,trouver,to find,,,,verb,,none,174
tricolore-1-5th-edition,très,very,,,,adverb,,none,174
tricolore-1-5th-edition,tu,"you (singular, informal) (see p.22)",,,,other,,none,174
tricolore-1-5th-edition,typique,typical,,,,adjective,,none,174
tricolore-1-5th-edition,télé,on TV,,,,phrase,,communication,174
tricolore-1-5th-edition,téléphoner,to telephone,,,,verb,,communication,174
tricolore-1-5th-edition,télévision (la télé),television (TV),la,,,noun,,communication,174
tricolore-1-5th-edition,tête,head,la,,,noun,,health,174
tricolore-1-5th-edition,un (f une),"a, one",,,,other,,none,174
tricolore-1-5th-edition,un thé au citron,lemon tea,,,,noun,,food,174
tricolore-1-5th-edition,uniforme,uniform,un,,,noun,,school,174
tricolore-1-5th-edition,unique,only,,,,adjective,,none,174
tricolore-1-5th-edition,univers (m),universe,l',m,,noun,,none,174
tricolore-1-5th-edition,use,that wears out (of shoes) (from user),,,,verb,,none,174
tricolore-1-5th-edition,utile,useful,,,,adjective,,none,174
tricolore-1-5th-edition,va,he/she/it goes (from aller see p.88),,,,verb,,none,174
tricolore-1-5th-edition,vacances,on holiday,,,,phrase,,vacation,174
tricolore-1-5th-edition,vais,I go (from aller see p.88),,,,verb,,none,174
tricolore-1-5th-edition,valise,suitcase,une,,,noun,,travel,174
tricolore-1-5th-edition,vanille,vanilla flavoured,,,,phrase,,food,174
tricolore-1-5th-edition,vend,they're selling (from vendre),,,,verb,,shopping,174
tricolore-1-5th-edition,vendeur (une vendeuse),shop assistant,un,,,noun,,profession,174
tricolore-1-5th-edition,vendre,to sell,,,,verb,,shopping,174
tricolore-1-5th-edition,vendredi,(on) Friday(s),(le),,,noun,,time-dates,174
tricolore-1-5th-edition,venez voir,come and see,,,,phrase,,none,174
tricolore-1-5th-edition,venir,to come,,,,verb,,none,174
tricolore-1-5th-edition,vent,wind,le,,,noun,,weather,174
tricolore-1-5th-edition,verre,glass,un,,,noun,,food,174
tricolore-1-5th-edition,vert,green,,,,adjective,,none,174
tricolore-1-5th-edition,verticalement,down,,,,adverb,,school,174
tricolore-1-5th-edition,veste,jacket,une,,,noun,,shopping,174
tricolore-1-5th-edition,veut ... ?,who wants ... ? (from vouloir),,,,verb,,none,174
tricolore-1-5th-edition,veux,I want (from vouloir),,,,verb,,none,174
tricolore-1-5th-edition,veux ... ?,do you want ... ? (from vouloir),,,,verb,,none,174
tricolore-1-5th-edition,viande,meat,la,,,noun,,food,174
tricolore-1-5th-edition,vidéo,video,une,,,noun,,hobby,174
tricolore-1-5th-edition,viens,come here (from venir),,,,verb,,none,174
tricolore-1-5th-edition,vieux (f vieille),old,,,,adjective,,none,174
tricolore-1-5th-edition,village,village,un,,,noun,,city-places,174
tricolore-1-5th-edition,ville,town,une,,,noun,,city-places,174
tricolore-1-5th-edition,vin,wine,le,,,noun,,food,174
tricolore-1-5th-edition,vinaigre,vinegar,le,,,noun,,food,174
tricolore-1-5th-edition,vingt,twenty,,,,other,,none,174
tricolore-1-5th-edition,violon,violin,un,,,noun,,hobby,174
tricolore-1-5th-edition,violoncelle,cello,un,,,noun,,hobby,174
tricolore-1-5th-edition,visite guidée,guided tour,une,,,noun,,travel,174
tricolore-1-5th-edition,visiter,to visit,,,,verb,,travel,174
tricolore-1-5th-edition,vite,quickly,,,,adverb,,none,174
tricolore-1-5th-edition,vitesse,speed,la,,,noun,,travel,174
tricolore-1-5th-edition,vive les vacances!,long live the holidays!,,,,phrase,,vacation,174
tricolore-1-5th-edition,voici,"here is, here are",,,,other,,none,174
tricolore-1-5th-edition,voile,sailing,la,,,noun,,hobby,174
tricolore-1-5th-edition,voilà,"there is, there are",,,,other,,none,174
tricolore-1-5th-edition,voir,to see,,,,verb,,none,174
tricolore-1-5th-edition,voiture,car,une,,,noun,,travel,174
tricolore-1-5th-edition,voix,"voice, vote",une,,,noun,,none,174
tricolore-1-5th-edition,voler,"to fly, to steal",,,,verb,,none,174
tricolore-1-5th-edition,volley,volleyball,le,,,noun,,hobby,174
tricolore-1-5th-edition,vont,they go (from aller see p.88),,,,verb,,none,174
tricolore-1-5th-edition,vote,vote,une,,,noun,,none,174
tricolore-1-5th-edition,votre (pl vos),your (see p.104),,,pl vos,adjective,,none,174
tricolore-1-5th-edition,voudrais,I'd like,,,,verb,,none,174
tricolore-1-5th-edition,vous,you (plural; singular polite form),,,,other,,none,174
tricolore-1-5th-edition,voyage,journey,un,,,noun,,travel,174
tricolore-1-5th-edition,voyager,to travel,,,,verb,,travel,174
tricolore-1-5th-edition,voyelle,vowel,une,,,noun,,school,174
tricolore-1-5th-edition,voyons,let's see (from voir),,,,verb,,none,174
tricolore-1-5th-edition,vrai,true,,,,adjective,,none,174
tricolore-1-5th-edition,vraiment,really,,,,adverb,,none,174
tricolore-1-5th-edition,vue,view,une,,,noun,,none,174
tricolore-1-5th-edition,végétarien(ne),vegetarian,,,,adjective,,food,174
tricolore-1-5th-edition,vélo,bicycle,un,,,noun,,hobby,174
tricolore-1-5th-edition,vélo tout terrain (VTT),mountain bike (biking),le,,,noun,,hobby,174
tricolore-1-5th-edition,vérifier,to check,,,,verb,,none,174
tricolore-1-5th-edition,vêtements (m pl),clothes,les,m pl,m pl,noun,,shopping,174
tricolore-1-5th-edition,weekend,(at the) weekend,le,,,noun,,time-dates,174
tricolore-1-5th-edition,y,there,,,,other,,none,174
tricolore-1-5th-edition,yaourt,yoghurt,un,,,noun,,food,174
tricolore-1-5th-edition,yeux (m pl),eyes,les,m pl,m pl,noun,,health,174
tricolore-1-5th-edition,zoo,zoo,un,,,noun,,vacation,174
tricolore-1-5th-edition,zéro,zero,,,,other,,none,174
tricolore-1-5th-edition,à tout à l'heure,see you later,,,,phrase,,communication,174
tricolore-1-5th-edition,ça va?,how are you?,,,,phrase,,communication,174
tricolore-1-5th-edition,(auto)bus,bus,un,,,noun,,travel,175
tricolore-1-5th-edition,(les cheveux) frisé(s),curly (hair),,,,adjective,,personal-info,175
tricolore-1-5th-edition,(les cheveux) roux,ginger (hair),,,,adjective,,personal-info,175
tricolore-1-5th-edition,abricot,apricot,un,,,noun,,food,175
tricolore-1-5th-edition,adorer,to adore,,,,verb,,none,175
tricolore-1-5th-edition,affreux/affreuse,awful,,,,adjective,,none,175
tricolore-1-5th-edition,Allemagne (f),Germany,l',f,,noun,,travel,175
tricolore-1-5th-edition,allemand,German,,,,adjective,,school,175
tricolore-1-5th-edition,aller,to go,,,,verb,,none,175
tricolore-1-5th-edition,aller à la pêche,to go fishing,,,,phrase,,hobby,175
tricolore-1-5th-edition,ami(e),friend,un(e),,,noun,,none,175
tricolore-1-5th-edition,Amitiés,best wishes (at end of letter),,,,phrase,,communication,175
tricolore-1-5th-edition,amusant,"amusing, enjoyable, fun",,,,adjective,,none,175
tricolore-1-5th-edition,anglais,English,,,,adjective,,school,175
tricolore-1-5th-edition,Angleterre (f),England,l',f,,noun,,travel,175
tricolore-1-5th-edition,animal,animal,un,,des animaux,noun,,none,175
tricolore-1-5th-edition,anniversaire,birthday,un,,,noun,,family,175
tricolore-1-5th-edition,août,August,,,,noun,,time-dates,175
tricolore-1-5th-edition,appareil (photo),camera,un,,,noun,,hobby,175
tricolore-1-5th-edition,appartement,flat,un,,,noun,,home,175
tricolore-1-5th-edition,appelle,I am called,je m',,,verb,,personal-info,175
tricolore-1-5th-edition,après,after,,,,preposition,,time-dates,175
tricolore-1-5th-edition,après-midi (m),afternoon,l',m,,noun,,time-dates,175
tricolore-1-5th-edition,aquarium,aquarium,un,,,noun,,city-places,175
tricolore-1-5th-edition,arriver,to arrive,,,,verb,,travel,175
tricolore-1-5th-edition,assez,enough,,,,adverb,,none,175
tricolore-1-5th-edition,athlétisme (m),athletics,l',m,,noun,,hobby,175
tricolore-1-5th-edition,attention!,careful!,,,,phrase,,none,175
tricolore-1-5th-edition,au revoir,goodbye,,,,phrase,,communication,175
tricolore-1-5th-edition,aussi,also,,,,adverb,,none,175
tricolore-1-5th-edition,automne (m),autumn,l',m,,noun,,weather,175
tricolore-1-5th-edition,avant (de),before,,,,preposition,,time-dates,175
tricolore-1-5th-edition,avril,April,,,,noun,,time-dates,175
tricolore-1-5th-edition,badminton,badminton,le,,,noun,,hobby,175
tricolore-1-5th-edition,balle,ball (tennis),une,,,noun,,hobby,175
tricolore-1-5th-edition,ballon,"ball (football, large ball)",un,,,noun,,hobby,175
tricolore-1-5th-edition,banane,banana,une,,,noun,,food,175
tricolore-1-5th-edition,bande dessinée,cartoon strip,une,,,noun,,hobby,175
tricolore-1-5th-edition,bande dessinée (BD),comic strip,une,,,noun,,hobby,175
tricolore-1-5th-edition,basket,basketball,le,,,noun,,hobby,175
tricolore-1-5th-edition,bateau,boat,un,,,noun,,travel,175
tricolore-1-5th-edition,batterie,drums,la,,,noun,,hobby,175
tricolore-1-5th-edition,"beau (belle, beaux, belles)",beautiful,,,,adjective,,none,175
tricolore-1-5th-edition,Belgique,Belgium,la,,,noun,,travel,175
tricolore-1-5th-edition,beurre,butter,le,,,noun,,food,175
tricolore-1-5th-edition,bic,biro,un,,,noun,,school,175
tricolore-1-5th-edition,bleu,blue,,,,adjective,,none,175
tricolore-1-5th-edition,boire,to drink,,,,verb,,food,175
tricolore-1-5th-edition,boisson,drink,une,,,noun,,food,175
tricolore-1-5th-edition,bon anniversaire!,happy birthday!,,,,phrase,,family,175
tricolore-1-5th-edition,bon/bonne,good,,,,adjective,,none,175
tricolore-1-5th-edition,bouteille,bottle,une,,,noun,,none,175
tricolore-1-5th-edition,bowling,bowling alley,un,,,noun,,hobby,175
tricolore-1-5th-edition,boîte,box,une,,,noun,,none,175
tricolore-1-5th-edition,britannique,British,,,,adjective,,none,175
tricolore-1-5th-edition,brochure,brochure,une,,,noun,,travel,175
tricolore-1-5th-edition,brocolis (m pl),broccoli,les,m pl,,noun,,food,175
tricolore-1-5th-edition,bâtiment,building,un,,,noun,,city-places,175
tricolore-1-5th-edition,café,café,un,,,noun,,restaurant,175
tricolore-1-5th-edition,café,coffee,le,,,noun,,food,175
tricolore-1-5th-edition,cahier,exercise book,un,,,noun,,school,175
tricolore-1-5th-edition,calculatrice,calculator,une,,,noun,,school,175
tricolore-1-5th-edition,camping,campsite,un,,,noun,,vacation,175
tricolore-1-5th-edition,cantine,canteen,la,,,noun,,school,175
tricolore-1-5th-edition,carotte,carrot,une,,,noun,,food,175
tricolore-1-5th-edition,carte,card,une,,,noun,,hobby,175
tricolore-1-5th-edition,carte cadeau,gift card,une,,,noun,,shopping,175
tricolore-1-5th-edition,casquette,baseball cap,une,,,noun,,shopping,175
tricolore-1-5th-edition,cathédrale,cathedral,une,,,noun,,vacation,175
tricolore-1-5th-edition,centre,centre,le,,,noun,,city-places,175
tricolore-1-5th-edition,chaise,chair,une,,,noun,,home,175
tricolore-1-5th-edition,chambre,bedroom,une,,,noun,,home,175
tricolore-1-5th-edition,"chat, chatte",cat,"un, une",,,noun,,none,175
tricolore-1-5th-edition,chemisier,blouse,un,,,noun,,shopping,175
tricolore-1-5th-edition,cher/chère,dear,,,,adjective,,communication,175
tricolore-1-5th-edition,chien,dog,un,,,noun,,none,175
tricolore-1-5th-edition,chocolat,chocolate,le,,,noun,,food,175
tricolore-1-5th-edition,chou,cabbage,le,,,noun,,food,175
tricolore-1-5th-edition,chou-fleur,cauliflower,le,,,noun,,food,175
tricolore-1-5th-edition,châtain,chestnut brown,,,,adjective,,none,175
tricolore-1-5th-edition,château,castle,un,,,noun,,vacation,175
tricolore-1-5th-edition,cinéma,cinema,un,,,noun,,city-places,175
tricolore-1-5th-edition,clarinette,clarinet,une,,,noun,,hobby,175
tricolore-1-5th-edition,classe,class,la,,,noun,,school,175
tricolore-1-5th-edition,classeur,(ring binder),un,,,noun,,school,175
tricolore-1-5th-edition,cliquer,to click,,,,verb,,communication,175
tricolore-1-5th-edition,Coca,cola,un,,,noun,,food,175
tricolore-1-5th-edition,cochon d'Inde,guinea pig,un,,,noun,,none,175
tricolore-1-5th-edition,coin,corner,le,,,noun,,city-places,175
tricolore-1-5th-edition,comme,as,,,,other,,none,175
tricolore-1-5th-edition,commencer,to begin,,,,verb,,none,175
tricolore-1-5th-edition,compter,to count,,,,verb,,school,175
tricolore-1-5th-edition,concert,concert,un,,,noun,,hobby,175
tricolore-1-5th-edition,console de jeux,games console,une,,,noun,,hobby,175
tricolore-1-5th-edition,copain/copine,friend,un/une,,,noun,,none,175
tricolore-1-5th-edition,couleur,colour,une,,,noun,,none,175
tricolore-1-5th-edition,cousin(e),cousin,un(e),,,noun,,family,175
tricolore-1-5th-edition,cricket,cricket,le,,,noun,,hobby,175
tricolore-1-5th-edition,curseur,cursor,le,,,noun,,communication,175
tricolore-1-5th-edition,cyclisme,cycling,le,,,noun,,hobby,175
tricolore-1-5th-edition,céréales (f pl),cereal,des,f pl,,noun,,food,175
tricolore-1-5th-edition,d'abord,first of all,,,,adverb,,none,175
tricolore-1-5th-edition,d'accord,agreed,,,,phrase,,communication,175
tricolore-1-5th-edition,danser,to dance,,,,verb,,hobby,175
tricolore-1-5th-edition,date,date,la,,,noun,,time-dates,175
tricolore-1-5th-edition,demander,to ask,,,,verb,,none,175
tricolore-1-5th-edition,demi,half,,,,adjective,,time-dates,175
tricolore-1-5th-edition,demi-frère,half brother,un,,,noun,,family,175
tricolore-1-5th-edition,derrière,behind,,,,preposition,,none,175
tricolore-1-5th-edition,dessin,"art, drawing",le,,,noun,,school,175
tricolore-1-5th-edition,dessin animé,cartoon,un,,,noun,,hobby,175
tricolore-1-5th-edition,dessiner,to draw,,,,verb,,hobby,175
tricolore-1-5th-edition,devant,in front of,,,,preposition,,none,175
tricolore-1-5th-edition,deviner,to guess,,,,verb,,school,175
tricolore-1-5th-edition,dictionnaire,dictionary,un,,,noun,,school,175
tricolore-1-5th-edition,difficile,difficult,,,,adjective,,none,175
tricolore-1-5th-edition,discothèque,disco,une,,,noun,,hobby,175
tricolore-1-5th-edition,discuter,to chat,,,,verb,,communication,175
tricolore-1-5th-edition,décembre,December,,,,noun,,time-dates,175
tricolore-1-5th-edition,déjà,already,,,,adverb,,none,175
tricolore-1-5th-edition,délicieux,delicious,,,,adjective,,food,175
tricolore-1-5th-edition,dîner,dinner (evening meal),le,,,noun,,food,175
tricolore-1-5th-edition,e-mail,email,un,,,noun,,communication,175
tricolore-1-5th-edition,effacer,to delete,,,,verb,,communication,175
tricolore-1-5th-edition,en automne,in autumn,,,,phrase,,weather,175
tricolore-1-5th-edition,encore,again,,,,adverb,,none,175
tricolore-1-5th-edition,enfant,child,un(e),,,noun,,family,175
tricolore-1-5th-edition,ennuyeux/ennuyeuse,boring,,,,adjective,,none,175
tricolore-1-5th-edition,entre,between,,,,preposition,,none,175
tricolore-1-5th-edition,est,east,l',,,noun,,none,175
tricolore-1-5th-edition,et,and,,,,other,,none,175
tricolore-1-5th-edition,exercice,exercise,un,,,noun,,school,175
tricolore-1-5th-edition,facile,easy,,,,adjective,,none,175
tricolore-1-5th-edition,faire,to do,,,,verb,,none,175
tricolore-1-5th-edition,faire du théâtre,to do drama,,,,phrase,,hobby,175
tricolore-1-5th-edition,faire du vélo,to go biking,,,,phrase,,hobby,175
tricolore-1-5th-edition,faire la cuisine,to cook,,,,phrase,,food,175
tricolore-1-5th-edition,famille,family,la,,,noun,,family,175
tricolore-1-5th-edition,faux,false,,,,adjective,,none,175
tricolore-1-5th-edition,favori/favorite,favourite,,,,adjective,,none,175
tricolore-1-5th-edition,ferme,farm,une,,,noun,,none,175
tricolore-1-5th-edition,fermer,to close,,,,verb,,none,175
tricolore-1-5th-edition,feutre,felt tip pen,un,,,noun,,school,175
tricolore-1-5th-edition,fichier,file (computer),un,,,noun,,communication,175
tricolore-1-5th-edition,fille,daughter,une,,,noun,,family,175
tricolore-1-5th-edition,film,film,un,,,noun,,hobby,175
tricolore-1-5th-edition,finalement,finally,,,,adverb,,none,175
tricolore-1-5th-edition,flûte,flute,une,,,noun,,hobby,175
tricolore-1-5th-edition,foot,football,le,,,noun,,hobby,175
tricolore-1-5th-edition,football,football,le,,,noun,,hobby,175
tricolore-1-5th-edition,France,France,la,,,noun,,travel,175
tricolore-1-5th-edition,français,French,,,,adjective,,school,175
tricolore-1-5th-edition,frites,chips,les,,,noun,,food,175
tricolore-1-5th-edition,froid,cold,,,,adjective,,weather,175
tricolore-1-5th-edition,fromage,cheese,le,,,noun,,food,175
tricolore-1-5th-edition,fruit,fruit,un,,,noun,,food,175
tricolore-1-5th-edition,frère,brother,un,,,noun,,family,175
tricolore-1-5th-edition,fête,festival,une,,,noun,,vacation,175
tricolore-1-5th-edition,garage,garage,un,,,noun,,home,175
tricolore-1-5th-edition,garçon,boy,un,,,noun,,none,175
tricolore-1-5th-edition,golf,golf,le,,,noun,,hobby,175
tricolore-1-5th-edition,grand,big,,,,adjective,,none,175
tricolore-1-5th-edition,grand-mère,grandmother,la,,,noun,,family,175
tricolore-1-5th-edition,grand-père,grandfather,le,,,noun,,family,175
tricolore-1-5th-edition,grands-parents,grand-parents,les,,,noun,,family,175
tricolore-1-5th-edition,gris,grey,,,,adjective,,none,175
tricolore-1-5th-edition,gros/grosse,big,,,,adjective,,none,175
tricolore-1-5th-edition,guitare,guitar,une,,,noun,,hobby,175
tricolore-1-5th-edition,gymnastique,gymnastics,la,,,noun,,hobby,175
tricolore-1-5th-edition,gâteau,cake,un,,,noun,,food,175
tricolore-1-5th-edition,génial!,brilliant!,,,,phrase,,none,175
tricolore-1-5th-edition,géographie,geography,la,,,noun,,school,175
tricolore-1-5th-edition,il fait beau,it's fine weather,,,,phrase,,weather,175
tricolore-1-5th-edition,il fait froid,the weather's cold,,,,phrase,,weather,175
tricolore-1-5th-edition,il fait mauvais,the weather's bad,,,,phrase,,weather,175
tricolore-1-5th-edition,il y a,there are,,,,phrase,,none,175
tricolore-1-5th-edition,il y a du brouillard,it's foggy,,,,phrase,,weather,175
tricolore-1-5th-edition,jardin,garden,un,,,noun,,home,175
tricolore-1-5th-edition,je suis fils/fille unique,I am an only child,,,,phrase,,family,175
tricolore-1-5th-edition,jeu,game,un,,,noun,,hobby,175
tricolore-1-5th-edition,jeu vidéo,computer game,un,,des jeux vidéo,noun,,hobby,175
tricolore-1-5th-edition,jouer aux cartes,to play cards,,,,phrase,,hobby,175
tricolore-1-5th-edition,jouer aux échecs,to play chess,,,,phrase,,hobby,175
tricolore-1-5th-edition,jour,day,un,,,noun,,time-dates,175
tricolore-1-5th-edition,jus de fruit,fruit juice,un,,,noun,,food,175
tricolore-1-5th-edition,liseuse,e-reader,une,,,noun,,communication,175
tricolore-1-5th-edition,lit,bed,un,,,noun,,home,175
tricolore-1-5th-edition,livre,book,un,,,noun,,school,175
tricolore-1-5th-edition,loin,far (away),,,,adverb,,none,175
tricolore-1-5th-edition,lève,I get up,je me,,,verb,,daily-routine,175
tricolore-1-5th-edition,mais,but,,,,other,,none,175
tricolore-1-5th-edition,manger,to eat,,,,verb,,food,175
tricolore-1-5th-edition,mauvais,bad,,,,adjective,,none,175
tricolore-1-5th-edition,message,email,un,,,noun,,communication,175
tricolore-1-5th-edition,navigateur,browser,un,,,noun,,communication,175
tricolore-1-5th-edition,noir,black,,,,adjective,,none,175
tricolore-1-5th-edition,Noël,Christmas,,,,noun,,vacation,175
tricolore-1-5th-edition,oiseau,bird,un,,,noun,,none,175
tricolore-1-5th-edition,ordinateur,computer,un,,,noun,,communication,175
tricolore-1-5th-edition,pain,bread,le,,,noun,,food,175
tricolore-1-5th-edition,par,by,,,,preposition,,none,175
tricolore-1-5th-edition,par exemple,for example,,,,phrase,,none,175
tricolore-1-5th-edition,parce que,because,,,,other,,none,175
tricolore-1-5th-edition,parking,car park,un,,,noun,,city-places,175
tricolore-1-5th-edition,pause,break (time),la,,,noun,,school,175
tricolore-1-5th-edition,pays,country,un,,,noun,,travel,175
tricolore-1-5th-edition,pendant,during,,,,preposition,,time-dates,175
tricolore-1-5th-edition,perruche,budgerigar,une,,,noun,,none,175
tricolore-1-5th-edition,petit déjeuner,breakfast,le,,,noun,,daily-routine,175
tricolore-1-5th-edition,plage,beach,une,,,noun,,vacation,175
tricolore-1-5th-edition,plats d'un repas,courses (of a meal),les,,,noun,,restaurant,175
tricolore-1-5th-edition,poisson,fish,le,,,noun,,food,175
tricolore-1-5th-edition,poisson rouge,goldfish,un,,,noun,,none,175
tricolore-1-5th-edition,pomme,apple,une,,,noun,,food,175
tricolore-1-5th-edition,pont,bridge,un,,,noun,,city-places,175
tricolore-1-5th-edition,porte,door,une,,,noun,,home,175
tricolore-1-5th-edition,porter,to carry,,,,verb,,none,175
tricolore-1-5th-edition,poser une question,to ask a question,,,,phrase,,communication,175
tricolore-1-5th-edition,poubelle,bin,une,,,noun,,home,175
tricolore-1-5th-edition,poulet,chicken,le,,,noun,,food,175
tricolore-1-5th-edition,pour,for,,,,preposition,,none,175
tricolore-1-5th-edition,premier/première,first,le/la,,,adjective,,none,175
tricolore-1-5th-edition,préféré,favourite,,,,adjective,,none,175
tricolore-1-5th-edition,Pâques,Easter,,,,noun,,vacation,175
tricolore-1-5th-edition,père,father,le,,,noun,,family,175
tricolore-1-5th-edition,Père Noël,Father Christmas,le,,,noun,,vacation,175
tricolore-1-5th-edition,raisin,grape,un,,,noun,,food,175
tricolore-1-5th-edition,rigolo,funny,,,,adjective,,none,175
tricolore-1-5th-edition,robe,dress,une,,,noun,,shopping,175
tricolore-1-5th-edition,récréation,break (time),la,,,noun,,school,175
tricolore-1-5th-edition,répondre,to answer,,,,verb,,none,175
tricolore-1-5th-edition,réponse,answer,une,,,noun,,none,175
tricolore-1-5th-edition,sac,bag,un,,,noun,,shopping,175
tricolore-1-5th-edition,sac à dos,backpack,un,,,noun,,school,175
tricolore-1-5th-edition,salle de bains,bathroom,la,,,noun,,home,175
tricolore-1-5th-edition,salle de classe,classroom,la,,,noun,,school,175
tricolore-1-5th-edition,salle à manger,dining room,la,,,noun,,home,175
tricolore-1-5th-edition,"se coucher, aller au lit",to go to bed,,,,phrase,,daily-routine,175
tricolore-1-5th-edition,soir,evening,le,,,noun,,time-dates,175
tricolore-1-5th-edition,solution,answer,une,,,noun,,none,175
tricolore-1-5th-edition,sont,they are,ils/elles,,,verb,,none,175
tricolore-1-5th-edition,suis,I am,je,,,verb,,none,175
tricolore-1-5th-edition,super!,great!,,,,phrase,,none,175
tricolore-1-5th-edition,surtout,especially,,,,adverb,,none,175
tricolore-1-5th-edition,tapis,carpet,un,,,noun,,home,175
tricolore-1-5th-edition,tartine,bread and butter,une,,,noun,,food,175
tricolore-1-5th-edition,terrain de football,football pitch,un,,,noun,,hobby,175
tricolore-1-5th-edition,TME (travail manuel éducatif),design and technology,le,,,noun,,school,175
tricolore-1-5th-edition,toujours,always,,,,adverb,,none,175
tricolore-1-5th-edition,"tout (toute, tous, toutes)",all,,,,adjective,,none,175
tricolore-1-5th-edition,un peu,a bit,,,,adverb,,none,175
tricolore-1-5th-edition,"un, une",a,,,,other,,none,175
tricolore-1-5th-edition,vendredi,Friday,,,,noun,,time-dates,175
tricolore-1-5th-edition,vert,green,,,,adjective,,none,175
tricolore-1-5th-edition,violoncelle,cello,un,,,noun,,hobby,175
tricolore-1-5th-edition,voiture,car,une,,,noun,,travel,175
tricolore-1-5th-edition,vélo,"bicycle, bike",un,,,noun,,hobby,175
tricolore-1-5th-edition,vérifier,to check,,,,verb,,none,175
tricolore-1-5th-edition,vêtements (m pl),clothes,les,m pl,,noun,,shopping,175
tricolore-1-5th-edition,zut!,blast!,,,,phrase,,none,175
tricolore-1-5th-edition,à côté de,beside,,,,preposition,,none,175
tricolore-1-5th-edition,âge (m),age,l',m,,noun,,personal-info,175
tricolore-1-5th-edition,éducation civique (f),citizenship,l',f,,noun,,school,175
tricolore-1-5th-edition,église,church,une,,,noun,,city-places,175
tricolore-1-5th-edition,étage,"floor, storey",un,,,noun,,home,175
tricolore-1-5th-edition,être,to be,,,,verb,,none,175
tricolore-1-5th-edition,œuf,egg,un,,,noun,,food,175
tricolore-1-5th-edition,(comment) ça va?,how are you?,,,,phrase,,communication,176
tricolore-1-5th-edition,(les cheveux) roux,red (hair),,,,adjective,,personal-info,176
tricolore-1-5th-edition,adorer,to love,,,,verb,,none,176
tricolore-1-5th-edition,affiche,poster,une,,,noun,,home,176
tricolore-1-5th-edition,aimer,to like,,,,verb,,none,176
tricolore-1-5th-edition,ananas,pineapple,un,,,noun,,food,176
tricolore-1-5th-edition,animal (domestique),pet,un,,,noun,,none,176
tricolore-1-5th-edition,appelle,my name is,je m',,,verb,,personal-info,176
tricolore-1-5th-edition,appuyer,to press,,,,verb,,communication,176
tricolore-1-5th-edition,as-tu des animaux à la maison?,have you any pets?,,,,phrase,,family,176
tricolore-1-5th-edition,ascenseur (m),lift,l',m,,noun,,city-places,176
tricolore-1-5th-edition,assez,quite,,,,adverb,,none,176
tricolore-1-5th-edition,autre,other,,,,adjective,,none,176
tricolore-1-5th-edition,avoir,to have,,,,verb,,none,176
tricolore-1-5th-edition,beaucoup,a lot,,,,adverb,,none,176
tricolore-1-5th-edition,bibliothèque,library,une,,,noun,,city-places,176
tricolore-1-5th-edition,bonjour,hello,,,,phrase,,communication,176
tricolore-1-5th-edition,brochure,leaflet,une,,,noun,,travel,176
tricolore-1-5th-edition,bureau,office,le,,,noun,,profession,176
tricolore-1-5th-edition,c'est,it is,,,,phrase,,none,176
tricolore-1-5th-edition,c'est dommage,it's a pity,,,,phrase,,none,176
tricolore-1-5th-edition,cadeau,present,un,,,noun,,shopping,176
tricolore-1-5th-edition,carnet,notebook,un,,,noun,,school,176
tricolore-1-5th-edition,carte,menu (computer),une,,,noun,,travel,176
tricolore-1-5th-edition,carte,menu (computer),la,,,noun,,restaurant,176
tricolore-1-5th-edition,carte postale,postcard,une,,,noun,,travel,176
tricolore-1-5th-edition,ce n'est pas,it isn't,,,,phrase,,none,176
tricolore-1-5th-edition,cent,hundred,,,,other,,none,176
tricolore-1-5th-edition,chaud,hot,,,,adjective,,weather,176
tricolore-1-5th-edition,chercher,to look for,,,,verb,,none,176
tricolore-1-5th-edition,cheval,horse,un,,des chevaux,noun,,none,176
tricolore-1-5th-edition,chez moi,at my house,,,,phrase,,home,176
tricolore-1-5th-edition,citron,lemon,un,,,noun,,food,176
tricolore-1-5th-edition,classeur,ring binder,un,,,noun,,school,176
tricolore-1-5th-edition,clavier,keyboard,un,,,noun,,communication,176
tricolore-1-5th-edition,"clef, clé",key (on keyboard),une,,,noun,,none,176
tricolore-1-5th-edition,combien (de),how many?,,,,adverb,,none,176
tricolore-1-5th-edition,comment,how,,,,adverb,,none,176
tricolore-1-5th-edition,comment ça s'écrit?,how do you spell that?,,,,phrase,,communication,176
tricolore-1-5th-edition,confiture,jam,la,,,noun,,food,176
tricolore-1-5th-edition,confiture d'oranges,marmalade,la,,,noun,,food,176
tricolore-1-5th-edition,connecter,to log on,,,,verb,,communication,176
tricolore-1-5th-edition,content,happy,,,,adjective,,none,176
tricolore-1-5th-edition,correspondant(e),penfriend,un(e),,,noun,,communication,176
tricolore-1-5th-edition,cours,lesson,un,,,noun,,school,176
tricolore-1-5th-edition,crayon,pencil,un,,,noun,,school,176
tricolore-1-5th-edition,cuisine,kitchen,la,,,noun,,home,176
tricolore-1-5th-edition,"d'accord, okay",OK,,,,phrase,,communication,176
tricolore-1-5th-edition,dans,in,,,,preposition,,none,176
tricolore-1-5th-edition,de,of,,,,preposition,,none,176
tricolore-1-5th-edition,demi-sœur,half sister,une,,,noun,,family,176
tricolore-1-5th-edition,dernier/dernière,last,,,,adjective,,none,176
tricolore-1-5th-edition,dessin,picture,un,,,noun,,hobby,176
tricolore-1-5th-edition,devoirs (m pl),homework,les,m pl,,noun,,school,176
tricolore-1-5th-edition,durer,to last,,,,verb,,none,176
tricolore-1-5th-edition,déconnecter,to log off,,,,verb,,communication,176
tricolore-1-5th-edition,déjeuner,lunch,le,,,noun,,food,176
tricolore-1-5th-edition,dépliant,leaflet,un,,,noun,,travel,176
tricolore-1-5th-edition,détester,to hate,,,,verb,,none,176
tricolore-1-5th-edition,en ligne,online,,,,adverb,,communication,176
tricolore-1-5th-edition,enregistrer,to record,,,,verb,,communication,176
tricolore-1-5th-edition,ensuite,next,,,,adverb,,none,176
tricolore-1-5th-edition,erreur,mistake,une,,,noun,,school,176
tricolore-1-5th-edition,est,he/she/it is,,,,verb,,none,176
tricolore-1-5th-edition,faire,to make,,,,verb,,none,176
tricolore-1-5th-edition,faire de l'équitation,to go horse riding,,,,phrase,,hobby,176
tricolore-1-5th-edition,faire de la peinture,to do painting,,,,phrase,,hobby,176
tricolore-1-5th-edition,faire des photos,to take photos,,,,phrase,,hobby,176
tricolore-1-5th-edition,faire du VTT,to go mountain biking,,,,phrase,,hobby,176
tricolore-1-5th-edition,faire sa valise,to pack a suitcase,,,,phrase,,vacation,176
tricolore-1-5th-edition,fils/fille unique,only child,,,,noun,,family,176
tricolore-1-5th-edition,flûte (à bec),recorder,une,,,noun,,hobby,176
tricolore-1-5th-edition,framboise,raspberry,une,,,noun,,food,176
tricolore-1-5th-edition,fête,party,une,,,noun,,family,176
tricolore-1-5th-edition,gens (m pl),people,des,m pl,,noun,,none,176
tricolore-1-5th-edition,gentil/gentille,kind,,,,adjective,,none,176
tricolore-1-5th-edition,glace,ice cream,une,,,noun,,food,176
tricolore-1-5th-edition,grand,large,,,,adjective,,none,176
tricolore-1-5th-edition,habiter,to live,,,,verb,,personal-info,176
tricolore-1-5th-edition,hamster,hamster,un,,,noun,,none,176
tricolore-1-5th-edition,heure,hour,une,,,noun,,time-dates,176
tricolore-1-5th-edition,histoire (f),history,l',f,,noun,,school,176
tricolore-1-5th-edition,hockey,hockey,le,,,noun,,hobby,176
tricolore-1-5th-edition,homme,man,un,,,noun,,none,176
tricolore-1-5th-edition,hôpital,hospital,un,,,noun,,health,176
tricolore-1-5th-edition,hôtel,hotel,un,,,noun,,vacation,176
tricolore-1-5th-edition,ici,here,,,,adverb,,none,176
tricolore-1-5th-edition,idée,idea,une,,,noun,,none,176
tricolore-1-5th-edition,il fait beau,the weather's nice,,,,phrase,,weather,176
tricolore-1-5th-edition,il fait chaud,it's hot,,,,phrase,,weather,176
tricolore-1-5th-edition,il pleut,it's raining,,,,phrase,,weather,176
tricolore-1-5th-edition,il y a,there is,,,,phrase,,none,176
tricolore-1-5th-edition,image,picture,une,,,noun,,hobby,176
tricolore-1-5th-edition,imprimante,printer,une,,,noun,,communication,176
tricolore-1-5th-edition,imprimer,to print,,,,verb,,communication,176
tricolore-1-5th-edition,informatique (f),ICT,l',f,,noun,,school,176
tricolore-1-5th-edition,instrument de musique,musical instrument,un,,,noun,,hobby,176
tricolore-1-5th-edition,intéressant,interesting,,,,adjective,,none,176
tricolore-1-5th-edition,irlandais,Irish,,,,adjective,,none,176
tricolore-1-5th-edition,Irlande (f),Ireland,l',f,,noun,,travel,176
tricolore-1-5th-edition,Irlande du Nord,Northern Ireland,l',,,noun,,travel,176
tricolore-1-5th-edition,j'habite à Londres,I live in London,,,,phrase,,personal-info,176
tricolore-1-5th-edition,jambon,ham,le,,,noun,,food,176
tricolore-1-5th-edition,janvier,January,,,,noun,,time-dates,176
tricolore-1-5th-edition,je,I,,,,other,,none,176
tricolore-1-5th-edition,je ne sais pas,I don't know,,,,phrase,,none,176
tricolore-1-5th-edition,jean,jeans,un,,,noun,,shopping,176
tricolore-1-5th-edition,jogging,jogging trousers,un,,,noun,,shopping,176
tricolore-1-5th-edition,joli,pretty,,,,adjective,,none,176
tricolore-1-5th-edition,"jouer (à + sports, de + instruments)",to play,,,,verb,,hobby,176
tricolore-1-5th-edition,jour de l'An,New Year's Day,le,,,noun,,vacation,176
tricolore-1-5th-edition,judo,judo,le,,,noun,,hobby,176
tricolore-1-5th-edition,juillet,July,,,,noun,,time-dates,176
tricolore-1-5th-edition,juin,June,,,,noun,,time-dates,176
tricolore-1-5th-edition,kilo,kilo,un,,,noun,,shopping,176
tricolore-1-5th-edition,kilomètre (1 km),kilometre,un,,,noun,,travel,176
tricolore-1-5th-edition,kiwi,kiwi fruit,un,,,noun,,food,176
tricolore-1-5th-edition,laboratoire,laboratory,un,,,noun,,school,176
tricolore-1-5th-edition,lait,milk,le,,,noun,,food,176
tricolore-1-5th-edition,langue,language,une,,,noun,,school,176
tricolore-1-5th-edition,lapin,rabbit,un,,,noun,,none,176
tricolore-1-5th-edition,lecteur MP3,MP3 player,un,,,noun,,communication,176
tricolore-1-5th-edition,lettre,letter,une,,,noun,,communication,176
tricolore-1-5th-edition,limonade,lemonade,la,,,noun,,food,176
tricolore-1-5th-edition,lis/lisez,read,,,,verb,,school,176
tricolore-1-5th-edition,liste,list,une,,,noun,,none,176
tricolore-1-5th-edition,long/longue,long,,,,adjective,,none,176
tricolore-1-5th-edition,lundi,Monday,,,,noun,,time-dates,176
tricolore-1-5th-edition,là-bas,over there,,,,adverb,,city-places,176
tricolore-1-5th-edition,M. (monsieur),Mr,,,,other,,personal-info,176
tricolore-1-5th-edition,mai,May,,,,noun,,time-dates,176
tricolore-1-5th-edition,maintenant,now,,,,adverb,,time-dates,176
tricolore-1-5th-edition,maison,house,une,,,noun,,home,176
tricolore-1-5th-edition,marché,market,le,,,noun,,shopping,176
tricolore-1-5th-edition,mars,March,,,,noun,,time-dates,176
tricolore-1-5th-edition,maths (f pl),maths,les,f pl,,noun,,school,176
tricolore-1-5th-edition,matin,morning,le,,,noun,,time-dates,176
tricolore-1-5th-edition,melon,melon,le,,,noun,,food,176
tricolore-1-5th-edition,menu,menu (computer),le,,,noun,,communication,176
tricolore-1-5th-edition,mettre,to put (on),,,,verb,,daily-routine,176
tricolore-1-5th-edition,midi,midday,,,,noun,,time-dates,176
tricolore-1-5th-edition,minuit,midnight,,,,noun,,time-dates,176
tricolore-1-5th-edition,Mme (madame),Mrs,,,,other,,personal-info,176
tricolore-1-5th-edition,moi,me,,,,other,,none,176
tricolore-1-5th-edition,moins,minus,,,,other,,none,176
tricolore-1-5th-edition,mois,month,le,,,noun,,time-dates,176
tricolore-1-5th-edition,"mon, ma, mes",my,,,,other,,none,176
tricolore-1-5th-edition,mosquée,mosque,une,,,noun,,city-places,176
tricolore-1-5th-edition,musique,music,la,,,noun,,hobby,176
tricolore-1-5th-edition,musée,museum,un,,,noun,,vacation,176
tricolore-1-5th-edition,mère,mother,la,,,noun,,family,176
tricolore-1-5th-edition,méchant,naughty,,,,adjective,,none,176
tricolore-1-5th-edition,"ne … pas, pas",not,,,,other,,none,176
tricolore-1-5th-edition,nom,name,un,,,noun,,personal-info,176
tricolore-1-5th-edition,non,no,,,,other,,none,176
tricolore-1-5th-edition,"notre, nos",our,,,,other,,none,176
tricolore-1-5th-edition,nouveau (nouvel before masculine word beginning with a vowel) / nouvelle / nouveaux / nouvelle,new,,,,adjective,,none,176
tricolore-1-5th-edition,novembre,November,,,,noun,,time-dates,176
tricolore-1-5th-edition,nuit,night,la,,,noun,,time-dates,176
tricolore-1-5th-edition,octobre,October,,,,noun,,time-dates,176
tricolore-1-5th-edition,omelette,omelette,une,,,noun,,food,176
tricolore-1-5th-edition,orange,orange,une,,,noun,,food,176
tricolore-1-5th-edition,orchestre,orchestra,un,,,noun,,hobby,176
tricolore-1-5th-edition,ordinateur portable,lap-top computer,un,,,noun,,communication,176
tricolore-1-5th-edition,ou,or,,,,other,,none,176
tricolore-1-5th-edition,ouvert,open,,,,adjective,,none,176
tricolore-1-5th-edition,ouvrir,to open,,,,verb,,none,176
tricolore-1-5th-edition,où habites-tu?,where do you live?,,,,phrase,,personal-info,176
tricolore-1-5th-edition,parc,park,un,,,noun,,city-places,176
tricolore-1-5th-edition,passe-temps,hobby,un,,,noun,,hobby,176
tricolore-1-5th-edition,patinoire,ice rink,une,,,noun,,hobby,176
tricolore-1-5th-edition,perroquet,parrot,un,,,noun,,none,176
tricolore-1-5th-edition,personne,person,une,,,noun,,none,176
tricolore-1-5th-edition,petit,little,,,,adjective,,none,176
tricolore-1-5th-edition,petits pois (m pl),peas,des,m pl,,noun,,food,176
tricolore-1-5th-edition,peut-être,maybe,,,,adverb,,none,176
tricolore-1-5th-edition,photographie,photography,la,,,noun,,hobby,176
tricolore-1-5th-edition,piano,piano,un,,,noun,,hobby,176
tricolore-1-5th-edition,plan de la ville,map (town),un,,,noun,,travel,176
tricolore-1-5th-edition,plat principal,main course,le,,,noun,,restaurant,176
tricolore-1-5th-edition,plus tard,later,,,,adverb,,time-dates,176
tricolore-1-5th-edition,poire,pear,une,,,noun,,food,176
tricolore-1-5th-edition,pomme de terre,potato,une,,,noun,,food,176
tricolore-1-5th-edition,portable,mobile phone,un,,,noun,,communication,176
tricolore-1-5th-edition,poste,post office,la,,,noun,,city-places,176
tricolore-1-5th-edition,poster,poster,un,,,noun,,home,176
tricolore-1-5th-edition,près (de),near (to),,,,preposition,,city-places,176
tricolore-1-5th-edition,préférer,to prefer,,,,verb,,none,176
tricolore-1-5th-edition,préparer,to prepare,,,,verb,,food,176
tricolore-1-5th-edition,pull,jumper,un,,,noun,,shopping,176
tricolore-1-5th-edition,pyjama,pyjamas,un,,,noun,,shopping,176
tricolore-1-5th-edition,pêche,peach,une,,,noun,,food,176
tricolore-1-5th-edition,quart,quarter,un,,,noun,,time-dates,176
tricolore-1-5th-edition,quel âge as-tu?,how old are you?,,,,phrase,,personal-info,176
tricolore-1-5th-edition,question,question,une,,,noun,,school,176
tricolore-1-5th-edition,radio,radio,une,,,noun,,hobby,176
tricolore-1-5th-edition,regarder,to look at,,,,verb,,none,176
tricolore-1-5th-edition,religion,religious education,la,,,noun,,school,176
tricolore-1-5th-edition,rentrer,to go home,,,,verb,,daily-routine,176
tricolore-1-5th-edition,repas,meal,un,,,noun,,food,176
tricolore-1-5th-edition,restaurant,restaurant,un,,,noun,,restaurant,176
tricolore-1-5th-edition,rouge,red,,,,adjective,,none,176
tricolore-1-5th-edition,route,road (street),la,,,noun,,city-places,176
tricolore-1-5th-edition,rue,road (street),la,,,noun,,city-places,176
tricolore-1-5th-edition,répondre,to reply,,,,verb,,none,176
tricolore-1-5th-edition,"s'il vous plaît, s'il te plaît",please,,,,phrase,,communication,176
tricolore-1-5th-edition,sais,I know,je,,,verb,,none,176
tricolore-1-5th-edition,salade,lettuce,la,,,noun,,food,176
tricolore-1-5th-edition,salle de séjour,living room,la,,,noun,,home,176
tricolore-1-5th-edition,salon,lounge,le,,,noun,,home,176
tricolore-1-5th-edition,salut!,hi!,,,,phrase,,communication,176
tricolore-1-5th-edition,santé,health,la,,,noun,,health,176
tricolore-1-5th-edition,seulement,only,,,,adverb,,none,176
tricolore-1-5th-edition,soirée,party,une,,,noun,,family,176
tricolore-1-5th-edition,"son, sa, ses",her,,,,other,,none,176
tricolore-1-5th-edition,souris,mouse,une,,,noun,,communication,176
tricolore-1-5th-edition,souvent,often,,,,adverb,,none,176
tricolore-1-5th-edition,station d'accueil MP3,MP3 dock,une,,,noun,,communication,176
tricolore-1-5th-edition,stylo,pen,un,,,noun,,school,176
tricolore-1-5th-edition,sur,on,,,,preposition,,none,176
tricolore-1-5th-edition,surligneur,highlighter,un,,,noun,,school,176
tricolore-1-5th-edition,surnom,nickname,un,,,noun,,personal-info,176
tricolore-1-5th-edition,sympa,nice,,,,adjective,,none,176
tricolore-1-5th-edition,tableau interactif,interactive whiteboard,un,,,noun,,school,176
tricolore-1-5th-edition,taille-crayon,pencil sharpener,un,,,noun,,school,176
tricolore-1-5th-edition,tapis d'ordinateur,mouse mat,un,,,noun,,communication,176
tricolore-1-5th-edition,touche,key (on keyboard),une,,,noun,,communication,176
tricolore-1-5th-edition,tout près,nearby,,,,adverb,,city-places,176
tricolore-1-5th-edition,tricot,pullover,un,,,noun,,shopping,176
tricolore-1-5th-edition,trombone,paper clip,un,,,noun,,school,176
tricolore-1-5th-edition,trousse,pencil case,une,,,noun,,school,176
tricolore-1-5th-edition,tête,head,la,,,noun,,health,176
tricolore-1-5th-edition,un peu,a little,,,,adverb,,none,176
tricolore-1-5th-edition,vacances (f pl),holidays,les,f pl,,noun,,vacation,176
tricolore-1-5th-edition,veste,jacket,une,,,noun,,shopping,176
tricolore-1-5th-edition,viande,meat,la,,,noun,,food,176
tricolore-1-5th-edition,"vieux (vieille, vieux, vieilles)",old,,,,adjective,,none,176
tricolore-1-5th-edition,vite,quickly,,,,adverb,,none,176
tricolore-1-5th-edition,voici,here are,,,,phrase,,none,176
tricolore-1-5th-edition,voudrais,I would like,je,,,verb,,restaurant,176
tricolore-1-5th-edition,voyage,journey,un,,,noun,,travel,176
tricolore-1-5th-edition,vraiment,really,,,,adverb,,none,176
tricolore-1-5th-edition,VTT (vélo tout terrain),mountain bike,le,,,noun,,hobby,176
tricolore-1-5th-edition,à côté de,next to,,,,preposition,,none,176
tricolore-1-5th-edition,à droite,on the right,,,,phrase,,city-places,176
tricolore-1-5th-edition,à gauche,on the left,,,,phrase,,city-places,176
tricolore-1-5th-edition,à la maison,at home,,,,phrase,,home,176
tricolore-1-5th-edition,écouter,to listen to,,,,verb,,hobby,176
tricolore-1-5th-edition,éducation physique (f) (l'EPS),physical education,l',,,noun,,school,176
tricolore-1-5th-edition,éducation religieuse (f),religious education,l',f,,noun,,school,176
tricolore-1-5th-edition,élève,pupil,un(e),,,noun,,school,176
tricolore-1-5th-edition,(chaîne) stéréo,stereo (system),une,,,noun,,hobby,177
tricolore-1-5th-edition,(faire de) la natation,(to go) swimming,,,,phrase,,hobby,177
tricolore-1-5th-edition,(je suis) désolé(e),(I am) sorry,,,,phrase,,communication,177
tricolore-1-5th-edition,(les cheveux) raide(s),straight (hair),,,,adjective,,personal-info,177
tricolore-1-5th-edition,affaires (f pl),things (possessions),les,f pl,,noun,,none,177
tricolore-1-5th-edition,affreux,terrible,,,,adjective,,none,177
tricolore-1-5th-edition,allumer,to switch on,,,,verb,,communication,177
tricolore-1-5th-edition,"alors, donc",so,,,,other,,none,177
tricolore-1-5th-edition,"alors, puis",then,,,,other,,none,177
tricolore-1-5th-edition,an,year,un,,,noun,,time-dates,177
tricolore-1-5th-edition,année,year,une,,,noun,,time-dates,177
tricolore-1-5th-edition,assieds-toi/asseyez-vous,sit down,,,,phrase,,school,177
tricolore-1-5th-edition,attention!,watch out!,,,,phrase,,none,177
tricolore-1-5th-edition,au printemps,in spring,,,,phrase,,weather,177
tricolore-1-5th-edition,auberge de jeunesse,youth hostel,une,,,noun,,vacation,177
tricolore-1-5th-edition,aujourd'hui,today,,,,adverb,,time-dates,177
tricolore-1-5th-edition,avec,with,,,,preposition,,none,177
tricolore-1-5th-edition,baskets (f pl),trainers,des,f pl,,noun,,shopping,177
tricolore-1-5th-edition,beau-père,stepfather,un,,,noun,,family,177
tricolore-1-5th-edition,beaucoup,very much,,,,adverb,,none,177
tricolore-1-5th-edition,belle-mère,stepmother,une,,,noun,,family,177
tricolore-1-5th-edition,bien,well,,,,adverb,,none,177
tricolore-1-5th-edition,bientôt,soon,,,,adverb,,time-dates,177
tricolore-1-5th-edition,blanc/blanche,white,,,,adjective,,none,177
tricolore-1-5th-edition,bonbon,sweet (noun),un,,,noun,,food,177
tricolore-1-5th-edition,c'est,this is,,,,phrase,,none,177
tricolore-1-5th-edition,c'est faux,it's wrong,,,,phrase,,none,177
tricolore-1-5th-edition,cartable,school bag,un,,,noun,,school,177
tricolore-1-5th-edition,centre commercial,shopping centre,le,,,noun,,shopping,177
tricolore-1-5th-edition,centre-ville,town centre,le,,,noun,,city-places,177
tricolore-1-5th-edition,chanson,song,une,,,noun,,hobby,177
tricolore-1-5th-edition,chanter,to sing,,,,verb,,hobby,177
tricolore-1-5th-edition,chaussette,sock,une,,,noun,,shopping,177
tricolore-1-5th-edition,chaussure,shoe,une,,,noun,,shopping,177
tricolore-1-5th-edition,chemise,shirt (boy's),une,,,noun,,shopping,177
tricolore-1-5th-edition,chemisier,shirt (boy's),un,,,noun,,shopping,177
tricolore-1-5th-edition,chose,thing,une,,,noun,,none,177
tricolore-1-5th-edition,ciseaux (m pl),scissors,des,m pl,,noun,,school,177
tricolore-1-5th-edition,clé USB,USB stick,une,,,noun,,communication,177
tricolore-1-5th-edition,collège,school (primary),un,,,noun,,school,177
tricolore-1-5th-edition,commencer,to start,,,,verb,,none,177
tricolore-1-5th-edition,comment?,what? (pardon?),,,,phrase,,communication,177
tricolore-1-5th-edition,contrôle,test,un,,,noun,,school,177
tricolore-1-5th-edition,cravate,tie,une,,,noun,,shopping,177
tricolore-1-5th-edition,de quelle couleur est-il?,what colour is it?,,,,phrase,,none,177
tricolore-1-5th-edition,de temps en temps,from time to time,,,,phrase,,time-dates,177
tricolore-1-5th-edition,demi-frère,stepbrother,un,,,noun,,family,177
tricolore-1-5th-edition,demi-sœur,stepsister,une,,,noun,,family,177
tricolore-1-5th-edition,deuxième,second,,,,adjective,,none,177
tricolore-1-5th-edition,dimanche,Sunday,,,,noun,,time-dates,177
tricolore-1-5th-edition,dis/dites,say,,,,verb,,communication,177
tricolore-1-5th-edition,donc,therefore,,,,other,,none,177
tricolore-1-5th-edition,eau (f),water,l',f,,noun,,food,177
tricolore-1-5th-edition,elle,she,,,,other,,none,177
tricolore-1-5th-edition,emploi du temps,school timetable,un,,,noun,,school,177
tricolore-1-5th-edition,en hiver,in winter,,,,phrase,,weather,177
tricolore-1-5th-edition,en ville,in town,,,,phrase,,city-places,177
tricolore-1-5th-edition,en été,in summer,,,,phrase,,weather,177
tricolore-1-5th-edition,ensemble,together,,,,adverb,,none,177
tricolore-1-5th-edition,escalier (m),staircase,l',m,,noun,,home,177
tricolore-1-5th-edition,Espagne (f),Spain,l',f,,noun,,travel,177
tricolore-1-5th-edition,espagnol,Spanish,,,,adjective,,school,177
tricolore-1-5th-edition,faire de la planche à voile,to go windsurfing,,,,phrase,,hobby,177
tricolore-1-5th-edition,faire de la voile,to go sailing,,,,phrase,,hobby,177
tricolore-1-5th-edition,faire des courses/du shopping,to go shopping,,,,phrase,,shopping,177
tricolore-1-5th-edition,faire du roller,to roller skate/blade,,,,phrase,,hobby,177
tricolore-1-5th-edition,faire du ski,to go skiing,,,,phrase,,hobby,177
tricolore-1-5th-edition,faire une promenade,to go for a walk,,,,phrase,,hobby,177
tricolore-1-5th-edition,fatigant,tiring,,,,adjective,,none,177
tricolore-1-5th-edition,fatigué,tired,,,,adjective,,health,177
tricolore-1-5th-edition,femme,woman,une,,,noun,,none,177
tricolore-1-5th-edition,fenêtre,window,une,,,noun,,home,177
tricolore-1-5th-edition,fils,son,un,,,noun,,family,177
tricolore-1-5th-edition,fraise,strawberry,une,,,noun,,food,177
tricolore-1-5th-edition,gagner,to win,,,,verb,,hobby,177
tricolore-1-5th-edition,gallois,Welsh,,,,adjective,,none,177
tricolore-1-5th-edition,gare,station,la,,,noun,,city-places,177
tricolore-1-5th-edition,gomme,rubber,une,,,noun,,school,177
tricolore-1-5th-edition,goûter,snack (afternoon),le,,,noun,,food,177
tricolore-1-5th-edition,grand,tall,,,,adjective,,personal-info,177
tricolore-1-5th-edition,grandes vacances (f pl),summer holidays,les,f pl,,noun,,vacation,177
tricolore-1-5th-edition,grave,serious,,,,adjective,,none,177
tricolore-1-5th-edition,histoire,story,une,,,noun,,school,177
tricolore-1-5th-edition,hiver (m),winter,l',m,,noun,,weather,177
tricolore-1-5th-edition,hors-d'œuvre,starter (meal),un,,,noun,,restaurant,177
tricolore-1-5th-edition,hôtel de ville,town hall,l',,,noun,,city-places,177
tricolore-1-5th-edition,il fait chaud,it's warm,,,,phrase,,weather,177
tricolore-1-5th-edition,il fait mauvais,the weather is bad,,,,phrase,,weather,177
tricolore-1-5th-edition,il neige,it's snowing,,,,phrase,,weather,177
tricolore-1-5th-edition,il y a,"there is, there are",,,,phrase,,none,177
tricolore-1-5th-edition,il y a du soleil,it's sunny,,,,phrase,,weather,177
tricolore-1-5th-edition,il y a du vent,it's windy,,,,phrase,,weather,177
tricolore-1-5th-edition,il/elle est comment?,what is he/she/it like?,,,,phrase,,none,177
tricolore-1-5th-edition,ils/elles,they,,,,other,,none,177
tricolore-1-5th-edition,jaune,yellow,,,,adjective,,none,177
tricolore-1-5th-edition,je (ne) comprends (pas),I (don't) understand,,,,phrase,,school,177
tricolore-1-5th-edition,jeu vidéo,video game,un,,,noun,,hobby,177
tricolore-1-5th-edition,jeudi,Thursday,,,,noun,,time-dates,177
tricolore-1-5th-edition,jumeau/jumelle,twin,un/une,,,noun,,family,177
tricolore-1-5th-edition,jupe,skirt,une,,,noun,,shopping,177
tricolore-1-5th-edition,jusqu'à,until,,,,preposition,,time-dates,177
tricolore-1-5th-edition,lentement,slowly,,,,adverb,,none,177
tricolore-1-5th-edition,lunettes de soleil (f pl),sunglasses,des,f pl,,noun,,shopping,177
tricolore-1-5th-edition,lycée,school (primary),un,,,noun,,school,177
tricolore-1-5th-edition,là,there,,,,adverb,,none,177
tricolore-1-5th-edition,légume,vegetable,un,,,noun,,food,177
tricolore-1-5th-edition,magasin,shop,un,,,noun,,shopping,177
tricolore-1-5th-edition,maillot de bain,swimming costume,un,,,noun,,shopping,177
tricolore-1-5th-edition,mardi,Tuesday,,,,noun,,time-dates,177
tricolore-1-5th-edition,mardi gras,Shrove Tuesday,,,,noun,,vacation,177
tricolore-1-5th-edition,matière,school subject,une,,,noun,,school,177
tricolore-1-5th-edition,mer,sea,la,,,noun,,vacation,177
tricolore-1-5th-edition,merci,thank you,,,,phrase,,communication,177
tricolore-1-5th-edition,mercredi,Wednesday,,,,noun,,time-dates,177
tricolore-1-5th-edition,mignon/mignonne,sweet (adj),,,,adjective,,none,177
tricolore-1-5th-edition,monde,world,le,,,noun,,none,177
tricolore-1-5th-edition,mot,word,un,,,noun,,school,177
tricolore-1-5th-edition,nom de famille,surname,le,,,noun,,personal-info,177
tricolore-1-5th-edition,normal,usual,,,,adjective,,none,177
tricolore-1-5th-edition,"normalement, d'habitude",usually,,,,adverb,,daily-routine,177
tricolore-1-5th-edition,nous,we,,,,other,,none,177
tricolore-1-5th-edition,nul,useless,,,,adjective,,none,177
tricolore-1-5th-edition,office de tourisme,tourist office,un,,,noun,,travel,177
tricolore-1-5th-edition,ouest,west,l',,,noun,,none,177
tricolore-1-5th-edition,oui,yes,,,,other,,none,177
tricolore-1-5th-edition,où,where,,,,other,,none,177
tricolore-1-5th-edition,pantalon,trousers,un,,,noun,,shopping,177
tricolore-1-5th-edition,parapluie,umbrella,un,,,noun,,weather,177
tricolore-1-5th-edition,parc d'attractions,theme park,un,,,noun,,vacation,177
tricolore-1-5th-edition,pardon!,sorry!,,,,phrase,,communication,177
tricolore-1-5th-edition,parler,to speak,,,,verb,,communication,177
tricolore-1-5th-edition,passer,to spend (time),,,,verb,,time-dates,177
tricolore-1-5th-edition,patins à roulettes (m pl),roller skates,des,m pl,,noun,,hobby,177
tricolore-1-5th-edition,pays de Galles,Wales,le,,,noun,,travel,177
tricolore-1-5th-edition,penser,to think,,,,verb,,none,177
tricolore-1-5th-edition,petit,small,,,,adjective,,none,177
tricolore-1-5th-edition,phrase,sentence,une,,,noun,,school,177
tricolore-1-5th-edition,ping-pong,table tennis,le,,,noun,,hobby,177
tricolore-1-5th-edition,piscine,swimming pool,une,,,noun,,vacation,177
tricolore-1-5th-edition,pièce,room (in house),une,,,noun,,home,177
tricolore-1-5th-edition,place,(town) square,une,,,noun,,city-places,177
tricolore-1-5th-edition,plusieurs,several,,,,adjective,,none,177
tricolore-1-5th-edition,porter,to wear,,,,verb,,shopping,177
tricolore-1-5th-edition,potage,soup,le,,,noun,,food,177
tricolore-1-5th-edition,pourquoi,why,,,,adverb,,none,177
tricolore-1-5th-edition,prendre,to take,,,,verb,,none,177
tricolore-1-5th-edition,printemps,spring,le,,,noun,,weather,177
tricolore-1-5th-edition,professeur,teacher,un,,,noun,,profession,177
tricolore-1-5th-edition,qu'est-ce que c'est?,what is it?,,,,phrase,,none,177
tricolore-1-5th-edition,quand,when,,,,other,,time-dates,177
tricolore-1-5th-edition,"quel (quelle, quels, quelles)",which,,,,adjective,,none,177
tricolore-1-5th-edition,quel temps fait-il?,what's the weather like?,,,,phrase,,weather,177
tricolore-1-5th-edition,quelle est la date aujourd'hui?,what's the date?,,,,phrase,,time-dates,177
tricolore-1-5th-edition,quelle heure est-il?,what time is it?,,,,phrase,,time-dates,177
tricolore-1-5th-edition,quelque chose,something,,,,other,,none,177
tricolore-1-5th-edition,quelquefois,sometimes,,,,adverb,,none,177
tricolore-1-5th-edition,qui,who,,,,other,,none,177
tricolore-1-5th-edition,ranger,to tidy up,,,,verb,,daily-routine,177
tricolore-1-5th-edition,regarder,to watch,,,,verb,,hobby,177
tricolore-1-5th-edition,rester (à la maison),to stay (at home),,,,phrase,,daily-routine,177
tricolore-1-5th-edition,rollers (m pl),roller blades,des,m pl,,noun,,hobby,177
tricolore-1-5th-edition,Royaume-Uni,United Kingdom,le,,,noun,,travel,177
tricolore-1-5th-edition,rue,street,une,,,noun,,city-places,177
tricolore-1-5th-edition,rugby,rugby,le,,,noun,,hobby,177
tricolore-1-5th-edition,règle,ruler,une,,,noun,,school,177
tricolore-1-5th-edition,sac à dos,rucksack,un,,,noun,,school,177
tricolore-1-5th-edition,saison,season,une,,,noun,,weather,177
tricolore-1-5th-edition,salade,salad,une,,,noun,,food,177
tricolore-1-5th-edition,salle,room (in house),une,,,noun,,school,177
tricolore-1-5th-edition,salle des profs,staffroom,la,,,noun,,school,177
tricolore-1-5th-edition,samedi,Saturday,,,,noun,,time-dates,177
tricolore-1-5th-edition,sandales (f pl),sandals,des,f pl,,noun,,shopping,177
tricolore-1-5th-edition,sandwich,sandwich,un,,,noun,,food,177
tricolore-1-5th-edition,sans,without,,,,preposition,,none,177
tricolore-1-5th-edition,sauvegarder,to save (file),,,,verb,,communication,177
tricolore-1-5th-edition,sciences (f pl),science,les,f pl,,noun,,school,177
tricolore-1-5th-edition,sel,salt,le,,,noun,,food,177
tricolore-1-5th-edition,semaine,week,une,,,noun,,time-dates,177
tricolore-1-5th-edition,septembre,September,,,,noun,,time-dates,177
tricolore-1-5th-edition,serpent,snake,un,,,noun,,none,177
tricolore-1-5th-edition,short,shorts,un,,,noun,,shopping,177
tricolore-1-5th-edition,site web,website,un,,,noun,,communication,177
tricolore-1-5th-edition,situé,situated,,,,adjective,,city-places,177
tricolore-1-5th-edition,skate,skateboard,un,,,noun,,hobby,177
tricolore-1-5th-edition,smartphone,smartphone,un,,,noun,,communication,177
tricolore-1-5th-edition,soleil,sun,le,,,noun,,weather,177
tricolore-1-5th-edition,soupe,soup,la,,,noun,,food,177
tricolore-1-5th-edition,sous,under,,,,preposition,,none,177
tricolore-1-5th-edition,sport,sport,le,,,noun,,hobby,177
tricolore-1-5th-edition,sportif/sportive,sporty,,,,adjective,,none,177
tricolore-1-5th-edition,sucre,sugar,le,,,noun,,food,177
tricolore-1-5th-edition,sucreries (f pl),sweet things,des,f pl,,noun,,food,177
tricolore-1-5th-edition,sud,south,le,,,noun,,none,177
tricolore-1-5th-edition,supermarché,supermarket,un,,,noun,,shopping,177
tricolore-1-5th-edition,surfer (sur le Net),to surf (the Net),,,,verb,,communication,177
tricolore-1-5th-edition,SVT (Sciences de la Vie et de la Terre),science,,,,noun,,school,177
tricolore-1-5th-edition,sweat,sweatshirt,un,,,noun,,shopping,177
tricolore-1-5th-edition,synagogue,synagogue,une,,,noun,,city-places,177
tricolore-1-5th-edition,syndicat d'initiative,tourist office,un,,,noun,,travel,177
tricolore-1-5th-edition,sœur,sister,une,,,noun,,family,177
tricolore-1-5th-edition,table,table,une,,,noun,,home,177
tricolore-1-5th-edition,tablette,tablet computer,une,,,noun,,communication,177
tricolore-1-5th-edition,taper,to type,,,,verb,,communication,177
tricolore-1-5th-edition,technologie,technology,la,,,noun,,school,177
tricolore-1-5th-edition,tee-shirt,T-shirt,un,,,noun,,shopping,177
tricolore-1-5th-edition,temple,temple,un,,,noun,,city-places,177
tricolore-1-5th-edition,tennis,tennis,le,,,noun,,hobby,177
tricolore-1-5th-edition,tennis de table,table tennis,le,,,noun,,hobby,177
tricolore-1-5th-edition,texto,text message,un,,,noun,,communication,177
tricolore-1-5th-edition,thé,tea (drink),le,,,noun,,food,177
tricolore-1-5th-edition,théâtre,theatre,un,,,noun,,city-places,177
tricolore-1-5th-edition,toast,toast,le,,,noun,,food,177
tricolore-1-5th-edition,toilettes (f pl),toilets,les,f pl,,noun,,home,177
tricolore-1-5th-edition,tomate,tomato,une,,,noun,,food,177
tricolore-1-5th-edition,"ton, ta, tes; votre, vos",your,,,,other,,none,177
tricolore-1-5th-edition,tout droit,straight ahead,,,,adverb,,city-places,177
tricolore-1-5th-edition,train,train,un,,,noun,,travel,177
tricolore-1-5th-edition,travailler,to work,,,,verb,,profession,177
tricolore-1-5th-edition,troisième,third,,,,adjective,,none,177
tricolore-1-5th-edition,trompette,trumpet,une,,,noun,,hobby,177
tricolore-1-5th-edition,trop,too (much),,,,adverb,,none,177
tricolore-1-5th-edition,très,very,,,,adverb,,none,177
tricolore-1-5th-edition,"tu, toi, vous",you,,,,other,,none,177
tricolore-1-5th-edition,télé,TV,la,,,noun,,hobby,177
tricolore-1-5th-edition,téléphoner,to telephone,,,,verb,,communication,177
tricolore-1-5th-edition,télévision,television,la,,,noun,,hobby,177
tricolore-1-5th-edition,uniforme,uniform,un,,,noun,,school,177
tricolore-1-5th-edition,utile,useful,,,,adjective,,none,177
tricolore-1-5th-edition,valise,suitcase,une,,,noun,,vacation,177
tricolore-1-5th-edition,vers,towards,,,,preposition,,none,177
tricolore-1-5th-edition,veux,to want,je,,,verb,,none,177
tricolore-1-5th-edition,veux,to want,tu,,,verb,,none,177
tricolore-1-5th-edition,vidéo,video,une,,,noun,,hobby,177
tricolore-1-5th-edition,village,village,un,,,noun,,city-places,177
tricolore-1-5th-edition,ville,town,une,,,noun,,city-places,177
tricolore-1-5th-edition,vin,wine,du,,,noun,,food,177
tricolore-1-5th-edition,violon,violin,un,,,noun,,hobby,177
tricolore-1-5th-edition,visiter,to visit,,,,verb,,vacation,177
tricolore-1-5th-edition,volley,volleyball,le,,,noun,,hobby,177
tricolore-1-5th-edition,voulez,to want,vous,,,verb,,none,177
tricolore-1-5th-edition,vrai,true,,,,adjective,,none,177
tricolore-1-5th-edition,végétarien/végétarienne,vegetarian,,,,adjective,,food,177
tricolore-1-5th-edition,weekend,weekend,le,,,noun,,time-dates,177
tricolore-1-5th-edition,yaourt,yoghurt,un,,,noun,,food,177
tricolore-1-5th-edition,zoo,zoo,un,,,noun,,vacation,177
tricolore-1-5th-edition,à bientôt!,see you soon!,,,,phrase,,communication,177
tricolore-1-5th-edition,école,school (primary),une,,,noun,,school,177
tricolore-1-5th-edition,écossais,Scottish,,,,adjective,,none,177
tricolore-1-5th-edition,Écosse (f),Scotland,l',f,,noun,,travel,177
tricolore-1-5th-edition,écran,screen,un,,,noun,,communication,177
tricolore-1-5th-edition,écris/écrivez,write,,,,verb,,school,177
tricolore-1-5th-edition,équipe,team,une,,,noun,,hobby,177
tricolore-1-5th-edition,étudiant(e),student,un(e),,,noun,,school,177
tricolore-1-5th-edition,été (m),summer,l',m,,noun,,weather,177
