collection,section,part,item,item_type,question,option_a,option_b,option_c,correct_answer,level,topic,source_page
tricolore-1-5th-edition,listening,2 Ça va?,1,multiple-choice,Lauryne,✓ (Ça va bien),〜 (Comme ci comme ça),✗ (Pas très bien),✓,A1,personal-info,010
tricolore-1-5th-edition,listening,2 Ça va?,2,multiple-choice,Julien,✓ (Ça va bien),〜 (Comme ci comme ça),✗ (Pas très bien),,A1,personal-info,010
tricolore-1-5th-edition,listening,2 Ça va?,3,multiple-choice,Sanjay,✓ (Ça va bien),〜 (Comme ci comme ça),✗ (Pas très bien),,A1,personal-info,010
tricolore-1-5th-edition,listening,2 Ça va?,4,multiple-choice,Chloé,✓ (Ça va bien),〜 (Comme ci comme ça),✗ (Pas très bien),,A1,personal-info,010
tricolore-1-5th-edition,listening,2 Ça va?,5,multiple-choice,Léa,✓ (Ça va bien),〜 (Comme ci comme ça),✗ (Pas très bien),,A1,personal-info,010
tricolore-1-5th-edition,listening,2 Ça va?,6,multiple-choice,Alexandre,✓ (Ça va bien),〜 (Comme ci comme ça),✗ (Pas très bien),,A1,personal-info,010
tricolore-1-5th-edition,speaking,3 Quel âge as-tu?,3,speaking-task,Quel âge as-tu?,,,,(open-ended),A1,personal-info,011
tricolore-1-5th-edition,writing,4 Salut!,4a,fill-in,"A Salut! Comment t'appelles-tu? B Je m'appelle ___. Et toi, comment ___? A Je ___. Quel âge as-tu? B J'ai 11 ans. Et toi, quel ___? A J'ai ___. Ça va? B Comme ci, comme ça. Et toi, ___? A ___ Au revoir ___. B ___",,,,,A1,personal-info,011
tricolore-1-5th-edition,speaking,4 Salut!,4b,speaking-task,"À deux, inventez une longue conversation.",,,,(open-ended),A1,personal-info,011
tricolore-1-5th-edition,speaking,2 Qu'est-ce que c'est?,2b,speaking-task,Je pense à quelque chose.,,,,(open-ended),A1,school,012
tricolore-1-5th-edition,writing,3a Copie les bonnes phrases,1,true-false,Il y a quatre crayons.,,,,Vrai,A1,school,013
tricolore-1-5th-edition,writing,3b Copie et complète,1,fill-in,Il y a ___ taille-crayon.,,,,un,A1,school,013
tricolore-1-5th-edition,writing,3a Copie les bonnes phrases,2,true-false,Il y a deux stylos.,,,,,A1,school,013
tricolore-1-5th-edition,writing,3b Copie et complète,2,fill-in,Il y a ___ classeurs.,,,,,A1,school,013
tricolore-1-5th-edition,writing,3a Copie les bonnes phrases,3,true-false,Il y a une trousse.,,,,,A1,school,013
tricolore-1-5th-edition,writing,3b Copie et complète,3,fill-in,Il y a cinq ___.,,,,,A1,school,013
tricolore-1-5th-edition,writing,3c,3c,writing-task,Regarde le sac de Léa. Écris six phrases.,,,,(open-ended),A1,school,013
tricolore-1-5th-edition,writing,3a Copie les bonnes phrases,4,true-false,Il y a trois livres.,,,,,A1,school,013
tricolore-1-5th-edition,writing,3b Copie et complète,4,fill-in,Il y a une ___.,,,,,A1,school,013
tricolore-1-5th-edition,listening,4 Qu'est-ce qui manque?,4,short-answer,C'est l'anniversaire de Carine. Voici les cadeaux. Écoute la conversation et regarde les cadeaux. Qu'est-ce qui manque?,,,,,A1,personal-info,013
tricolore-1-5th-edition,writing,3a Copie les bonnes phrases,5,true-false,Il y a un portable.,,,,,A1,school,013
tricolore-1-5th-edition,writing,3b Copie et complète,5,fill-in,Il y a quatre ___.,,,,,A1,school,013
tricolore-1-5th-edition,writing,3a Copie les bonnes phrases,6,true-false,Il y a quatre règles.,,,,,A1,school,013
tricolore-1-5th-edition,writing,3b Copie et complète,6,fill-in,Il y a ___ carnet.,,,,,A1,school,013
tricolore-1-5th-edition,reading,1 Donner un ordre,1,matching,Écoutez.,,,,C,A1,school,014
tricolore-1-5th-edition,writing,1c Complète les phrases,1,fill-in,Écoutez la ___.,,,,chanson,A1,school,014
tricolore-1-5th-edition,reading,2a Des instructions,1,matching,Trouve les paires.,,,,Find the pairs.,A1,school,014
tricolore-1-5th-edition,reading,1 Donner un ordre,10,matching,Fermez le cahier.,,,,,A1,school,014
tricolore-1-5th-edition,reading,1 Donner un ordre,2,matching,Regardez.,,,,,A1,school,014
tricolore-1-5th-edition,writing,1c Complète les phrases,2,fill-in,Comptez les ___.,,,,,A1,school,014
tricolore-1-5th-edition,reading,2a Des instructions,2,matching,Regarde les images.,,,,Look at the pictures.,A1,school,014
tricolore-1-5th-edition,writing,2b,2b,writing-task,Dessine un poster pour la classe.,,,,(open-ended),A1,school,014
tricolore-1-5th-edition,reading,1 Donner un ordre,3,matching,Prenez un stylo.,,,,,A1,school,014
tricolore-1-5th-edition,writing,1c Complète les phrases,3,fill-in,Ouvrez le ___.,,,,,A1,school,014
tricolore-1-5th-edition,reading,2a Des instructions,3,matching,Écoute et répète.,,,,Listen and repeat.,A1,school,014
tricolore-1-5th-edition,reading,1 Donner un ordre,4,matching,Levez-vous.,,,,,A1,school,014
tricolore-1-5th-edition,writing,1c Complète les phrases,4,fill-in,Fermez la ___.,,,,,A1,school,014
tricolore-1-5th-edition,reading,2a Des instructions,4,matching,Écoute et écris …,,,,Listen and write …,A1,school,014
tricolore-1-5th-edition,reading,1 Donner un ordre,5,matching,Écrivez.,,,,,A1,school,014
tricolore-1-5th-edition,writing,1c Complète les phrases,5,fill-in,Regardez le ___.,,,,,A1,school,014
tricolore-1-5th-edition,reading,2a Des instructions,5,matching,Copie et complète …,,,,Copy and fill in …,A1,school,014
tricolore-1-5th-edition,reading,1 Donner un ordre,6,matching,Rangez vos affaires,,,,,A1,school,014
tricolore-1-5th-edition,writing,1c Complète les phrases,6,fill-in,Trouvez un ___.,,,,,A1,school,014
tricolore-1-5th-edition,reading,1 Donner un ordre,7,matching,Répétez.,,,,,A1,school,014
tricolore-1-5th-edition,writing,1c Complète les phrases,7,fill-in,Regardez le ___.,,,,,A1,school,014
tricolore-1-5th-edition,reading,1 Donner un ordre,8,matching,Ouvrez le livre à page 10.,,,,,A1,school,014
tricolore-1-5th-edition,writing,1c Complète les phrases,8,fill-in,Fermez le ___.,,,,,A1,school,014
tricolore-1-5th-edition,reading,1 Donner un ordre,9,matching,Asseyez-vous.,,,,,A1,school,014
tricolore-1-5th-edition,reading,2 C'est où?,1,short-answer,in Paris,,,,à Paris,A1,personal-info,017
tricolore-1-5th-edition,reading,3a Vrai ou faux?,1,true-false,Paris est en France.,,,,Vrai,A1,personal-info,017
tricolore-1-5th-edition,reading,3a Vrai ou faux?,10,true-false,Maxime habite dans les Alpes.,,,,Vrai,A1,personal-info,017
tricolore-1-5th-edition,reading,2 C'est où?,2,short-answer,in a flat,,,,dans un appartement,A1,personal-info,017
tricolore-1-5th-edition,reading,3a Vrai ou faux?,2,true-false,La Rochelle est un port en France.,,,,Vrai,A1,personal-info,017
tricolore-1-5th-edition,reading,2 C'est où?,3,short-answer,in town,,,,en ville,A1,personal-info,017
tricolore-1-5th-edition,reading,3a Vrai ou faux?,3,true-false,Camille habite dans une maison en Angleterre.,,,,Faux,A1,personal-info,017
tricolore-1-5th-edition,writing,3b,3b,writing-task,Corrige les cinq phrases qui sont fausses.,,,,"3 Camille habite dans un appartement en France (à Lille). 4 M. Lebrun habite dans une ferme. 5 M. Lebrun habite dans une ferme près de Trouville. 7 Lucas habite à Paris. 9 Julie habite à l'Île de Ré, près de La Rochelle.",A1,personal-info,017
tricolore-1-5th-edition,reading,2 C'est où?,4,short-answer,on a farm,,,,dans une ferme,A1,personal-info,017
tricolore-1-5th-edition,reading,3a Vrai ou faux?,4,true-false,M. Lebrun habite dans un appartement.,,,,Faux,A1,personal-info,017
tricolore-1-5th-edition,reading,2 C'est où?,5,short-answer,in a house,,,,dans une maison,A1,personal-info,017
tricolore-1-5th-edition,reading,3a Vrai ou faux?,5,true-false,Mme Dumas habite dans une ferme près de Trouville.,,,,Faux,A1,personal-info,017
tricolore-1-5th-edition,reading,2 C'est où?,6,short-answer,a port in France,,,,un port en France,A1,personal-info,017
tricolore-1-5th-edition,reading,3a Vrai ou faux?,6,true-false,Maxime habite près de Grenoble.,,,,Vrai,A1,personal-info,017
tricolore-1-5th-edition,reading,2 C'est où?,7,short-answer,in the mountains,,,,à la montagne,A1,personal-info,017
tricolore-1-5th-edition,reading,3a Vrai ou faux?,7,true-false,Lucas habite dans un port.,,,,Faux,A1,personal-info,017
tricolore-1-5th-edition,reading,2 C'est où?,8,short-answer,in the Alps,,,,dans les Alpes,A1,personal-info,017
tricolore-1-5th-edition,reading,3a Vrai ou faux?,8,true-false,Nice est une ville au bord de la mer.,,,,Vrai,A1,personal-info,017
tricolore-1-5th-edition,reading,2 C'est où?,9,short-answer,near La Rochelle,,,,près de La Rochelle,A1,personal-info,017
tricolore-1-5th-edition,reading,3a Vrai ou faux?,9,true-false,Julie habite à La Rochelle.,,,,Faux,A1,personal-info,017
tricolore-1-5th-edition,writing,1 J'habite ici,1,fill-in,J'habite ___ (panneau CHERBOURG),,,,à Cherbourg.,A1,personal-info,018
tricolore-1-5th-edition,writing,1 J'habite ici,2,fill-in,J'habite dans ___ (maison jaune),,,,une maison.,A1,personal-info,018
tricolore-1-5th-edition,speaking,2 Et toi? Où habites-tu?,2,speaking-task,Où habites-tu?,,,,(open-ended),A1,personal-info,018
tricolore-1-5th-edition,writing,1 J'habite ici,3,fill-in,J'habite dans ___ (immeuble avec balcon),,,,un appartement.,A1,personal-info,018
tricolore-1-5th-edition,writing,1 J'habite ici,4,fill-in,J'habite dans ___ (ferme),,,,une ferme.,A1,personal-info,018
tricolore-1-5th-edition,writing,1 J'habite ici,5,fill-in,J'habite ___ (panneau TOULOUSE 5km),,,,près de Toulouse.,A1,personal-info,018
tricolore-1-5th-edition,writing,1 J'habite ici,6,fill-in,J'habite dans ___ (silhouette de ville),,,,une ville.,A1,personal-info,018
tricolore-1-5th-edition,writing,1 J'habite ici,7,fill-in,J'habite dans ___ (village),,,,un village.,A1,personal-info,018
tricolore-1-5th-edition,writing,1 J'habite ici,8,fill-in,J'habite ___ (carte de France),,,,en France.,A1,personal-info,018
tricolore-1-5th-edition,listening,3 Qui habite où?,1,matching,Olivier,,,,7,A1,personal-info,019
tricolore-1-5th-edition,reading,4a C'est moi!,1,matching,Je m'appelle,,,,Sonia Charbonnier.,A1,personal-info,019
tricolore-1-5th-edition,listening,3 Qui habite où?,2,matching,Coralie,,,,,A1,personal-info,019
tricolore-1-5th-edition,reading,4a C'est moi!,2,matching,J'ai,,,,douze ans.,A1,personal-info,019
tricolore-1-5th-edition,listening,3 Qui habite où?,3,matching,Magali,,,,,A1,personal-info,019
tricolore-1-5th-edition,reading,4a C'est moi!,3,matching,J'habite,,,,dans une maison.,A1,personal-info,019
tricolore-1-5th-edition,listening,3 Qui habite où?,4,matching,Loïc,,,,,A1,personal-info,019
tricolore-1-5th-edition,reading,4a C'est moi!,4,matching,Ma maison est dans,,,,un petit village.,A1,personal-info,019
tricolore-1-5th-edition,writing,4b,4b,writing-task,Écris des phrases complètes.,,,,Je m'appelle Sonia Charbonnier. J'ai douze ans. J'habite dans une maison. Ma maison est dans un petit village. Le village est près de La Rochelle. La Rochelle est une ville en France.,A1,personal-info,019
tricolore-1-5th-edition,listening,3 Qui habite où?,5,matching,Sébastien,,,,,A1,personal-info,019
tricolore-1-5th-edition,reading,4a C'est moi!,5,matching,Le village est près,,,,de La Rochelle.,A1,personal-info,019
tricolore-1-5th-edition,speaking,5b,5b,speaking-task,"À deux, changez les mots surlignés.",,,,(open-ended),A1,personal-info,019
tricolore-1-5th-edition,speaking,5c,5c,speaking-task,"À deux, inventez une autre conversation. Ajoutez encore deux détails.",,,,(open-ended),A1,personal-info,019
tricolore-1-5th-edition,listening,3 Qui habite où?,6,matching,Monsieur Garnier,,,,,A1,personal-info,019
tricolore-1-5th-edition,reading,4a C'est moi!,6,matching,La Rochelle est,,,,une ville en France.,A1,personal-info,019
tricolore-1-5th-edition,listening,3 Qui habite où?,7,matching,Jean-Marc,,,,,A1,personal-info,019
tricolore-1-5th-edition,listening,3 Qui habite où?,8,matching,Isabelle,,,,,A1,personal-info,019
tricolore-1-5th-edition,reading,1b Trouve les cinq phrases qui sont vraies,1,true-false,"Lundi, Lou est dans un village.",,,,Vrai,A1,time-dates,020
tricolore-1-5th-edition,reading,2 Quel jour sommes-nous?,1,matching,lu.,,,,"lundi, Monday",A1,time-dates,020
tricolore-1-5th-edition,reading,1b Trouve les cinq phrases qui sont vraies,2,true-false,"Mercredi, Lou est en France.",,,,Faux,A1,time-dates,020
tricolore-1-5th-edition,reading,2 Quel jour sommes-nous?,2,matching,ma.,,,,"mardi, Tuesday",A1,time-dates,020
tricolore-1-5th-edition,reading,1b Trouve les cinq phrases qui sont vraies,3,true-false,"Samedi, Lou est dans une ville en France.",,,,Vrai,A1,time-dates,020
tricolore-1-5th-edition,reading,2 Quel jour sommes-nous?,3,matching,me.,,,,"mercredi, Wednesday",A1,time-dates,020
tricolore-1-5th-edition,reading,1b Trouve les cinq phrases qui sont vraies,4,true-false,"Vendredi, Lou est dans une ferme, au pays de Galles.",,,,Faux,A1,time-dates,020
tricolore-1-5th-edition,reading,2 Quel jour sommes-nous?,4,matching,je.,,,,"jeudi, Thursday",A1,time-dates,020
tricolore-1-5th-edition,reading,1b Trouve les cinq phrases qui sont vraies,5,true-false,"Mardi, Lou est en Angleterre.",,,,Vrai,A1,time-dates,020
tricolore-1-5th-edition,reading,2 Quel jour sommes-nous?,5,matching,ve.,,,,"vendredi, Friday",A1,time-dates,020
tricolore-1-5th-edition,reading,1b Trouve les cinq phrases qui sont vraies,6,true-false,"Jeudi, Lou est en Irlande.",,,,Vrai,A1,time-dates,020
tricolore-1-5th-edition,reading,2 Quel jour sommes-nous?,6,matching,sa.,,,,"samedi, Saturday",A1,time-dates,020
tricolore-1-5th-edition,reading,1b Trouve les cinq phrases qui sont vraies,7,true-false,"Samedi, Lou est près de la tour de Londres.",,,,Faux,A1,time-dates,020
tricolore-1-5th-edition,reading,2 Quel jour sommes-nous?,7,matching,di.,,,,"dimanche, Sunday",A1,time-dates,020
tricolore-1-5th-edition,reading,1b Trouve les cinq phrases qui sont vraies,8,true-false,Lou adore le dimanche.,,,,Vrai,A1,time-dates,020
tricolore-1-5th-edition,speaking,4 Comment ça s'écrit?,4,speaking-task,"À deux, inventez des conversations.",,,,(open-ended),A1,mixed,021
tricolore-1-5th-edition,reading,1b Qui est-ce?,1,short-answer,J'ai douze ans.,,,,Thomas,A1,family,022
tricolore-1-5th-edition,writing,2a La famille Laurent,1,fill-in,M. Laurent est le ___.,,,,père,A1,family,022
tricolore-1-5th-edition,reading,1b Qui est-ce?,2,short-answer,J'ai quatorze ans et j'ai deux frères.,,,,Louise,A1,family,022
tricolore-1-5th-edition,writing,2a La famille Laurent,2,fill-in,Mme Laurent est la ___.,,,,mère,A1,family,022
tricolore-1-5th-edition,writing,2b,2b,writing-task,Invente une famille. Fais des dessins et écris une présentation.,,,,(open-ended),A1,family,022
tricolore-1-5th-edition,reading,1b Qui est-ce?,3,short-answer,J'ai une sœur et un frère et j'ai dix ans.,,,,Daniel,A1,family,022
tricolore-1-5th-edition,writing,2a La famille Laurent,3,fill-in,Il y a trois enfants dans la ___ Laurent.,,,,famille,A1,family,022
tricolore-1-5th-edition,reading,1b Qui est-ce?,4,short-answer,Je suis le père et j'ai trois enfants.,,,,M. Jean-Pierre Laurent,A1,family,022
tricolore-1-5th-edition,writing,2a La famille Laurent,4,fill-in,Il y a deux garçons et une ___.,,,,fille,A1,family,022
tricolore-1-5th-edition,reading,1b Qui est-ce?,5,short-answer,Je suis la fille de M. et Mme Laurent.,,,,Louise,A1,family,022
tricolore-1-5th-edition,writing,2a La famille Laurent,5,fill-in,Thomas et Daniel sont les ___ de M. et Mme Laurent.,,,,fils,A1,family,022
tricolore-1-5th-edition,reading,1b Qui est-ce?,6,short-answer,Je suis la mère. J'ai deux fils et une fille.,,,,Mme Claire Laurent,A1,family,022
tricolore-1-5th-edition,writing,2a La famille Laurent,6,fill-in,Thomas et Daniel sont les ___ de Louise.,,,,frères,A1,family,022
tricolore-1-5th-edition,reading,1b Qui est-ce?,7,short-answer,C'est le père de famille.,,,,M. Jean-Pierre Laurent,A1,family,022
tricolore-1-5th-edition,writing,2a La famille Laurent,7,fill-in,Louise est la ___ de Daniel et Thomas.,,,,sœur,A1,family,022
tricolore-1-5th-edition,reading,1b Qui est-ce?,8,short-answer,C'est la sœur de Daniel.,,,,Louise,A1,family,022
tricolore-1-5th-edition,reading,4b Vrai ou faux?,1,true-false,Talia a un frère.,,,,Faux,A1,family,023
tricolore-1-5th-edition,grammar,5a Avoir,1,fill-in,___ I have,,,,j'ai,A1,family,023
tricolore-1-5th-edition,reading,4b Vrai ou faux?,10,true-false,Talia a une cousine.,,,,Vrai,A1,family,023
tricolore-1-5th-edition,reading,4b Vrai ou faux?,2,true-false,Simon a deux sœurs et une belle-mère.,,,,Faux,A1,family,023
tricolore-1-5th-edition,grammar,5a Avoir,2,fill-in,___ you have,,,,tu as,A1,family,023
tricolore-1-5th-edition,reading,4b Vrai ou faux?,3,true-false,"Alice a un demi-frère, David.",,,,Vrai,A1,family,023
tricolore-1-5th-edition,grammar,5a Avoir,3,fill-in,___ he has,,,,il a,A1,family,023
tricolore-1-5th-edition,reading,4b Vrai ou faux?,4,true-false,Talia est fille unique.,,,,Vrai,A1,family,023
tricolore-1-5th-edition,grammar,5a Avoir,4,fill-in,___ she has,,,,elle a,A1,family,023
tricolore-1-5th-edition,reading,4b Vrai ou faux?,5,true-false,Simon a un demi-frère.,,,,Faux,A1,family,023
tricolore-1-5th-edition,grammar,5a Avoir,5,fill-in,J'___ douze ans.,,,,ai,A1,family,023
tricolore-1-5th-edition,writing,5b,5b,writing-task,Tu es Martin Martien. Décris ta famille. Imagine les détails.,,,,(open-ended),A1,family,023
tricolore-1-5th-edition,reading,4b Vrai ou faux?,6,true-false,Alice est fille unique.,,,,Faux,A1,family,023
tricolore-1-5th-edition,grammar,5a Avoir,6,fill-in,"Et toi, tu ___ quel âge?",,,,as,A1,family,023
tricolore-1-5th-edition,reading,4b Vrai ou faux?,7,true-false,Simon a des grands-parents.,,,,Vrai,A1,family,023
tricolore-1-5th-edition,grammar,5a Avoir,7,fill-in,Mon frère ___ dix ans,,,,a,A1,family,023
tricolore-1-5th-edition,reading,4b Vrai ou faux?,8,true-false,Simon est fils unique.,,,,Vrai,A1,family,023
tricolore-1-5th-edition,grammar,5a Avoir,8,fill-in,Elle ___ treize ans.,,,,a,A1,family,023
tricolore-1-5th-edition,reading,4b Vrai ou faux?,9,true-false,"David a une sœur, Érika, et une demi-sœur, Alice.",,,,Vrai,A1,family,023
tricolore-1-5th-edition,writing,1 La famille Corpuscule,1,fill-in,___ sœur s'appelle Enferina. « Voici ___ chat. Il s'appelle Drak. »,,,,Ma; mon,A1,personal-info,024
tricolore-1-5th-edition,writing,2 Tu as tes affaires?,1,fill-in,"Tu as ___ trousse? — Oui, voici ___ trousse.",,,,ta; ma,A1,personal-info,024
tricolore-1-5th-edition,listening,3a Mon numéro un,1,short-answer,Personne 1: écris la chose la plus importante.,,,,ma guitare,A1,personal-info,024
tricolore-1-5th-edition,writing,1 La famille Corpuscule,2,fill-in,Voici ___ parents.,,,,mes,A1,personal-info,024
tricolore-1-5th-edition,writing,2 Tu as tes affaires?,2,fill-in,"Tu as ___ règle? — Oui, voici ___ règle.",,,,ta; ma,A1,personal-info,024
tricolore-1-5th-edition,listening,3a Mon numéro un,2,short-answer,Personne 2: écris la chose la plus importante.,,,,ma peluche,A1,personal-info,024
tricolore-1-5th-edition,writing,1 La famille Corpuscule,3,fill-in,___ père s'appelle Tombô. « Voici ___ ordinateur. »,,,,Mon; mon,A1,personal-info,024
tricolore-1-5th-edition,writing,2 Tu as tes affaires?,3,fill-in,"Tu as ___ cahiers? — Oui, voici ___ cahiers.",,,,tes; mes,A1,personal-info,024
tricolore-1-5th-edition,listening,3a Mon numéro un,3,short-answer,Personne 3: écris la chose la plus importante.,,,,mon smartphone,A1,personal-info,024
tricolore-1-5th-edition,writing,3b,3b,writing-task,Écris ta liste personnelle.,,,,(open-ended),A1,personal-info,024
tricolore-1-5th-edition,speaking,3c,3c,speaking-task,Quel est ton numéro un?,,,,(open-ended),A1,personal-info,024
tricolore-1-5th-edition,writing,1 La famille Corpuscule,4,fill-in,___ mère s'appelle Draculine. « Voici ___ souris. Elle s'appelle Fantôme. »,,,,Ma; ma,A1,personal-info,024
tricolore-1-5th-edition,writing,2 Tu as tes affaires?,4,fill-in,"Tu as ___ lecteur MP3? — Oui, voici ___ lecteur MP3.",,,,ton; mon,A1,personal-info,024
tricolore-1-5th-edition,listening,3a Mon numéro un,4,short-answer,Personne 4: écris la chose la plus importante.,,,,,A1,personal-info,024
tricolore-1-5th-edition,writing,1 La famille Corpuscule,5,fill-in,J'habite avec ___ parents et ___ sœur dans le château Corpuscule.,,,,mes; ma,A1,personal-info,024
tricolore-1-5th-edition,writing,2 Tu as tes affaires?,5,fill-in,Et tu as ___ sac? — Oh non! Zut! Où est ___ sac?,,,,ton; mon,A1,personal-info,024
tricolore-1-5th-edition,reading,4b Choisis la bonne phrase,1,multiple-choice,Item 1 (image),C'est le lecteur MP3 de Dani.,C'est le lecteur MP3 de son frère.,,C'est le lecteur MP3 de son frère.,A1,family,025
tricolore-1-5th-edition,reading,4b Choisis la bonne phrase,2,multiple-choice,Item 2 (image),C'est le sac à dos de Dani.,C'est le sac à dos de son frère.,,C'est le sac à dos de son frère.,A1,family,025
tricolore-1-5th-edition,reading,4b Choisis la bonne phrase,3,multiple-choice,Item 3 (image),C'est la liseuse de Dani.,C'est la liseuse de Théo.,,C'est la liseuse de Théo.,A1,family,025
tricolore-1-5th-edition,reading,4b Choisis la bonne phrase,4,multiple-choice,Item 4 (image),C'est le vélo de Théo.,C'est le vélo de Dani.,,C'est le vélo de Théo.,A1,family,025
tricolore-1-5th-edition,reading,4b Choisis la bonne phrase,5,multiple-choice,Item 5 (image),C'est le t-shirt de Dani.,C'est le t-shirt de son frère.,,,A1,family,025
tricolore-1-5th-edition,reading,4b Choisis la bonne phrase,6,multiple-choice,Item 6 (image),C'est la copine de Dani.,C'est la copine de son frère.,,C'est la copine de son frère.,A1,family,025
tricolore-1-5th-edition,reading,1b Vrai ou faux?,1,true-false,Yvan a un frère.,,,,Faux,A1,family,026
tricolore-1-5th-edition,writing,2 Un message de Karine,1,fill-in,Je ___ ta correspondante française.,,,,suis,A1,family,026
tricolore-1-5th-edition,reading,1b Vrai ou faux?,2,true-false,Yvan est sportif.,,,,Vrai,A1,family,026
tricolore-1-5th-edition,writing,2 Un message de Karine,2,fill-in,Il ___ amusant.,,,,est,A1,family,026
tricolore-1-5th-edition,reading,1b Vrai ou faux?,3,true-false,Lou est un ami d'Yvan.,,,,Vrai,A1,family,026
tricolore-1-5th-edition,writing,2 Un message de Karine,3,fill-in,Elle ___ fantastique!,,,,est,A1,family,026
tricolore-1-5th-edition,writing,3a,3a,writing-task,Réponds à Yvan ou à Karine. Écris un paragraphe.,,,,(open-ended),A1,family,026
tricolore-1-5th-edition,writing,3b,3b,writing-task,Écris deux paragraphes – donne plus de détails.,,,,(open-ended),A1,family,026
tricolore-1-5th-edition,reading,1b Vrai ou faux?,4,true-false,L'amie d'Yvan s'appelle Lou.,,,,Faux,A1,family,026
tricolore-1-5th-edition,writing,2 Un message de Karine,4,fill-in,___-tu sportive comme moi?,,,,Es,A1,family,026
tricolore-1-5th-edition,reading,1b Vrai ou faux?,5,true-false,Lou est très sportif.,,,,Faux,A1,family,026
tricolore-1-5th-edition,reading,1b Vrai ou faux?,6,true-false,La copine d'Yvan aime la musique.,,,,Vrai,A1,family,026
tricolore-1-5th-edition,reading,1b Vrai ou faux?,7,true-false,Delphine a un lecteur MP3.,,,,Vrai,A1,family,026
tricolore-1-5th-edition,reading,1b Vrai ou faux?,8,true-false,La sœur d'Yvan s'appelle Delphine.,,,,Faux,A1,family,026
tricolore-1-5th-edition,reading,4b C'est où?,1,matching,le salon,,,,J,A1,home,027
tricolore-1-5th-edition,reading,5 Les pièces,1,matching,"Dans la maison, …",,,,il y a huit pièces.,A1,home,027
tricolore-1-5th-edition,reading,4b C'est où?,10,matching,le garage,,,,F,A1,home,027
tricolore-1-5th-edition,reading,5 Les pièces,10,matching,"Dans la chambre de Thomas et Daniel, …",,,,"il y a deux lits, une console de jeux et une télé.",A1,home,027
tricolore-1-5th-edition,reading,4b C'est où?,2,matching,la salle à manger,,,,,A1,home,027
tricolore-1-5th-edition,reading,5 Les pièces,2,matching,Il y a un téléphone …,,,,dans la chambre de M. et Mme Laurent et dans la cuisine.,A1,home,027
tricolore-1-5th-edition,reading,4b C'est où?,3,matching,la cuisine,,,,,A1,home,027
tricolore-1-5th-edition,reading,5 Les pièces,3,matching,Le chat est …,,,,dans la chambre de Louise.,A1,home,027
tricolore-1-5th-edition,reading,4b C'est où?,4,matching,les toilettes,,,,I,A1,home,027
tricolore-1-5th-edition,reading,5 Les pièces,4,matching,"Dans la salle à manger, …",,,,il y a cinq chaises et une table.,A1,home,027
tricolore-1-5th-edition,reading,4b C'est où?,5,matching,la chambre de M. et Mme Laurent,,,,A,A1,home,027
tricolore-1-5th-edition,reading,5 Les pièces,5,matching,"Dans la chambre de Louise, …",,,,il y a une station d'accueil MP3 et un portable.,A1,home,027
tricolore-1-5th-edition,reading,4b C'est où?,6,matching,la chambre de Thomas et Daniel,,,,B,A1,home,027
tricolore-1-5th-edition,reading,5 Les pièces,6,matching,Les jeux vidéo sont …,,,,dans la chambre de Thomas et Daniel.,A1,home,027
tricolore-1-5th-edition,reading,4b C'est où?,7,matching,la chambre de Louise,,,,C,A1,home,027
tricolore-1-5th-edition,reading,5 Les pièces,7,matching,"Dans le salon, …",,,,il y a une télé.,A1,home,027
tricolore-1-5th-edition,reading,4b C'est où?,8,matching,la salle de bains,,,,D,A1,home,027
tricolore-1-5th-edition,reading,5 Les pièces,8,matching,"Dans la chambre de M. et Mme Laurent, …",,,,il y a un lecteur CD et un téléphone.,A1,home,027
tricolore-1-5th-edition,reading,4b C'est où?,9,matching,le jardin,,,,E,A1,home,027
tricolore-1-5th-edition,reading,5 Les pièces,9,matching,"Dans la cuisine, …",,,,il y a une radio et un téléphone.,A1,home,027
tricolore-1-5th-edition,writing,2 Dans la chambre,1,fill-in,La télé est ___ la chambre.,,,,dans,A1,home,028
tricolore-1-5th-edition,writing,2 Dans la chambre,2,fill-in,Où est le sac? Il est ___ le lit de Daniel.,,,,sur,A1,home,028
tricolore-1-5th-edition,writing,2 Dans la chambre,3,fill-in,Et où est la gomme de Daniel? Elle est ___ la trousse.,,,,dans,A1,home,028
tricolore-1-5th-edition,writing,2 Dans la chambre,4,fill-in,Et la trousse est ___ la chaise.,,,,sur,A1,home,028
tricolore-1-5th-edition,writing,2 Dans la chambre,5,fill-in,Les crayons de Thomas sont ___ la boîte et la boîte est ___ la table.,,,,dans (les crayons); (position de la boîte non précisée dans le texte),A1,home,028
tricolore-1-5th-edition,writing,2 Dans la chambre,6,fill-in,La règle de Daniel est ___ le sac.,,,,dans,A1,home,028
tricolore-1-5th-edition,writing,2 Dans la chambre,7,fill-in,Où est le smartphone de Daniel? Il est ___ le lit.,,,,sous,A1,home,028
tricolore-1-5th-edition,writing,2 Dans la chambre,8,fill-in,Et où est le lecteur MP3 de Thomas? Il est ___ la chaise.,,,,,A1,home,028
tricolore-1-5th-edition,grammar,Dossier-langue table,1,fill-in,Copy and complete: a/an (masculine un / feminine ___ / vowel un-une); the (masc ___ / fem la / vowel l'-l'); my (mon / ___ / mon-mon); your (ton / ta / ___).,,,,a/an feminine = une; the masculine = le; my feminine = ma; your before a vowel = ton/ton,A1,home,029
tricolore-1-5th-edition,reading,3 Où est … ?,1,matching,Où est le chat?,,,,Il est sur la table.,A1,home,029
tricolore-1-5th-edition,reading,3 Où est … ?,2,matching,Où est Enferina?,,,,Elle est sous la table.,A1,home,029
tricolore-1-5th-edition,reading,3 Où est … ?,3,matching,Où est l'ordinateur de Tombô?,,,,Il est sous le lit.,A1,home,029
tricolore-1-5th-edition,reading,3 Où est … ?,4,matching,Où est le château de la famille Corpuscule?,,,,Il est dans le jardin.,A1,home,029
tricolore-1-5th-edition,writing,4a,4a,writing-task,Écris trois phrases ou plus sur ta chambre.,,,,(open-ended),A1,home,029
tricolore-1-5th-edition,writing,4b,4b,writing-task,Fais une présentation (électronique) sur ta maison ou ton appartement.,,,,(open-ended),A1,home,029
tricolore-1-5th-edition,reading,3 Où est … ?,5,matching,Où est Draculine (la mère)?,,,,Elle est dans le jardin.,A1,home,029
tricolore-1-5th-edition,reading,3 Où est … ?,6,matching,Où est la souris?,,,,Elle est sur le lit.,A1,home,029
tricolore-1-5th-edition,reading,3 Où est … ?,7,matching,Où est le dragon d'Enferina?,,,,Il est sur la chaise.,A1,home,029
tricolore-1-5th-edition,reading,3 Où est … ?,8,matching,Mais où est le smartphone de Désastre?,,,,Il est dans le dragon.,A1,home,029
tricolore-1-5th-edition,reading,2a Vrai ou faux?,1,true-false,Alban est enfant unique.,,,,Faux,A1,family,030
tricolore-1-5th-edition,writing,2c Complète les phrases,1,fill-in,C'est Alban qui a un ___.,,,,an,A1,family,030
tricolore-1-5th-edition,reading,2a Vrai ou faux?,2,true-false,Il a beaucoup de frères.,,,,Vrai,A1,family,030
tricolore-1-5th-edition,writing,2c Complète les phrases,2,fill-in,"Dans la chambre de Mathieu, il y a des ___.",,,,jeux vidéo,A1,family,030
tricolore-1-5th-edition,reading,2a Vrai ou faux?,3,true-false,Il aime les grandes familles.,,,,Vrai,A1,family,030
tricolore-1-5th-edition,writing,2c Complète les phrases,3,fill-in,Alban a ___ frères et 28 ___.,,,,trente; sœurs,A1,family,030
tricolore-1-5th-edition,reading,2a Vrai ou faux?,4,true-false,Ses cousins habitent dans la cuisine.,,,,Faux,A1,family,030
tricolore-1-5th-edition,writing,2c Complète les phrases,4,fill-in,Mathieu aime regarder la ___.,,,,télé,A1,family,030
tricolore-1-5th-edition,reading,2a Vrai ou faux?,5,true-false,Son grand-père a dix ans.,,,,Faux,A1,family,030
tricolore-1-5th-edition,writing,2c Complète les phrases,5,fill-in,Le lit des sœurs d'Alban est ___ l'ordinateur.,,,,sous,A1,family,030
tricolore-1-5th-edition,reading,2a Vrai ou faux?,6,true-false,Marguerite a un ordinateur.,,,,Vrai,A1,family,030
tricolore-1-5th-edition,grammar,1 Les nombres,1,fill-in,"vingt-six, vingt-sept, ___ , vingt-neuf.",,,,vingt-huit,A1,none,032
tricolore-1-5th-edition,grammar,1 Les nombres (b),1,short-answer,How many of the numbers 1–70 contain the word dix?,,,,,A1,none,032
tricolore-1-5th-edition,grammar,"2 Masculin, féminin",1,short-answer,"Écris deux listes (masculin/féminin) à partir des mots: elle, fille, frère, garçon, il, la, le, ma, mère, mon, père, sœur, ta, ton, un, une.",,,,,A1,none,032
tricolore-1-5th-edition,reading,3 Un multi-quiz,1,multiple-choice,La Rochelle est,un village.,une région.,une ville.,une ville.,A1,city-places,032
tricolore-1-5th-edition,grammar,1 Les nombres,2,fill-in,"soixante-et-un, ___ , soixante-trois, soixante-quatre.",,,,,A1,none,032
tricolore-1-5th-edition,grammar,1 Les nombres (b),2,short-answer,How many contain the word un?,,,,,A1,none,032
tricolore-1-5th-edition,reading,3 Un multi-quiz,2,multiple-choice,"Dans une maison française, le lit est souvent dans",la cuisine.,la chambre.,le salon.,,A1,home,032
tricolore-1-5th-edition,grammar,1 Les nombres,3,fill-in,"quarante-deux, quarante-trois, ___ , quarante-cinq.",,,,,A1,none,032
tricolore-1-5th-edition,grammar,1 Les nombres (b),3,short-answer,How many contain et?,,,,,A1,none,032
tricolore-1-5th-edition,reading,3 Un multi-quiz,3,multiple-choice,Les Alpes sont,des montagnes en France.,des montagnes en Écosse.,des montagnes au pays de Galles.,,A1,travel,032
tricolore-1-5th-edition,grammar,1 Les nombres,4,fill-in,"treize, ___ , quinze, seize, dix-sept.",,,,,A1,none,032
tricolore-1-5th-edition,reading,3 Un multi-quiz,4,multiple-choice,Mes affaires sont dans,un cartable.,un ordinateur.,un lecteur.,,A1,school,032
tricolore-1-5th-edition,grammar,1 Les nombres,5,fill-in,"quarante-neuf, ___ , cinquante-et-un, cinquante-deux.",,,,,A1,none,032
tricolore-1-5th-edition,reading,3 Un multi-quiz,5,multiple-choice,Je range mes crayons dans,un classeur.,une trousse.,un cahier.,,A1,school,032
tricolore-1-5th-edition,grammar,1 Les nombres,6,fill-in,"trente-deux, trente-trois, trente-quatre, ___.",,,,,A1,none,032
tricolore-1-5th-edition,reading,3 Un multi-quiz,6,multiple-choice,"Dans ma classe, il y a trente",professeurs.,magasins.,élèves.,,A1,school,032
tricolore-1-5th-edition,reading,3 Un multi-quiz,7,multiple-choice,"Je suis un garçon. Je suis l'enfant de ta mère et de ton père. Alors, je suis",ton cousin.,ton demi-frère.,ton frère.,,A1,family,032
tricolore-1-5th-edition,reading,3 Un multi-quiz,8,multiple-choice,Tu n'as pas de frères et tu n'as pas de sœurs. Tu es,un enfant extraordinaire.,un enfant fantastique.,enfant unique,,A1,family,032
tricolore-1-5th-edition,reading,4 Le jeu des images,1,matching,Comptez.,,,,B,A1,school,033
tricolore-1-5th-edition,grammar,5 Des descriptions,1,fill-in,"Dans la cuisine, il y a une ___ , une ___ et un ___ .",,,,,A1,home,033
tricolore-1-5th-edition,speaking,7 Questions et réponses,1,short-answer,Comment t'appelles-tu? Je ...,,,,(open-ended),A1,personal-info,033
tricolore-1-5th-edition,reading,4 Le jeu des images,10,matching,Voici un village. C'est près de Bordeaux.,,,,,A1,city-places,033
tricolore-1-5th-edition,speaking,7 Questions et réponses,10,short-answer,"C'est le chat d'Enferina? Oui/Non, c'est ...",,,,(open-ended),A1,mixed,033
tricolore-1-5th-edition,reading,4 Le jeu des images,2,matching,Chantez.,,,,,A1,school,033
tricolore-1-5th-edition,grammar,5 Des descriptions,2,fill-in,"Dans une rue, il y a des ___ et un ___ .",,,,,A1,city-places,033
tricolore-1-5th-edition,speaking,7 Questions et réponses,2,short-answer,Quel âge as-tu? J'ai ...,,,,(open-ended),A1,personal-info,033
tricolore-1-5th-edition,reading,4 Le jeu des images,3,matching,Viens ici!,,,,,A1,school,033
tricolore-1-5th-edition,grammar,5 Des descriptions,3,fill-in,"Voici une grande ___ . Dans la famille, il y a une f___ , quatre g___ et deux p___ . La fille s'appelle Caroline. Elle a cinq a___ .",,,,,A1,family,033
tricolore-1-5th-edition,speaking,7 Questions et réponses,3,short-answer,Où habites-tu? J'habite ...,,,,(open-ended),A1,personal-info,033
tricolore-1-5th-edition,reading,4 Le jeu des images,4,matching,Jouez à deux!,,,,,A1,school,033
tricolore-1-5th-edition,speaking,7 Questions et réponses,4,short-answer,Tu as des frères et sœurs? ...,,,,(open-ended),A1,family,033
tricolore-1-5th-edition,reading,4 Le jeu des images,5,matching,"Dans la boîte, il y a un crayon, une règle et un stylo.",,,,,A1,school,033
tricolore-1-5th-edition,speaking,7 Questions et réponses,5,short-answer,Quel jour sommes-nous? C'est ...,,,,(open-ended),A1,time-dates,033
tricolore-1-5th-edition,reading,4 Le jeu des images,6,matching,La radio est sur la table.,,,,,A1,home,033
tricolore-1-5th-edition,speaking,7 Questions et réponses,6,short-answer,Où est le livre? Il est ...,,,,(open-ended),A1,home,033
tricolore-1-5th-edition,reading,4 Le jeu des images,7,matching,La radio est sous la table.,,,,,A1,home,033
tricolore-1-5th-edition,speaking,7 Questions et réponses,7,short-answer,Où est la gomme? Elle est ...,,,,(open-ended),A1,school,033
tricolore-1-5th-edition,reading,4 Le jeu des images,8,matching,Il y a deux crayons et une règle dans la boîte.,,,,,A1,school,033
tricolore-1-5th-edition,speaking,7 Questions et réponses,8,short-answer,Où est le crayon? ...,,,,(open-ended),A1,school,033
tricolore-1-5th-edition,reading,4 Le jeu des images,9,matching,Voici une ville. C'est près de Paris.,,,,,A1,city-places,033
tricolore-1-5th-edition,speaking,7 Questions et réponses,9,short-answer,Qu'est-ce que c'est? C'est ...,,,,(open-ended),A1,none,033
tricolore-1-5th-edition,grammar,6 Les petits mots (a),a,fill-in,"Dans ton sac, il y a (1 *a*) ___ calculatrice, (2 *a*) ___ gomme, (3 *your*) ___ stylo, (4 *your*) ___ trousse et (5 *the*) ___ crayon de (6 *your*) ___ frère.",,,,,A1,school,033
tricolore-1-5th-edition,grammar,6 Les petits mots (b),b,fill-in,"Dans notre famille, il y a (7 *my*) ___ sœur, (8 *my*) ___ demi-frère Martin, (9 *my*) ___ mère et (10 *my*) ___ père. Il y a aussi (11 *the*) ___ chat de Martin qui habite avec nous.",,,,,A1,family,033
tricolore-1-5th-edition,reading,1 Grand Concours national,1,matching,Le gros chien s'appelle Samba.,,,,C,A1,mixed,034
tricolore-1-5th-edition,speaking,"2 Vote, vote, vote!",1,short-answer,Tu préfères quel animal?,,,,(open-ended),A1,mixed,034
tricolore-1-5th-edition,speaking,3 Mes préférences (a),1,speaking-task,"A Tu aimes Samba? B Non, je n'aime pas beaucoup Samba. Je préfère Flic.",,,,(open-ended),A1,mixed,034
tricolore-1-5th-edition,reading,1 Grand Concours national,2,matching,La petite souris blanche s'appelle Minnie.,,,,,A1,mixed,034
tricolore-1-5th-edition,speaking,3 Mes préférences (b),2,speaking-task,"A Tu aimes (Arsenal/l'Angleterre/…)? B Oui, j'aime beaucoup (Arsenal/l'Angleterre/…), mais je préfère (Liverpool/l'Écosse/…). Et toi, …?",,,,(open-ended),A1,mixed,034
tricolore-1-5th-edition,reading,1 Grand Concours national,3,matching,Le petit hamster brun s'appelle Flic.,,,,,A1,mixed,034
tricolore-1-5th-edition,reading,1 Grand Concours national,4,matching,Le lapin noir et blanc s'appelle Carotte.,,,,,A1,mixed,034
tricolore-1-5th-edition,reading,1 Grand Concours national,5,matching,Le cochon d'Inde s'appelle Dodu.,,,,,A1,mixed,034
tricolore-1-5th-edition,reading,1 Grand Concours national,6,matching,Le chat s'appelle Tally et la chatte s'appelle Lily.,,,,,A1,mixed,034
tricolore-1-5th-edition,reading,1 Grand Concours national,7,matching,"L'oiseau bleu, vert et jaune s'appelle Fifi. C'est une perruche.",,,,,A1,mixed,034
tricolore-1-5th-edition,reading,1 Grand Concours national,8,matching,"Le poisson bleu, blanc et rouge s'appelle Tricolore.",,,,,A1,mixed,034
tricolore-1-5th-edition,listening,4 Tu as un animal? (a),1,fill-in,Sophie a ___ ___ .,,,,une perruche,A1,mixed,035
tricolore-1-5th-edition,writing,4 Tu as un animal? (b),1,short-answer,Écris trois phrases sur Noah et son animal.,,,,(open-ended),A1,mixed,035
tricolore-1-5th-edition,speaking,4 Tu as un animal? (c),1,speaking-task,"À deux, inventez des conversations: A Tu as un animal? B Oui, j'ai un chien. A Il s'appelle comment? B Il s'appelle ___.",,,,(open-ended),A1,mixed,035
tricolore-1-5th-edition,reading,5 C'est à qui?,1,matching,La tarentule noire est à ___ .,,,,Thomas,A1,mixed,035
tricolore-1-5th-edition,listening,4 Tu as un animal? (a),2,fill-in,La perruche s'appelle ___ .,,,,,A1,mixed,035
tricolore-1-5th-edition,reading,5 C'est à qui?,2,matching,"Le gros oiseau bleu, rouge et jaune est à ___ .",,,,,A1,mixed,035
tricolore-1-5th-edition,listening,4 Tu as un animal? (a),3,fill-in,Coco est (colour) ___ .,,,,,A1,mixed,035
tricolore-1-5th-edition,reading,5 C'est à qui?,3,matching,La très petite perruche jaune et bleue est à ___ .,,,,,A1,mixed,035
tricolore-1-5th-edition,reading,5 C'est à qui?,4,matching,Le cheval brun et blanc est à ___ .,,,,,A1,mixed,035
tricolore-1-5th-edition,reading,5 C'est à qui?,5,matching,Le cheval noir et blanc est à ___ .,,,,,A1,mixed,035
tricolore-1-5th-edition,reading,5 C'est à qui?,6,matching,"Le petit poisson rouge, très mignon, est à ___ .",,,,,A1,mixed,035
tricolore-1-5th-edition,reading,5 C'est à qui?,7,matching,"Le gros poisson bleu, orange et blanc est à ___ .",,,,,A1,mixed,035
tricolore-1-5th-edition,reading,5 C'est à qui?,8,matching,L'oiseau bleu et vert est à ___ .,,,,,A1,mixed,035
tricolore-1-5th-edition,reading,1 Une histoire de chats,1,fill-in,Il est gros. Il n'est pas gris. C'est ___ .,,,,César,A1,mixed,036
tricolore-1-5th-edition,reading,1 Une histoire de chats,2,fill-in,Elle est petite. Elle n'est pas dans le salon. C'est ___ .,,,,,A1,mixed,036
tricolore-1-5th-edition,reading,1 Une histoire de chats,3,fill-in,"Il est très, très gros. Ce n'est pas le chat de Mamie. C'est ___ .",,,,,A1,mixed,036
tricolore-1-5th-edition,reading,1 Une histoire de chats,4,fill-in,Elle a douze ans. Elle est mignonne. C'est ___ .,,,,,A1,mixed,036
tricolore-1-5th-edition,reading,1 Une histoire de chats,5,fill-in,Il est dans la cuisine. C'est un gros chat. C'est ___ .,,,,,A1,mixed,036
tricolore-1-5th-edition,reading,1 Une histoire de chats,6,fill-in,Elle est sur une chaise. Elle est grise. C'est ___ .,,,,,A1,mixed,036
tricolore-1-5th-edition,grammar,2 Des adjectifs (table 1),1,fill-in,"Copie et complète: brun -> 1 (brune, donné); noir -> 2 ___ / 6 ___ (anglais); gris -> 3 ___ (• grey); blanc -> 4 ___ / 7 ___; jaune -> jaune (donné) / 8 ___; rouge -> 5 ___ / 9 ___.",,,,,A1,none,037
tricolore-1-5th-edition,listening,3 C'est quel mot?,1,multiple-choice,1 (blancs/blanches),blancs,blanches,,blancs,A1,none,037
tricolore-1-5th-edition,listening,4 Des animaux (a),1,matching,Écoute (1–6). C'est quel animal? Choisis parmi les images A–F.,,,,,A1,mixed,037
tricolore-1-5th-edition,listening,4 Des animaux (b),1,true-false,Frodo le chat est gros.,,,,Faux,A1,mixed,037
tricolore-1-5th-edition,writing,4 Des animaux (c),1,writing-task,Écris une description de deux des animaux. Puis dessine un autre animal et écris une description.,,,,(open-ended),A1,mixed,037
tricolore-1-5th-edition,grammar,2 Des adjectifs (table 2),2,fill-in,gros -> 10 ___ (• big/fat); grand -> grande (donné) / 15 ___; petit -> 11 ___ / 16 ___; énorme -> 12 ___ / 17 ___; méchant -> 13 ___ (• nasty); mignon -> 14 ___ (• cute).,,,,,A1,none,037
tricolore-1-5th-edition,listening,3 C'est quel mot?,2,multiple-choice,2 (vert/verte),vert,verte,,,A1,none,037
tricolore-1-5th-edition,listening,4 Des animaux (b),2,true-false,Noiraud est aimable.,,,,,A1,mixed,037
tricolore-1-5th-edition,listening,3 C'est quel mot?,3,multiple-choice,3 (petit/petite),petit,petite,,,A1,none,037
tricolore-1-5th-edition,listening,4 Des animaux (b),3,true-false,Chine est grosse.,,,,,A1,mixed,037
tricolore-1-5th-edition,listening,3 C'est quel mot?,4,multiple-choice,4 (grands/grandes),grands,grandes,,,A1,none,037
tricolore-1-5th-edition,listening,4 Des animaux (b),4,true-false,Arabelle est une tarentule énorme.,,,,,A1,mixed,037
tricolore-1-5th-edition,listening,3 C'est quel mot?,5,multiple-choice,5 (gris/grise),gris,grise,,,A1,none,037
tricolore-1-5th-edition,listening,4 Des animaux (b),5,true-false,Le gros chien s'appelle Roger.,,,,,A1,mixed,037
tricolore-1-5th-edition,listening,3 C'est quel mot?,6,multiple-choice,6 (gros/grosse),gros,grosse,,,A1,none,037
tricolore-1-5th-edition,listening,4 Des animaux (b),6,true-false,Georges n'est pas mignon.,,,,,A1,mixed,037
tricolore-1-5th-edition,speaking,2 Des interviews (a),1,speaking-task,"Interview 1: A Est-ce que tu as un animal à la maison? B Oui, j'ai un hamster. A Comment s'appelle-t-il? B Il s'appelle Toto. A Comment ça s'écrit? B Ça s'écrit T-O-T-O. A Quel âge a-t-il? B Il a trois ans. A Il est comment? B Il est très gros.",,,,(open-ended),A1,mixed,038
tricolore-1-5th-edition,grammar,2 Des interviews (b),1,short-answer,"Invente la question. Réponse : « Non, moi, je n'ai pas d'animal. Mais mon ami(e) a une souris. »",,,,Est-ce que tu as un animal à la maison?,A1,mixed,038
tricolore-1-5th-edition,speaking,2 Des interviews (c),1,speaking-task,"À deux, inventez et enregistrez une interview pour «Radio Tricolore».",,,,(open-ended),A1,mixed,038
tricolore-1-5th-edition,listening,1 Deux interviews,1a,short-answer,Est-ce que Jean-Paul a un animal à la maison?,,,,Oui,A1,mixed,038
tricolore-1-5th-edition,listening,1 Deux interviews,1b,short-answer,Est-ce que le chien de Jean-Paul est gros?,,,,,A1,mixed,038
tricolore-1-5th-edition,listening,1 Deux interviews,1c,short-answer,Est-ce qu'il est noir et blanc?,,,,,A1,mixed,038
tricolore-1-5th-edition,grammar,2 Des interviews (b),2,short-answer,Invente la question. Réponse : « Elle s'appelle Fifi. »,,,,,A1,mixed,038
tricolore-1-5th-edition,listening,1 Deux interviews,2a,short-answer,Est-ce que Charlotte a un chat?,,,,,A1,mixed,038
tricolore-1-5th-edition,listening,1 Deux interviews,2b,short-answer,Est-ce que le frère de Charlotte a un animal?,,,,,A1,family,038
tricolore-1-5th-edition,listening,1 Deux interviews,2c,short-answer,Est-ce que Charlotte habite dans un village?,,,,,A1,city-places,038
tricolore-1-5th-edition,grammar,2 Des interviews (b),3,short-answer,Invente la question. Réponse : « Ça s'écrit F-I-F-I. »,,,,,A1,mixed,038
tricolore-1-5th-edition,grammar,2 Des interviews (b),4,short-answer,Invente la question. Réponse : « Elle a un an. »,,,,,A1,mixed,038
tricolore-1-5th-edition,grammar,2 Des interviews (b),5,short-answer,Invente la question. Réponse : « Elle est petite. »,,,,,A1,mixed,038
tricolore-1-5th-edition,writing,3 Une description,1,writing-task,"Est-ce que tu as un animal à la maison? Alors, écris une petite description de ton animal (ou de l'animal d'un[e] ami[e]).",,,,(open-ended),A1,mixed,039
tricolore-1-5th-edition,grammar,Dossier-langue avoir,1,fill-in,"Complète les formes du verbe avoir (singulier): j'___ (I have), il___ (he has), tu___ (you have), elle___ (she has).",,,,,A1,none,039
tricolore-1-5th-edition,grammar,4 Questions et réponses (a),1,fill-in,Est-ce que tu ___ un chien?,,,,as,A1,mixed,039
tricolore-1-5th-edition,grammar,4 Questions et réponses (c),1,matching,Trouve les paires: associe chaque question (exercice 4a) à la réponse correspondante (exercice 4b).,,,,,A1,mixed,039
tricolore-1-5th-edition,grammar,4 Questions et réponses (a),2,fill-in,Quel âge ___-tu?,,,,,A1,personal-info,039
tricolore-1-5th-edition,grammar,4 Questions et réponses (a),3,fill-in,Tu ___ un animal à la maison?,,,,,A1,mixed,039
tricolore-1-5th-edition,grammar,4 Questions et réponses (a),4,fill-in,Est-ce que ta sœur ___ un lecteur MP3?,,,,,A1,family,039
tricolore-1-5th-edition,grammar,4 Questions et réponses (a),5,fill-in,Est-ce que tu ___ une radio dans ta chambre?,,,,,A1,home,039
tricolore-1-5th-edition,grammar,4 Questions et réponses (a),6,fill-in,"Moi, j'___ une console et des jeux dans ma chambre. Et toi?",,,,,A1,home,039
tricolore-1-5th-edition,grammar,4 Questions et réponses (b),a,fill-in,"Oui, ma sœur ___ lecteur MP3.",,,,a,A1,family,039
tricolore-1-5th-edition,grammar,4 Questions et réponses (b),b,fill-in,"Oui, j'___ une radio dans ma chambre.",,,,,A1,home,039
tricolore-1-5th-edition,grammar,4 Questions et réponses (b),c,fill-in,"Non, mais mon frère ___ une console dans sa chambre.",,,,,A1,family,039
tricolore-1-5th-edition,grammar,4 Questions et réponses (b),d,fill-in,"Oui, moi, j'___ un lapin et ma sœur ___ un hamster.",,,,,A1,mixed,039
tricolore-1-5th-edition,grammar,4 Questions et réponses (b),e,fill-in,J'___ douze ans.,,,,,A1,personal-info,039
tricolore-1-5th-edition,grammar,4 Questions et réponses (b),f,fill-in,"Non, mais mon frère ___ un petit chien.",,,,,A1,family,039
tricolore-1-5th-edition,reading,1 Des animaux extraordinaires (b),1,true-false,Éric aime les animaux.,,,,Vrai,A1,mixed,040
tricolore-1-5th-edition,reading,1 Des animaux extraordinaires (b),10,true-false,Il déteste le football.,,,,,A1,mixed,040
tricolore-1-5th-edition,reading,1 Des animaux extraordinaires (b),2,true-false,Le chien de Marc aime la télévision.,,,,,A1,mixed,040
tricolore-1-5th-edition,reading,1 Des animaux extraordinaires (b),3,true-false,Blanco (le chat) n'aime pas beaucoup la radio.,,,,,A1,mixed,040
tricolore-1-5th-edition,reading,1 Des animaux extraordinaires (b),4,true-false,Il préfère la télévision.,,,,,A1,mixed,040
tricolore-1-5th-edition,reading,1 Des animaux extraordinaires (b),5,true-false,Blanco aime beaucoup la musique.,,,,,A1,mixed,040
tricolore-1-5th-edition,reading,1 Des animaux extraordinaires (b),6,true-false,Jules (le perroquet) adore la musique.,,,,,A1,mixed,040
tricolore-1-5th-edition,reading,1 Des animaux extraordinaires (b),7,true-false,Néron n'aime pas les chats.,,,,,A1,mixed,040
tricolore-1-5th-edition,reading,1 Des animaux extraordinaires (b),8,true-false,Il préfère les perroquets.,,,,,A1,mixed,040
tricolore-1-5th-edition,reading,1 Des animaux extraordinaires (b),9,true-false,Il adore la musique.,,,,,A1,mixed,040
tricolore-1-5th-edition,listening,2 Tu aimes ça? (a),1,matching,"Écoute ces jeunes (Thomas, Camille, Maxime, Laura). Copie et complète le tableau de leurs goûts (J'adore/Je déteste/J'aime beaucoup/Je n'aime pas beaucoup/Je préfère) en utilisant la liste a–j.",,,,,A1,hobby,041
tricolore-1-5th-edition,writing,2 Tu aimes ça? (b),1,writing-task,Et toi? Qu'est-ce que tu aimes? Qu'est-ce que tu n'aimes pas? Fais une courte présentation électronique.,,,,(open-ended),A1,hobby,041
tricolore-1-5th-edition,reading,3 Qui dit ça?,1,matching,Un garçon parle aux employés du zoo près d'un éléphant tenu en laisse.,,,,D,A1,mixed,041
tricolore-1-5th-edition,speaking,4 Invente des questions,1,speaking-task,"Invente trois questions avec tu et trois questions avec vous. Pratique-les à deux, l'un de vous jouant le rôle d'un adulte.",,,,(open-ended),A1,mixed,041
tricolore-1-5th-edition,reading,3 Qui dit ça?,2,matching,Un garçon en haut rouge donne un sac à un homme assis dans le train.,,,,,A1,travel,041
tricolore-1-5th-edition,reading,3 Qui dit ça?,3,matching,Le même homme assis dans le train réagit à ce qu'on lui a donné.,,,,,A1,travel,041
tricolore-1-5th-edition,reading,3 Qui dit ça?,4,matching,Deux garçons regardent par-dessus un mur un enclos d'ours.,,,,,A1,mixed,041
tricolore-1-5th-edition,reading,3 Qui dit ça?,5,matching,"La même scène de l'enclos d'ours, vue différemment.",,,,,A1,mixed,041
tricolore-1-5th-edition,reading,3 Qui dit ça?,6,matching,Un garçon près d'une étagère avec une cage abritant un petit animal (Minnie).,,,,,A1,mixed,041
tricolore-1-5th-edition,reading,3 Qui dit ça?,7,matching,Un policier s'adresse à un groupe de musiciens de rue.,,,,,A1,communication,041
tricolore-1-5th-edition,reading,3 Qui dit ça?,8,matching,Une dame âgée tient deux chats; un garçon lui parle.,,,,,A1,mixed,041
tricolore-1-5th-edition,reading,1 Le zoo extraordinaire (b),1,ordering,"Mets les images du zoo (lion, chameau, zèbre, girafe, éléphant, tigre, ours, gorille) dans le bon ordre du poème.",,,,"B, F, D, C, E, A, G, H",A1,mixed,042
tricolore-1-5th-edition,reading,2 Comment ça se dit?,1,matching,That's brilliant.,,,,C'est génial!,A1,none,042
tricolore-1-5th-edition,writing,3 C'est extraordinaire! (a),1,short-answer,Traduis une strophe du poème en anglais.,,,,(open-ended),A1,mixed,042
tricolore-1-5th-edition,writing,3 C'est extraordinaire! (b),1,writing-task,Invente des animaux extraordinaires. Fais un dessin et continue le poème.,,,,(open-ended),A1,mixed,042
tricolore-1-5th-edition,reading,2 Comment ça se dit?,2,matching,Certainly/Sure is!,,,,Bien sûr!,A1,none,042
tricolore-1-5th-edition,reading,2 Comment ça se dit?,3,matching,Not bad!,,,,Pas mal!,A1,none,042
tricolore-1-5th-edition,reading,2 Comment ça se dit?,4,matching,That's so cool!,,,,C'est trop cool!,A1,none,042
tricolore-1-5th-edition,reading,2 Comment ça se dit?,5,matching,You think so?/You reckon?,,,,Tu trouves?,A1,none,042
tricolore-1-5th-edition,reading,2 Comment ça se dit?,6,matching,That's true!,,,,C'est vrai!,A1,none,042
tricolore-1-5th-edition,reading,"1 Bonjour, Mangetout!",1,fill-in,Mangetout est un ___.,,,,chat,A1,mixed,045
tricolore-1-5th-edition,reading,2 Le sais-tu?,1,fill-in,capital -> la ___,,,,capitale,A2,city-places,045
tricolore-1-5th-edition,reading,3 Chimène,1,matching,Lève-toi!,,,,f,A1,daily-routine,045
tricolore-1-5th-edition,reading,4 Crayons de couleur (a),1,fill-in,the fields,,,,les prairies,A1,none,045
tricolore-1-5th-edition,writing,4 Crayons de couleur (b),1,writing-task,Change des mots pour écrire un autre poème.,,,,(open-ended),A1,none,045
tricolore-1-5th-edition,reading,"1 Bonjour, Mangetout!",2,fill-in,Il ___ au numéro 7.,,,,,A1,home,045
tricolore-1-5th-edition,reading,2 Le sais-tu?,2,fill-in,a mountain -> une ___,,,,,A2,travel,045
tricolore-1-5th-edition,reading,3 Chimène,2,matching,Tu viens?,,,,,A1,daily-routine,045
tricolore-1-5th-edition,reading,4 Crayons de couleur (a),2,fill-in,the sun,,,,le soleil,A1,none,045
tricolore-1-5th-edition,reading,"1 Bonjour, Mangetout!",3,fill-in,Il n'a pas de frères et ___,,,,,A1,family,045
tricolore-1-5th-edition,reading,2 Le sais-tu?,3,fill-in,a tower -> une ___,,,,,A2,city-places,045
tricolore-1-5th-edition,reading,3 Chimène,3,matching,Range tes affaires!,,,,,A1,daily-routine,045
tricolore-1-5th-edition,reading,4 Crayons de couleur (a),3,fill-in,strawberries,,,,les fraises,A1,none,045
tricolore-1-5th-edition,reading,"1 Bonjour, Mangetout!",4,fill-in,Il ___ dormir.,,,,,A1,mixed,045
tricolore-1-5th-edition,reading,2 Le sais-tu?,4,fill-in,perfume -> du ___,,,,,A2,shopping,045
tricolore-1-5th-edition,reading,3 Chimène,4,matching,vite,,,,,A1,daily-routine,045
tricolore-1-5th-edition,reading,4 Crayons de couleur (a),4,fill-in,crows,,,,les corbeaux,A1,none,045
tricolore-1-5th-edition,reading,"1 Bonjour, Mangetout!",5,fill-in,"Pour manger, il aime le ___ et la ___.",,,,,A1,food,045
tricolore-1-5th-edition,reading,2 Le sais-tu?,5,fill-in,famous -> ___,,,,,A2,none,045
tricolore-1-5th-edition,reading,3 Chimène,5,matching,Ferme la fenêtre!,,,,,A1,home,045
tricolore-1-5th-edition,reading,4 Crayons de couleur (a),5,fill-in,clouds,,,,les nuages,A1,none,045
tricolore-1-5th-edition,reading,"1 Bonjour, Mangetout!",6,fill-in,Sa copine s'appelle ___.,,,,,A1,mixed,045
tricolore-1-5th-edition,reading,2 Le sais-tu?,6,fill-in,a cathedral -> une ___,,,,,A2,city-places,045
tricolore-1-5th-edition,reading,3 Chimène,6,matching,Ça va très bien.,,,,,A1,communication,045
tricolore-1-5th-edition,reading,4 Crayons de couleur (a),6,fill-in,the sea,,,,la mer,A1,none,045
tricolore-1-5th-edition,reading,2 Le sais-tu?,7,fill-in,everyone -> ___,,,,,A2,none,045
tricolore-1-5th-edition,reading,4 Crayons de couleur (a),7,fill-in,the sky,,,,le ciel,A1,none,045
tricolore-1-5th-edition,reading,2 Le sais-tu?,8,fill-in,a town -> une ___,,,,,A2,city-places,045
tricolore-1-5th-edition,reading,4 Crayons de couleur (a),8,fill-in,the world,,,,le monde,A1,none,045
tricolore-1-5th-edition,reading,2 Le sais-tu?,9,fill-in,a country -> un ___,,,,,A2,travel,045
tricolore-1-5th-edition,listening,1 Quelle est la date?,1,matching,"Écris 1–10. Regarde les dates, écoute et écris la bonne lettre du calendrier.",,,,,A1,time-dates,046
tricolore-1-5th-edition,listening,Les mois,1,multiple-choice,Écoute les noms de dix mois en français et en anglais; note si c'est le nom français (F) ou anglais (E) qui est répété.,,,,,A1,time-dates,046
tricolore-1-5th-edition,grammar,2 Des dates,1,fill-in,"Cette année, mardi gras, c'est le mardi ___ ___.",,,,cinq février,A1,time-dates,046
tricolore-1-5th-edition,grammar,2 Des dates,2,fill-in,"La Saint-Valentin, c'est le jeudi ___ ___.",,,,,A1,time-dates,046
tricolore-1-5th-edition,grammar,2 Des dates,3,fill-in,"La fête au club des jeunes, c'est le mercredi ___ ___.",,,,,A1,time-dates,046
tricolore-1-5th-edition,grammar,2 Des dates,4,fill-in,"La rentrée scolaire, c'est le mardi ___ ___.",,,,,A1,school,046
tricolore-1-5th-edition,grammar,2 Des dates,5,fill-in,"Le match de foot, c'est le samedi ___ ___.",,,,,A1,time-dates,046
tricolore-1-5th-edition,grammar,2 Des dates,6,fill-in,"Cette année, Pâques, c'est le dimanche ___ ___.",,,,,A1,time-dates,046
tricolore-1-5th-edition,speaking,3 C'est quand?,1,speaking-task,le match de foot,,,,C'est le vingt janvier.,A1,time-dates,047
tricolore-1-5th-edition,reading,4 Bonne fête (a),1,short-answer,Sylvestre,,,,C'est le 31 décembre.,A1,time-dates,047
tricolore-1-5th-edition,writing,4 Bonne fête (b),1,writing-task,Écris les dates d'anniversaire de trois personnes dans ta famille.,,,,(open-ended),A1,family,047
tricolore-1-5th-edition,writing,4 Bonne fête (c),1,writing-task,Écris les dates de cinq fêtes ou festivals pendant l'année.,,,,(open-ended),A1,time-dates,047
tricolore-1-5th-edition,speaking,3 C'est quand?,2,speaking-task,mardi gras,,,,,A1,time-dates,047
tricolore-1-5th-edition,reading,4 Bonne fête (a),2,short-answer,Nicolas,,,,,A1,time-dates,047
tricolore-1-5th-edition,speaking,3 C'est quand?,3,speaking-task,la fête de la musique,,,,,A1,time-dates,047
tricolore-1-5th-edition,reading,4 Bonne fête (a),3,short-answer,Vanessa,,,,,A1,time-dates,047
tricolore-1-5th-edition,speaking,3 C'est quand?,4,speaking-task,la soirée chez Nicolas,,,,,A1,time-dates,047
tricolore-1-5th-edition,reading,4 Bonne fête (a),4,short-answer,Élodie,,,,,A1,time-dates,047
tricolore-1-5th-edition,speaking,3 C'est quand?,5,speaking-task,l'anniversaire de Christophe,,,,,A1,time-dates,047
tricolore-1-5th-edition,reading,4 Bonne fête (a),5,short-answer,Rodolphe,,,,,A1,time-dates,047
tricolore-1-5th-edition,speaking,3 C'est quand?,6,speaking-task,la soirée chez Noah,,,,,A1,time-dates,047
tricolore-1-5th-edition,reading,4 Bonne fête (a),6,short-answer,Ingrid,,,,,A1,time-dates,047
tricolore-1-5th-edition,speaking,3 C'est quand?,7,speaking-task,le feu d'artifice en ville,,,,,A1,time-dates,047
tricolore-1-5th-edition,speaking,3 C'est quand?,8,speaking-task,le concert à l'Olympia,,,,,A1,time-dates,047
tricolore-1-5th-edition,reading,2 Ça veut dire quoi? (a),1,short-answer,premier,,,,,A1,none,049
tricolore-1-5th-edition,reading,2 Ça veut dire quoi? (b),1,fill-in,le jour de l'An,,,,New Year's Day,A1,time-dates,049
tricolore-1-5th-edition,reading,3 C'est quel mois?,1,short-answer,On dit «Joyeuses Pâques».,,,,en mars ou en avril,A1,time-dates,049
tricolore-1-5th-edition,speaking,4 C'est quelle fête?,1,speaking-task,"À deux, inventez d'autres dialogues: 'On [fait une action liée à une fête]. C'est quelle fête?' — 'C'est ... .'",,,,(open-ended),A1,time-dates,049
tricolore-1-5th-edition,grammar,Dossier-langue on,1,short-answer,"At Easter, we eat chocolate eggs.",,,,,A1,time-dates,049
tricolore-1-5th-edition,reading,2 Ça veut dire quoi? (a),2,short-answer,délicieux,,,,,A1,none,049
tricolore-1-5th-edition,reading,2 Ça veut dire quoi? (b),2,fill-in,des crêpes,,,,,A1,food,049
tricolore-1-5th-edition,reading,3 C'est quel mois?,2,short-answer,On mange des crêpes.,,,,,A1,food,049
tricolore-1-5th-edition,grammar,Dossier-langue on,2,short-answer,"At Christmas, people sing Christmas carols.",,,,,A1,time-dates,049
tricolore-1-5th-edition,reading,2 Ça veut dire quoi? (a),3,short-answer,une couronne,,,,,A1,none,049
tricolore-1-5th-edition,reading,2 Ça veut dire quoi? (b),3,fill-in,Bonne Année!,,,,,A1,time-dates,049
tricolore-1-5th-edition,reading,3 C'est quel mois?,3,short-answer,On dit «Joyeux Noël».,,,,,A1,time-dates,049
tricolore-1-5th-edition,grammar,Dossier-langue on,3,short-answer,On New Year's Eve (À la Saint-Sylvestre) everyone says 'Happy New Year' at midnight.,,,,,A1,time-dates,049
tricolore-1-5th-edition,reading,2 Ça veut dire quoi? (a),4,short-answer,une carte,,,,,A1,none,049
tricolore-1-5th-edition,reading,2 Ça veut dire quoi? (b),4,fill-in,des œufs,,,,,A1,food,049
tricolore-1-5th-edition,reading,3 C'est quel mois?,4,short-answer,On dit «Bonne Année».,,,,,A1,time-dates,049
tricolore-1-5th-edition,grammar,Dossier-langue on,4,short-answer,You eat a special cake at Christmas.,,,,,A1,time-dates,049
tricolore-1-5th-edition,reading,2 Ça veut dire quoi? (a),5,short-answer,la religion hindoue,,,,,A1,none,049
tricolore-1-5th-edition,reading,2 Ça veut dire quoi? (b),5,fill-in,la religion musulmane,,,,,A1,none,049
tricolore-1-5th-edition,reading,3 C'est quel mois?,5,short-answer,On porte une couronne.,,,,,A1,time-dates,049
tricolore-1-5th-edition,reading,2 Ça veut dire quoi? (b),6,fill-in,des fleurs,,,,,A1,none,049
tricolore-1-5th-edition,reading,3 C'est quel mois?,6,short-answer,"On dit «Bonne fête, Maman».",,,,,A1,family,049
tricolore-1-5th-edition,reading,2 Ça veut dire quoi? (b),7,fill-in,la nuit,,,,,A1,none,049
tricolore-1-5th-edition,reading,2 Ça veut dire quoi? (b),8,fill-in,un feu d'artifice,,,,,A1,time-dates,049
tricolore-1-5th-edition,listening,1 Mardi gras,1,multiple-choice,C'est,le 5 février.,le 15 février.,,le 5 février.,A1,time-dates,050
tricolore-1-5th-edition,reading,2 C'est qui?,1,fill-in,___ est le perroquet.,,,,Coralie,A1,mixed,050
tricolore-1-5th-edition,listening,1 Mardi gras,2,multiple-choice,C'est,l'anniversaire de Luc.,mardi gras.,,,A1,time-dates,050
tricolore-1-5th-edition,reading,2 C'est qui?,2,fill-in,___ est le lapin.,,,,,A1,mixed,050
tricolore-1-5th-edition,listening,1 Mardi gras,3,multiple-choice,Beaucoup de jeunes sont,en boîte.,dans les rues.,,,A1,mixed,050
tricolore-1-5th-edition,reading,2 C'est qui?,3,fill-in,___ est Batman.,,,,,A1,mixed,050
tricolore-1-5th-edition,listening,1 Mardi gras,4,multiple-choice,Ils sont,déguisés.,en jean et en t-shirt.,,,A1,mixed,050
tricolore-1-5th-edition,reading,2 C'est qui?,4,fill-in,___ est le fantôme.,,,,,A1,mixed,050
tricolore-1-5th-edition,listening,1 Mardi gras,5,multiple-choice,Un garçon est déguisé en,Père Noël.,Dracula.,,,A1,mixed,050
tricolore-1-5th-edition,reading,2 C'est qui?,5,fill-in,___ est le clown.,,,,,A1,mixed,050
tricolore-1-5th-edition,listening,1 Mardi gras,6,multiple-choice,Une fille est déguisée en,perroquet.,souris.,,,A1,mixed,050
tricolore-1-5th-edition,reading,2 C'est qui?,6,fill-in,___ est Dracula.,,,,,A1,mixed,050
tricolore-1-5th-edition,listening,1 Mardi gras,7,multiple-choice,Deux filles sont déguisées en,chats noirs.,deux méchantes sœurs.,,,A1,mixed,050
tricolore-1-5th-edition,reading,2 C'est qui?,7,fill-in,___ est le dragon.,,,,,A1,mixed,050
tricolore-1-5th-edition,listening,1 Mardi gras,8,multiple-choice,"Le fantôme, c'est",Olivier.,Simon.,,,A1,mixed,050
tricolore-1-5th-edition,reading,2 C'est qui?,8,fill-in,___ sont les deux sœurs de Cendrillon.,,,,,A1,mixed,050
tricolore-1-5th-edition,grammar,3 C'est moi!,1,matching,Je ...,,,,g,A1,personal-info,051
tricolore-1-5th-edition,grammar,4 Des photos (a),1,fill-in,"Complète les formes du verbe être dans les légendes des photos de mardi gras: Vous ___(1) horribles! ... Nous ___(4) splendides. Moi, je ___(5) extra! ... Il ___(6) génial, non? Ils ___(7) extraordinaires!",,,,,A1,mixed,051
tricolore-1-5th-edition,writing,4 Des photos (b),1,writing-task,Voici Rosaline et Coralie. Écris une description (Rosaline est Claude le clown. Il est ___. Coralie est un perroquet. Elle ___. Les filles ___.),,,,(open-ended),A1,mixed,051
tricolore-1-5th-edition,grammar,3 C'est moi!,2,matching,Mon anniversaire ...,,,,,A1,time-dates,051
tricolore-1-5th-edition,grammar,3 C'est moi!,3,matching,Ma mère ...,,,,,A1,family,051
tricolore-1-5th-edition,grammar,3 C'est moi!,4,matching,Mon père ...,,,,,A1,family,051
tricolore-1-5th-edition,grammar,3 C'est moi!,5,matching,Mes amis ...,,,,,A1,mixed,051
tricolore-1-5th-edition,grammar,3 C'est moi!,6,matching,Nous ....,,,,,A1,mixed,051
tricolore-1-5th-edition,grammar,3 C'est moi!,7,matching,"César, mon chat, ...",,,,,A1,mixed,051
tricolore-1-5th-edition,grammar,3 C'est moi!,8,matching,"Et toi, tu ...",,,,,A1,personal-info,051
tricolore-1-5th-edition,grammar,3 C'est moi!,9,matching,Vous ...,,,,,A1,mixed,051
tricolore-1-5th-edition,listening,1 L'anniversaire de Marc,1,multiple-choice,"C'est quand, l'anniversaire de Marc?",le 1er février,le 1er juillet,le 11 février,,A2,time-dates,052
tricolore-1-5th-edition,speaking,2 Inventez des conversations,1,speaking-task,"A Salut! B Salut! A C'est quand ton anniversaire? B C'est aujourd'hui, le premier février. A Alors, bon anniversaire! Quel âge as-tu? B Aujourd'hui, j'ai treize ans. A Qu'est-ce que tu as reçu comme cadeaux? B J'ai reçu un tee-shirt bleu et rouge et une raquette de tennis noire.",,,,(open-ended),A2,time-dates,052
tricolore-1-5th-edition,reading,3 Des cadeaux de Noël,1,matching,"Mme Clément a un paquet seulement, mais elle est très contente. Dans son paquet, il y a des chaussures très élégantes.",,,,c,A1,shopping,052
tricolore-1-5th-edition,listening,1 L'anniversaire de Marc,2,multiple-choice,Quel âge a-t-il?,11 ans,12 ans,13 ans,,A2,personal-info,052
tricolore-1-5th-edition,reading,3 Des cadeaux de Noël,2,matching,"Roseline adore le tennis. Elle a deux paquets. Dans un paquet, il y a une nouvelle raquette de tennis et dans l'autre paquet, il y a des balles de tennis.",,,,,A1,shopping,052
tricolore-1-5th-edition,listening,1 L'anniversaire de Marc,3,multiple-choice,"Comme cadeaux, il a reçu ...",un tee-shirt et une carte cadeau.,une raquette de tennis et un tee-shirt.,un portable et une bande dessinée.,,A2,shopping,052
tricolore-1-5th-edition,reading,3 Des cadeaux de Noël,3,matching,"Olivier est très content. Il a deux grands paquets. Dans un paquet, il y a des jeux vidéo et dans l'autre, il y a une bande dessinée.",,,,,A1,shopping,052
tricolore-1-5th-edition,reading,3 Des cadeaux de Noël,4,matching,"M. Clément aussi a deux paquets. Il aime la musique et dans un paquet, il y a des écouteurs. Dans l'autre paquet, il y a des chocolats.",,,,,A1,shopping,052
tricolore-1-5th-edition,reading,3 Des cadeaux de Noël,5,matching,Même le chat est content. Il a deux petits paquets: une balle et une souris en coton.,,,,,A1,shopping,052
tricolore-1-5th-edition,grammar,4 Merci pour les cadeaux (a),1,multiple-choice,J'adore les jeux (amusant/amusants).,amusant,amusants,,amusants,A1,shopping,053
tricolore-1-5th-edition,writing,4 Merci pour les cadeaux (b),1,writing-task,Écris quatre phrases sur les cadeaux d'anniversaire ou de Noël.,,,,(open-ended),A2,shopping,053
tricolore-1-5th-edition,grammar,5 Cherche des adjectifs,1,short-answer,Trouve 4 adjectifs au pluriel sur cette page.,,,,utiles,A1,none,053
tricolore-1-5th-edition,grammar,4 Merci pour les cadeaux (a),2,multiple-choice,Marc est très (content/contente) de sa tablette.,content,contente,,,A1,shopping,053
tricolore-1-5th-edition,grammar,5 Cherche des adjectifs,2,short-answer,Trouve 4 adjectifs au féminin sur cette page.,,,,mignonne,A1,none,053
tricolore-1-5th-edition,grammar,4 Merci pour les cadeaux (a),3,multiple-choice,Le livre est très (intéressant/intéressante).,intéressant,intéressante,,,A1,shopping,053
tricolore-1-5th-edition,grammar,4 Merci pour les cadeaux (a),4,multiple-choice,Ma sœur est très (content/contente) de son cadeau.,content,contente,,,A1,family,053
tricolore-1-5th-edition,grammar,4 Merci pour les cadeaux (a),5,multiple-choice,Elle aime beaucoup les (petite/petits) animaux.,petite,petits,,,A1,mixed,053
tricolore-1-5th-edition,grammar,4 Merci pour les cadeaux (a),6,multiple-choice,Les cartes cadeaux sont toujours (utile/utiles).,utile,utiles,,,A1,shopping,053
tricolore-1-5th-edition,grammar,4 Merci pour les cadeaux (a),7,multiple-choice,La souris est (mignonne/mignonnes).,mignonne,mignonnes,,,A1,mixed,053
tricolore-1-5th-edition,grammar,4 Merci pour les cadeaux (a),8,multiple-choice,Je suis très content de mon (nouveau/nouvelle) portable.,nouveau,nouvelle,,,A1,shopping,053
tricolore-1-5th-edition,listening,1 Vous cherchez un cadeau?,1,matching,Écris 1–8. Écoute. Quels sont les huit cadeaux mentionnés parmi le poster «Idées Cadeaux» (lettres A–P)?,,,,,A1,shopping,054
tricolore-1-5th-edition,reading,2 Les cadeaux,1,matching,une tablette,,,,P,A1,shopping,054
tricolore-1-5th-edition,reading,2 Les cadeaux,10,matching,une carte cadeau,,,,,A1,shopping,054
tricolore-1-5th-edition,reading,2 Les cadeaux,11,matching,un jean cargo,,,,,A1,shopping,054
tricolore-1-5th-edition,reading,2 Les cadeaux,12,matching,un livre de poche,,,,,A1,shopping,054
tricolore-1-5th-edition,reading,2 Les cadeaux,13,matching,des lunettes de soleil,,,,,A1,shopping,054
tricolore-1-5th-edition,reading,2 Les cadeaux,14,matching,une montre sport,,,,,A1,shopping,054
tricolore-1-5th-edition,reading,2 Les cadeaux,15,matching,le nouveau parfum «Printemps»,,,,,A1,shopping,054
tricolore-1-5th-edition,reading,2 Les cadeaux,16,matching,des tennis,,,,,A1,shopping,054
tricolore-1-5th-edition,reading,2 Les cadeaux,2,matching,un ballon de foot,,,,,A1,shopping,054
tricolore-1-5th-edition,reading,2 Les cadeaux,3,matching,deux billets de cinéma,,,,,A1,shopping,054
tricolore-1-5th-edition,reading,2 Les cadeaux,4,matching,des bracelets en métal argenté,,,,,A1,shopping,054
tricolore-1-5th-edition,reading,2 Les cadeaux,5,matching,une calculatrice amusante,,,,,A1,shopping,054
tricolore-1-5th-edition,reading,2 Les cadeaux,6,matching,une casquette,,,,,A1,shopping,054
tricolore-1-5th-edition,reading,2 Les cadeaux,7,matching,une ceinture chic,,,,,A1,shopping,054
tricolore-1-5th-edition,reading,2 Les cadeaux,8,matching,des chaussettes fantaisie,,,,,A1,shopping,054
tricolore-1-5th-edition,reading,2 Les cadeaux,9,matching,"une collection papeterie (cahier, trousse et stylo)",,,,,A1,shopping,054
tricolore-1-5th-edition,grammar,Dossier-langue Numbers (a),1,fill-in,"Complète les nombres 74 à 79 en français (74 soixante-___, 75 s___-___, 76 s___-___, 77 soixante-___-___, 78 ___-___-___, 79 ___-___-___).",,,,,A1,none,055
tricolore-1-5th-edition,reading,3 Un cadeau idéal (a),1,matching,Karim aime lire.,,,,M,A1,shopping,055
tricolore-1-5th-edition,writing,3 Un cadeau idéal (b),1,short-answer,Choisis un cadeau pour toi et donne une raison.,,,,(open-ended),A1,shopping,055
tricolore-1-5th-edition,writing,3 Un cadeau idéal (c),1,writing-task,Invente des raisons pour trois autres personnes.,,,,(open-ended),A1,shopping,055
tricolore-1-5th-edition,listening,4 La tombola (a),1,matching,"Écoute, lis et trouve le bon prix pour chaque cadeau (tee-shirt, calculatrice, carte cadeau, classeur, crayons, tablette, trousse, poisson rouge, sac à dos, stylo).",,,,,A1,shopping,055
tricolore-1-5th-edition,writing,4 La tombola (b),1,writing-task,Travaillez en groupe. Faites un poster «Idées Cadeaux» avec six nouveaux cadeaux.,,,,(open-ended),A1,shopping,055
tricolore-1-5th-edition,grammar,Dossier-langue Numbers (b),2,short-answer,"Écris en français ces nombres: 104, 203, 307, 110, 213, 317, 450, 500.",,,,,A1,none,055
tricolore-1-5th-edition,reading,3 Un cadeau idéal (a),2,matching,Léa aime les maths.,,,,,A1,shopping,055
tricolore-1-5th-edition,reading,3 Un cadeau idéal (a),3,matching,Claire aime acheter des cadeaux.,,,,,A1,shopping,055
tricolore-1-5th-edition,reading,3 Un cadeau idéal (a),4,matching,"Le weekend, Daniel met toujours un jean.",,,,,A1,shopping,055
tricolore-1-5th-edition,reading,3 Un cadeau idéal (a),5,matching,Sophie met toujours du parfum pour aller à des fêtes.,,,,,A1,shopping,055
tricolore-1-5th-edition,reading,3 Un cadeau idéal (a),6,matching,Charlotte adore les vacances au soleil.,,,,,A1,vacation,055
tricolore-1-5th-edition,reading,3 Un cadeau idéal (a),7,matching,C'est un anniversaire spécial pour Alexandre. Il a dix-huit ans et il adore la technologie et les jeux.,,,,,A1,shopping,055
tricolore-1-5th-edition,reading,2 Des vêtements (masculin),1,fill-in,"Complète la liste de vêtements masculins: un jean (jeans), un ___ (tracksuit bottoms), un pantalon (___), ___ (pullover), ___ ((pair of) shorts), ___ (sweatshirt), ___ (T-shirt).",,,,,A1,mixed,056
tricolore-1-5th-edition,reading,2 Des vêtements (féminin),2,fill-in,"Complète la liste de vêtements féminins: des tennis (___), des ___ (sandals), une cravate (a tie), une casquette (___), une chemise (___), une jupe (___), ___ (a dress), des chaussettes (___), des chaussures (___), des baskets (___).",,,,,A1,mixed,056
tricolore-1-5th-edition,grammar,3 C'est au pluriel?,1,true-false,un sweat gris,,,,Faux,A1,mixed,057
tricolore-1-5th-edition,speaking,4 Vrai ou faux? (a),1,true-false,"Vendredi, Lou porte un pull vert et jaune.",,,,Vrai,A1,mixed,057
tricolore-1-5th-edition,speaking,4 Vrai ou faux? (b),1,speaking-task,Travaillez à deux. Trouve une photo (ou fais un dessin) de trois personnes qui portent des vêtements différents. Partenaire A dit trois phrases au sujet d'une de ces personnes et partenaire B devine qui c'est.,,,,(open-ended),A1,mixed,057
tricolore-1-5th-edition,writing,4 Vrai ou faux? (c),1,writing-task,Écris une description d'une personne de l'activité 4b. Ton/Ta partenaire décide si c'est une bonne description.,,,,(open-ended),A1,mixed,057
tricolore-1-5th-edition,grammar,3 C'est au pluriel?,2,true-false,mes lunettes,,,,Vrai,A1,mixed,057
tricolore-1-5th-edition,speaking,4 Vrai ou faux? (a),2,true-false,"Jeudi, Lou porte une chemise bleue.",,,,Faux,A1,mixed,057
tricolore-1-5th-edition,grammar,3 C'est au pluriel?,3,true-false,les baskets,,,,Vrai,A1,mixed,057
tricolore-1-5th-edition,grammar,3 C'est au pluriel?,4,true-false,un pantalon,,,,Faux,A1,mixed,057
tricolore-1-5th-edition,grammar,3 C'est au pluriel?,5,true-false,des chaussures,,,,Vrai,A1,mixed,057
tricolore-1-5th-edition,grammar,3 C'est au pluriel?,6,true-false,des jeux,,,,Vrai,A1,hobby,057
tricolore-1-5th-edition,grammar,3 C'est au pluriel?,7,true-false,sa sœur,,,,Faux,A1,family,057
tricolore-1-5th-edition,grammar,3 C'est au pluriel?,8,true-false,des casquettes,,,,Vrai,A1,mixed,057
tricolore-1-5th-edition,listening,1 Des photos d'identité,1,matching,"Écoute les six descriptions et identifie qui parle parmi les portraits A–F (Marine, Bruno, Julie, Sonia, Zac, Maxime).",,,,,A1,personal-info,058
tricolore-1-5th-edition,writing,2 Une description personnelle,1,writing-task,Fais une description de toi. Garde la description dans ton Dossier personnel.,,,,(open-ended),A1,personal-info,058
tricolore-1-5th-edition,speaking,3 C'est qui? (a),1,speaking-task,Une personne fait une description de quelqu'un du groupe. Les autres devinent qui c'est.,,,,(open-ended),A1,personal-info,058
tricolore-1-5th-edition,writing,3 C'est qui? (b),1,writing-task,"Écris la description d'un(e) ami(e), d'un membre de ta famille ou d'une personne célèbre.",,,,(open-ended),A1,personal-info,058
tricolore-1-5th-edition,grammar,Dossier-langue avoir,1,fill-in,"Complète le tableau du verbe avoir: ___ avons (we have), tu ___ (you have), vous ___ (formal/plural), il a (he has), ils ___ (they have, masc.), ___ a (she has), ___ ont (they have, fem.), on ___ (one has).",,,,,A1,none,059
tricolore-1-5th-edition,reading,4 Un message de Léa,1,short-answer,Lis le message de Léa et trouve 5 adjectifs.,,,,,A1,mixed,059
tricolore-1-5th-edition,grammar,5 Chez nous,1,multiple-choice,Nous (avons/a/ont) ___ un petit appartement en centre-ville.,avons,a,ont,avons,A1,home,059
tricolore-1-5th-edition,writing,6 Un e-mail,1,writing-task,Écris un e-mail à un(e) amie français(e) sur ta maison et ta chambre. Garde ce message dans ton Dossier personnel.,,,,(open-ended),A1,home,059
tricolore-1-5th-edition,speaking,7 Une conversation (a),1,speaking-task,"Travaille avec un(e) partenaire. Parle de toi, de ta famille, tes animaux, ta maison et ta chambre.",,,,(open-ended),A1,mixed,059
tricolore-1-5th-edition,writing,7 Une conversation (b),1,writing-task,"Ton/Ta partenaire parle et tu notes les détails, puis tu écris un résumé.",,,,(open-ended),A1,mixed,059
tricolore-1-5th-edition,reading,4 Un message de Léa,2,short-answer,Lis le message de Léa et trouve 4 animaux.,,,,,A1,mixed,059
tricolore-1-5th-edition,grammar,5 Chez nous,2,multiple-choice,"Dans l'appartement, nous (avez/ai/avons) ___ un salon, une cuisine, une salle de bains et trois chambres.",avez,ai,avons,,A1,home,059
tricolore-1-5th-edition,reading,4 Un message de Léa,3,short-answer,Lis le message de Léa et trouve 3 meubles.,,,,,A1,home,059
tricolore-1-5th-edition,grammar,5 Chez nous,3,multiple-choice,Nous (a/avons/ont) ___ aussi un garage.,a,avons,ont,,A1,home,059
tricolore-1-5th-edition,reading,4 Un message de Léa,4,short-answer,Lis le message de Léa et trouve 2 membres de la famille.,,,,,A1,family,059
tricolore-1-5th-edition,grammar,5 Chez nous,4,multiple-choice,Est-ce que vous (ai/a/avez) ___ un jardin?,ai,a,avez,,A1,home,059
tricolore-1-5th-edition,reading,4 Un message de Léa,5,short-answer,Lis le message de Léa et trouve 1 appareil électrique.,,,,,A1,home,059
tricolore-1-5th-edition,grammar,5 Chez nous,5,multiple-choice,"Dans ma chambre, j'(a/ai/ont) ___ une chaîne hi-fi.",a,ai,ont,,A1,home,059
tricolore-1-5th-edition,grammar,5 Chez nous,6,multiple-choice,Ma sœur (as/a/ont) ___ un ordinateur dans sa chambre.,as,a,ont,,A1,family,059
tricolore-1-5th-edition,grammar,5 Chez nous,7,multiple-choice,Mes frères (avons/avez/ont) ___ une console.,avons,avez,ont,,A1,family,059
tricolore-1-5th-edition,grammar,5 Chez nous,8,multiple-choice,"Et toi, qu'est-ce que tu (ai/as/a) ___ dans ta chambre?",ai,as,a,,A1,home,059
tricolore-1-5th-edition,listening,1 Trouve le bon mot,1,matching,"Écoute et identifie le mot entendu parmi: a fille, b famille, c livre, d ville, e fils, f oui (items 1–6).",,,,,A1,none,060
tricolore-1-5th-edition,listening,2 C'est quelle image?,1,matching,"Écoute et identifie le mot entendu parmi: A la pluie, B un parapluie, C une boisson, D un croissant, E une pharmacie, F un pharmacien (items 1–6).",,,,,A1,none,060
tricolore-1-5th-edition,listening,3 C'est quel mot?,1,multiple-choice,1 (je/j'ai),je,j'ai,,j'ai,A1,none,060
tricolore-1-5th-edition,listening,4 Questions ou réponses?,1,multiple-choice,Écris 1–9. Écoute et écris Q (pour une question) ou R (pour une réponse).,,,,,A1,none,060
tricolore-1-5th-edition,listening,5 L'histoire de Suzanne,1,short-answer,Was the event a complete success?,,,,(open-ended),A2,mixed,060
tricolore-1-5th-edition,writing,5 L'histoire de Suzanne (b),1,writing-task,"Écris un résumé de l'histoire de Suzanne. Réécoute l'histoire, si nécessaire.",,,,(open-ended),A2,mixed,060
tricolore-1-5th-edition,listening,3 C'est quel mot?,2,multiple-choice,2 (j'ai/j'aime),j'ai,j'aime,,,A1,none,060
tricolore-1-5th-edition,listening,5 L'histoire de Suzanne,2,short-answer,Explain why this was.,,,,(open-ended),A2,mixed,060
tricolore-1-5th-edition,listening,3 C'est quel mot?,3,multiple-choice,3 (je/j'aime),je,j'aime,,,A1,none,060
tricolore-1-5th-edition,listening,5 L'histoire de Suzanne,3,short-answer,What date is being described?,,,,(open-ended),A2,time-dates,060
tricolore-1-5th-edition,listening,3 C'est quel mot?,4,multiple-choice,4 (trois/toi),trois,toi,,,A1,none,060
tricolore-1-5th-edition,listening,5 L'histoire de Suzanne,4,short-answer,How old is Suzanne?,,,,(open-ended),A2,personal-info,060
tricolore-1-5th-edition,listening,3 C'est quel mot?,5,multiple-choice,5 (sous/sur),sous,sur,,,A1,none,060
tricolore-1-5th-edition,listening,5 L'histoire de Suzanne,5,short-answer,Who or what is citron pressé?,,,,(open-ended),A2,food,060
tricolore-1-5th-edition,listening,3 C'est quel mot?,6,multiple-choice,6 (sœur/sur),sœur,sur,,,A1,none,060
tricolore-1-5th-edition,,Exercise 2,1,short-answer,"Trouve le mot qui ne va pas avec les autres: un gâteau, une carte, un œuf, une crêpe",,,,une carte,A1,mixed,062
tricolore-1-5th-edition,,Exercise 3,1,writing-task,"Écris deux listes (masculin, féminin) en séparant les mots: cadeaucasquettegâteaujupegommeoiseausalletrousseville",,,,(open-ended),A1,mixed,062
tricolore-1-5th-edition,,Exercise 4,1,short-answer,Trouve des choses qui commencent par un 'c'.,,,,,A1,mixed,062
tricolore-1-5th-edition,,Exercise 2,10,short-answer,"Trouve le mot qui ne va pas avec les autres: mon frère, ma sœur, mon père, ma maison",,,,,A1,mixed,062
tricolore-1-5th-edition,,Exercise 2,2,short-answer,"Trouve le mot qui ne va pas avec les autres: un chien, une chaussure, un chat, un cheval",,,,,A1,mixed,062
tricolore-1-5th-edition,,Exercise 2,3,short-answer,"Trouve le mot qui ne va pas avec les autres: un pantalon, un tricot, un short, un lapin",,,,,A1,mixed,062
tricolore-1-5th-edition,,Exercise 2,4,short-answer,"Trouve le mot qui ne va pas avec les autres: une cravate, un cahier, une calculatrice, un classeur",,,,,A1,mixed,062
tricolore-1-5th-edition,,Exercise 2,5,short-answer,"Trouve le mot qui ne va pas avec les autres: février, avril, bleu, juillet",,,,,A1,mixed,062
tricolore-1-5th-edition,,Exercise 2,6,short-answer,"Trouve le mot qui ne va pas avec les autres: jeudi, mercredi, méchant, vendredi",,,,,A1,mixed,062
tricolore-1-5th-edition,,Exercise 2,7,short-answer,"Trouve le mot qui ne va pas avec les autres: treize, neuf, mardi, onze",,,,,A1,mixed,062
tricolore-1-5th-edition,,Exercise 2,8,short-answer,"Trouve le mot qui ne va pas avec les autres: lundi, samedi, petit, dimanche",,,,,A1,mixed,062
tricolore-1-5th-edition,,Exercise 2,9,short-answer,"Trouve le mot qui ne va pas avec les autres: la chambre, le perroquet, la salle à manger, le salon",,,,,A1,mixed,062
tricolore-1-5th-edition,,Exercise 1,cinq couleurs,short-answer,Trouve cinq couleurs.,,,,"blanc, vert, jaune, rouge, noir",A1,mixed,062
tricolore-1-5th-edition,,Exercise 1,deux adjectifs,short-answer,Trouve deux adjectifs.,,,,"mignon, grand",A1,mixed,062
tricolore-1-5th-edition,,Exercise 1,quatre animaux,short-answer,Trouve quatre animaux.,,,,"un hamster, un cochon d'Inde, un lapin, une souris",A1,mixed,062
tricolore-1-5th-edition,,Exercise 1,trois vêtements,short-answer,Trouve trois vêtements.,,,,"une cravate, une jupe, une robe",A1,mixed,062
tricolore-1-5th-edition,,Exercise 1,une fête,short-answer,Trouve une fête.,,,,Pâques,A1,mixed,062
tricolore-1-5th-edition,,Exercise 5,1,fill-in,"Le premier ___ , c'est le jour de l'An.",,,,janvier,A1,time-dates,063
tricolore-1-5th-edition,,Exercise 7a,1,fill-in,Quel est ___ jour favori?,,,,ton,A1,personal-info,063
tricolore-1-5th-edition,,Exercise 6,1,short-answer,Décris le cadeau numéro 1 (illustration: green jumper/pull).,,,,Le pull est vert.,A1,mixed,063
tricolore-1-5th-edition,,Exercise 8,1,fill-in,Je ___ anglo-français.,,,,suis,A1,family,063
tricolore-1-5th-edition,,Exercise 5,10,fill-in,"Mais en ___ , c'est la rentrée.",,,,,A1,time-dates,063
tricolore-1-5th-edition,,Exercise 6,10,short-answer,Décris le cadeau numéro 10 (illustration: two red pens/stylos).,,,,,A1,mixed,063
tricolore-1-5th-edition,,Exercise 8,10,fill-in,"Ils ___ gros, mais ils ___ gentils.",,,,,A1,family,063
tricolore-1-5th-edition,,Exercise 5,11,fill-in,"Au mois d'___ , c'est déjà l'automne.",,,,,A1,time-dates,063
tricolore-1-5th-edition,,Exercise 8,11,fill-in,Mes amis ___ Marc et Jean.,,,,,A1,family,063
tricolore-1-5th-edition,,Exercise 5,12,fill-in,"Le onze ___ , c'est l'Armistice.",,,,,A1,time-dates,063
tricolore-1-5th-edition,,Exercise 8,12,fill-in,Nous ___ dans la même classe au collège.,,,,,A1,family,063
tricolore-1-5th-edition,,Exercise 5,2,fill-in,"Le premier jour d'été, c'est le 21 ___ .",,,,,A1,time-dates,063
tricolore-1-5th-edition,,Exercise 7a,2,fill-in,Quel âge a ___ frère?,,,,,A1,personal-info,063
tricolore-1-5th-edition,,Exercise 6,2,short-answer,Décris le cadeau numéro 2 (illustration: grey bag/sac).,,,,,A1,mixed,063
tricolore-1-5th-edition,,Exercise 8,2,fill-in,Mon père ___ français et ma mère ___ anglaise.,,,,,A1,family,063
tricolore-1-5th-edition,,Exercise 5,3,fill-in,"Pâques, c'est quelquefois en ___ et quelquefois en ___ .",,,,,A1,time-dates,063
tricolore-1-5th-edition,,Exercise 7a,3,fill-in,De quelle couleur est ___ maison?,,,,,A1,personal-info,063
tricolore-1-5th-edition,,Exercise 6,3,short-answer,Décris le cadeau numéro 3 (illustration: red baseball cap/casquette).,,,,,A1,mixed,063
tricolore-1-5th-edition,,Exercise 8,3,fill-in,J'___ douze ans.,,,,,A1,family,063
tricolore-1-5th-edition,,Exercise 5,4,fill-in,"Le premier ___ , on fait des poissons d'avril.",,,,,A1,time-dates,063
tricolore-1-5th-edition,,Exercise 7a,4,fill-in,Est-ce que ___ ville est grande?,,,,,A1,personal-info,063
tricolore-1-5th-edition,,Exercise 6,4,short-answer,Décris le cadeau numéro 4 (illustration: yellow socks/chaussettes).,,,,,A1,mixed,063
tricolore-1-5th-edition,,Exercise 8,4,fill-in,J'___ un frère et une sœur.,,,,,A1,family,063
tricolore-1-5th-edition,,Exercise 5,5,fill-in,"En ___ , c'est la fête des Mères en France.",,,,,A1,time-dates,063
tricolore-1-5th-edition,,Exercise 7a,5,fill-in,Comment s'appellent ___ amis?,,,,,A1,personal-info,063
tricolore-1-5th-edition,,Exercise 6,5,short-answer,Décris le cadeau numéro 5 (illustration: black and grey shoes/chaussures).,,,,,A1,mixed,063
tricolore-1-5th-edition,,Exercise 8,5,fill-in,Mon frère ___ quinze ans.,,,,,A1,family,063
tricolore-1-5th-edition,,Exercise 5,6,fill-in,"Au mois de ___ ou de ___ , il y a mardi gras.",,,,,A1,time-dates,063
tricolore-1-5th-edition,,Exercise 7a,6,fill-in,Est-ce que ___ parents sont profs?,,,,,A1,personal-info,063
tricolore-1-5th-edition,,Exercise 6,6,short-answer,Décris le cadeau numéro 6 (illustration: white shoes/tennis).,,,,,A1,mixed,063
tricolore-1-5th-edition,,Exercise 8,6,fill-in,Il ___ assez grand.,,,,,A1,family,063
tricolore-1-5th-edition,,Exercise 5,7,fill-in,"Le quatorze ___ , c'est la fête nationale en France.",,,,,A1,time-dates,063
tricolore-1-5th-edition,,Exercise 6,7,short-answer,Décris le cadeau numéro 7 (illustration: two hamsters).,,,,,A1,mixed,063
tricolore-1-5th-edition,,Exercise 8,7,fill-in,Ma sœur ___ sept ans.,,,,,A1,family,063
tricolore-1-5th-edition,,Exercise 5,8,fill-in,"Et le vingt-cinq ___ , c'est Noël.",,,,,A1,time-dates,063
tricolore-1-5th-edition,,Exercise 6,8,short-answer,Décris le cadeau numéro 8 (illustration: a parrot/perroquet).,,,,,A1,mixed,063
tricolore-1-5th-edition,,Exercise 8,8,fill-in,Elle ___ petite.,,,,,A1,family,063
tricolore-1-5th-edition,,Exercise 5,9,fill-in,"Le mois d'___ , c'est le mois des vacances.",,,,,A1,time-dates,063
tricolore-1-5th-edition,,Exercise 6,9,short-answer,Décris le cadeau numéro 9 (illustration: blue pencil case/trousse with pens).,,,,,A1,mixed,063
tricolore-1-5th-edition,,Exercise 8,9,fill-in,Nous ___ aussi deux chiens.,,,,,A1,family,063
tricolore-1-5th-edition,,Exercise 7b,a,fill-in,"Oui, ___ ville est assez grande.",,,,ma,A1,personal-info,063
tricolore-1-5th-edition,,Exercise 7b,b,fill-in,___ amis s'appellent André et Lucie.,,,,,A1,personal-info,063
tricolore-1-5th-edition,,Exercise 7b,c,fill-in,___ jour favori est le dimanche.,,,,,A1,personal-info,063
tricolore-1-5th-edition,,Exercise 7b,d,fill-in,"Oui, ___ parents sont profs.",,,,,A1,personal-info,063
tricolore-1-5th-edition,,Exercise 7b,e,fill-in,___ maison est blanche.,,,,,A1,personal-info,063
tricolore-1-5th-edition,,Exercise 7b,f,fill-in,___ frère a treize ans.,,,,,A1,personal-info,063
tricolore-1-5th-edition,reading,Exercise 1a,1,true-false,Il fait beau à Paris.,,,,Faux,A1,weather,064
tricolore-1-5th-edition,reading,Exercise 1b,1,fill-in,"À Dieppe, ___.",,,,il y a du brouillard,A1,weather,064
tricolore-1-5th-edition,writing,Exercise 1c,1,writing-task,Décris le temps dans trois autres villes.,,,,(open-ended),A1,weather,064
tricolore-1-5th-edition,reading,Exercise 1a,2,true-false,Il pleut à Lille.,,,,,A1,weather,064
tricolore-1-5th-edition,reading,Exercise 1b,2,fill-in,"À Strasbourg, ___.",,,,il fait chaud,A1,weather,064
tricolore-1-5th-edition,reading,Exercise 1a,3,true-false,Il fait mauvais à Nice.,,,,,A1,weather,064
tricolore-1-5th-edition,reading,Exercise 1b,3,fill-in,"À Paris, ___.",,,,il fait mauvais,A1,weather,064
tricolore-1-5th-edition,reading,Exercise 1a,4,true-false,Il y a du vent à Bordeaux.,,,,,A1,weather,064
tricolore-1-5th-edition,reading,Exercise 1b,4,fill-in,"À Nice, ___.",,,,il fait chaud,A1,weather,064
tricolore-1-5th-edition,reading,Exercise 1a,5,true-false,Il neige à Dieppe.,,,,,A1,weather,064
tricolore-1-5th-edition,reading,Exercise 1b,5,fill-in,"À Toulouse, ___.",,,,il y a du soleil,A1,weather,064
tricolore-1-5th-edition,reading,Exercise 1a,6,true-false,Il fait mauvais à La Rochelle.,,,,,A1,weather,064
tricolore-1-5th-edition,reading,Exercise 1b,6,fill-in,"À Grenoble, ___.",,,,il neige,A1,weather,064
tricolore-1-5th-edition,reading,Exercise 1a,7,true-false,Il y a du brouillard à Rennes.,,,,,A1,weather,064
tricolore-1-5th-edition,reading,Exercise 1b,7,fill-in,"À Lille, ___.",,,,il pleut,A1,weather,064
tricolore-1-5th-edition,reading,Exercise 1a,8,true-false,Il y a du soleil à Strasbourg.,,,,,A1,weather,064
tricolore-1-5th-edition,reading,Exercise 2,Bordeaux,short-answer,Quelle température fait-il à Bordeaux? Est-ce qu'il fait chaud ou froid?,,,,"21°C, il fait chaud",A1,weather,064
tricolore-1-5th-edition,reading,Exercise 2,Dieppe,short-answer,Quelle température fait-il à Dieppe? Est-ce qu'il fait chaud ou froid?,,,,"0°C, il fait froid",A1,weather,064
tricolore-1-5th-edition,reading,Exercise 2,Grenoble,short-answer,Quelle température fait-il à Grenoble? Est-ce qu'il fait chaud ou froid?,,,,"–2°C, il fait très froid",A1,weather,064
tricolore-1-5th-edition,reading,Exercise 2,Lille,short-answer,Quelle température fait-il à Lille? Est-ce qu'il fait chaud ou froid?,,,,"3°C, il fait froid",A1,weather,064
tricolore-1-5th-edition,reading,Exercise 2,Lyon,short-answer,Quelle température fait-il à Lyon? Est-ce qu'il fait chaud ou froid?,,,,"16°C, il fait assez chaud",A1,weather,064
tricolore-1-5th-edition,reading,Exercise 2,Nice,short-answer,Quelle température fait-il à Nice? Est-ce qu'il fait chaud ou froid?,,,,"23°C, il fait chaud",A1,weather,064
tricolore-1-5th-edition,reading,Exercise 2,Paris,short-answer,Quelle température fait-il à Paris? Est-ce qu'il fait chaud ou froid?,,,,"6°C, il fait froid",A1,weather,064
tricolore-1-5th-edition,reading,Exercise 2,Rennes,short-answer,Quelle température fait-il à Rennes? Est-ce qu'il fait chaud ou froid?,,,,"5°C, il fait froid",A1,weather,064
tricolore-1-5th-edition,reading,Exercise 2,Strasbourg,short-answer,Quelle température fait-il à Strasbourg? Est-ce qu'il fait chaud ou froid?,,,,"4°C, il fait froid",A1,weather,064
tricolore-1-5th-edition,reading,Exercise 2,Toulouse,short-answer,Quelle température fait-il à Toulouse? Est-ce qu'il fait chaud ou froid?,,,,"22°C, il fait chaud",A1,weather,064
tricolore-1-5th-edition,listening,Exercise 3,1,short-answer,C'est le 5 mars. Quel temps fait-il et quelle température fait-il à Paris?,,,,"1a: C (il fait froid), 1b: 7°C",A1,weather,065
tricolore-1-5th-edition,speaking,Exercise 4,1,speaking-task,"Écoutez la conversation, puis à deux, changez les mots surlignés pour inventer d'autres conversations.",,,,(open-ended),A1,communication,065
tricolore-1-5th-edition,reading,Exercise 5a,1,fill-in,"Dans le nord de la France, il (1) ___ mauvais, avec de la pluie à Lille et du (2) ___ à Dieppe.",,,,fait,A1,weather,065
tricolore-1-5th-edition,reading,Exercise 5b,1,short-answer,Trouve le français: in the north of France,,,,dans le nord de la France,A1,weather,065
tricolore-1-5th-edition,writing,Exercise 5c,1,writing-task,Invente la météo. Fais une description comme ça pour un autre jour.,,,,(open-ended),A1,weather,065
tricolore-1-5th-edition,listening,Exercise 3,2,short-answer,Quel temps fait-il et quelle température fait-il à Rennes?,,,,,A1,weather,065
tricolore-1-5th-edition,reading,Exercise 5a,2,fill-in,...avec de la pluie à Lille et du (2) ___ à Dieppe.,,,,brouillard,A1,weather,065
tricolore-1-5th-edition,reading,Exercise 5b,2,short-answer,Trouve le français: the weather isn't bad,,,,il ne fait pas mauvais partout,A1,weather,065
tricolore-1-5th-edition,listening,Exercise 3,3,short-answer,Quel temps fait-il et quelle température fait-il à Bordeaux?,,,,,A1,weather,065
tricolore-1-5th-edition,reading,Exercise 5a,3,fill-in,"Dans la région méditerranéenne, il fait beau en général et il y a du (3) ___ à Nice.",,,,soleil,A1,weather,065
tricolore-1-5th-edition,reading,Exercise 5b,3,short-answer,Trouve le français: the weather is good,,,,il fait beau,A1,weather,065
tricolore-1-5th-edition,listening,Exercise 3,4,short-answer,Quel temps fait-il et quelle température fait-il à Toulouse?,,,,,A1,weather,065
tricolore-1-5th-edition,reading,Exercise 5a,4,fill-in,"Dans l'ouest de la France, sur la côte atlantique, il fait assez (4) ___ à La Rochelle.",,,,beau,A1,weather,065
tricolore-1-5th-edition,reading,Exercise 5b,4,short-answer,Trouve le français: in general,,,,en général,A1,weather,065
tricolore-1-5th-edition,listening,Exercise 3,5,short-answer,Quel temps fait-il et quelle température fait-il à Nice?,,,,,A1,weather,065
tricolore-1-5th-edition,reading,Exercise 5a,5,fill-in,...mais il y a du (5) ___ à Bordeaux.,,,,vent,A1,weather,065
tricolore-1-5th-edition,reading,Exercise 5b,5,short-answer,Trouve le français: in the west of France,,,,dans l'ouest de la France,A1,weather,065
tricolore-1-5th-edition,listening,Exercise 3,6,short-answer,Quel temps fait-il et quelle température fait-il à Grenoble?,,,,,A1,weather,065
tricolore-1-5th-edition,reading,Exercise 5a,6,fill-in,"À Grenoble, dans les Alpes, il fait froid et il (6) ___.",,,,neige,A1,weather,065
tricolore-1-5th-edition,reading,Exercise 5b,6,short-answer,Trouve le français: it's cold,,,,il fait froid,A1,weather,065
tricolore-1-5th-edition,listening,Exercise 3,7,short-answer,Quel temps fait-il et quelle température fait-il à Strasbourg?,,,,,A1,weather,065
tricolore-1-5th-edition,listening,Exercise 3,8,short-answer,Quel temps fait-il et quelle température fait-il à Lille?,,,,,A1,weather,065
tricolore-1-5th-edition,listening,Exercise 3,9,short-answer,Quel temps fait-il et quelle température fait-il à Dieppe?,,,,,A1,weather,065
tricolore-1-5th-edition,,Exercise 1a,1,short-answer,C'est quelle saison? Ça commence le 21 mars.,,,,le printemps,A1,weather,066
tricolore-1-5th-edition,,Exercise 1b,1,fill-in,"Au printemps, il fait b___ .",,,,beau,A1,weather,066
tricolore-1-5th-edition,writing,Exercise 1c,1,writing-task,"Écris une phrase avec souvent, quelquefois ou normalement pour chaque saison.",,,,(open-ended),A1,weather,066
tricolore-1-5th-edition,listening,Exercise 3,1,fill-in,Écris 1–8. Écoute et écris le mot. (1),,,,là,A1,none,066
tricolore-1-5th-edition,,Exercise 1b,10,fill-in,"Quelquefois, il n___ .",,,,neige,A1,weather,066
tricolore-1-5th-edition,,Exercise 1a,2,short-answer,C'est quelle saison? Ça commence le 21 septembre.,,,,l'automne,A1,weather,066
tricolore-1-5th-edition,,Exercise 1b,2,fill-in,Il y a du s___ .,,,,soleil,A1,weather,066
tricolore-1-5th-edition,listening,Exercise 3,2,fill-in,Écris 1–8. Écoute et écris le mot. (2),,,,,A1,none,066
tricolore-1-5th-edition,,Exercise 1a,3,short-answer,C'est quelle saison? Ça commence le 21 juin.,,,,l'été,A1,weather,066
tricolore-1-5th-edition,,Exercise 1b,3,fill-in,"Quelquefois, il p___ .",,,,pleut,A1,weather,066
tricolore-1-5th-edition,listening,Exercise 3,3,fill-in,Écris 1–8. Écoute et écris le mot. (3),,,,,A1,none,066
tricolore-1-5th-edition,,Exercise 1a,4,short-answer,C'est quelle saison? Ça commence le 21 décembre.,,,,l'hiver,A1,weather,066
tricolore-1-5th-edition,,Exercise 1b,4,fill-in,"En été, il fait c___ .",,,,chaud,A1,weather,066
tricolore-1-5th-edition,listening,Exercise 3,4,fill-in,Écris 1–8. Écoute et écris le mot. (4),,,,,A1,none,066
tricolore-1-5th-edition,,Exercise 1a,5,short-answer,C'est quelle saison? C'est novembre.,,,,l'automne,A1,weather,066
tricolore-1-5th-edition,,Exercise 1b,5,fill-in,"Normalement, le ciel est b___ .",,,,bleu,A1,weather,066
tricolore-1-5th-edition,listening,Exercise 3,5,fill-in,Écris 1–8. Écoute et écris le mot. (5),,,,,A1,none,066
tricolore-1-5th-edition,,Exercise 1a,6,short-answer,C'est quelle saison? C'est août.,,,,l'été,A1,weather,066
tricolore-1-5th-edition,,Exercise 1b,6,fill-in,"En automne, il y a du v___ .",,,,vent,A1,weather,066
tricolore-1-5th-edition,listening,Exercise 3,6,fill-in,Écris 1–8. Écoute et écris le mot. (6),,,,,A1,none,066
tricolore-1-5th-edition,,Exercise 1a,7,short-answer,C'est quelle saison? C'est avril.,,,,le printemps,A1,weather,066
tricolore-1-5th-edition,,Exercise 1b,7,fill-in,"Quelquefois, il y a du b___ .",,,,brouillard,A1,weather,066
tricolore-1-5th-edition,listening,Exercise 3,7,fill-in,Écris 1–8. Écoute et écris le mot. (7),,,,,A1,none,066
tricolore-1-5th-edition,,Exercise 1a,8,short-answer,C'est quelle saison? C'est le jour de l'An.,,,,l'hiver,A1,weather,066
tricolore-1-5th-edition,,Exercise 1b,8,fill-in,"En hiver, il fait f___ .",,,,froid,A1,weather,066
tricolore-1-5th-edition,listening,Exercise 3,8,fill-in,Écris 1–8. Écoute et écris le mot. (8),,,,,A1,none,066
tricolore-1-5th-edition,,Exercise 1b,9,fill-in,Il fait souvent m___ .,,,,mauvais,A1,weather,066
tricolore-1-5th-edition,writing,Exercise 5,1,writing-task,Où habites-tu? Quel temps fait-il? Qu'est-ce que tu fais quand il fait mauvais ou quand il fait beau? Écris quelques phrases.,,,,(open-ended),A1,weather,067
tricolore-1-5th-edition,grammar,Dossier-langue,1,fill-in,"Quand il ___, je reste à la maison.",,,,,A1,weather,067
tricolore-1-5th-edition,speaking,Exercise 6,1,short-answer,"Un mois au printemps qui commence par un 'a', c'est quel mot?",,,,avril,A1,weather,067
tricolore-1-5th-edition,grammar,Dossier-langue,2,fill-in,"Quand il ___, je joue au football.",,,,,A1,weather,067
tricolore-1-5th-edition,speaking,Exercise 6,2,short-answer,Une saison qui commence par un 'a'.,,,,,A1,weather,067
tricolore-1-5th-edition,speaking,Exercise 6,3,short-answer,Un mot qui décrit le temps et qui commence par un 'b'.,,,,,A1,weather,067
tricolore-1-5th-edition,speaking,Exercise 6,4,short-answer,Un mot qui décrit le temps et qui commence par un 'c'.,,,,,A1,weather,067
tricolore-1-5th-edition,speaking,Exercise 6,5,short-answer,Un mois en hiver qui commence par un 'd'.,,,,,A1,weather,067
tricolore-1-5th-edition,speaking,Exercise 6,6,short-answer,Une saison qui commence par un 'é'.,,,,,A1,weather,067
tricolore-1-5th-edition,speaking,Exercise 6,7,short-answer,Un mois en automne qui commence par un 'o'.,,,,,A1,weather,067
tricolore-1-5th-edition,speaking,Exercise 6,8,short-answer,Une saison qui commence par un 'h'.,,,,,A1,weather,067
tricolore-1-5th-edition,reading,Exercise 4,a,matching,Il neige souvent à la montagne en hiver. Le ski est très populaire.,,,,,A1,weather,067
tricolore-1-5th-edition,reading,Exercise 4,b,matching,Beaucoup de cafés ont une terrasse. C'est agréable quand il fait beau.,,,,,A1,weather,067
tricolore-1-5th-edition,reading,Exercise 4,c,matching,"En hiver, il ne fait pas très froid et en été, il fait chaud. On cultive des pêches et des raisins.",,,,,A1,weather,067
tricolore-1-5th-edition,reading,Exercise 4,d,matching,Il y a des volets aux fenêtres. On ferme les volets quand il fait très chaud.,,,,,A1,weather,067
tricolore-1-5th-edition,listening,Exercise 1a,1,matching,Écris 1–8. Écoute et trouve la bonne photo.,,,,A,A1,hobby,068
tricolore-1-5th-edition,reading,Exercise 1b,1,short-answer,Corrige l'erreur: Marc joue au rugby.,,,,Marc joue au basket.,A1,hobby,068
tricolore-1-5th-edition,speaking,Exercise 2,1,speaking-task,"À deux, lisez la conversation, puis changez les sports.",,,,(open-ended),A1,hobby,068
tricolore-1-5th-edition,grammar,Dossier-langue,1,short-answer,jouer au football / jouer au volley / jouer au tennis — Why is the word different here? (jouer aux cartes),,,,,A1,hobby,068
tricolore-1-5th-edition,listening,Exercise 1a,2,matching,Écris 1–8. Écoute et trouve la bonne photo. (2),,,,,A1,hobby,068
tricolore-1-5th-edition,reading,Exercise 1b,2,short-answer,Corrige l'erreur: Claire et Thomas jouent au badminton.,,,,Claire et Thomas jouent au volley.,A1,hobby,068
tricolore-1-5th-edition,listening,Exercise 1a,3,matching,Écris 1–8. Écoute et trouve la bonne photo. (3),,,,,A1,hobby,068
tricolore-1-5th-edition,reading,Exercise 1b,3,short-answer,Corrige l'erreur: Ibrahim joue au football.,,,,Ibrahim joue au hockey.,A1,hobby,068
tricolore-1-5th-edition,listening,Exercise 1a,4,matching,Écris 1–8. Écoute et trouve la bonne photo. (4),,,,,A1,hobby,068
tricolore-1-5th-edition,reading,Exercise 1b,4,short-answer,Corrige l'erreur: Paul et Yannick jouent au hockey.,,,,Paul et Yannick jouent au football.,A1,hobby,068
tricolore-1-5th-edition,listening,Exercise 1a,5,matching,Écris 1–8. Écoute et trouve la bonne photo. (5),,,,,A1,hobby,068
tricolore-1-5th-edition,reading,Exercise 1b,5,short-answer,Corrige l'erreur: Simon joue au golf.,,,,Simon joue au tennis.,A1,hobby,068
tricolore-1-5th-edition,listening,Exercise 1a,6,matching,Écris 1–8. Écoute et trouve la bonne photo. (6),,,,,A1,hobby,068
tricolore-1-5th-edition,reading,Exercise 1b,6,short-answer,Corrige l'erreur: Sophie joue au tennis.,,,,Sophie joue au golf.,A1,hobby,068
tricolore-1-5th-edition,listening,Exercise 1a,7,matching,Écris 1–8. Écoute et trouve la bonne photo. (7),,,,,A1,hobby,068
tricolore-1-5th-edition,reading,Exercise 1b,7,short-answer,Corrige l'erreur: Daniel et Luc jouent au volley.,,,,Daniel et Luc jouent au tennis de table.,A1,hobby,068
tricolore-1-5th-edition,listening,Exercise 1a,8,matching,Écris 1–8. Écoute et trouve la bonne photo. (8),,,,,A1,hobby,068
tricolore-1-5th-edition,reading,Exercise 1b,8,short-answer,Corrige l'erreur: Jonathan et Nicole jouent au tennis de table.,,,,Jonathan et Nicole jouent au badminton.,A1,hobby,068
tricolore-1-5th-edition,grammar,Exercise 3,1,multiple-choice,Je (joue/joues/jouent) au hockey.,joue,joues,jouent,joue,A1,hobby,069
tricolore-1-5th-edition,grammar,Exercise 4,1,fill-in,"Au collège, est-ce que vous [icon: volleyball net] ?",,,,jouez au volley?,A1,hobby,069
tricolore-1-5th-edition,grammar,Exercise 3,2,multiple-choice,Tu (joue/joues/jouez) beaucoup?,joue,joues,jouez,joues,A1,hobby,069
tricolore-1-5th-edition,grammar,Exercise 4,2,fill-in,"Non, mais nous [icon: basketball hoop] .",,,,jouons au basket,A1,hobby,069
tricolore-1-5th-edition,grammar,Exercise 3,3,multiple-choice,Ma fille (joues/joue/jouons) dans sa chambre.,joues,joue,jouons,joue,A1,hobby,069
tricolore-1-5th-edition,grammar,Exercise 4,3a,fill-in,"Et toi, tu [icon: badminton racket and shuttlecock] ?",,,,joues au badminton?,A1,hobby,069
tricolore-1-5th-edition,grammar,Exercise 4,3b,fill-in,"Oui, je [icon: badminton racket and shuttlecock] .",,,,joue au badminton,A1,hobby,069
tricolore-1-5th-edition,grammar,Exercise 3,4,multiple-choice,"Nous (jouons/jouez/jouent) avec Pierre, maman.",jouons,jouez,jouent,jouons,A1,hobby,069
tricolore-1-5th-edition,grammar,Exercise 4,4,fill-in,"Et ton frère, est-ce qu'il [icon: hockey sticks] ?",,,,joue au hockey?,A1,hobby,069
tricolore-1-5th-edition,grammar,Exercise 3,5,multiple-choice,Vous (joue/jouent/jouez) au badminton?,joue,jouent,jouez,jouez,A1,hobby,069
tricolore-1-5th-edition,grammar,Exercise 4,5a,fill-in,Est-ce que tes parents [icon: tennis racket and balls] ?,,,,jouent au tennis?,A1,hobby,069
tricolore-1-5th-edition,grammar,Exercise 4,5b,fill-in,"Oui, ils [icon: tennis racket and balls] .",,,,jouent au tennis,A1,hobby,069
tricolore-1-5th-edition,grammar,Exercise 3,6,multiple-choice,Ils (joues/jouons/jouent) dans le jardin.,joues,jouons,jouent,jouent,A1,hobby,069
tricolore-1-5th-edition,grammar,Exercise 4,6,fill-in,"Et mon grand-père [icon: golf club] , mais sur l'ordinateur!",,,,joue au golf,A1,hobby,069
tricolore-1-5th-edition,writing,Exercise 5,a,writing-task,Écris six phrases sur six sports ou jeux différents.,,,,(open-ended),A1,hobby,069
tricolore-1-5th-edition,writing,Exercise 5,b,writing-task,Écris un paragraphe sur le sport et les jeux. Ça peut être de la part d'une personnalité célèbre.,,,,(open-ended),A1,hobby,069
tricolore-1-5th-edition,reading,Exercise 1b,1,true-false,Jojo aime le fromage.,,,,Vrai,A1,mixed,070
tricolore-1-5th-edition,reading,Exercise 1b,10,true-false,Les trois animaux mangent le fromage.,,,,Faux – Seule Jojo mange le fromage.,A1,mixed,070
tricolore-1-5th-edition,reading,Exercise 1b,2,true-false,Elle trouve du fromage dans le jardin.,,,,Faux – Elle trouve du fromage dans la cuisine.,A1,mixed,070
tricolore-1-5th-edition,reading,Exercise 1b,3,true-false,Jojo commence à manger le fromage.,,,,Vrai,A1,mixed,070
tricolore-1-5th-edition,reading,Exercise 1b,4,true-false,"Tom, le chat, arrive.",,,,Vrai,A1,mixed,070
tricolore-1-5th-edition,reading,Exercise 1b,5,true-false,La souris chasse le chat dans le salon.,,,,Faux – Tom chasse Jojo dans le salon (pas l'inverse).,A1,mixed,070
tricolore-1-5th-edition,reading,Exercise 1b,6,true-false,Tom saute sur Jojo mais il n'attrape pas Jojo.,,,,Vrai,A1,mixed,070
tricolore-1-5th-edition,reading,Exercise 1b,7,true-false,"Jojo entre dans la salle à manger, Tom aussi.",,,,"Faux – Jojo entre dans la salle de bains, pas la salle à manger.",A1,mixed,070
tricolore-1-5th-edition,reading,Exercise 1b,8,true-false,"Jojo rentre dans la cuisine, mais le chat est là aussi.",,,,Vrai,A1,mixed,070
tricolore-1-5th-edition,reading,Exercise 1b,9,true-false,"Butch, le chien, entre dans la cuisine.",,,,Vrai,A1,mixed,070
tricolore-1-5th-edition,listening,Exercise 2,1,matching,François ...,,,,b (adore le camping),A1,vacation,071
tricolore-1-5th-edition,reading,Exercise 3a,1,short-answer,Quels sont les titres en anglais? Astérix Gladiateur,,,,Asterix the Gladiator,A1,hobby,071
tricolore-1-5th-edition,writing,Exercise 3b,1,writing-task,"Invente un personnage de bande dessinée, par exemple, un animal comique comme un rat ou un gorille. Décris le personnage ou invente une petite histoire.",,,,(open-ended),A1,hobby,071
tricolore-1-5th-edition,listening,Exercise 2,10,matching,"Quand il pleut, Nicolas ...",,,,,A1,vacation,071
tricolore-1-5th-edition,listening,Exercise 2,2,matching,Christine et sa famille ...,,,,,A1,vacation,071
tricolore-1-5th-edition,reading,Exercise 3a,2,short-answer,Quels sont les titres en anglais? Astérix aux Jeux Olympiques,,,,,A1,hobby,071
tricolore-1-5th-edition,listening,Exercise 2,3,matching,"En hiver, Jean-Marc et Sandrine ...",,,,,A1,vacation,071
tricolore-1-5th-edition,reading,Exercise 3a,3,short-answer,Quels sont les titres en anglais? Le Cadeau de César,,,,,A1,hobby,071
tricolore-1-5th-edition,listening,Exercise 2,4,matching,"En été, Jean-Marc et Sandrine ...",,,,,A1,vacation,071
tricolore-1-5th-edition,reading,Exercise 3a,4,short-answer,Quels sont les titres en anglais? Astérix chez les Belges,,,,,A1,hobby,071
tricolore-1-5th-edition,listening,Exercise 2,5,matching,M. et Mme Duval ...,,,,,A1,vacation,071
tricolore-1-5th-edition,reading,Exercise 3a,5,short-answer,Quels sont les titres en anglais? Tintin en Amérique,,,,,A1,hobby,071
tricolore-1-5th-edition,listening,Exercise 2,6,matching,Mathilde ...,,,,,A1,vacation,071
tricolore-1-5th-edition,reading,Exercise 3a,6,short-answer,Quels sont les titres en anglais? L'Île Noire,,,,,A1,hobby,071
tricolore-1-5th-edition,listening,Exercise 2,7,matching,Nicolas et Isabelle ...,,,,,A1,vacation,071
tricolore-1-5th-edition,reading,Exercise 3a,7,short-answer,Quels sont les titres en anglais? Les Sept Boules de Cristal,,,,,A1,hobby,071
tricolore-1-5th-edition,listening,Exercise 2,8,matching,Isabelle ...,,,,,A1,vacation,071
tricolore-1-5th-edition,reading,Exercise 3a,8,short-answer,Quels sont les titres en anglais? Le Temple du Soleil,,,,,A1,hobby,071
tricolore-1-5th-edition,listening,Exercise 2,9,matching,"Le soir, Nicolas et ses amis ...",,,,,A1,vacation,071
tricolore-1-5th-edition,reading,Exercise 1a,1,fill-in,Nathan a un petit (1) ___ difficile.,,,,frère,A1,family,072
tricolore-1-5th-edition,reading,Exercise 1b,1,short-answer,Relis le message de Nathan. Trouve au moins dix verbes. Fais une liste.,,,,(open-ended),A1,family,072
tricolore-1-5th-edition,reading,Exercise 2,1,fill-in,"Au printemps, nous (organiser) la maison,...",,,,organisons,A1,family,072
tricolore-1-5th-edition,reading,Exercise 1a,10,fill-in,et il (10) ___ .,,,,danse,A1,family,072
tricolore-1-5th-edition,reading,Exercise 2,10,fill-in,...mais ils (écouter) des chants à la radio.,,,,écoutent,A1,family,072
tricolore-1-5th-edition,reading,Exercise 2,11,fill-in,"Mais le 25 décembre, nous (fêter) Noël tous ensemble.",,,,fêtons,A1,family,072
tricolore-1-5th-edition,reading,Exercise 1a,2,fill-in,Léo partage une (2) ___ avec Nathan.,,,,chambre,A1,family,072
tricolore-1-5th-edition,reading,Exercise 2,2,fill-in,...mais les Paresseux (surfer) sur le Net!,,,,surfent,A1,family,072
tricolore-1-5th-edition,reading,Exercise 1a,3,fill-in,Mais Léo est (3) ___ .,,,,méchant,A1,family,072
tricolore-1-5th-edition,reading,Exercise 2,3,fill-in,"En été, nous (jouer) au tennis...",,,,jouons,A1,family,072
tricolore-1-5th-edition,reading,Exercise 1a,4,fill-in,Il (4) ___ sur le lit.,,,,saute,A1,family,072
tricolore-1-5th-edition,reading,Exercise 2,4,fill-in,...mais les Paresseux (regarder) le tennis à la télé.,,,,regardent,A1,family,072
tricolore-1-5th-edition,reading,Exercise 1a,5,fill-in,Il (5) ___ sur les murs.,,,,dessine,A1,family,072
tricolore-1-5th-edition,reading,Exercise 2,5,fill-in,"Le soir, nous (danser) dans une boîte,...",,,,dansons,A1,family,072
tricolore-1-5th-edition,reading,Exercise 1a,6,fill-in,Il (6) ___ les bonbons de Nathan.,,,,mange,A1,family,072
tricolore-1-5th-edition,reading,Exercise 2,6,fill-in,...mais ils (écouter) de la musique à la maison.,,,,écoutent,A1,family,072
tricolore-1-5th-edition,reading,Exercise 1a,7,fill-in,Il (7) ___ sur sa tablette.,,,,joue,A1,family,072
tricolore-1-5th-edition,reading,Exercise 2,7,fill-in,"En automne, nous (travailler) dans le jardin,...",,,,travaillons,A1,family,072
tricolore-1-5th-edition,reading,Exercise 1a,8,fill-in,"Quand Nathan (8) ___ ,",,,,travaille,A1,family,072
tricolore-1-5th-edition,reading,Exercise 2,8,fill-in,...mais ils (rester) à la maison - ils (consulter) des livres.,,,,restent / consultent,A1,family,072
tricolore-1-5th-edition,reading,Exercise 1a,9,fill-in,Léo (9) ___,,,,chante,A1,family,072
tricolore-1-5th-edition,reading,Exercise 2,9,fill-in,"Au mois de décembre, nous (chanter) des chants de Noël,...",,,,chantons,A1,family,072
tricolore-1-5th-edition,grammar,Exercise 3,1,fill-in,Je ___ des crêpes. (préparer),,,,prépare,A1,daily-routine,073
tricolore-1-5th-edition,listening,Exercise 4a,1,multiple-choice,Anne: item 1,J'adore le sport.,Je n'aime pas le sport.,,Je n'aime pas le sport.,A1,hobby,073
tricolore-1-5th-edition,listening,Exercise 4b,1,multiple-choice,Marc adore ...,les animaux,la musique,le sport,le sport,A1,hobby,073
tricolore-1-5th-edition,speaking,Exercise 5,1,speaking-task,"Lisez la conversation, puis inventez une conversation différente.",,,,(open-ended),A1,communication,073
tricolore-1-5th-edition,grammar,Exercise 3,2,fill-in,Tu ___ au concert? (chanter),,,,chantes,A1,daily-routine,073
tricolore-1-5th-edition,listening,Exercise 4a,2,multiple-choice,Anne: item 2,Je retrouve des amis.,Je range le salon.,,,A1,hobby,073
tricolore-1-5th-edition,listening,Exercise 4b,2,multiple-choice,Il joue au football ...,avec son frère,avec des amis,le samedi,,A1,hobby,073
tricolore-1-5th-edition,grammar,Exercise 3,3,fill-in,Il ___ les chiens. (détester),,,,déteste,A1,daily-routine,073
tricolore-1-5th-edition,listening,Exercise 4a,3,multiple-choice,Anne: item 3,Nous dansons ensemble.,Nous discutons ensemble.,,,A1,hobby,073
tricolore-1-5th-edition,listening,Exercise 4b,3,multiple-choice,Il joue au tennis dans ...,le parc,le jardin,la rue,,A1,hobby,073
tricolore-1-5th-edition,grammar,Exercise 3,4,fill-in,Elle ___ dans le jardin. (travailler),,,,travaille,A1,daily-routine,073
tricolore-1-5th-edition,listening,Exercise 4a,4,multiple-choice,Anne: item 4,Nous écoutons de la musique.,Nous jouons au Monopoly.,,,A1,hobby,073
tricolore-1-5th-edition,listening,Exercise 4b,4,multiple-choice,"Quand il fait mauvais, il regarde ... à la télé.",du sport,un film,un jeu,,A1,hobby,073
tricolore-1-5th-edition,grammar,Exercise 3,5,fill-in,Nous ___ sur le Net. (surfer),,,,surfons,A1,daily-routine,073
tricolore-1-5th-edition,listening,Exercise 4a,5,multiple-choice,Anne: item 5,Je joue à la console.,Je joue aux cartes.,,,A1,hobby,073
tricolore-1-5th-edition,listening,Exercise 4b,5,multiple-choice,Il n'aime pas beaucoup ...,les chiens,les jeux vidéo,la musique,,A1,hobby,073
tricolore-1-5th-edition,grammar,Exercise 3,6,fill-in,"Vous ___ , Anne et Lucie? (travailler)",,,,travaillez,A1,daily-routine,073
tricolore-1-5th-edition,listening,Exercise 4a,6,multiple-choice,Anne: item 6,Je prépare un gâteau.,Je regarde une vidéo.,,,A1,hobby,073
tricolore-1-5th-edition,grammar,Exercise 3,7,fill-in,Ils ___ le rugby? (aimer),,,,aiment,A1,daily-routine,073
tricolore-1-5th-edition,grammar,Exercise 3,8,fill-in,Elles ___ un DVD. (regarder),,,,regardent,A1,daily-routine,073
tricolore-1-5th-edition,reading,Exercise 1,1,short-answer,When is the science festival held?,,,,In October.,A1,mixed,074
tricolore-1-5th-edition,reading,Exercise 2,1,short-answer,Comment ça se dit en anglais? On regarde un film à la télé?,,,,Shall we watch a film on TV?,A1,mixed,074
tricolore-1-5th-edition,speaking,Exercise 3a,1,speaking-task,Il fait beau. Proposez quatre activités d'extérieur.,,,,(open-ended),A1,weather,074
tricolore-1-5th-edition,writing,Exercise 3b,1,fill-in,"Quand il fait mauvais, on ...",,,,(open-ended),A1,weather,074
tricolore-1-5th-edition,reading,Exercise 1,2,short-answer,Name some of the activities mentioned.,,,,"Exhibitions, laboratory visits, visits to natural/industrial sites, conferences, cinema, shows.",A1,mixed,074
tricolore-1-5th-edition,reading,Exercise 2,2,short-answer,"Comment ça se dit en anglais? Il pleut, alors on surfe sur Internet?",,,,,A1,mixed,074
tricolore-1-5th-edition,speaking,Exercise 3a,2,speaking-task,Il fait mauvais. Proposez trois activités d'intérieur.,,,,(open-ended),A1,weather,074
tricolore-1-5th-edition,writing,Exercise 3b,2,fill-in,"Quand il y a du soleil, nous ...",,,,(open-ended),A1,weather,074
tricolore-1-5th-edition,reading,Exercise 1,3,short-answer,Do people have to pay to attend?,,,,"No, everything is free (tout est gratuit).",A1,mixed,074
tricolore-1-5th-edition,reading,Exercise 2,3,short-answer,"Comment ça se dit en anglais? À Pâques, on mange des œufs en chocolat.",,,,,A1,mixed,074
tricolore-1-5th-edition,writing,Exercise 3b,3,fill-in,"Quand je suis à la maison, je ...",,,,(open-ended),A1,weather,074
tricolore-1-5th-edition,reading,Exercise 1,4,short-answer,About how many people attend?,,,,More than one million people.,A1,mixed,074
tricolore-1-5th-edition,reading,Exercise 2,4,short-answer,"Comment ça se dit en anglais? À Aïd-el-Fitr, on prépare un grand repas.",,,,,A1,mixed,074
tricolore-1-5th-edition,writing,Exercise 3b,4,fill-in,"Quand il neige, ...",,,,(open-ended),A1,weather,074
tricolore-1-5th-edition,reading,Exercise 2,5,short-answer,"Comment ça se dit en anglais? À Diwali, on allume des lampes.",,,,,A1,mixed,074
tricolore-1-5th-edition,reading,Exercise 2,6,short-answer,Comment ça se dit en anglais? On ne joue pas au foot dans la cuisine.,,,,,A1,mixed,074
tricolore-1-5th-edition,reading,Exercise 2,7,short-answer,"Comment ça se dit en anglais? Il fait beau, on joue au tennis?",,,,,A1,mixed,074
tricolore-1-5th-edition,reading,Exercise 2,8,short-answer,Comment ça se dit en anglais? On ne parle pas anglais en France.,,,,,A1,mixed,074
tricolore-1-5th-edition,listening,Exercise 4a,1,fill-in,Luc est à ___ .,,,,Bordeaux,A1,communication,075
tricolore-1-5th-edition,listening,Exercise 4b,1,short-answer,Qui téléphone à Nicole?,,,,Max,A1,communication,075
tricolore-1-5th-edition,writing,Exercise 6a,1,fill-in,"Strasbourg, le 24 (1) ___",,,,janvier,A1,communication,075
tricolore-1-5th-edition,writing,Exercise 6b,1,writing-task,Écris une carte postale. Où es-tu? Avec qui? Quel temps fait-il? Qu'est-ce que tu fais/vous faites?,,,,(open-ended),A1,travel,075
tricolore-1-5th-edition,listening,Exercise 4a,2,fill-in,On joue un match de ___ .,,,,basket,A1,communication,075
tricolore-1-5th-edition,listening,Exercise 4b,2,short-answer,Qui travaille sur l'ordinateur?,,,,,A1,communication,075
tricolore-1-5th-edition,writing,Exercise 6a,2,fill-in,On (2) ___ trois jours ici.,,,,passe,A1,communication,075
tricolore-1-5th-edition,listening,Exercise 4a,3,fill-in,Il fait ___ . (Bordeaux),,,,,A1,communication,075
tricolore-1-5th-edition,listening,Exercise 4b,3,short-answer,Qui joue au tennis?,,,,,A1,communication,075
tricolore-1-5th-edition,writing,Exercise 6a,3,fill-in,Il fait (3) ___,,,,mauvais,A1,communication,075
tricolore-1-5th-edition,listening,Exercise 4a,4,fill-in,Suzanne est à ___ .,,,,la Rochelle,A1,communication,075
tricolore-1-5th-edition,listening,Exercise 4b,4,short-answer,Qui préfère rester à la maison?,,,,,A1,communication,075
tricolore-1-5th-edition,writing,Exercise 6a,4,fill-in,et (4) ___ pleut.,,,,il,A1,communication,075
tricolore-1-5th-edition,listening,Exercise 4a,5,fill-in,Il fait ___ . (La Rochelle),,,,,A1,communication,075
tricolore-1-5th-edition,listening,Exercise 4b,5,short-answer,Quel temps fait-il?,,,,,A1,communication,075
tricolore-1-5th-edition,writing,Exercise 6a,5,fill-in,(5) ___ reste à la maison.,,,,On,A1,communication,075
tricolore-1-5th-edition,listening,Exercise 4a,6,fill-in,Elle range sa ___ .,,,,chambre,A1,communication,075
tricolore-1-5th-edition,writing,Exercise 6a,6,fill-in,Mes amis (6) ___ de la guitare.,,,,jouent,A1,communication,075
tricolore-1-5th-edition,writing,Exercise 6a,7,fill-in,"Moi, je (7) ___ un film",,,,regarde,A1,communication,075
tricolore-1-5th-edition,writing,Exercise 6a,8,fill-in,et mon frère (8) ___ un gâteau.,,,,prépare,A1,communication,075
tricolore-1-5th-edition,speaking,Exercise 5,b,speaking-task,"Lisez la conversation, puis inventez d'autres conversations.",,,,(open-ended),A1,mixed,075
tricolore-1-5th-edition,speaking,Exercise 5,c,speaking-task,Inventez une conversation très longue.,,,,(open-ended),A1,mixed,075
tricolore-1-5th-edition,listening,Exercise 3,1,fill-in,Qu'est-ce que tu fais (1) ___ ?,,,,le weekend,A1,hobby,076
tricolore-1-5th-edition,writing,Exercise 5,1,writing-task,Choisis une photo et fais des notes: Il y a combien de personnes sur la photo? Où sont-elles? Qu'est-ce qu'on fait? Quel temps fait-il?,,,,(open-ended),A1,mixed,076
tricolore-1-5th-edition,listening,Exercise 3,2,fill-in,Je joue souvent au foot avec mes (2) ___ .,,,,,A1,hobby,076
tricolore-1-5th-edition,listening,Exercise 3,3,fill-in,"Quand il fait (3) ___ , je surfe sur Internet.",,,,,A1,hobby,076
tricolore-1-5th-edition,listening,Exercise 3,4,fill-in,"...quelquefois, je joue au (4) ___ avec ma sœur.",,,,,A1,hobby,076
tricolore-1-5th-edition,listening,Exercise 3,5,fill-in,Je joue au foot et au (5) ___ ...,,,,,A1,hobby,076
tricolore-1-5th-edition,listening,Exercise 3,6,fill-in,...je regarde souvent des matchs à la (6) ___ .,,,,,A1,hobby,076
tricolore-1-5th-edition,listening,Exercise 3,7,fill-in,...je préfère écouter de la (7) ___ ou surfer sur Internet.,,,,,A1,hobby,076
tricolore-1-5th-edition,writing,Exercise 1,a,writing-task,Écris trois nombres entre 1 et 3. Écris des questions (en hiver/en été/quand il fait mauvais).,,,,(open-ended),A1,hobby,076
tricolore-1-5th-edition,writing,Exercise 2,a,writing-task,Écris des réponses à la question sur ce que tu fais en hiver/été/quand il fait mauvais.,,,,(open-ended),A1,hobby,076
tricolore-1-5th-edition,speaking,Exercise 4,a,speaking-task,"À deux, inventez une conversation avec deux questions et réponses.",,,,(open-ended),A1,hobby,076
tricolore-1-5th-edition,writing,Exercise 1,b,writing-task,Est-ce que tu joues au badminton/tennis de table/ton choix?,,,,(open-ended),A1,hobby,076
tricolore-1-5th-edition,writing,Exercise 2,b,writing-task,Écris des réponses à la question sur le badminton/tennis de table.,,,,(open-ended),A1,hobby,076
tricolore-1-5th-edition,speaking,Exercise 4,b,speaking-task,"À deux, inventez une conversation avec quatre questions et réponses.",,,,(open-ended),A1,hobby,076
tricolore-1-5th-edition,writing,Exercise 1,c,writing-task,Tu aimes les animaux/le sport/ton choix?,,,,(open-ended),A1,hobby,076
tricolore-1-5th-edition,writing,Exercise 2,c,writing-task,Écris des réponses à la question sur les animaux/le sport.,,,,(open-ended),A1,hobby,076
tricolore-1-5th-edition,reading,Exercise 1,1,short-answer,What comment is made about Patrick at the beginning?,,,,That he looks nice (il a l'air sympa).,A1,school,079
tricolore-1-5th-edition,reading,Exercise 2,1,short-answer,Comment ça se dit en français? today,,,,aujourd'hui,A1,mixed,079
tricolore-1-5th-edition,reading,Exercise 1,2,short-answer,Where does he live?,,,,"In the village, with his mother and little brother.",A1,school,079
tricolore-1-5th-edition,reading,Exercise 2,2,short-answer,Comment ça se dit en français? in the kitchen,,,,dans la cuisine,A1,mixed,079
tricolore-1-5th-edition,reading,Exercise 1,3,short-answer,Does he have brothers and sisters?,,,,"Yes, a little brother.",A1,school,079
tricolore-1-5th-edition,reading,Exercise 2,3,short-answer,Comment ça se dit en français? also,,,,aussi,A1,mixed,079
tricolore-1-5th-edition,reading,Exercise 1,4,short-answer,What is he invited to do after class by one of the girls?,,,,To go to the café (it's her birthday).,A1,school,079
tricolore-1-5th-edition,reading,Exercise 2,4,short-answer,Comment ça se dit en français? suddenly,,,,soudain,A1,mixed,079
tricolore-1-5th-edition,reading,Exercise 1,5,short-answer,What is he invited to do on Saturday afternoon?,,,,To play in the football team.,A1,school,079
tricolore-1-5th-edition,reading,Exercise 2,5,short-answer,Comment ça se dit en français? He jumps on a chair.,,,,Il saute sur une chaise.,A1,mixed,079
tricolore-1-5th-edition,reading,Exercise 1,6,short-answer,Why do things become difficult for Patrick?,,,,"Because he keeps turning down invitations and no one understands why, so he becomes unpopular.",A1,school,079
tricolore-1-5th-edition,reading,Exercise 2,6,short-answer,Comment ça se dit en français? The cheese rolls.,,,,Le fromage roule.,A1,mixed,079
tricolore-1-5th-edition,reading,Exercise 1,7,short-answer,Why is Patrick unable to stay behind after school?,,,,Because his mother works and he has to look after his little brother.,A1,school,079
tricolore-1-5th-edition,reading,Exercise 1,8,short-answer,How do things change at the end?,,,,His classmates realise why he couldn't join in and offer to help; his little brother joins in playing football too.,A1,school,079
tricolore-1-5th-edition,reading,Exercise 1a,1,matching,"Salut! Je m'appelle Marine, et voici mon frère, Noah. Nous habitons à La Rochelle. C'est une ville dans l'ouest de la France.",,,,I,A1,travel,080
tricolore-1-5th-edition,reading,Exercise 1a,10,matching,"En ville, il y a des jardins et des parcs.",,,,,A1,travel,080
tricolore-1-5th-edition,reading,Exercise 1a,11,matching,"Il y a aussi des musées et un aquarium. Moi, j'aime bien le musée maritime. On monte à bord de différents bateaux. C'est très sympa.",,,,,A1,travel,080
tricolore-1-5th-edition,reading,Exercise 1a,12,matching,"Et, en été, au mois de juillet, il y a un grand festival de musique avec beaucoup de concerts. Ça s'appelle les Francofolies.",,,,,A1,travel,080
tricolore-1-5th-edition,reading,Exercise 1a,2,matching,"La Rochelle est au bord de la mer, alors on fait beaucoup de sports nautiques.",,,,,A1,travel,080
tricolore-1-5th-edition,reading,Exercise 1a,3,matching,"Dans le centre-ville, il y a beaucoup de magasins et de cafés. Il y a un marché dans les rues le mercredi et le samedi.",,,,,A1,travel,080
tricolore-1-5th-edition,reading,Exercise 1a,4,matching,"Et pour se connecter à l'Internet, il y a un hotspot wifi, près du parking Saint-Nicolas.",,,,,A1,travel,080
tricolore-1-5th-edition,reading,Exercise 1a,5,matching,"En été, il fait très beau ici et beaucoup de touristes visitent la ville. Ils vont au Vieux-port et ses trois tours. Quelquefois, il y a des acrobates et des clowns, c'est amusant.",,,,,A1,travel,080
tricolore-1-5th-edition,reading,Exercise 1a,6,matching,"Moi, je vais souvent à la piscine.",,,,,A1,travel,080
tricolore-1-5th-edition,reading,Exercise 1a,7,matching,"Pour aider les touristes, il y a un office de tourisme. Il y a des touristes français, mais aussi beaucoup de touristes britanniques.",,,,,A1,travel,080
tricolore-1-5th-edition,reading,Exercise 1a,8,matching,"Les touristes logent à l'hôtel, au camping ou à l'auberge de jeunesse.",,,,,A1,travel,080
tricolore-1-5th-edition,reading,Exercise 1a,9,matching,Voici l'hôtel de ville avec son drapeau tricolore.,,,,,A1,travel,080
tricolore-1-5th-edition,reading,Exercise 1b,1,short-answer,Comment ça se dit en français? the town centre,,,,le centre-ville,A1,city-places,081
tricolore-1-5th-edition,writing,Exercise 1c,1,writing-task,Fais des recherches sur une autre ville de France. Écris six phrases ou plus.,,,,(open-ended),A1,travel,081
tricolore-1-5th-edition,grammar,Dossier-langue,1,short-answer,Which word goes in front of the day of the week to indicate that something happens regularly on that day?,,,,le,A1,time-dates,081
tricolore-1-5th-edition,reading,Exercise 1b,2,short-answer,Comment ça se dit en français? a lot of shops,,,,beaucoup de magasins,A1,city-places,081
tricolore-1-5th-edition,grammar,Dossier-langue,2,short-answer,Work out what this means: Je vais à la piscine le vendredi.,,,,I go to the swimming pool on Fridays.,A1,time-dates,081
tricolore-1-5th-edition,reading,Exercise 1b,3,short-answer,Comment ça se dit en français? a market,,,,un marché,A1,city-places,081
tricolore-1-5th-edition,grammar,Dossier-langue,3,short-answer,Work out what this means: Il y a un marché en ville le jeudi.,,,,There's a market in town on Thursdays.,A1,time-dates,081
tricolore-1-5th-edition,reading,Exercise 1b,4,short-answer,Comment ça se dit en français? swimming pool,,,,la piscine,A1,city-places,081
tricolore-1-5th-edition,grammar,Dossier-langue,4,short-answer,Work out what this means: Le château est ouvert le mardi.,,,,The castle is open on Tuesdays.,A1,time-dates,081
tricolore-1-5th-edition,reading,Exercise 1b,5,short-answer,Comment ça se dit en français? tourist office,,,,l'office de tourisme,A1,city-places,081
tricolore-1-5th-edition,grammar,Dossier-langue,5,short-answer,Work out what this means: Le restaurant est fermé le dimanche.,,,,The restaurant is closed on Sundays.,A1,time-dates,081
tricolore-1-5th-edition,reading,Exercise 1b,6,short-answer,Comment ça se dit en français? youth hostel,,,,l'auberge de jeunesse,A1,city-places,081
tricolore-1-5th-edition,reading,Exercise 1b,7,short-answer,Comment ça se dit en français? town hall,,,,l'hôtel de ville,A1,city-places,081
tricolore-1-5th-edition,reading,Exercise 1b,8,short-answer,Comment ça se dit en français? museum,,,,un musée,A1,city-places,081
tricolore-1-5th-edition,listening,Exercise 1b,1,matching,Écris 1–8. Écoute et écris la bonne lettre. (1),,,,E,A1,city-places,082
tricolore-1-5th-edition,reading,Exercise 1c,1,fill-in,"Pour les touristes, il y a des h___, une a___ de jeunesse et un c___.",,,,"hôtels, auberge, camping",A1,city-places,082
tricolore-1-5th-edition,grammar,Dossier-langue,1,short-answer,Can you remember the feminine singular form of 'blanc'?,,,,blanche,A2,none,082
tricolore-1-5th-edition,listening,Exercise 1b,2,matching,Écris 1–8. Écoute et écris la bonne lettre. (2),,,,,A1,city-places,082
tricolore-1-5th-edition,reading,Exercise 1c,2,fill-in,"Si vous aimez le shopping, allez aux m___ au c___ c___.",,,,"magasins, centre commercial",A1,city-places,082
tricolore-1-5th-edition,listening,Exercise 1b,3,matching,Écris 1–8. Écoute et écris la bonne lettre. (3),,,,,A1,city-places,082
tricolore-1-5th-edition,reading,Exercise 1c,3,fill-in,"Pour acheter des provisions, allez au s___.",,,,supermarché,A1,city-places,082
tricolore-1-5th-edition,listening,Exercise 1b,4,matching,Écris 1–8. Écoute et écris la bonne lettre. (4),,,,,A1,city-places,082
tricolore-1-5th-edition,reading,Exercise 1c,4,fill-in,Il y a beaucoup de bateaux au p___.,,,,port,A1,city-places,082
tricolore-1-5th-edition,listening,Exercise 1b,5,matching,Écris 1–8. Écoute et écris la bonne lettre. (5),,,,,A1,city-places,082
tricolore-1-5th-edition,reading,Exercise 1c,5,fill-in,Il y a des m___ intéressants et un vieux ch___.,,,,"musées, château",A1,city-places,082
tricolore-1-5th-edition,listening,Exercise 1b,6,matching,Écris 1–8. Écoute et écris la bonne lettre. (6),,,,,A1,city-places,082
tricolore-1-5th-edition,reading,Exercise 1c,6,fill-in,"Pour les sportifs, il y a une p___ et un c___ s___.",,,,"piscine, centre sportif",A1,city-places,082
tricolore-1-5th-edition,listening,Exercise 1b,7,matching,Écris 1–8. Écoute et écris la bonne lettre. (7),,,,,A1,city-places,082
tricolore-1-5th-edition,reading,Exercise 1c,7,fill-in,"Pour les personnes en voiture, il y a un grand p___ près du centre-ville.",,,,parking,A1,city-places,082
tricolore-1-5th-edition,listening,Exercise 1b,8,matching,Écris 1–8. Écoute et écris la bonne lettre. (8),,,,,A1,city-places,082
tricolore-1-5th-edition,reading,Exercise 1c,8,fill-in,C'est amusant d'aller au b___ et au th___.,,,,"bowling, théâtre",A1,city-places,082
tricolore-1-5th-edition,vocabulary,Exercise 1a,A,matching,Trouve le bon texte pour chaque symbole: A (theatre curtain icon),,,,un théâtre,A1,city-places,082
tricolore-1-5th-edition,vocabulary,Exercise 1a,B,matching,"Trouve le bon texte pour chaque symbole: B (tennis rackets, football, rugby ball icon)",,,,,A1,city-places,082
tricolore-1-5th-edition,vocabulary,Exercise 1a,C,matching,Trouve le bon texte pour chaque symbole: C (letter H icon),,,,,A1,city-places,082
tricolore-1-5th-edition,vocabulary,Exercise 1a,D,matching,Trouve le bon texte pour chaque symbole: D (letter P icon),,,,,A1,city-places,082
tricolore-1-5th-edition,vocabulary,Exercise 1a,E,matching,Trouve le bon texte pour chaque symbole: E (envelope and postcard icon),,,,,A1,city-places,082
tricolore-1-5th-edition,vocabulary,Exercise 1a,F,matching,Trouve le bon texte pour chaque symbole: F (shopping trolley icon),,,,,A1,city-places,082
tricolore-1-5th-edition,vocabulary,Exercise 1a,G,matching,Trouve le bon texte pour chaque symbole: G (bowling ball and pins icon),,,,,A1,city-places,082
tricolore-1-5th-edition,vocabulary,Exercise 1a,H,matching,Trouve le bon texte pour chaque symbole: H (castle with towers icon),,,,,A1,city-places,082
tricolore-1-5th-edition,vocabulary,Exercise 1a,I,matching,Trouve le bon texte pour chaque symbole: I (diving figure above pool icon),,,,,A1,city-places,082
tricolore-1-5th-edition,vocabulary,Exercise 1a,J,matching,Trouve le bon texte pour chaque symbole: J (beach umbrella and sun lounger icon),,,,,A1,city-places,082
tricolore-1-5th-edition,reading,Exercise 2a,1,short-answer,What are you told about the centre of La Rochelle?,,,,"It's a historic centre with lots of old buildings and houses, now a pedestrian zone with no cars, to protect it from pollution.",A1,travel,083
tricolore-1-5th-edition,reading,Exercise 2b,1,short-answer,Comment ça se dit en français? a lot of old buildings,,,,beaucoup de vieux bâtiments,A1,travel,083
tricolore-1-5th-edition,writing,Exercise 3a Postcard A,1,fill-in,"Nous passons trois jours à l'(1)___, ici, à La Rochelle.",,,,auberge de jeunesse,A1,travel,083
tricolore-1-5th-edition,writing,Exercise 3a Postcard B,1,fill-in,Nous (1)___ le weekend au (2)___ à La Rochelle.,,,,passons,A1,travel,083
tricolore-1-5th-edition,writing,Exercise 3b,1,writing-task,"Écris une carte postale. Vous passez combien de temps à La Rochelle? Quel temps fait-il? Qu'est-ce qu'il y a, en ville?",,,,(open-ended),A1,travel,083
tricolore-1-5th-edition,writing,Exercise 3c,1,writing-task,"Écris trois phrases en plus: Ce matin, je … / Cet après-midi, nous … / Ce soir, on …",,,,(open-ended),A1,travel,083
tricolore-1-5th-edition,reading,Exercise 2a,2,short-answer,What colour are the free town bikes?,,,,Yellow (jaunes).,A1,travel,083
tricolore-1-5th-edition,reading,Exercise 2b,2,short-answer,Comment ça se dit en français? now,,,,maintenant,A1,travel,083
tricolore-1-5th-edition,writing,Exercise 3a Postcard A,2,fill-in,C'est une (2)___ intéressante.,,,,ville,A1,travel,083
tricolore-1-5th-edition,writing,Exercise 3a Postcard B,2,fill-in,Nous passons le weekend au (2)___ à La Rochelle.,,,,camping,A1,travel,083
tricolore-1-5th-edition,reading,Exercise 2a,3,short-answer,Why did the council set up the system?,,,,"To encourage residents and visitors to use bikes instead of cars; free for two hours, protecting the old town from pollution.",A1,travel,083
tricolore-1-5th-edition,reading,Exercise 2b,3,short-answer,Comment ça se dit en français? a pedestrian zone,,,,une zone piétonne,A1,travel,083
tricolore-1-5th-edition,writing,Exercise 3a Postcard A,3,fill-in,Il y a un vieux (3)___ avec trois (4)___.,,,,port,A1,travel,083
tricolore-1-5th-edition,writing,Exercise 3a Postcard B,3,fill-in,Il y a beaucoup de (3)___ ici.,,,,touristes,A1,travel,083
tricolore-1-5th-edition,reading,Exercise 2b,4,short-answer,Comment ça se dit en français? the old town,,,,la vieille ville,A1,travel,083
tricolore-1-5th-edition,writing,Exercise 3a Postcard A,4,fill-in,Il y a un vieux port avec trois (4)___.,,,,tours,A1,travel,083
tricolore-1-5th-edition,writing,Exercise 3a Postcard B,4,fill-in,"Aujourd'hui, il fait (4)___.",,,,beau,A1,travel,083
tricolore-1-5th-edition,reading,Exercise 2b,5,short-answer,Comment ça se dit en français? for a long time,,,,depuis longtemps,A1,travel,083
tricolore-1-5th-edition,writing,Exercise 3a Postcard A,5,fill-in,"Il y a beaucoup de (5)___, comme le musée Maritime.",,,,musées,A1,travel,083
tricolore-1-5th-edition,writing,Exercise 3a Postcard B,5,fill-in,"Ce matin, au (5)___ pour acheter des fruits...",,,,marché,A1,travel,083
tricolore-1-5th-edition,reading,Exercise 2b,6,short-answer,Comment ça se dit en français? free of charge,,,,gratuit,A1,travel,083
tricolore-1-5th-edition,writing,Exercise 3a Postcard A,6,fill-in,"Il fait (6)___, alors nous allons à la (7)___ cet après-midi.",,,,chaud,A1,travel,083
tricolore-1-5th-edition,writing,Exercise 3a Postcard B,6,fill-in,...et puis nous allons au (6)___ pour jouer au tennis.,,,,parc,A1,travel,083
tricolore-1-5th-edition,reading,Exercise 2b,7,short-answer,Comment ça se dit en français? for two hours,,,,pendant deux heures,A1,travel,083
tricolore-1-5th-edition,writing,Exercise 3a Postcard A,7,fill-in,...alors nous allons à la (7)___ cet après-midi.,,,,piscine,A1,travel,083
tricolore-1-5th-edition,writing,Exercise 3a Postcard B,7,fill-in,"Ce soir, on va manger au (7)___.",,,,restaurant,A1,travel,083
tricolore-1-5th-edition,reading,Exercise 2b,8,short-answer,"Comment ça se dit en français? it's a good idea, don't you think?",,,,"c'est une bonne idée, non?",A1,travel,083
tricolore-1-5th-edition,listening,Exercise 1,1,matching,Écris 1–10. Écoute et écris la bonne lettre. (1),,,,D,A1,travel,084
tricolore-1-5th-edition,speaking,Exercise 2a,1,speaking-task,Pour aller ...? (icon: group of people),,,,"Pour aller au cinéma, s'il vous plaît?",A1,city-places,084
tricolore-1-5th-edition,speaking,Exercise 2b,1,speaking-task,Est-ce qu'il y a … près d'ici? (icon: letter P),,,,Est-ce qu'il y a un parking près d'ici?,A1,city-places,084
tricolore-1-5th-edition,speaking,Exercise 2c,1,speaking-task,"…, c'est loin/c'est près d'ici? (icon: beach umbrella and lounger)",,,,"La plage, c'est loin?",A1,city-places,084
tricolore-1-5th-edition,reading,Exercise b (Vrai ou faux),1,true-false,C'est le cinq janvier.,,,,Faux – C'est le cinq juillet.,A1,travel,084
tricolore-1-5th-edition,listening,Exercise 1,10,matching,Écris 1–10. Écoute et écris la bonne lettre. (10),,,,,A1,travel,084
tricolore-1-5th-edition,listening,Exercise 1,2,matching,Écris 1–10. Écoute et écris la bonne lettre. (2),,,,,A1,travel,084
tricolore-1-5th-edition,speaking,Exercise 2a,2,speaking-task,Pour aller ...? (icon: wavy water lines),,,,,A1,city-places,084
tricolore-1-5th-edition,speaking,Exercise 2b,2,speaking-task,Est-ce qu'il y a … près d'ici? (icon: bed),,,,,A1,city-places,084
tricolore-1-5th-edition,speaking,Exercise 2c,2,speaking-task,"…, c'est loin/c'est près d'ici? (icon: tree and bench)",,,,,A1,city-places,084
tricolore-1-5th-edition,reading,Exercise b (Vrai ou faux),2,true-false,Il fait très froid.,,,,Faux – Il fait très chaud.,A1,travel,084
tricolore-1-5th-edition,listening,Exercise 1,3,matching,Écris 1–10. Écoute et écris la bonne lettre. (3),,,,,A1,travel,084
tricolore-1-5th-edition,speaking,Exercise 2a,3,speaking-task,Pour aller ...? (icon: letter H),,,,,A1,city-places,084
tricolore-1-5th-edition,speaking,Exercise 2b,3,speaking-task,Est-ce qu'il y a … près d'ici? (icon: tent),,,,,A1,city-places,084
tricolore-1-5th-edition,speaking,Exercise 2c,3,speaking-task,"…, c'est loin/c'est près d'ici? (icon: front of a train)",,,,,A1,city-places,084
tricolore-1-5th-edition,reading,Exercise b (Vrai ou faux),3,true-false,Les amis arrivent à la piscine de La Rochelle.,,,,Faux – Les amis arrivent à la gare de La Rochelle.,A1,travel,084
tricolore-1-5th-edition,listening,Exercise 1,4,matching,Écris 1–10. Écoute et écris la bonne lettre. (4),,,,,A1,travel,084
tricolore-1-5th-edition,reading,Exercise b (Vrai ou faux),4,true-false,Ils prennent le bus numéro 10.,,,,Faux – Ils prennent le bus numéro 1.,A1,travel,084
tricolore-1-5th-edition,listening,Exercise 1,5,matching,Écris 1–10. Écoute et écris la bonne lettre. (5),,,,,A1,travel,084
tricolore-1-5th-edition,reading,Exercise b (Vrai ou faux),5,true-false,Ils cherchent d'abord l'auberge de jeunesse.,,,,Faux – Ils cherchent d'abord l'office de tourisme.,A1,travel,084
tricolore-1-5th-edition,listening,Exercise 1,6,matching,Écris 1–10. Écoute et écris la bonne lettre. (6),,,,,A1,travel,084
tricolore-1-5th-edition,reading,Exercise b (Vrai ou faux),6,true-false,L'office de tourisme est près de la gare.,,,,Vrai,A1,travel,084
tricolore-1-5th-edition,listening,Exercise 1,7,matching,Écris 1–10. Écoute et écris la bonne lettre. (7),,,,,A1,travel,084
tricolore-1-5th-edition,reading,Exercise b (Vrai ou faux),7,true-false,Ils décident d'aller au marché.,,,,Faux – Ils décident d'aller à un café (le café de la Paix).,A1,travel,084
tricolore-1-5th-edition,listening,Exercise 1,8,matching,Écris 1–10. Écoute et écris la bonne lettre. (8),,,,,A1,travel,084
tricolore-1-5th-edition,reading,Exercise b (Vrai ou faux),8,true-false,Le café de la Paix est assez près.,,,,Vrai,A1,travel,084
tricolore-1-5th-edition,listening,Exercise 1,9,matching,Écris 1–10. Écoute et écris la bonne lettre. (9),,,,,A1,travel,084
tricolore-1-5th-edition,listening,Exercise 4,1,fill-in,Écris 1–10. Écoute et note la direction ← ↑ → . (1),,,,,A1,city-places,085
tricolore-1-5th-edition,reading,Exercise 5,1,fill-in,La poste est ___ .,,,,à gauche,A1,city-places,085
tricolore-1-5th-edition,reading,Exercise 6,1,matching,"Pour aller à la piscine, s'il vous plaît?",,,,b,A1,city-places,085
tricolore-1-5th-edition,speaking,Exercise 7,1,speaking-task,Écoutez la conversation sur comment aller à la piscine et inventez d'autres conversations.,,,,(open-ended),A1,city-places,085
tricolore-1-5th-edition,grammar,Dossier-langue,1,short-answer,"Using the verb tourner, work out how to say: Turn right, then turn left.",,,,"Tournez à droite, puis tournez à gauche.",A1,city-places,085
tricolore-1-5th-edition,listening,Exercise 4,10,fill-in,Écris 1–10. Écoute et note la direction ← ↑ → . (10),,,,,A1,city-places,085
tricolore-1-5th-edition,listening,Exercise 4,2,fill-in,Écris 1–10. Écoute et note la direction ← ↑ → . (2),,,,,A1,city-places,085
tricolore-1-5th-edition,reading,Exercise 5,2,fill-in,Le parking est ___ .,,,,à droite,A1,city-places,085
tricolore-1-5th-edition,reading,Exercise 6,2,matching,"Où est la poste, s'il vous plaît?",,,,,A1,city-places,085
tricolore-1-5th-edition,speaking,Exercise 7,2,speaking-task,Écoutez la conversation sur comment trouver un supermarché et inventez d'autres conversations.,,,,(open-ended),A1,city-places,085
tricolore-1-5th-edition,listening,Exercise 4,3,fill-in,Écris 1–10. Écoute et note la direction ← ↑ → . (3),,,,,A1,city-places,085
tricolore-1-5th-edition,reading,Exercise 5,3,fill-in,Le centre-ville est ___ .,,,,à gauche,A1,city-places,085
tricolore-1-5th-edition,reading,Exercise 6,3,matching,Est-ce qu'il y a un restaurant près d'ici?,,,,,A1,city-places,085
tricolore-1-5th-edition,listening,Exercise 4,4,fill-in,Écris 1–10. Écoute et note la direction ← ↑ → . (4),,,,,A1,city-places,085
tricolore-1-5th-edition,reading,Exercise 5,4,fill-in,Le théâtre est ___ .,,,,à droite,A1,city-places,085
tricolore-1-5th-edition,reading,Exercise 6,4,matching,"Où est le cinéma, s'il vous plaît?",,,,,A1,city-places,085
tricolore-1-5th-edition,listening,Exercise 4,5,fill-in,Écris 1–10. Écoute et note la direction ← ↑ → . (5),,,,,A1,city-places,085
tricolore-1-5th-edition,reading,Exercise 5,5,fill-in,L'hôtel de ville est ___ .,,,,tout droit,A1,city-places,085
tricolore-1-5th-edition,reading,Exercise 6,5,matching,"Pour aller à l'église, s'il vous plaît?",,,,,A1,city-places,085
tricolore-1-5th-edition,listening,Exercise 4,6,fill-in,Écris 1–10. Écoute et note la direction ← ↑ → . (6),,,,,A1,city-places,085
tricolore-1-5th-edition,reading,Exercise 5,6,fill-in,Le marché est ___ .,,,,tout droit,A1,city-places,085
tricolore-1-5th-edition,listening,Exercise 4,7,fill-in,Écris 1–10. Écoute et note la direction ← ↑ → . (7),,,,,A1,city-places,085
tricolore-1-5th-edition,reading,Exercise 5,7,fill-in,L'hôpital est ___ .,,,,à droite,A1,city-places,085
tricolore-1-5th-edition,listening,Exercise 4,8,fill-in,Écris 1–10. Écoute et note la direction ← ↑ → . (8),,,,,A1,city-places,085
tricolore-1-5th-edition,reading,Exercise 5,8,fill-in,La gare est ___ .,,,,à gauche,A1,city-places,085
tricolore-1-5th-edition,listening,Exercise 4,9,fill-in,Écris 1–10. Écoute et note la direction ← ↑ → . (9),,,,,A1,city-places,085
tricolore-1-5th-edition,reading,Exercise 1,1,multiple-choice,"Pour jouer au tennis, on va ...",au bowling,à la piscine,au parc,au parc,A1,city-places,086
tricolore-1-5th-edition,speaking,Exercise 2,1,speaking-task,"Travaillez à deux. Lisez la conversation, puis changez les mots surlignés.",,,,(open-ended),A1,city-places,086
tricolore-1-5th-edition,reading,Exercise 3,1,fill-in,"Lundi, je vais ___",,,,,A1,city-places,086
tricolore-1-5th-edition,reading,Exercise 1,2,multiple-choice,"Pour manger un bon repas, on va ...",à la poste,au restaurant,au théâtre,au restaurant,A1,city-places,086
tricolore-1-5th-edition,reading,Exercise 3,2,fill-in,"Mardi, je vais ___",,,,,A1,city-places,086
tricolore-1-5th-edition,reading,Exercise 1,3,multiple-choice,"Pour trouver une chambre, les touristes vont ...",à l'église,au supermarché,à l'hôtel,à l'hôtel,A1,city-places,086
tricolore-1-5th-edition,reading,Exercise 3,3,fill-in,"Mercredi, je vais ___",,,,,A1,city-places,086
tricolore-1-5th-edition,reading,Exercise 1,4,multiple-choice,"Pour prendre le train, on va ...",au château,à la gare,au port,à la gare,A1,city-places,086
tricolore-1-5th-edition,reading,Exercise 3,4,fill-in,"Jeudi, je vais ___",,,,,A1,city-places,086
tricolore-1-5th-edition,reading,Exercise 1,5,multiple-choice,"Pour acheter des provisions, on va ...",aux magasins,à la tour,au musée,aux magasins,A1,city-places,086
tricolore-1-5th-edition,reading,Exercise 3,5,fill-in,"Vendredi, je vais ___",,,,,A1,city-places,086
tricolore-1-5th-edition,reading,Exercise 1,6,multiple-choice,"Pour voir un film, nous allons ...",au marché,au parc,au cinéma,au cinéma,A1,city-places,086
tricolore-1-5th-edition,reading,Exercise 3,6,fill-in,"Samedi, je vais ___",,,,,A1,city-places,086
tricolore-1-5th-edition,listening,Exercise 4,1,short-answer,"Écris 1–8. Écoute et note l'endroit et d'autres détails, si possible. (1)",,,,"château, assez loin, après le supermarché",A1,city-places,087
tricolore-1-5th-edition,reading,Exercise 5,1,true-false,Le cinéma est entre le café et le supermarché.,,,,Faux – Le café est entre le cinéma et le supermarché.,A1,city-places,087
tricolore-1-5th-edition,grammar,Exercise 6a,1,fill-in,La souris est ___ les deux chats.,,,,entre,A1,none,087
tricolore-1-5th-edition,writing,Exercise 6b,1,writing-task,Invente trois images amusantes pour illustrer des prépositions.,,,,(open-ended),A1,none,087
tricolore-1-5th-edition,listening,Exercise 4,2,short-answer,"Écris 1–8. Écoute et note l'endroit et d'autres détails, si possible. (2)",,,,,A1,city-places,087
tricolore-1-5th-edition,reading,Exercise 5,2,true-false,Le musée est entre la poste et la banque.,,,,Vrai,A1,city-places,087
tricolore-1-5th-edition,grammar,Exercise 6a,2,fill-in,La souris est ___ le chat.,,,,,A1,none,087
tricolore-1-5th-edition,listening,Exercise 4,3,short-answer,"Écris 1–8. Écoute et note l'endroit et d'autres détails, si possible. (3)",,,,,A1,city-places,087
tricolore-1-5th-edition,reading,Exercise 5,3,true-false,Mme Dubois est devant le supermarché.,,,,,A1,city-places,087
tricolore-1-5th-edition,grammar,Exercise 6a,3,fill-in,La souris est ___ le chat. (2),,,,,A1,none,087
tricolore-1-5th-edition,listening,Exercise 4,4,short-answer,"Écris 1–8. Écoute et note l'endroit et d'autres détails, si possible. (4)",,,,,A1,city-places,087
tricolore-1-5th-edition,reading,Exercise 5,4,true-false,Les enfants sont devant le cinéma.,,,,Faux – Les enfants sont devant le musée.,A1,city-places,087
tricolore-1-5th-edition,grammar,Exercise 6a,4,fill-in,La souris est ___ le chat. (3),,,,,A1,none,087
tricolore-1-5th-edition,listening,Exercise 4,5,short-answer,"Écris 1–8. Écoute et note l'endroit et d'autres détails, si possible. (5)",,,,,A1,city-places,087
tricolore-1-5th-edition,reading,Exercise 5,5,true-false,Il y a un vélo devant la banque.,,,,Faux – Le vélo est devant le cinéma.,A1,city-places,087
tricolore-1-5th-edition,grammar,Exercise 6a,5,fill-in,L'homme est ___ le lion.,,,,,A1,none,087
tricolore-1-5th-edition,listening,Exercise 4,6,short-answer,"Écris 1–8. Écoute et note l'endroit et d'autres détails, si possible. (6)",,,,,A1,city-places,087
tricolore-1-5th-edition,reading,Exercise 5,6,true-false,Le parking est entre le supermarché et le café.,,,,Faux,A1,city-places,087
tricolore-1-5th-edition,grammar,Exercise 6a,6,fill-in,L'homme est ___ le lion. (2),,,,,A1,none,087
tricolore-1-5th-edition,listening,Exercise 4,7,short-answer,"Écris 1–8. Écoute et note l'endroit et d'autres détails, si possible. (7)",,,,,A1,city-places,087
tricolore-1-5th-edition,reading,Exercise 5,7,true-false,M. Dubois est dans le café.,,,,,A1,city-places,087
tricolore-1-5th-edition,grammar,Exercise 6a,7,fill-in,L'homme est ___ les deux lions.,,,,,A1,none,087
tricolore-1-5th-edition,listening,Exercise 4,8,short-answer,"Écris 1–8. Écoute et note l'endroit et d'autres détails, si possible. (8)",,,,,A1,city-places,087
tricolore-1-5th-edition,reading,Exercise 5,8,true-false,Le chien est devant la poste.,,,,Faux – Le chien est devant le supermarché.,A1,city-places,087
tricolore-1-5th-edition,grammar,Exercise 6a,8,fill-in,L'homme est ___ le lion. (3),,,,,A1,none,087
tricolore-1-5th-edition,listening,Exercise 2,1,matching,Écris 1–10. Écoute et trouve les bonnes images. (1),,,,C,A1,city-places,088
tricolore-1-5th-edition,grammar,Dossier-langue,1,short-answer,What do un/une and des change to after il n'y a pas?,,,,de (d'),A1,city-places,088
tricolore-1-5th-edition,vocabulary,Exercise 3,1,fill-in,"Dans le centre-ville, il y a [icon: tennis rackets, ball, rugby ball].",,,,un centre sportif,A1,city-places,088
tricolore-1-5th-edition,vocabulary,Exercise 4,1,fill-in,"[icon: bowling ball and pins, crossed out]",,,,Il n'y a pas de bowling.,A1,city-places,088
tricolore-1-5th-edition,listening,Exercise 2,10,matching,Écris 1–10. Écoute et trouve les bonnes images. (10),,,,,A1,city-places,088
tricolore-1-5th-edition,listening,Exercise 2,2,matching,Écris 1–10. Écoute et trouve les bonnes images. (2),,,,,A1,city-places,088
tricolore-1-5th-edition,vocabulary,Exercise 3,2,fill-in,"Dans ma ville, il y a [cocktail glass] et [books].",,,,un café et une bibliothèque,A1,city-places,088
tricolore-1-5th-edition,vocabulary,Exercise 4,2,fill-in,"[icon: swimmer, crossed out]",,,,Il n'y a pas de piscine.,A1,city-places,088
tricolore-1-5th-edition,listening,Exercise 2,3,matching,Écris 1–10. Écoute et trouve les bonnes images. (3),,,,,A1,city-places,088
tricolore-1-5th-edition,vocabulary,Exercise 3,3,fill-in,"Près d'ici, il y a [shopping arcade icon] avec beaucoup de magasins.",,,,un centre commercial,A1,city-places,088
tricolore-1-5th-edition,vocabulary,Exercise 4,3,fill-in,"[icon: stack of books, crossed out]",,,,Il n'y a pas de bibliothèque.,A1,city-places,088
tricolore-1-5th-edition,listening,Exercise 2,4,matching,Écris 1–10. Écoute et trouve les bonnes images. (4),,,,,A1,city-places,088
tricolore-1-5th-edition,vocabulary,Exercise 3,4,fill-in,J'aime bien mon quartier parce qu'il y a [bowling] et [cinema].,,,,un bowling et un cinéma,A1,city-places,088
tricolore-1-5th-edition,vocabulary,Exercise 4,4,fill-in,"[icon: cinema screen with audience, crossed out]",,,,Il n'y a pas de cinéma.,A1,city-places,088
tricolore-1-5th-edition,listening,Exercise 2,5,matching,Écris 1–10. Écoute et trouve les bonnes images. (5),,,,,A1,city-places,088
tricolore-1-5th-edition,vocabulary,Exercise 3,5,fill-in,"Dans mon quartier, il y a [tree/bench] avec [swimmer] et [football/goal].",,,,un parc avec une piscine et un terrain de football,A1,city-places,088
tricolore-1-5th-edition,vocabulary,Exercise 4,5,fill-in,"[icon: shopping trolley, crossed out]",,,,Il n'y a pas de supermarché.,A1,city-places,088
tricolore-1-5th-edition,listening,Exercise 2,6,matching,Écris 1–10. Écoute et trouve les bonnes images. (6),,,,,A1,city-places,088
tricolore-1-5th-edition,vocabulary,Exercise 4,6,fill-in,"[icon: tree and bench, crossed out]",,,,Il n'y a pas de parc.,A1,city-places,088
tricolore-1-5th-edition,listening,Exercise 2,7,matching,Écris 1–10. Écoute et trouve les bonnes images. (7),,,,,A1,city-places,088
tricolore-1-5th-edition,vocabulary,Exercise 4,7,fill-in,"[icon: cocktail glass, crossed out]",,,,Il n'y a pas de café.,A1,city-places,088
tricolore-1-5th-edition,listening,Exercise 2,8,matching,Écris 1–10. Écoute et trouve les bonnes images. (8),,,,,A1,city-places,088
tricolore-1-5th-edition,vocabulary,Exercise 4,8,fill-in,"[icon: person with shopping bag under arch, crossed out]",,,,Il n'y a pas de centre commercial.,A1,city-places,088
tricolore-1-5th-edition,listening,Exercise 2,9,matching,Écris 1–10. Écoute et trouve les bonnes images. (9),,,,,A1,city-places,088
tricolore-1-5th-edition,vocabulary,Exercise 1,la religion,matching,Écris les mots dans la bonne catégorie: la religion (5 mots),,,,"église, cathédrale, mosquée, synagogue, temple",A1,city-places,088
tricolore-1-5th-edition,vocabulary,Exercise 1,le logement,matching,Écris les mots dans la bonne catégorie: le logement (3 mots),,,,"auberge de jeunesse, hôtel, camping",A1,city-places,088
tricolore-1-5th-edition,vocabulary,Exercise 1,le sport,matching,Écris les mots dans la bonne catégorie: le sport (4 mots),,,,"patinoire, centre sportif, terrain de football, piscine",A1,city-places,088
tricolore-1-5th-edition,vocabulary,Exercise 1,on mange là,matching,Écris les mots dans la bonne catégorie: on mange là (2 mots),,,,"café, restaurant",A1,city-places,088
tricolore-1-5th-edition,vocabulary,Exercise 1,on trouve des livres là,matching,Écris les mots dans la bonne catégorie: on trouve des livres là (1 mot),,,,bibliothèque,A1,city-places,088
tricolore-1-5th-edition,writing,Stratégies,1,short-answer,"Pick out examples of the three writing strategies (connectives, opinions, useful phrases) in the sentences given.",,,,,A2,city-places,089
tricolore-1-5th-edition,reading,Exercise 6,1,fill-in,J'habite à Tricville. C'est une (1) ___ moyenne au centre de la France.,,,,ville,A1,city-places,089
tricolore-1-5th-edition,writing,Exercise 7a,1,writing-task,Écris quatre phrases sur ton quartier et ta ville.,,,,(open-ended),A1,city-places,089
tricolore-1-5th-edition,writing,Exercise 7b,1,writing-task,"Écris deux paragraphes. Pour t'aider, regarde Au choix, 5 Un message.",,,,(open-ended),A2,city-places,089
tricolore-1-5th-edition,reading,Exercise 6,2,fill-in,Mon quartier est assez (2) ___ du centre-ville.,,,,loin,A1,city-places,089
tricolore-1-5th-edition,reading,Exercise 6,3,fill-in,"Dans mon quartier il y a des (3) ___, une église, un café et un parc.",,,,magasins,A1,city-places,089
tricolore-1-5th-edition,reading,Exercise 6,4,fill-in,Ce n'est pas intéressant (4) ___ les jeunes.,,,,pour,A1,city-places,089
tricolore-1-5th-edition,reading,Exercise 6,5,fill-in,"Au (5) ___, au centre-ville, il y a un grand centre commercial, une piscine.",,,,contraire,A1,city-places,089
tricolore-1-5th-edition,reading,Exercise 6,6,fill-in,...une (6) ___ et un bowling...,,,,bibliothèque,A1,city-places,089
tricolore-1-5th-edition,reading,Exercise 6,7,fill-in,...mais il n'y a (7) ___ de théâtre.,,,,pas,A1,city-places,089
tricolore-1-5th-edition,reading,Exercise 6,8,fill-in,J'aime bien aller en ville (8) ___ j'adore le shopping.,,,,parce que,A1,city-places,089
tricolore-1-5th-edition,speaking,Exercise 5,a,speaking-task,"La première personne dit un endroit en ville, la deuxième répète la phrase et ajoute un deuxième endroit, et ainsi de suite.",,,,(open-ended),A1,city-places,089
tricolore-1-5th-edition,speaking,Exercise 5,b,speaking-task,"Cette fois on fait la même chose, mais on dit ce qu'il n'y a pas en ville.",,,,(open-ended),A1,city-places,089
tricolore-1-5th-edition,vocabulary,Exercise 1,1,fill-in,Vous allez ... (queue of people climbing steps towards a sign reading 'grand concert'),,,,au concert,A1,mixed,090
tricolore-1-5th-edition,listening,Exercise 2a,1,fill-in,Sébastien ___ ___ .,,,,va au cinéma,A1,mixed,090
tricolore-1-5th-edition,listening,Exercise 2b,1,short-answer,Écoute encore une fois et note avec qui Sébastien va en ville.,,,,avec son cousin,A1,mixed,090
tricolore-1-5th-edition,vocabulary,Exercise 1,2,fill-in,Je vais ... (person walking towards a kiosk by the water),,,,,A1,mixed,090
tricolore-1-5th-edition,listening,Exercise 2a,2,fill-in,Luc ___ ___ .,,,,,A1,mixed,090
tricolore-1-5th-edition,listening,Exercise 2b,2,short-answer,Écoute encore une fois et note avec qui Luc va en ville.,,,,,A1,mixed,090
tricolore-1-5th-edition,vocabulary,Exercise 1,3,fill-in,Tu vas ... (man carrying a wrapped gift box),,,,,A1,mixed,090
tricolore-1-5th-edition,listening,Exercise 2a,3,fill-in,Anne-Marie ___ ___ .,,,,,A1,mixed,090
tricolore-1-5th-edition,listening,Exercise 2b,3,short-answer,Écoute encore une fois et note avec qui Anne-Marie va en ville.,,,,,A1,mixed,090
tricolore-1-5th-edition,vocabulary,Exercise 1,4,fill-in,Il va ... (priest walking towards a church),,,,à l'église,A1,mixed,090
tricolore-1-5th-edition,listening,Exercise 2a,4,fill-in,Vincent ___ ___ .,,,,,A1,mixed,090
tricolore-1-5th-edition,listening,Exercise 2b,4,short-answer,Écoute encore une fois et note avec qui Vincent va en ville.,,,,,A1,mixed,090
tricolore-1-5th-edition,vocabulary,Exercise 1,5,fill-in,"Nous allons ... (car loaded with luggage, passing a caravan/camping sign)",,,,au camping,A1,mixed,090
tricolore-1-5th-edition,listening,Exercise 2a,5,fill-in,Stéphanie et Mireille ___ ___ .,,,,,A1,mixed,090
tricolore-1-5th-edition,listening,Exercise 2b,5,short-answer,Écoute encore une fois et note avec qui Stéphanie va en ville.,,,,,A1,mixed,090
tricolore-1-5th-edition,vocabulary,Exercise 1,6,fill-in,Elles vont ... (two women walking with backpacks and luggage),,,,,A1,mixed,090
tricolore-1-5th-edition,listening,Exercise 2a,6,fill-in,Christophe et Jean-Pierre ___ ___ .,,,,,A1,mixed,090
tricolore-1-5th-edition,listening,Exercise 2b,6,short-answer,Écoute encore une fois et note avec qui Christophe va en ville.,,,,,A1,mixed,090
tricolore-1-5th-edition,listening,Exercise 2a,7,fill-in,"Mais le soir, ils ___ tous chez Coralie.",,,,vont,A1,mixed,090
tricolore-1-5th-edition,grammar,3 Allez!,1,matching,Nous …,,,,h,A1,city-places,091
tricolore-1-5th-edition,grammar,4 Ah non! (a),1,fill-in,"Demain, je ___ chez ma grand-mère pour l'aider un peu. Tu viens?",,,,vais,A1,city-places,091
tricolore-1-5th-edition,speaking,4 Ah non! (b),1,speaking-task,"À deux, inventez une conversation amusante comme ça.",,,,(open-ended),A1,city-places,091
tricolore-1-5th-edition,writing,5 Le weekend,1,writing-task,Où vas-tu le vendredi et le samedi? Où allez-vous le dimanche? Invente six phrases.,,,,(open-ended),A1,city-places,091
tricolore-1-5th-edition,grammar,3 Allez!,2,matching,Elles …,,,,,A1,city-places,091
tricolore-1-5th-edition,grammar,4 Ah non! (a),2,fill-in,"Ah non! Demain, je ___ au cinéma.",,,,vais,A1,city-places,091
tricolore-1-5th-edition,grammar,3 Allez!,3,matching,Vous …,,,,c,A1,city-places,091
tricolore-1-5th-edition,grammar,4 Ah non! (a),3,fill-in,"Mercredi, nous ___ à la ferme pour travailler avec mon oncle. Tu viens?",,,,allons,A1,city-places,091
tricolore-1-5th-edition,grammar,3 Allez!,4,matching,Elle …,,,,,A1,city-places,091
tricolore-1-5th-edition,grammar,4 Ah non! (a),4,fill-in,"Ah non! Mercredi, je ___ au parc avec des amis.",,,,vais,A1,city-places,091
tricolore-1-5th-edition,grammar,3 Allez!,5,matching,Ils …,,,,,A1,city-places,091
tricolore-1-5th-edition,grammar,4 Ah non! (a),5a,fill-in,"Samedi, ma sœur ___ aux magasins; tu ___ avec elle? (first blank)",,,,va,A1,city-places,091
tricolore-1-5th-edition,grammar,4 Ah non! (a),5b,fill-in,"Samedi, ma sœur ___ aux magasins; tu ___ avec elle? (second blank)",,,,vas,A1,city-places,091
tricolore-1-5th-edition,grammar,3 Allez!,6,matching,On …,,,,,A1,city-places,091
tricolore-1-5th-edition,grammar,4 Ah non! (a),6a,fill-in,"Ah non! Samedi, mon frère ___ au match de football et moi, je ___ au match aussi. (first blank)",,,,va,A1,city-places,091
tricolore-1-5th-edition,grammar,4 Ah non! (a),6b,fill-in,"Ah non! Samedi, mon frère ___ au match de football et moi, je ___ au match aussi. (second blank)",,,,vais,A1,city-places,091
tricolore-1-5th-edition,grammar,3 Allez!,7,matching,Je …,,,,d,A1,city-places,091
tricolore-1-5th-edition,grammar,4 Ah non! (a),7,fill-in,"Dimanche, nous ___ tous au Parc Astérix en minibus.",,,,allons,A1,city-places,091
tricolore-1-5th-edition,grammar,3 Allez!,8,matching,Tu …,,,,f,A1,city-places,091
tricolore-1-5th-edition,reading,1 Une fenêtre ouverte sur l'océan (a),1,multiple-choice,What kind of text is this?,a publicity leaflet,a magazine article,a story about fish,a publicity leaflet,A2,travel,092
tricolore-1-5th-edition,reading,1 (b) Vrai ou faux?,1,true-false,L'aquarium est loin de la gare.,,,,Faux,A2,travel,092
tricolore-1-5th-edition,listening,2 À l'office de tourisme (a),1,multiple-choice,Listen first to find out what this is about. Is it …,a recorded announcement about events in La Rochelle?,an interview with the director of tourism?,a conversation between tourists and a member of staff?,,A2,travel,092
tricolore-1-5th-edition,listening,2 (b),1,ordering,Read the list a–h. Listen again and note down the letter in the order you hear them.,,,,,A2,travel,092
tricolore-1-5th-edition,listening,2 (c),1,short-answer,Note down any other details.,,,,(open-ended),A2,travel,092
tricolore-1-5th-edition,reading,1 Une fenêtre ouverte sur l'océan (a),2,short-answer,Where is the aquarium situated?,,,,"In the centre of town, near the SNCF railway station.",A2,travel,092
tricolore-1-5th-edition,reading,1 (b) Vrai ou faux?,2,true-false,Il n'y a pas de parking.,,,,Faux,A2,travel,092
tricolore-1-5th-edition,reading,1 Une fenêtre ouverte sur l'océan (a),3,short-answer,What could you do before or after a visit?,,,,"Go to the Aquarium café, which has a panoramic view.",A2,travel,092
tricolore-1-5th-edition,reading,1 (b) Vrai ou faux?,3,true-false,C'est ouvert en hiver,,,,Vrai,A2,travel,092
tricolore-1-5th-edition,reading,1 (b) Vrai ou faux?,4,true-false,On trouve des requins (sharks) au café.,,,,Faux,A2,travel,092
tricolore-1-5th-edition,grammar,1 Au contraire,1,matching,oui,,,,e,A1,mixed,094
tricolore-1-5th-edition,grammar,2 Les mots en escargot (a),1,short-answer,Trouve six endroits en ville.,,,,"église, gare, hôpital, poste, banque, tour",A1,city-places,094
tricolore-1-5th-edition,grammar,2 Les mots en escargot (b),1,short-answer,"Avec les lettres qui restent, écris le nom d'une saison.",,,,printemps,A1,city-places,094
tricolore-1-5th-edition,grammar,3 Chasse à l'intrus,1,short-answer,"du brouillard, du vent, du soleil, du sport",,,,du sport,A1,mixed,094
tricolore-1-5th-edition,grammar,4 Quel temps fait-il?,1,fill-in,Il y_ d_ s_l__l.,,,,Il y a du soleil. – C,A1,weather,094
tricolore-1-5th-edition,grammar,"5 Masculin, féminin",1,short-answer,"Écris deux listes (masculin/féminin) à partir des mots du serpent: brochure, bureau, camping, chaussette, bateau, chaussure, calculatrice, parking, tableau.",,,,"Masculin: bureau, camping, bateau, parking, tableau. Féminin: brochure, chaussette, chaussure, calculatrice.",A1,none,094
tricolore-1-5th-edition,grammar,6 À la maison,1,fill-in,Il ___ . (neiger),,,,neige,A1,home,094
tricolore-1-5th-edition,grammar,6 À la maison,10,fill-in,Ma grand-mère et ma sœur ___ un film. (regarder),,,,regardent,A1,home,094
tricolore-1-5th-edition,grammar,1 Au contraire,2,matching,chaud,,,,g,A1,mixed,094
tricolore-1-5th-edition,grammar,3 Chasse à l'intrus,2,short-answer,"cent, quatre-vingts, travailler, soixante-dix",,,,travailler,A1,mixed,094
tricolore-1-5th-edition,grammar,4 Quel temps fait-il?,2,fill-in,Il f__t fr__d.,,,,Il fait froid. – A,A1,weather,094
tricolore-1-5th-edition,grammar,6 À la maison,2,fill-in,On ___ à la maison. (rester),,,,reste,A1,home,094
tricolore-1-5th-edition,grammar,1 Au contraire,3,matching,beau,,,,a,A1,mixed,094
tricolore-1-5th-edition,grammar,3 Chasse à l'intrus,3,short-answer,"jouer, février, dessiner, chanter",,,,février,A1,mixed,094
tricolore-1-5th-edition,grammar,4 Quel temps fait-il?,3,fill-in,Il pl__t.,,,,Il pleut. – D,A1,weather,094
tricolore-1-5th-edition,grammar,6 À la maison,3,fill-in,"Moi, je ___ à mes amis. (téléphoner)",,,,téléphone,A1,home,094
tricolore-1-5th-edition,grammar,1 Au contraire,4,matching,petit,,,,f,A1,mixed,094
tricolore-1-5th-edition,grammar,3 Chasse à l'intrus,4,short-answer,"une église, une banque, un magasin, un homme",,,,un homme,A1,mixed,094
tricolore-1-5th-edition,grammar,4 Quel temps fait-il?,4,fill-in,Il y_ d_ br___ll_rd.,,,,Il y a du brouillard. – B,A1,weather,094
tricolore-1-5th-edition,grammar,6 À la maison,4,fill-in,"Toi, tu ___ sur l'ordinateur? (travailler)",,,,travailles,A1,home,094
tricolore-1-5th-edition,grammar,1 Au contraire,5,matching,l'hiver,,,,h,A1,mixed,094
tricolore-1-5th-edition,grammar,3 Chasse à l'intrus,5,short-answer,"première, derrière, deuxième, troisième",,,,derrière,A1,mixed,094
tricolore-1-5th-edition,grammar,4 Quel temps fait-il?,5,fill-in,Il n__g_.,,,,Il neige. – E,A1,weather,094
tricolore-1-5th-edition,grammar,6 À la maison,5,fill-in,Marc ___ de la musique. (écouter),,,,écoute,A1,home,094
tricolore-1-5th-edition,grammar,1 Au contraire,6,matching,noir,,,,d,A1,mixed,094
tricolore-1-5th-edition,grammar,3 Chasse à l'intrus,6,short-answer,"sous, sur, devant, méchant",,,,méchant,A1,mixed,094
tricolore-1-5th-edition,grammar,4 Quel temps fait-il?,6,fill-in,Il f__t ch__d.,,,,Il fait chaud. – F,A1,weather,094
tricolore-1-5th-edition,grammar,6 À la maison,6,fill-in,Sophie ___ . (dessiner),,,,dessine,A1,home,094
tricolore-1-5th-edition,grammar,1 Au contraire,7,matching,devant,,,,c,A1,mixed,094
tricolore-1-5th-edition,grammar,3 Chasse à l'intrus,7,short-answer,"l'été, l'hiver, l'ami, l'automne",,,,l'ami,A1,mixed,094
tricolore-1-5th-edition,grammar,6 À la maison,7,fill-in,Nous ___ un grand repas. (préparer),,,,préparons,A1,home,094
tricolore-1-5th-edition,grammar,1 Au contraire,8,matching,sous,,,,b,A1,mixed,094
tricolore-1-5th-edition,grammar,3 Chasse à l'intrus,8,short-answer,"le printemps, le volley, le golf, le tennis",,,,le printemps,A1,mixed,094
tricolore-1-5th-edition,grammar,6 À la maison,8,fill-in,"Vous ___ le salon, les enfants? (ranger)",,,,rangez,A1,home,094
tricolore-1-5th-edition,grammar,6 À la maison,9,fill-in,"Après le repas, mes parents ___ aux cartes. (jouer)",,,,jouent,A1,home,094
tricolore-1-5th-edition,grammar,7 Où est le lapin?,1,short-answer,Picture 1: rabbit between books on a shelf.,,,,Le lapin est entre les livres.,A1,none,095
tricolore-1-5th-edition,grammar,8 Le weekend,1,matching,"Moi, je …",,,,c,A1,city-places,095
tricolore-1-5th-edition,speaking,9 À toi!,1,short-answer,"Où vas-tu en ville, le samedi?",,,,(open-ended),A1,mixed,095
tricolore-1-5th-edition,grammar,10 Tom et Jojo en ville,1,fill-in,C'est samedi. Jojo décide d'aller en (1) ___ .,,,,ville,A1,city-places,095
tricolore-1-5th-edition,grammar,10 Tom et Jojo en ville,10,fill-in,Tom continue (10) ___ .,,,,tout droit,A1,city-places,095
tricolore-1-5th-edition,grammar,10 Tom et Jojo en ville,11,fill-in,Jojo arrive (11) ___ parc.,,,,au,A1,city-places,095
tricolore-1-5th-edition,grammar,10 Tom et Jojo en ville,12,fill-in,Tom (12) ___ dans la rivière.,,,,tombe,A1,city-places,095
tricolore-1-5th-edition,grammar,7 Où est le lapin?,2,short-answer,Picture 2: rabbit on top of a computer monitor.,,,,,A1,none,095
tricolore-1-5th-edition,grammar,8 Le weekend,2,matching,"Et toi, tu …",,,,d,A1,city-places,095
tricolore-1-5th-edition,speaking,9 À toi!,2,short-answer,"Et tes amis, où vont-ils?",,,,(open-ended),A1,mixed,095
tricolore-1-5th-edition,grammar,10 Tom et Jojo en ville,2,fill-in,Elle va d'abord (2) ___ magasins.,,,,aux,A1,city-places,095
tricolore-1-5th-edition,grammar,7 Où est le lapin?,3,short-answer,Picture 3: rabbit under a chair.,,,,,A1,none,095
tricolore-1-5th-edition,grammar,8 Le weekend,3,matching,"Daniel, il …",,,,b,A1,city-places,095
tricolore-1-5th-edition,speaking,9 À toi!,3,short-answer,Qu'est-ce que tu préfères: aller au cinéma ou aller au match de football?,,,,(open-ended),A1,mixed,095
tricolore-1-5th-edition,grammar,10 Tom et Jojo en ville,3,fill-in,Puis elle va (3) ___ café.,,,,au,A1,city-places,095
tricolore-1-5th-edition,grammar,7 Où est le lapin?,4,short-answer,Picture 4: rabbit in/on a typewriter.,,,,,A1,none,095
tricolore-1-5th-edition,grammar,8 Le weekend,4,matching,"Nicole, elle va …",,,,e,A1,city-places,095
tricolore-1-5th-edition,speaking,9 À toi!,4,short-answer,"Qu'est-ce que tu fais, quand il fait mauvais?",,,,(open-ended),A1,mixed,095
tricolore-1-5th-edition,grammar,10 Tom et Jojo en ville,4,fill-in,"Ensuite, elle va chez une amie qui habite (4) ___ église.",,,,à l',A1,city-places,095
tricolore-1-5th-edition,grammar,7 Où est le lapin?,5,short-answer,Picture 5: rabbit in a box.,,,,,A1,none,095
tricolore-1-5th-edition,grammar,8 Le weekend,5,matching,Nous …,,,,h,A1,city-places,095
tricolore-1-5th-edition,speaking,9 À toi!,5,short-answer,Et tes amis?,,,,(open-ended),A1,mixed,095
tricolore-1-5th-edition,grammar,10 Tom et Jojo en ville,5,fill-in,Puis elle va (5) ___ gare.,,,,à la,A1,city-places,095
tricolore-1-5th-edition,grammar,7 Où est le lapin?,6,short-answer,Picture 6: rabbit behind/on a television.,,,,,A1,none,095
tricolore-1-5th-edition,grammar,8 Le weekend,6,matching,"Et vous, vous …",,,,g,A1,city-places,095
tricolore-1-5th-edition,speaking,9 À toi!,6,short-answer,Qu'est-ce que tu préfères: jouer sur l'ordinateur ou regarder un film?,,,,(open-ended),A1,mixed,095
tricolore-1-5th-edition,grammar,10 Tom et Jojo en ville,6,fill-in,Zut! Tom est (6) ___ gare aussi.,,,,à la,A1,city-places,095
tricolore-1-5th-edition,grammar,8 Le weekend,7,matching,Mes parents …,,,,a,A1,city-places,095
tricolore-1-5th-edition,grammar,10 Tom et Jojo en ville,7,fill-in,Tom (7) ___ Jojo.,,,,chasse,A1,city-places,095
tricolore-1-5th-edition,grammar,8 Le weekend,8,matching,Les filles vont à …,,,,f,A1,city-places,095
tricolore-1-5th-edition,grammar,10 Tom et Jojo en ville,8,fill-in,Jojo (8) ___ dans la direction du port.,,,,va,A1,city-places,095
tricolore-1-5th-edition,grammar,10 Tom et Jojo en ville,9,fill-in,Puis elle (9) ___ à gauche.,,,,tourne,A1,city-places,095
tricolore-1-5th-edition,listening,1 C'est à quelle heure?,1,short-answer,Écris 1–8. Écoute et note l'heure.,,,,3h00,A1,time-dates,096
tricolore-1-5th-edition,grammar,2 Le weekend,1,fill-in,Lucas et Sophie vont aux magasins …,,,,à midi,A1,mixed,096
tricolore-1-5th-edition,grammar,3 Français/Anglais,1,short-answer,Ça commence à quelle heure?,,,,What time does it start?,A1,time-dates,096
tricolore-1-5th-edition,listening,4 Rendez-vous à quelle heure? (a),1,short-answer,Écoute et note l'heure.,,,,2h30,A1,time-dates,096
tricolore-1-5th-edition,listening,4 Rendez-vous à quelle heure? (b),1,short-answer,Écoute encore une fois et note l'endroit en anglais.,,,,under the large clock tower,A1,time-dates,096
tricolore-1-5th-edition,listening,1 C'est à quelle heure?,2,short-answer,Écris 1–8. Écoute et note l'heure.,,,,,A1,time-dates,096
tricolore-1-5th-edition,grammar,2 Le weekend,2,fill-in,Fabio va à la piscine …,,,,,A1,mixed,096
tricolore-1-5th-edition,grammar,3 Français/Anglais,2,short-answer,C'est à dix heures.,,,,It's at ten o'clock.,A1,time-dates,096
tricolore-1-5th-edition,listening,1 C'est à quelle heure?,3,short-answer,Écris 1–8. Écoute et note l'heure.,,,,,A1,time-dates,096
tricolore-1-5th-edition,grammar,2 Le weekend,3,fill-in,Nicolas et Marc vont au parc …,,,,,A1,mixed,096
tricolore-1-5th-edition,grammar,3 Français/Anglais,3,short-answer,Quelle heure est-il?,,,,What time is it?,A1,time-dates,096
tricolore-1-5th-edition,listening,1 C'est à quelle heure?,4,short-answer,Écris 1–8. Écoute et note l'heure.,,,,,A1,time-dates,096
tricolore-1-5th-edition,grammar,2 Le weekend,4,fill-in,M. Leclerc (le curé) va à l'église …,,,,,A1,mixed,096
tricolore-1-5th-edition,grammar,3 Français/Anglais,4,short-answer,Il est midi.,,,,It's midday/noon.,A1,time-dates,096
tricolore-1-5th-edition,listening,1 C'est à quelle heure?,5,short-answer,Écris 1–8. Écoute et note l'heure.,,,,,A1,time-dates,096
tricolore-1-5th-edition,grammar,2 Le weekend,5,fill-in,Laura et Alex vont au musée …,,,,,A1,mixed,096
tricolore-1-5th-edition,grammar,3 Français/Anglais,5,short-answer,Le magasin est ouvert jusqu'à quelle heure?,,,,What time is the shop open until?,A1,time-dates,096
tricolore-1-5th-edition,listening,1 C'est à quelle heure?,6,short-answer,Écris 1–8. Écoute et note l'heure.,,,,,A1,time-dates,096
tricolore-1-5th-edition,grammar,2 Le weekend,6,fill-in,Mangetout va dans la cuisine …,,,,,A1,mixed,096
tricolore-1-5th-edition,grammar,3 Français/Anglais,6,short-answer,C'est ouvert jusqu'à 19 heures.,,,,It's open until 7pm (19:00).,A1,time-dates,096
tricolore-1-5th-edition,listening,1 C'est à quelle heure?,7,short-answer,Écris 1–8. Écoute et note l'heure.,,,,,A1,time-dates,096
tricolore-1-5th-edition,listening,1 C'est à quelle heure?,8,short-answer,Écris 1–8. Écoute et note l'heure.,,,,,A1,time-dates,096
tricolore-1-5th-edition,reading,5 Quelle journée! (a),1,matching,"À huit heures, Thomas va à la boulangerie.",,,,C,A1,daily-routine,097
tricolore-1-5th-edition,writing,5 Quelle journée! (b),1,writing-task,Raconte la journée avec des changements. C'est une fille qui amuse son frère et ses sœurs. Change les heures et les endroits.,,,,(open-ended),A1,daily-routine,097
tricolore-1-5th-edition,speaking,6 Conversations aux nombres,1,speaking-task,"À deux, jetez un dé ou choisissez des nombres entre 1 et 6. Inventez des conversations.",,,,(open-ended),A1,mixed,097
tricolore-1-5th-edition,reading,5 Quelle journée! (a),2,matching,"À dix heures vingt, il va au marché avec Pierre.",,,,,A1,daily-routine,097
tricolore-1-5th-edition,reading,5 Quelle journée! (a),3,matching,"Puis à onze heures cinq, Thomas va à la piscine avec les trois enfants.",,,,,A1,daily-routine,097
tricolore-1-5th-edition,reading,5 Quelle journée! (a),4,matching,Ils mangent un sandwich au café à midi et demi.,,,,,A1,daily-routine,097
tricolore-1-5th-edition,reading,5 Quelle journée! (a),5,matching,"L'après-midi, ils sont au parc à deux heures moins vingt-cinq. Les enfants jouent dans le parc. Ils aiment bien ça.",,,,,A1,daily-routine,097
tricolore-1-5th-edition,reading,5 Quelle journée! (a),6,matching,"À trois heures et demie, ils vont au cinéma.",,,,,A1,daily-routine,097
tricolore-1-5th-edition,reading,5 Quelle journée! (a),7,matching,"Puis à six heures et quart, ils rentrent à la maison.",,,,,A1,daily-routine,097
tricolore-1-5th-edition,reading,5 Quelle journée! (a),8,matching,"Plus tard, à huit heures moins le quart, un ami de Thomas téléphone.",,,,,A1,daily-routine,097
tricolore-1-5th-edition,grammar,3 Ma journée,1,fill-in,"Le (1) ___ , je prends mon petit déjeuner à sept heures et quart.",,,,matin,A1,daily-routine,099
tricolore-1-5th-edition,speaking,4 Un questionnaire,1,short-answer,"À quelle heure est-ce que tu quittes la maison, le matin?",,,,7h50 (réponse d'exemple),A1,daily-routine,099
tricolore-1-5th-edition,writing,5 Dossier personnel,1,writing-task,"Réponds aux questions du questionnaire en phrases complètes, puis relis «Une journée typique» et modifie les phrases pour faire une description de ta journée.",,,,(open-ended),A1,daily-routine,099
tricolore-1-5th-edition,reading,2c Trouve les paires,1-10,matching,Trouve les paires: a Olivier prend son petit déjeuner / b Olivier arrive au collège / c Il commence ses devoirs / d Il se couche / e Il quitte la maison / f Olivier se lève / g Olivier mange à la cantine / h Il quitte le collège / i C'est la récréation / j Il dîne (match each statement to the correct clock time 1–10).,,,,1f,A1,daily-routine,099
tricolore-1-5th-edition,grammar,3 Ma journée,2,fill-in,"Le matin, je prends mon (2) ___ à sept heures et quart.",,,,petit déjeuner,A1,daily-routine,099
tricolore-1-5th-edition,speaking,4 Un questionnaire,2,short-answer,tu arrives au collège?,,,,(open-ended),A1,daily-routine,099
tricolore-1-5th-edition,grammar,3 Ma journée,3,fill-in,"Au collège, les (3) ___ commencent à neuf heures.",,,,cours,A1,daily-routine,099
tricolore-1-5th-edition,speaking,4 Un questionnaire,3,short-answer,les cours commencent?,,,,(open-ended),A1,daily-routine,099
tricolore-1-5th-edition,grammar,3 Ma journée,4,fill-in,"À midi, je prends le (4) ___ à la cantine.",,,,déjeuner,A1,daily-routine,099
tricolore-1-5th-edition,speaking,4 Un questionnaire,4,short-answer,tu manges à la cantine/tes sandwichs?,,,,(open-ended),A1,daily-routine,099
tricolore-1-5th-edition,grammar,3 Ma journée,5,fill-in,"L'(5) ___ , nous avons cours de deux heures à quatre heures moins le quart.",,,,après-midi,A1,daily-routine,099
tricolore-1-5th-edition,speaking,4 Un questionnaire,5,short-answer,tu quittes le collège?,,,,(open-ended),A1,daily-routine,099
tricolore-1-5th-edition,grammar,3 Ma journée,6,fill-in,"Pour le (6) ___ , je mange du chocolat ou un fruit.",,,,goûter,A1,daily-routine,099
tricolore-1-5th-edition,speaking,4 Un questionnaire,6,short-answer,tu rentres à la maison?,,,,(open-ended),A1,daily-routine,099
tricolore-1-5th-edition,grammar,3 Ma journée,7,fill-in,Puis je commence mes (7) ___ .,,,,devoirs,A1,daily-routine,099
tricolore-1-5th-edition,speaking,4 Un questionnaire,7,short-answer,tu commences tes devoirs?,,,,(open-ended),A1,daily-routine,099
tricolore-1-5th-edition,grammar,3 Ma journée,8,fill-in,"Le (8) ___ , nous dînons à sept heures.",,,,soir,A1,daily-routine,099
tricolore-1-5th-edition,speaking,4 Un questionnaire,8,short-answer,tu manges le soir?,,,,(open-ended),A1,daily-routine,099
tricolore-1-5th-edition,grammar,2a Mets les mots dans le bon ordre,La journée,ordering,"Mets les mots dans le bon ordre: l'après-midi, le matin, la nuit, le soir.",,,,"le matin, l'après-midi, le soir, la nuit",A1,daily-routine,099
tricolore-1-5th-edition,grammar,2a Mets les mots dans le bon ordre,Les repas,ordering,"Mets les mots dans le bon ordre: le déjeuner, le dîner, le goûter, le petit déjeuner.",,,,"le petit déjeuner, le déjeuner, le goûter, le dîner",A1,daily-routine,099
tricolore-1-5th-edition,reading,2b Trouve les mots dans le texte,bâtiments,short-answer,Trouve 2 bâtiments dans le texte «Une journée typique» (page 96).,,,,"la maison, le collège",A1,daily-routine,099
tricolore-1-5th-edition,reading,2b Trouve les mots dans le texte,chose à manger,short-answer,Trouve 1 chose à manger dans le texte «Une journée typique» (page 96).,,,,,A1,daily-routine,099
tricolore-1-5th-edition,reading,2b Trouve les mots dans le texte,nombres,short-answer,Trouve 4 nombres dans le texte «Une journée typique» (page 96).,,,,,A1,daily-routine,099
tricolore-1-5th-edition,reading,2b Trouve les mots dans le texte,verbes,short-answer,Trouve 3 verbes dans le texte «Une journée typique» (page 96).,,,,,A1,daily-routine,099
tricolore-1-5th-edition,listening,1 Les matières (a),1,short-answer,Écris 1–14. Écoute et écris la bonne lettre.,,,,G,A1,school,100
tricolore-1-5th-edition,grammar,2 Une journée au collège,1,matching,J'arrive au collège à huit heures moins dix.,,,,G,A1,school,100
tricolore-1-5th-edition,listening,3 Dans la cour,1,short-answer,Écris 1–8 et écoute les conversations. Note la matière et l'heure.,,,,a anglais; b 8h30,A1,school,100
tricolore-1-5th-edition,grammar,Stratégies (-ie subjects),1,short-answer,Find two school subjects which end in -ie in French.,,,,"géographie, technologie",A1,school,100
tricolore-1-5th-edition,listening,1 Les matières (a),10,short-answer,Écris 1–14. Écoute et écris la bonne lettre.,,,,,A1,school,100
tricolore-1-5th-edition,listening,1 Les matières (a),11,short-answer,Écris 1–14. Écoute et écris la bonne lettre.,,,,,A1,school,100
tricolore-1-5th-edition,listening,1 Les matières (a),12,short-answer,Écris 1–14. Écoute et écris la bonne lettre.,,,,,A1,school,100
tricolore-1-5th-edition,listening,1 Les matières (a),13,short-answer,Écris 1–14. Écoute et écris la bonne lettre.,,,,,A1,school,100
tricolore-1-5th-edition,listening,1 Les matières (a),14,short-answer,Écris 1–14. Écoute et écris la bonne lettre.,,,,,A1,school,100
tricolore-1-5th-edition,listening,1 Les matières (a),2,short-answer,Écris 1–14. Écoute et écris la bonne lettre.,,,,,A1,school,100
tricolore-1-5th-edition,grammar,2 Une journée au collège,2,matching,Les cours commencent à huit heures cinq.,,,,D,A1,school,100
tricolore-1-5th-edition,listening,3 Dans la cour,2,short-answer,Écris 1–8 et écoute les conversations. Note la matière et l'heure.,,,,,A1,school,100
tricolore-1-5th-edition,listening,1 Les matières (a),3,short-answer,Écris 1–14. Écoute et écris la bonne lettre.,,,,,A1,school,100
tricolore-1-5th-edition,grammar,2 Une journée au collège,3,matching,La récréation est à dix heures vingt.,,,,F,A1,school,100
tricolore-1-5th-edition,listening,3 Dans la cour,3,short-answer,Écris 1–8 et écoute les conversations. Note la matière et l'heure.,,,,,A1,school,100
tricolore-1-5th-edition,listening,1 Les matières (a),4,short-answer,Écris 1–14. Écoute et écris la bonne lettre.,,,,,A1,school,100
tricolore-1-5th-edition,grammar,2 Une journée au collège,4,matching,J'ai un cours de deux heures de dessin à onze heures dix.,,,,B,A1,school,100
tricolore-1-5th-edition,listening,3 Dans la cour,4,short-answer,Écris 1–8 et écoute les conversations. Note la matière et l'heure.,,,,,A1,school,100
tricolore-1-5th-edition,listening,1 Les matières (a),5,short-answer,Écris 1–14. Écoute et écris la bonne lettre.,,,,,A1,school,100
tricolore-1-5th-edition,grammar,2 Une journée au collège,5,matching,La pause-déjeuner est à midi vingt-cinq.,,,,E,A1,school,100
tricolore-1-5th-edition,listening,3 Dans la cour,5,short-answer,Écris 1–8 et écoute les conversations. Note la matière et l'heure.,,,,,A1,school,100
tricolore-1-5th-edition,listening,1 Les matières (a),6,short-answer,Écris 1–14. Écoute et écris la bonne lettre.,,,,,A1,school,100
tricolore-1-5th-edition,grammar,2 Une journée au collège,6,matching,Nous avons maths à deux heures moins vingt-cinq.,,,,H,A1,school,100
tricolore-1-5th-edition,listening,3 Dans la cour,6,short-answer,Écris 1–8 et écoute les conversations. Note la matière et l'heure.,,,,,A1,school,100
tricolore-1-5th-edition,listening,1 Les matières (a),7,short-answer,Écris 1–14. Écoute et écris la bonne lettre.,,,,,A1,school,100
tricolore-1-5th-edition,grammar,2 Une journée au collège,7,matching,"L'après-midi, la récréation est à trois heures moins vingt.",,,,A,A1,school,100
tricolore-1-5th-edition,listening,3 Dans la cour,7,short-answer,Écris 1–8 et écoute les conversations. Note la matière et l'heure.,,,,,A1,school,100
tricolore-1-5th-edition,listening,1 Les matières (a),8,short-answer,Écris 1–14. Écoute et écris la bonne lettre.,,,,,A1,school,100
tricolore-1-5th-edition,grammar,2 Une journée au collège,8,matching,Je quitte le collège à quatre heures moins cinq.,,,,C,A1,school,100
tricolore-1-5th-edition,listening,3 Dans la cour,8,short-answer,Écris 1–8 et écoute les conversations. Note la matière et l'heure.,,,,,A1,school,100
tricolore-1-5th-edition,listening,1 Les matières (a),9,short-answer,Écris 1–14. Écoute et écris la bonne lettre.,,,,,A1,school,100
tricolore-1-5th-edition,grammar,1 Les matières (b),A,matching,Icon A: a globe.,,,,la géographie,A1,school,100
tricolore-1-5th-edition,grammar,1 Les matières (b),B,matching,Icon B: a musical note.,,,,la musique,A1,school,100
tricolore-1-5th-edition,grammar,1 Les matières (b),C,matching,Icon C: the UK flag.,,,,l'anglais,A1,school,100
tricolore-1-5th-edition,grammar,1 Les matières (b),D,matching,Icon D: the French flag.,,,,le français,A1,school,100
tricolore-1-5th-edition,grammar,1 Les matières (b),E,matching,Icon E: plus/minus signs.,,,,les maths,A1,school,100
tricolore-1-5th-edition,grammar,1 Les matières (b),F,matching,Icon F: a crown on a cushion.,,,,l'histoire,A1,school,100
tricolore-1-5th-edition,grammar,1 Les matières (b),G,matching,Icon G: a saw.,,,,la technologie,A1,school,100
tricolore-1-5th-edition,grammar,1 Les matières (b),H,matching,"Icon H: football, tennis racket and rugby ball.",,,,le sport,A1,school,100
tricolore-1-5th-edition,grammar,1 Les matières (b),I,matching,Icon I: a test tube.,,,,les sciences,A1,school,100
tricolore-1-5th-edition,grammar,1 Les matières (b),J,matching,Icon J: an artist's palette.,,,,le dessin,A1,school,100
tricolore-1-5th-edition,grammar,1 Les matières (b),K,matching,Icon K: a laptop.,,,,l'informatique,A1,school,100
tricolore-1-5th-edition,grammar,1 Les matières (b),L,matching,Icon L: two hands shaking (French flag colours sleeve).,,,,l'éducation civique,A1,school,100
tricolore-1-5th-edition,grammar,1 Les matières (b),M,matching,Icon M: the German flag.,,,,l'allemand,A1,school,100
tricolore-1-5th-edition,grammar,1 Les matières (b),N,matching,Icon N: the Spanish flag.,,,,l'espagnol,A1,school,100
tricolore-1-5th-edition,grammar,Stratégies (-ie spelling),a,short-answer,photography,,,,la photographie,A1,none,100
tricolore-1-5th-edition,grammar,Stratégies (-ie spelling),b,short-answer,biology,,,,la biologie,A1,none,100
tricolore-1-5th-edition,grammar,Stratégies (-ie spelling),c,short-answer,astronomy,,,,l'astronomie,A1,none,100
tricolore-1-5th-edition,grammar,Stratégies (-ie spelling),d,short-answer,melody,,,,la mélodie,A1,none,100
tricolore-1-5th-edition,grammar,Stratégies (-ie spelling),e,short-answer,comedy,,,,la comédie,A1,none,100
tricolore-1-5th-edition,grammar,Stratégies (-que spelling),f,short-answer,fantastic,,,,fantastique,A1,none,100
tricolore-1-5th-edition,grammar,Stratégies (-que spelling),g,short-answer,historic,,,,historique,A1,none,100
tricolore-1-5th-edition,grammar,Stratégies (-que spelling),h,short-answer,electronic,,,,électronique,A1,none,100
tricolore-1-5th-edition,reading,4 Un emploi du temps,1,short-answer,In what general ways is this timetable different from yours?,,,,(open-ended),A1,school,101
tricolore-1-5th-edition,listening,5 C'est quel jour?,1,short-answer,Écris 1–8. Écoute et consulte l'emploi du temps. C'est quel jour? C'est le matin ou l'après-midi?,,,,samedi matin,A1,school,101
tricolore-1-5th-edition,speaking,6 On a quelle matière?,1,speaking-task,"À deux, consultez l'emploi du temps et inventez des conversations.",,,,(open-ended),A1,school,101
tricolore-1-5th-edition,grammar,Dossier-langue (le/la/les),1,short-answer,Is le/la/les used with the verbs aimer and détester?,,,,"Yes — unlike with avoir, the definite article (le/la/les) is used after aimer and détester.",A2,school,101
tricolore-1-5th-edition,reading,4 Un emploi du temps,2,short-answer,How many hours of lessons does this student have per week?,,,,"About 29 lessons/hours per week (counting each timetable slot; no lessons on Wednesday, and Saturday finishes at midday).",A1,school,101
tricolore-1-5th-edition,listening,5 C'est quel jour?,2,short-answer,Écris 1–8. Écoute et consulte l'emploi du temps. C'est quel jour? C'est le matin ou l'après-midi?,,,,,A1,school,101
tricolore-1-5th-edition,writing,Dossier-langue (le/la/les),2,writing-task,Say five more sentences to practise this.,,,,(open-ended),A2,school,101
tricolore-1-5th-edition,reading,4 Un emploi du temps,3,short-answer,How does this compare to your timetable?,,,,(open-ended),A1,school,101
tricolore-1-5th-edition,listening,5 C'est quel jour?,3,short-answer,Écris 1–8. Écoute et consulte l'emploi du temps. C'est quel jour? C'est le matin ou l'après-midi?,,,,,A1,school,101
tricolore-1-5th-edition,listening,5 C'est quel jour?,4,short-answer,Écris 1–8. Écoute et consulte l'emploi du temps. C'est quel jour? C'est le matin ou l'après-midi?,,,,,A1,school,101
tricolore-1-5th-edition,listening,5 C'est quel jour?,5,short-answer,Écris 1–8. Écoute et consulte l'emploi du temps. C'est quel jour? C'est le matin ou l'après-midi?,,,,,A1,school,101
tricolore-1-5th-edition,listening,5 C'est quel jour?,6,short-answer,Écris 1–8. Écoute et consulte l'emploi du temps. C'est quel jour? C'est le matin ou l'après-midi?,,,,,A1,school,101
tricolore-1-5th-edition,listening,5 C'est quel jour?,7,short-answer,Écris 1–8. Écoute et consulte l'emploi du temps. C'est quel jour? C'est le matin ou l'après-midi?,,,,,A1,school,101
tricolore-1-5th-edition,listening,5 C'est quel jour?,8,short-answer,Écris 1–8. Écoute et consulte l'emploi du temps. C'est quel jour? C'est le matin ou l'après-midi?,,,,,A1,school,101
tricolore-1-5th-edition,writing,7 Dossier personnel,a,writing-task,Écris ton emploi du temps pour ton jour préféré.,,,,(open-ended),A1,school,101
tricolore-1-5th-edition,writing,7 Dossier personnel,b,writing-task,Pourquoi est-ce ton jour préféré?,,,,(open-ended),A1,school,101
tricolore-1-5th-edition,writing,7 Dossier personnel,c,writing-task,Écris ton emploi du temps pour un jour que tu n'aimes pas.,,,,(open-ended),A1,school,101
tricolore-1-5th-edition,listening,1 Conversations au collège,1,fill-in,Ma matière préférée est l'(1) ___ . J'adore le sport.,,,,EPS,A1,school,102
tricolore-1-5th-edition,grammar,2 Fais des phrases,1,fill-in,Je [picture: a girl gesturing],,,,Je fais du théâtre.,A1,hobby,102
tricolore-1-5th-edition,listening,3a Ils aiment ou ils n'aiment pas?,1,short-answer,Écris 1–8. Écoute et note les opinions et les matières.,,,,✂ histoire (n'aime pas),A1,school,102
tricolore-1-5th-edition,listening,3b,1,short-answer,"Écoute encore une fois et écris les adjectifs sur deux listes: des opinions positives / des opinions négatives (amusant, super, facile, difficile, intéressant, utile, nul, ennuyeux, sympa, génial).",,,,"Positif: amusant, super, facile, intéressant, utile, sympa, génial. Négatif: difficile, nul, ennuyeux.",A1,school,102
tricolore-1-5th-edition,reading,3c,1,short-answer,"Devine le mot anglais, puis vérifie dans le Glossaire: amusant, super, facile, difficile, intéressant, utile, nul, ennuyeux, sympa, génial.",,,,"amusant=fun, super=great, facile=easy, difficile=difficult, intéressant=interesting, utile=useful, nul=useless/rubbish, ennuyeux=boring, sympa=nice, génial=brilliant",A1,school,102
tricolore-1-5th-edition,grammar,Dossier-langue (faire),1,short-answer,Which part of faire do you use to talk about the weather?,,,,il fait,A2,school,102
tricolore-1-5th-edition,listening,1 Conversations au collège,10,fill-in,Et j'aime (10) ___ parce que nous faisons des choses intéressantes.,,,,,A1,school,102
tricolore-1-5th-edition,listening,1 Conversations au collège,2,fill-in,Qu'est-ce que vous faites comme (2) ___ au collège?,,,,sport,A1,school,102
tricolore-1-5th-edition,grammar,2 Fais des phrases,2,fill-in,"Moi, je [picture: a boy drawing]",,,,"Moi, je fais du dessin.",A1,hobby,102
tricolore-1-5th-edition,listening,3a Ils aiment ou ils n'aiment pas?,2,short-answer,Écris 1–8. Écoute et note les opinions et les matières.,,,,,A1,school,102
tricolore-1-5th-edition,listening,1 Conversations au collège,3,fill-in,"En hiver, nous faisons de la gymnastique, du volley et du (3) ___ .",,,,,A1,school,102
tricolore-1-5th-edition,grammar,2 Fais des phrases,3,fill-in,Tu [picture: a person swimming],,,,Tu fais de la natation.,A1,hobby,102
tricolore-1-5th-edition,listening,3a Ils aiment ou ils n'aiment pas?,3,short-answer,Écris 1–8. Écoute et note les opinions et les matières.,,,,,A1,school,102
tricolore-1-5th-edition,listening,1 Conversations au collège,4,fill-in,Nous allons à (4) ___ en ville le jeudi après-midi.,,,,,A1,school,102
tricolore-1-5th-edition,grammar,2 Fais des phrases,4,fill-in,Il [picture: a person taking a photo with a camera],,,,Il fait des photos.,A1,hobby,102
tricolore-1-5th-edition,listening,3a Ils aiment ou ils n'aiment pas?,4,short-answer,Écris 1–8. Écoute et note les opinions et les matières.,,,,,A1,school,102
tricolore-1-5th-edition,listening,1 Conversations au collège,5,fill-in,Et en (5) ___ nous faisons de l'athlétisme.,,,,,A1,school,102
tricolore-1-5th-edition,grammar,2 Fais des phrases,5,fill-in,Elle [picture: a person doing a handstand/gymnastics],,,,Elle fait de la gymnastique.,A1,hobby,102
tricolore-1-5th-edition,listening,3a Ils aiment ou ils n'aiment pas?,5,short-answer,Écris 1–8. Écoute et note les opinions et les matières.,,,,,A1,school,102
tricolore-1-5th-edition,listening,1 Conversations au collège,6,fill-in,"J'ai des amis qui font du (6) ___ , mais pas moi.",,,,judo,A1,school,102
tricolore-1-5th-edition,grammar,2 Fais des phrases,6,fill-in,Nous [picture: two people cycling],,,,Nous faisons du vélo.,A1,hobby,102
tricolore-1-5th-edition,listening,3a Ils aiment ou ils n'aiment pas?,6,short-answer,Écris 1–8. Écoute et note les opinions et les matières.,,,,,A1,school,102
tricolore-1-5th-edition,listening,1 Conversations au collège,7,fill-in,Mes matières préférées sont (7) ___ et (8) ___ .,,,,,A1,school,102
tricolore-1-5th-edition,grammar,2 Fais des phrases,7,fill-in,Vous [picture: two people doing judo],,,,Vous faites du judo.,A1,hobby,102
tricolore-1-5th-edition,listening,3a Ils aiment ou ils n'aiment pas?,7,short-answer,Écris 1–8. Écoute et note les opinions et les matières.,,,,,A1,school,102
tricolore-1-5th-edition,listening,1 Conversations au collège,8,fill-in,Mes matières préférées sont (7) ___ et (8) ___ .,,,,,A1,school,102
tricolore-1-5th-edition,grammar,2 Fais des phrases,8,fill-in,Ils [picture: two people running],,,,Ils font de l'athlétisme.,A1,hobby,102
tricolore-1-5th-edition,listening,3a Ils aiment ou ils n'aiment pas?,8,short-answer,Écris 1–8. Écoute et note les opinions et les matières.,,,,,A1,school,102
tricolore-1-5th-edition,listening,1 Conversations au collège,9,fill-in,(9) ___ parce que j'adore la lecture et nous faisons aussi du théâtre. C'est amusant.,,,,,A1,school,102
tricolore-1-5th-edition,listening,4a Six élèves,1,short-answer,Écris 1–6. Écoute et décide qui parle.,,,,E Sylvie,A1,school,103
tricolore-1-5th-edition,listening,4b,1,short-answer,Écoute encore une fois. Note les opinions sur les matières.,,,,les maths – très utile (aime beaucoup); le dessin – ennuyeux (déteste),A1,school,103
tricolore-1-5th-edition,speaking,5a Inventez des conversations,1,speaking-task,"À deux, lisez la conversation. Puis changez les mots surlignés pour inventer d'autres conversations.",,,,(open-ended),A1,school,103
tricolore-1-5th-edition,writing,5b,1,writing-task,Écris un paragraphe sur les matières.,,,,(open-ended),A1,school,103
tricolore-1-5th-edition,writing,Stratégies (adding interest),1,writing-task,"Practise adding extra words to these sentences: L'informatique, c'est ennuyeux. / Les sciences, c'est super. Then make up a long sentence for a subject you like and one you don't.",,,,(open-ended),A1,school,103
tricolore-1-5th-edition,listening,1a Un nouvel élève,1,short-answer,Il y a une question qu'on ne pose pas à Karim. C'est quelle question?,,,,6 Tu es supporter de quel club de foot?,A1,personal-info,104
tricolore-1-5th-edition,grammar,2 Des questions utiles,1,fill-in,___ jour (m) sommes-nous?,,,,Quel,A1,mixed,104
tricolore-1-5th-edition,speaking,3a Mes choses préférées,1,fill-in,Quel est ___ sport préféré? / ___ sport préféré est le basket.,,,,ton / Mon,A1,personal-info,104
tricolore-1-5th-edition,speaking,3b,1,speaking-task,Réponds avec ton choix.,,,,(open-ended),A1,personal-info,104
tricolore-1-5th-edition,speaking,Stratégies (speaking skills),1,speaking-task,"Think of one way you could change each of these questions: Qu'est-ce que tu aimes comme matières/passe-temps? C'est quand, le match/le concert?",,,,(open-ended),A1,personal-info,104
tricolore-1-5th-edition,grammar,2 Des questions utiles,2,fill-in,___ heure (f) est-il?,,,,Quelle,A1,mixed,104
tricolore-1-5th-edition,speaking,3a Mes choses préférées,2,fill-in,Quelle est ___ couleur préférée? / ___ couleur préférée est le noir.,,,,ta / Ma,A1,personal-info,104
tricolore-1-5th-edition,grammar,2 Des questions utiles,3,fill-in,___ est ta couleur préférée?,,,,Quelle,A1,mixed,104
tricolore-1-5th-edition,speaking,3a Mes choses préférées,3,fill-in,Quel est ___ jour préféré? / ___ jour préféré est le samedi.,,,,ton / Mon,A1,personal-info,104
tricolore-1-5th-edition,grammar,2 Des questions utiles,4,fill-in,___ sont tes livres préférés?,,,,Quels,A1,mixed,104
tricolore-1-5th-edition,speaking,3a Mes choses préférées,4,fill-in,Quel est ___ animal préféré? / ___ animal préféré est le cheval.,,,,ton / Mon,A1,personal-info,104
tricolore-1-5th-edition,grammar,2 Des questions utiles,5,fill-in,___ sont tes animaux préférés?,,,,Quels,A1,mixed,104
tricolore-1-5th-edition,speaking,3a Mes choses préférées,5,fill-in,Quelle est ___ saison préférée? / ___ saison préférée est le printemps.,,,,ta / Ma,A1,personal-info,104
tricolore-1-5th-edition,grammar,2 Des questions utiles,6,fill-in,___ est ton jour préféré?,,,,Quel,A1,mixed,104
tricolore-1-5th-edition,speaking,3a Mes choses préférées,6,fill-in,Quelle est ___ matière préférée? / ___ matière préférée est le dessin.,,,,ta / Ma,A1,personal-info,104
tricolore-1-5th-edition,grammar,2 Des questions utiles,7,fill-in,___ temps (m) fait-il?,,,,Quel,A1,mixed,104
tricolore-1-5th-edition,listening,1b,a,fill-in,Mon sport préféré est ...,,,,le basket,A1,personal-info,104
tricolore-1-5th-edition,listening,1b,b,fill-in,Mes passe-temps préférés sont ...,,,,le sport et l'informatique,A1,personal-info,104
tricolore-1-5th-edition,listening,1b,c,fill-in,J'ai ...,,,,douze ans,A1,personal-info,104
tricolore-1-5th-edition,listening,1b,d,fill-in,"Ma matière préférée, c'est ...",,,,l'histoire,A1,personal-info,104
tricolore-1-5th-edition,listening,1b,e,fill-in,Mon anniversaire est ...,,,,le huit juillet,A1,personal-info,104
tricolore-1-5th-edition,speaking,4 Inventez des conversations,1,speaking-task,"Une personne pose une question, l'autre répond et pose une question différente. Continuez comme ça. Quelle paire peut avoir la conversation la plus longue?",,,,(open-ended),A1,personal-info,105
tricolore-1-5th-edition,reading,5a Corrige les phrases,1,true-false,Camille est anglaise.,,,,Faux – Camille est française.,A1,personal-info,105
tricolore-1-5th-edition,writing,5b,1,writing-task,Écris quatre phrases ou plus pour faire une description d'un(e) ami(e).,,,,(open-ended),A1,personal-info,105
tricolore-1-5th-edition,grammar,6 Comment ça se dit en français?,1,short-answer,his birthday,,,,son anniversaire,A1,personal-info,105
tricolore-1-5th-edition,writing,7 Jeu d'identité,1,writing-task,"Écris une petite description d'un(e) camarade ou d'une personne célèbre. En classe ou en groupe, lisez chaque description et devinez l'identité de la personne.",,,,(open-ended),A1,personal-info,105
tricolore-1-5th-edition,reading,5a Corrige les phrases,2,true-false,Son sport préféré est le basket.,,,,Faux – Son sport préféré est la gymnastique.,A1,personal-info,105
tricolore-1-5th-edition,grammar,6 Comment ça se dit en français?,2,short-answer,her birthday,,,,son anniversaire,A1,personal-info,105
tricolore-1-5th-edition,reading,5a Corrige les phrases,3,true-false,Elle aime les sciences.,,,,"Faux – Sa matière préférée, ce sont les maths.",A1,personal-info,105
tricolore-1-5th-edition,grammar,6 Comment ça se dit en français?,3,short-answer,his sister,,,,sa sœur,A1,personal-info,105
tricolore-1-5th-edition,reading,5a Corrige les phrases,4,true-false,Ses grands-parents habitent à Paris.,,,,Faux – Ses grands-parents habitent au Sénégal.,A1,personal-info,105
tricolore-1-5th-edition,grammar,6 Comment ça se dit en français?,4,short-answer,her sister,,,,sa sœur,A1,personal-info,105
tricolore-1-5th-edition,reading,5a Corrige les phrases,5,true-false,Son frère s'appelle Caspar.,,,,Faux – Son frère s'appelle Noah.,A1,personal-info,105
tricolore-1-5th-edition,grammar,6 Comment ça se dit en français?,5,short-answer,her cat,,,,son chat,A1,personal-info,105
tricolore-1-5th-edition,reading,5a Corrige les phrases,6,true-false,Son anniversaire est le quinze août.,,,,Faux – Son anniversaire est le quinze avril.,A1,personal-info,105
tricolore-1-5th-edition,grammar,6 Comment ça se dit en français?,6,short-answer,its dinner,,,,son dîner,A1,personal-info,105
tricolore-1-5th-edition,reading,5a Corrige les phrases,7,true-false,Sa souris s'appelle Napoléon.,,,,Faux – Sa souris s'appelle Minnie.,A1,personal-info,105
tricolore-1-5th-edition,grammar,6 Comment ça se dit en français?,7,short-answer,his dog,,,,son chien,A1,personal-info,105
tricolore-1-5th-edition,reading,5a Corrige les phrases,8,true-false,Ses passe-temps préférés sont la musique et le rugby.,,,,Faux – Ses passe-temps préférés sont la natation et le football.,A1,personal-info,105
tricolore-1-5th-edition,grammar,6 Comment ça se dit en français?,8,short-answer,its friend,,,,son ami(e),A1,personal-info,105
tricolore-1-5th-edition,listening,1 Au collège,1,fill-in,Notre collège s'appelle le collège (1) ___.,,,,Jules Verne,A1,school,106
tricolore-1-5th-edition,grammar,2 Notre voyage scolaire,1,fill-in,"Aujourd'hui, (1) ___ classe fait un voyage scolaire.",,,,notre,A1,school,106
tricolore-1-5th-edition,grammar,3 Vos affaires d'école,1,fill-in,Photo 1: a USB flash drive.,,,,votre clé USB,A1,school,106
tricolore-1-5th-edition,listening,1 Au collège,2,fill-in,Il y a (2) ___ élèves. C'est beaucoup.,,,,trente-huit,A1,school,106
tricolore-1-5th-edition,grammar,2 Notre voyage scolaire,2,fill-in,(2) ___ prof d'informatique organise une visite au Centre de Technologie.,,,,Notre,A1,school,106
tricolore-1-5th-edition,grammar,3 Vos affaires d'école,2,fill-in,Photo 2: a pink eraser.,,,,votre gomme,A1,school,106
tricolore-1-5th-edition,listening,1 Au collège,3,fill-in,"Moi, j'aime beaucoup (3) ___. Notre prof est très sympa.",,,,,A1,school,106
tricolore-1-5th-edition,grammar,2 Notre voyage scolaire,3,fill-in,"Alors, nous avons tous (3) ___ sac",,,,notre,A1,school,106
tricolore-1-5th-edition,grammar,3 Vos affaires d'école,3,fill-in,Photo 3: coloured pencils.,,,,vos crayons de couleur,A1,school,106
tricolore-1-5th-edition,listening,1 Au collège,4,fill-in,"Moi, je préfère (4) ___. Notre prof de dessin est très amusant.",,,,le dessin,A1,school,106
tricolore-1-5th-edition,grammar,2 Notre voyage scolaire,4,fill-in,"avec (4) ___ cahiers,",,,,nos,A1,school,106
tricolore-1-5th-edition,grammar,3 Vos affaires d'école,4,fill-in,Photo 4: a calculator.,,,,votre calculatrice,A1,school,106
tricolore-1-5th-edition,listening,1 Au collège,5,fill-in,"Notre prof de (5) ___, par exemple, est super. Il organise bien ses cours et il explique tout très bien.",,,,,A1,school,106
tricolore-1-5th-edition,grammar,2 Notre voyage scolaire,5,fill-in,"(5) ___ calculatrice,",,,,notre,A1,school,106
tricolore-1-5th-edition,grammar,3 Vos affaires d'école,5,fill-in,Photo 5: two ring-binder folders.,,,,vos classeurs,A1,school,106
tricolore-1-5th-edition,listening,1 Au collège,6,fill-in,"Oui, mais notre prof de (6) ___ est un peu sévère.",,,,,A1,school,106
tricolore-1-5th-edition,grammar,2 Notre voyage scolaire,6,fill-in,(6) ___ crayons,,,,nos,A1,school,106
tricolore-1-5th-edition,grammar,3 Vos affaires d'école,6,fill-in,Photo 6: a striped pencil case.,,,,votre trousse,A1,school,106
tricolore-1-5th-edition,listening,1 Au collège,7,fill-in,"À (7) ___, mais on n'a pas cours le (8) ___, et le (9) ___, on finit à midi.",,,,huit heures et demie,A1,school,106
tricolore-1-5th-edition,grammar,2 Notre voyage scolaire,7,fill-in,"et (7) ___ sandwichs, bien sûr.",,,,nos,A1,school,106
tricolore-1-5th-edition,grammar,3 Vos affaires d'école,7,fill-in,Photo 7: highlighter pens.,,,,vos surligneurs,A1,school,106
tricolore-1-5th-edition,listening,1 Au collège,8,fill-in,"À (7) ___, mais on n'a pas cours le (8) ___, et le (9) ___, on finit à midi.",,,,mercredi,A1,school,106
tricolore-1-5th-edition,grammar,2 Notre voyage scolaire,8,fill-in,"Et voilà, (8) ___ car arrive.",,,,notre,A1,school,106
tricolore-1-5th-edition,grammar,3 Vos affaires d'école,8,fill-in,Photo 8: pens/pencils.,,,,vos stylos,A1,school,106
tricolore-1-5th-edition,listening,1 Au collège,9,fill-in,"À (7) ___, mais on n'a pas cours le (8) ___, et le (9) ___, on finit à midi.",,,,samedi,A1,school,106
tricolore-1-5th-edition,writing,4a Notre collège,1,writing-task,Notre collège ...,,,,(open-ended),A1,school,107
tricolore-1-5th-edition,writing,4b,1,writing-task,"Écris un paragraphe sur ton collège. Utilise des mots comme: mais, et, aussi, parce que.",,,,(open-ended),A1,school,107
tricolore-1-5th-edition,grammar,Dossier-langue (leur/leurs),1,short-answer,Find some examples of leur/leurs in Julien's blog.,,,,"leur collège, leurs amis, Leur prof d'anglais, Leur livre de géographie",A1,school,107
tricolore-1-5th-edition,reading,5 Le blog de Julien (corrige les phrases),1,true-false,Lucie et Théo vont au parc aujourd'hui.,,,,Faux – Lucie et Théo vont au collège aujourd'hui.,A1,school,107
tricolore-1-5th-edition,grammar,Stratégies (translating),1,short-answer,their English teacher,,,,leur prof d'anglais,A1,school,107
tricolore-1-5th-edition,speaking,6 Une interview,1,speaking-task,"Travaillez à deux. Une personne est l'interviewer; l'autre répond aux questions. Posez deux questions, puis changez de rôle.",,,,(open-ended),A1,school,107
tricolore-1-5th-edition,writing,4a Notre collège,2,writing-task,"Dans notre classe, il y a ... élèves.",,,,(open-ended),A1,school,107
tricolore-1-5th-edition,reading,5 Le blog de Julien (corrige les phrases),2,true-false,Leur collège est tout près.,,,,Faux – Leur collège est assez loin.,A1,school,107
tricolore-1-5th-edition,grammar,Stratégies (translating),2,short-answer,science and geography lessons,,,,des cours de sciences et de géographie,A1,school,107
tricolore-1-5th-edition,writing,4a Notre collège,3,writing-task,Nos cours commencent à ...,,,,(open-ended),A1,school,107
tricolore-1-5th-edition,reading,5 Le blog de Julien (corrige les phrases),3,true-false,D'abord ils ont un cours de géographie.,,,,Faux – D'abord ils ont un cours d'anglais.,A1,school,107
tricolore-1-5th-edition,grammar,Stratégies (translating),3,short-answer,their geography book,,,,leur livre de géographie,A1,school,107
tricolore-1-5th-edition,writing,4a Notre collège,4,writing-task,Notre uniforme est ...,,,,(open-ended),A1,school,107
tricolore-1-5th-edition,reading,5 Le blog de Julien (corrige les phrases),4,true-false,C'est très ennuyeux.,,,,Faux – C'est assez intéressant.,A1,school,107
tricolore-1-5th-edition,grammar,Stratégies (translating),4,short-answer,the maths teacher,,,,le prof de maths,A1,school,107
tricolore-1-5th-edition,reading,5 Le blog de Julien (corrige les phrases),5,true-false,Leur prof d'anglais est très sévère.,,,,Faux – Leur prof d'anglais est très sympa.,A1,school,107
tricolore-1-5th-edition,grammar,Stratégies (translating),5,short-answer,a French lesson,,,,un cours de français,A1,school,107
tricolore-1-5th-edition,reading,5 Le blog de Julien (corrige les phrases),6,true-false,Ils ont des cours de maths et d'histoire.,,,,Faux – Ils ont des cours de sciences et de géographie.,A1,school,107
tricolore-1-5th-edition,grammar,Stratégies (translating),6,short-answer,their history book,,,,leur livre d'histoire,A1,school,107
tricolore-1-5th-edition,reading,5 Le blog de Julien (corrige les phrases),7,true-false,"À midi, ils mangent à la gare.",,,,"Faux – À midi, ils mangent à la cantine.",A1,school,107
tricolore-1-5th-edition,reading,5 Le blog de Julien (corrige les phrases),8,true-false,"L'après-midi, ils ont dessin et EPS.",,,,"Faux – L'après-midi, ils ont technologie et EPS.",A1,school,107
tricolore-1-5th-edition,reading,5 Le blog de Julien (corrige les phrases),9,true-false,Julien déteste le sport.,,,,Faux – Julien adore le sport.,A1,school,107
tricolore-1-5th-edition,reading,2a Tu comprends?,1,short-answer,Find five cognates or near cognates.,,,,,A1,mixed,109
tricolore-1-5th-edition,grammar,2b Tu comprends?,1,short-answer,se trouve,,,,verb,A1,mixed,109
tricolore-1-5th-edition,reading,2c Tu comprends?,1,short-answer,moins,,,,il fait moins chaud – it's less hot,A1,mixed,109
tricolore-1-5th-edition,grammar,3 Une journée à Dakar,1,fill-in,Jabu et Pirane vont au (1) ___ à Dakar. C'est assez loin de leur maison.,,,,collège,A1,daily-routine,109
tricolore-1-5th-edition,reading,4a Que sais-tu du Sénégal?,1,short-answer,Où est le Sénégal?,,,,En Afrique de l'Ouest.,A1,mixed,109
tricolore-1-5th-edition,writing,4b,1,writing-task,Écris un paragraphe sur le Sénégal.,,,,(open-ended),A1,mixed,109
tricolore-1-5th-edition,speaking,5 Faites des recherches,1,short-answer,"En groupe ou à deux, trouvez le nom de deux autres pays d'Afrique où la langue officielle est le français. Où se trouve chaque pays? Quelle est la capitale?",,,,(open-ended),A1,mixed,109
tricolore-1-5th-edition,grammar,2b Tu comprends?,2,short-answer,musulmanes,,,,adjective,A1,mixed,109
tricolore-1-5th-edition,reading,2c Tu comprends?,2,short-answer,parce que,,,,parce que la ville est sur la côte – because the town is on the coast,A1,mixed,109
tricolore-1-5th-edition,grammar,3 Une journée à Dakar,2,fill-in,Les (2) ___ commencent à huit heures.,,,,cours,A1,daily-routine,109
tricolore-1-5th-edition,reading,4a Que sais-tu du Sénégal?,2,short-answer,Comment s'appelle la capitale?,,,,Dakar.,A1,mixed,109
tricolore-1-5th-edition,grammar,2b Tu comprends?,3,short-answer,sèche,,,,adjective,A1,mixed,109
tricolore-1-5th-edition,reading,2c Tu comprends?,3,short-answer,en plus,,,,"En plus, notre prof de sciences est très sympa. – what's more, our science teacher is very nice",A1,mixed,109
tricolore-1-5th-edition,grammar,3 Une journée à Dakar,3,fill-in,"Au collège, on (3) ___ français.",,,,parle,A1,daily-routine,109
tricolore-1-5th-edition,reading,4a Que sais-tu du Sénégal?,3,short-answer,Quel temps fait-il en juillet?,,,,Il fait très chaud (environ 30°C) et il pleut souvent – c'est la saison des pluies.,A1,mixed,109
tricolore-1-5th-edition,grammar,2b Tu comprends?,4,short-answer,la langue,,,,noun,A1,mixed,109
tricolore-1-5th-edition,reading,2c Tu comprends?,4,short-answer,mais,,,,mais à la maison on parle wolof – but at home we speak Wolof,A1,mixed,109
tricolore-1-5th-edition,grammar,3 Une journée à Dakar,4,fill-in,"À dix heures cinq, il y a la (4) ___ .",,,,récréation,A1,daily-routine,109
tricolore-1-5th-edition,reading,4a Que sais-tu du Sénégal?,4,short-answer,Quelle est la langue officielle?,,,,Le français.,A1,mixed,109
tricolore-1-5th-edition,grammar,2b Tu comprends?,5,short-answer,la côte,,,,noun,A1,mixed,109
tricolore-1-5th-edition,grammar,3 Une journée à Dakar,5,fill-in,"À midi et demi, elles mangent à la (5) ___ .",,,,cantine,A1,daily-routine,109
tricolore-1-5th-edition,reading,4a Que sais-tu du Sénégal?,5,short-answer,Qu'est-ce qu'il y a comme animaux dans les réserves?,,,,"Des hippopotames, des crocodiles et des dauphins.",A1,mixed,109
tricolore-1-5th-edition,grammar,3 Une journée à Dakar,6,fill-in,"L'après-midi, elles ont cours jusqu'à (6) ___.",,,,quatre heures,A1,daily-routine,109
tricolore-1-5th-edition,grammar,3 Une journée à Dakar,7,fill-in,Puis elles (7) ___ à la maison.,,,,rentrent,A1,daily-routine,109
tricolore-1-5th-edition,grammar,3 Une journée à Dakar,8,fill-in,"Pirane aide sa mère à préparer le (8) ___ ,",,,,dîner,A1,daily-routine,109
tricolore-1-5th-edition,grammar,3 Une journée à Dakar,9,fill-in,"et à sept heures et quart, on (9) ___ .",,,,mange,A1,daily-routine,109
tricolore-1-5th-edition,writing,2 Une présentation,a,writing-task,Prépare une présentation sur ton collège ou ta classe. Écris une phrase pour chaque point.,,,,(open-ended),A1,school,110
tricolore-1-5th-edition,writing,2 Une présentation,b,writing-task,"Ajoute d'autres détails, par exemple sur les sports. Donne ton opinion sur les matières.",,,,(open-ended),A1,school,110
tricolore-1-5th-edition,reading,Tout est bien qui finit bien! (a),1,short-answer,late,,,,tard,A1,hobby,112
tricolore-1-5th-edition,reading,Tout est bien qui finit bien! (b) Vrai ou faux?,1,true-false,Sandrine aime beaucoup l'informatique.,,,,Vrai,A2,mixed,112
tricolore-1-5th-edition,reading,Tout est bien qui finit bien! (a),2,short-answer,after,,,,après,A1,hobby,112
tricolore-1-5th-edition,reading,Tout est bien qui finit bien! (b) Vrai ou faux?,2,true-false,Son père ne travaille pas à présent.,,,,Vrai,A2,mixed,112
tricolore-1-5th-edition,reading,Tout est bien qui finit bien! (a),3,short-answer,during,,,,pendant,A1,hobby,112
tricolore-1-5th-edition,reading,Tout est bien qui finit bien! (b) Vrai ou faux?,3,true-false,Il y a un grand festival de l'informatique à Londres.,,,,Faux – à Paris,A2,mixed,112
tricolore-1-5th-edition,reading,Tout est bien qui finit bien! (a),4,short-answer,very sorry,,,,désolé(e),A1,hobby,112
tricolore-1-5th-edition,reading,Tout est bien qui finit bien! (b) Vrai ou faux?,4,true-false,"D'abord, Sandrine pense qu'elle ne va pas aller au festival.",,,,Vrai,A2,mixed,112
tricolore-1-5th-edition,reading,Tout est bien qui finit bien! (a),5,short-answer,sad,,,,triste,A1,hobby,112
tricolore-1-5th-edition,reading,Tout est bien qui finit bien! (b) Vrai ou faux?,5,true-false,Le groupe de Sandrine gagne un concours.,,,,Vrai,A2,mixed,112
tricolore-1-5th-edition,reading,Tout est bien qui finit bien! (a),6,short-answer,without paying,,,,sans payer,A1,hobby,112
tricolore-1-5th-edition,reading,Tout est bien qui finit bien! (b) Vrai ou faux?,6,true-false,"Maintenant, Sandrine va au festival avec son groupe.",,,,Vrai,A2,mixed,112
tricolore-1-5th-edition,reading,Infos France – matching,1,matching,Image 1: a postage stamp showing the Marianne profile.,,,,C,A1,none,113
tricolore-1-5th-edition,reading,Jeu-test (a),1,fill-in,"tu t'amuses avec tes copains, mais tu n'apprends (1) ___ beaucoup.",,,,pas,A1,school,113
tricolore-1-5th-edition,reading,Jeu-test (b) Es-tu un(e) élève modèle?,1,multiple-choice,Tu préfères les cours où ...,"tu t'amuses avec tes copains, mais tu n'apprends pas beaucoup.",c'est très facile. Tu as toujours 10 sur 10 pour ton travail.,"le sujet est très intéressant, mais il faut travailler attentivement.",,A1,school,113
tricolore-1-5th-edition,reading,Jeu-test (a),10,fill-in,Tu fais les devoirs pendant la mi-temps et (10) ___ le match.,,,,après,A1,school,113
tricolore-1-5th-edition,reading,Infos France – matching,2,matching,Image 2: a euro coin.,,,,D,A1,none,113
tricolore-1-5th-edition,reading,Jeu-test (a),2,fill-in,c'est très facile. Tu (2) ___ toujours 10 sur 10 pour ton travail.,,,,as,A1,school,113
tricolore-1-5th-edition,reading,Jeu-test (b) Es-tu un(e) élève modèle?,2,multiple-choice,Tu n'aimes pas ...,les cours où on écrit tout le temps.,la récréation.,les cours pratiques.,,A1,school,113
tricolore-1-5th-edition,reading,Infos France – matching,3,matching,Image 3: the French tricolour flag flying.,,,,A,A1,none,113
tricolore-1-5th-edition,reading,Jeu-test (a),3,fill-in,"le sujet est très intéressant, (3) ___ il faut travailler attentivement.",,,,mais,A1,school,113
tricolore-1-5th-edition,reading,Jeu-test (b) Es-tu un(e) élève modèle?,3,multiple-choice,"En classe, tu préfères une place ...",au centre de la salle de classe.,au dernier rang.,au premier rang.,,A1,school,113
tricolore-1-5th-edition,reading,Infos France – matching,4,matching,Image 4: a light-blue map of mainland France.,,,,E,A1,none,113
tricolore-1-5th-edition,reading,Jeu-test (a),4,fill-in,les cours où (4) ___ écrit tout le temps.,,,,on,A1,school,113
tricolore-1-5th-edition,reading,Jeu-test (b) Es-tu un(e) élève modèle?,4,multiple-choice,"Si le cours n'est pas intéressant, ...","tu dessines, mais tu écoutes la leçon.",tu écoutes attentivement comme toujours.,tu regardes par la fenêtre.,,A1,school,113
tricolore-1-5th-edition,reading,Infos France – matching,5,matching,Image 5: photograph of the Eiffel Tower against a blue sky.,,,,B,A1,none,113
tricolore-1-5th-edition,reading,Jeu-test (a),5,fill-in,(5) ___ dernier rang.,,,,au,A1,school,113
tricolore-1-5th-edition,reading,Jeu-test (b) Es-tu un(e) élève modèle?,5,multiple-choice,Il y a un grand match à la télé ce soir.,Tu fais les devoirs pendant la mi-temps et après le match.,Tu fais tes devoirs avant le match.,Tu ne fais pas de devoirs ce soir.,,A1,school,113
tricolore-1-5th-edition,reading,Jeu-test (a),6,fill-in,au (6) ___ rang.,,,,premier,A1,school,113
tricolore-1-5th-edition,reading,Jeu-test (a),7,fill-in,tu (7) ___ attentivement comme toujours.,,,,écoutes,A1,school,113
tricolore-1-5th-edition,reading,Jeu-test (a),8,fill-in,(8) ___ regardes par la fenêtre.,,,,tu,A1,school,113
tricolore-1-5th-edition,reading,Jeu-test (a),9,fill-in,Tu (9) ___ tes devoirs avant le match.,,,,fais,A1,school,113
tricolore-1-5th-edition,grammar,1b Trouve les paires,1,matching,un repas,,,,b,A1,food,115
tricolore-1-5th-edition,listening,3a Mon repas idéal,1,fill-in,"Comme hors-d'œuvre, il y a du (1) ___ – mmm, j'adore ça avec du pain croustillant.",,,,pâté,A1,food,115
tricolore-1-5th-edition,reading,3b,1,short-answer,a three-course meal,,,,un repas de trois plats,A1,food,115
tricolore-1-5th-edition,writing,4 Une présentation,1,writing-task,Fais une présentation sur un repas de trois plats. Écris une phrase pour chaque plat et une phrase pour la boisson.,,,,(open-ended),A1,food,115
tricolore-1-5th-edition,grammar,1b Trouve les paires,2,matching,un hors-d'œuvre,,,,e,A1,food,115
tricolore-1-5th-edition,listening,3a Mon repas idéal,2,fill-in,j'adore ça avec du pain croustillant et de la (2) ___. Délicieux!,,,,,A1,food,115
tricolore-1-5th-edition,reading,3b,2,short-answer,crusty bread,,,,du pain croustillant,A1,food,115
tricolore-1-5th-edition,grammar,1b Trouve les paires,3,matching,le plat principal,,,,a,A1,food,115
tricolore-1-5th-edition,listening,3a Mon repas idéal,3,fill-in,"Puis comme plat (3) ___ , on mange du (4) ___ rôti",,,,principal,A1,food,115
tricolore-1-5th-edition,reading,3b,3,short-answer,delicious,,,,délicieux,A1,food,115
tricolore-1-5th-edition,grammar,1b Trouve les paires,4,matching,des légumes,,,,d,A1,food,115
tricolore-1-5th-edition,listening,3a Mon repas idéal,4,fill-in,on mange du (4) ___ rôti et comme (5) ___ il y a des carottes,,,,poulet,A1,food,115
tricolore-1-5th-edition,reading,3b,4,short-answer,roast,,,,rôti,A1,food,115
tricolore-1-5th-edition,grammar,1b Trouve les paires,5,matching,un dessert,,,,f,A1,food,115
tricolore-1-5th-edition,listening,3a Mon repas idéal,5,fill-in,comme (5) ___ il y a des carottes et des (6) ___ .,,,,légumes,A1,food,115
tricolore-1-5th-edition,reading,3b,5,short-answer,next (2 possibilities),,,,puis / ensuite,A1,food,115
tricolore-1-5th-edition,grammar,1b Trouve les paires,6,matching,une boisson,,,,c,A1,food,115
tricolore-1-5th-edition,listening,3a Mon repas idéal,6,fill-in,il y a des carottes et des (6) ___ .,,,,petits pois,A1,food,115
tricolore-1-5th-edition,reading,3b,6,short-answer,quite simply,,,,tout simplement,A1,food,115
tricolore-1-5th-edition,listening,3a Mon repas idéal,7,fill-in,"comme dessert, il y a une tarte aux (7) ___ .",,,,pommes,A1,food,115
tricolore-1-5th-edition,listening,3a Mon repas idéal,8,fill-in,"comme (8) ___ , il y a tout simplement de l'eau.",,,,boisson,A1,food,115
tricolore-1-5th-edition,listening,1a Le petit déjeuner,1,short-answer,"Écris 1–18. Écoute, répète et note la bonne lettre.",,,,c,A1,food,116
tricolore-1-5th-edition,reading,1b,1,matching,Regarde les images et trouve les paires (image 1).,,,,n (des céréales),A1,food,116
tricolore-1-5th-edition,grammar,3 On mange,1,fill-in,Il mange (1) ___ fromage et (2) ___ pain.,,,,du,A1,food,116
tricolore-1-5th-edition,grammar,Dossier-langue (manger),1,short-answer,Can you work out how and why nous mangeons is different?,,,,"An 'e' is added before -ons to keep the 'g' soft, since 'g' is normally hard before 'a' or 'o'.",A1,food,116
tricolore-1-5th-edition,listening,1a Le petit déjeuner,10,short-answer,"Écris 1–18. Écoute, répète et note la bonne lettre.",,,,,A1,food,116
tricolore-1-5th-edition,listening,1a Le petit déjeuner,11,short-answer,"Écris 1–18. Écoute, répète et note la bonne lettre.",,,,,A1,food,116
tricolore-1-5th-edition,listening,1a Le petit déjeuner,12,short-answer,"Écris 1–18. Écoute, répète et note la bonne lettre.",,,,,A1,food,116
tricolore-1-5th-edition,listening,1a Le petit déjeuner,13,short-answer,"Écris 1–18. Écoute, répète et note la bonne lettre.",,,,,A1,food,116
tricolore-1-5th-edition,listening,1a Le petit déjeuner,14,short-answer,"Écris 1–18. Écoute, répète et note la bonne lettre.",,,,,A1,food,116
tricolore-1-5th-edition,listening,1a Le petit déjeuner,15,short-answer,"Écris 1–18. Écoute, répète et note la bonne lettre.",,,,,A1,food,116
tricolore-1-5th-edition,listening,1a Le petit déjeuner,16,short-answer,"Écris 1–18. Écoute, répète et note la bonne lettre.",,,,,A1,food,116
tricolore-1-5th-edition,listening,1a Le petit déjeuner,17,short-answer,"Écris 1–18. Écoute, répète et note la bonne lettre.",,,,,A1,food,116
tricolore-1-5th-edition,listening,1a Le petit déjeuner,18,short-answer,"Écris 1–18. Écoute, répète et note la bonne lettre.",,,,,A1,food,116
tricolore-1-5th-edition,listening,1a Le petit déjeuner,2,short-answer,"Écris 1–18. Écoute, répète et note la bonne lettre.",,,,,A1,food,116
tricolore-1-5th-edition,grammar,3 On mange,2,fill-in,Il mange (1) ___ fromage et (2) ___ pain.,,,,du,A1,food,116
tricolore-1-5th-edition,grammar,Dossier-langue (manger),2,short-answer,What would the nous part of ranger and partager be?,,,,"nous rangeons, nous partageons",A1,food,116
tricolore-1-5th-edition,listening,1a Le petit déjeuner,3,short-answer,"Écris 1–18. Écoute, répète et note la bonne lettre.",,,,,A1,food,116
tricolore-1-5th-edition,grammar,3 On mange,3,fill-in,Elle mange (3) ___ viande,,,,de la,A1,food,116
tricolore-1-5th-edition,listening,1a Le petit déjeuner,4,short-answer,"Écris 1–18. Écoute, répète et note la bonne lettre.",,,,,A1,food,116
tricolore-1-5th-edition,grammar,3 On mange,4,fill-in,"et comme boisson, elle prend (4) ___ limonade.",,,,de la,A1,food,116
tricolore-1-5th-edition,listening,1a Le petit déjeuner,5,short-answer,"Écris 1–18. Écoute, répète et note la bonne lettre.",,,,,A1,food,116
tricolore-1-5th-edition,grammar,3 On mange,5,fill-in,Il prend (5) ___ eau.,,,,de l',A1,food,116
tricolore-1-5th-edition,listening,1a Le petit déjeuner,6,short-answer,"Écris 1–18. Écoute, répète et note la bonne lettre.",,,,,A1,food,116
tricolore-1-5th-edition,grammar,3 On mange,6,fill-in,Ils mangent (6) ___ fruits.,,,,des,A1,food,116
tricolore-1-5th-edition,listening,1a Le petit déjeuner,7,short-answer,"Écris 1–18. Écoute, répète et note la bonne lettre.",,,,,A1,food,116
tricolore-1-5th-edition,listening,1a Le petit déjeuner,8,short-answer,"Écris 1–18. Écoute, répète et note la bonne lettre.",,,,,A1,food,116
tricolore-1-5th-edition,listening,1a Le petit déjeuner,9,short-answer,"Écris 1–18. Écoute, répète et note la bonne lettre.",,,,,A1,food,116
tricolore-1-5th-edition,listening,2a Qu'est-ce qu'ils prennent?,Claire,short-answer,Écoute et note les lettres (voir l'exercice 1a).,,,,,A1,food,116
tricolore-1-5th-edition,listening,2a Qu'est-ce qu'ils prennent?,Luc,short-answer,Écoute et note les lettres (voir l'exercice 1a).,,,,,A1,food,116
tricolore-1-5th-edition,listening,2a Qu'est-ce qu'ils prennent?,Marc,short-answer,Écoute et note les lettres (voir l'exercice 1a).,,,,,A1,food,116
tricolore-1-5th-edition,listening,2a Qu'est-ce qu'ils prennent?,Nicole,short-answer,Écoute et note les lettres (voir l'exercice 1a).,,,,"f, ...",A1,food,116
tricolore-1-5th-edition,listening,2a Qu'est-ce qu'ils prennent?,des touristes,short-answer,Écoute et note les lettres (voir l'exercice 1a).,,,,,A1,food,116
tricolore-1-5th-edition,reading,Quiz: les repas en France,1,multiple-choice,Les Français dînent ...,entre midi et deux heures.,entre quatre heures et cinq heures du soir.,entre sept heures et huit heures du soir.,entre sept heures et huit heures du soir.,A1,food,117
tricolore-1-5th-edition,grammar,5a Questions et réponses,1,fill-in,Est-ce que vous ___ un grand repas au déjeuner?,,,,prenez (pairs with f: nous prenons),A1,food,117
tricolore-1-5th-edition,speaking,5b,1,speaking-task,"À deux, inventez une conversation. Modifiez des questions de l'exercice 5a.",,,,(open-ended),A1,food,117
tricolore-1-5th-edition,reading,Quiz: les repas en France,2,multiple-choice,"Pour offrir des boissons aux visiteurs adultes, on dit ...",Qu'est-ce que tu prends?,Qu'est-ce que vous prenez?,Qu'est-ce que je prends?,Qu'est-ce que vous prenez?,A1,food,117
tricolore-1-5th-edition,grammar,5a Questions et réponses,2,fill-in,On ___ le goûter à quelle heure chez toi?,,,,prend (pairs with d: on prend),A1,food,117
tricolore-1-5th-edition,reading,Quiz: les repas en France,3,multiple-choice,"Au petit déjeuner en France, on prend ...","des œufs, du bacon et des tomates.",une tarte aux pommes et du fromage.,des croissants ou du pain.,des croissants ou du pain.,A1,food,117
tricolore-1-5th-edition,grammar,5a Questions et réponses,3,fill-in,À quelle heure est-ce qu'on ___ le petit déjeuner ici?,,,,prend (pairs with e: nous prenons),A1,food,117
tricolore-1-5th-edition,reading,Quiz: les repas en France,4,multiple-choice,"On t'offre de la viande, mais tu es végétarien(ne). Pour répondre poliment, tu dis ...","Merci, mais je ne prends pas de viande, je suis végétarien(ne).",Beurk! Je ne mange pas ça.,"Non, merci. Il n'y a pas autre chose?","Merci, mais je ne prends pas de viande, je suis végétarien(ne).",A1,food,117
tricolore-1-5th-edition,grammar,5a Questions et réponses,4,fill-in,Qu'est-ce que tu ___ comme dessert?,,,,prends (pairs with a: je prends),A1,food,117
tricolore-1-5th-edition,reading,Quiz: les repas en France,5,multiple-choice,Beaucoup d'enfants en France prennent un goûter ...,"le matin, avant l'école.",pendant l'heure du déjeuner.,"l'après-midi, après l'école.","l'après-midi, après l'école.",A1,food,117
tricolore-1-5th-edition,grammar,5a Questions et réponses,5,fill-in,Est-ce que les Anglais ___ des œufs au bacon au petit déjeuner?,,,,prennent (pairs with b: ils prennent),A1,food,117
tricolore-1-5th-edition,grammar,5a Questions et réponses,6,fill-in,Tu ___ du lait ou du chocolat chaud?,,,,prends (pairs with c: je prends),A1,food,117
tricolore-1-5th-edition,listening,1 Les fruits et les légumes,1,short-answer,"Écris deux listes: les fruits et les légumes (ananas, banane, brocolis, carotte, chou, chou-fleur, courgette, fraises, framboises, haricots verts, melon, oignon, orange, pêche, petits pois, poire, pomme, pommes de terre, radis, raisins).",,,,"Fruits: ananas, banane, fraises, framboises, melon, orange, pêche, poire, pomme, raisins. Légumes: brocolis, carotte, chou, chou-fleur, courgette, haricots verts, oignon, petits pois, pommes de terre, radis.",A1,food,118
tricolore-1-5th-edition,listening,3 Ils mangent sainement?,Karine,short-answer,"Écoute Karine, Noah, Nicolas et Valérie. Écris oui ou non ou pas mal.",,,,oui,A1,health,118
tricolore-1-5th-edition,listening,3 Ils mangent sainement?,Nicolas,short-answer,"Écoute Karine, Noah, Nicolas et Valérie. Écris oui ou non ou pas mal.",,,,,A1,health,118
tricolore-1-5th-edition,listening,3 Ils mangent sainement?,Noah,short-answer,"Écoute Karine, Noah, Nicolas et Valérie. Écris oui ou non ou pas mal.",,,,,A1,health,118
tricolore-1-5th-edition,listening,3 Ils mangent sainement?,Valérie,short-answer,"Écoute Karine, Noah, Nicolas et Valérie. Écris oui ou non ou pas mal.",,,,,A1,health,118
tricolore-1-5th-edition,reading,L'alimentation – comprehension 1,a,fill-in,This article tells you to eat more ___,,,,fruits et légumes,A2,health,118
tricolore-1-5th-edition,reading,L'alimentation – comprehension 2,a,short-answer,C'est évident!,,,,That's obvious!,A2,health,118
tricolore-1-5th-edition,reading,L'alimentation – comprehension 3,a,short-answer,to keep fit,,,,être en forme,A2,health,118
tricolore-1-5th-edition,writing,L'alimentation – comprehension 4,a,fill-in,Ne mangez pas trop de ____ .,,,,sel/sucre,A2,health,118
tricolore-1-5th-edition,reading,L'alimentation – comprehension 1,b,fill-in,eat less ___,,,,sel et sucre,A2,health,118
tricolore-1-5th-edition,reading,L'alimentation – comprehension 2,b,short-answer,C'est nécessaire!,,,,It's necessary!,A2,health,118
tricolore-1-5th-edition,reading,L'alimentation – comprehension 3,b,short-answer,do exercise every day,,,,faites de l'exercice tous les jours,A2,health,118
tricolore-1-5th-edition,writing,L'alimentation – comprehension 4,b,fill-in,Mangez beaucoup de ____ .,,,,fruits et de légumes,A2,health,118
tricolore-1-5th-edition,reading,L'alimentation – comprehension 1,c,fill-in,do more ___,,,,exercice,A2,health,118
tricolore-1-5th-edition,reading,L'alimentation – comprehension 2,c,short-answer,être en forme,,,,to be fit/in good shape,A2,health,118
tricolore-1-5th-edition,reading,L'alimentation – comprehension 3,c,short-answer,the important thing,,,,l'important,A2,health,118
tricolore-1-5th-edition,reading,L'alimentation – comprehension 2,d,short-answer,des sucreries,,,,sweet things/sweets,A2,health,118
tricolore-1-5th-edition,reading,L'alimentation – comprehension 3,d,short-answer,a bit of variety,,,,un peu de variété,A2,health,118
tricolore-1-5th-edition,reading,L'alimentation – comprehension 3,e,short-answer,but not too much,,,,mais pas trop,A2,health,118
tricolore-1-5th-edition,reading,4b Réponds aux questions,1,short-answer,Qu'est-ce que Sophie mange comme fruits?,,,,une banane ou une poire,A2,health,119
tricolore-1-5th-edition,speaking,5a,1,speaking-task,"À deux, posez des questions et répondez: Au petit déjeuner, qu'est-ce que tu manges/prends, normalement?",,,,(open-ended),A1,health,119
tricolore-1-5th-edition,writing,5b,1,writing-task,Qu'est-ce que tu manges pendant quatre jours? Mentionne deux fruits ou deux légumes différents pour chaque jour. Donne aussi une opinion.,,,,(open-ended),A1,health,119
tricolore-1-5th-edition,reading,4b Réponds aux questions,2,short-answer,Qui mange du gâteau au déjeuner?,,,,Thierry,A2,health,119
tricolore-1-5th-edition,reading,4b Réponds aux questions,3,short-answer,"Manger des chips et des gâteaux, c'est bon pour la santé?",,,,"Non, ce n'est pas bon pour la santé.",A2,health,119
tricolore-1-5th-edition,reading,4b Réponds aux questions,4,short-answer,Est-ce que Sébastien mange sainement?,,,,"Non — en réalité il a mangé une pomme d'amour, un hamburger-frites et des fraises/pêches avec beaucoup de crème, malgré ce qu'il a prétendu.",A2,health,119
tricolore-1-5th-edition,reading,1a Lis le forum et trouve les quatre phrases qui sont vraies,1,true-false,"Chez poissondavril, on ne mange pas de viande.",,,,Vrai,A2,food,120
tricolore-1-5th-edition,writing,2 Je n'aime pas ça!,1,writing-task,"Écris 3 phrases sur les choses que tu n'aimes pas manger, 2 phrases sur les boissons que tu n'aimes pas, et 1 phrase sur une activité que tu n'aimes pas.",,,,(open-ended),A1,food,120
tricolore-1-5th-edition,reading,1a Lis le forum et trouve les quatre phrases qui sont vraies,2,true-false,nourris-moi-99 est végétarienne.,,,,Faux,A2,food,120
tricolore-1-5th-edition,reading,1a Lis le forum et trouve les quatre phrases qui sont vraies,3,true-false,fou-de-fraises n'aime pas les brocolis.,,,,Vrai,A2,food,120
tricolore-1-5th-edition,reading,1a Lis le forum et trouve les quatre phrases qui sont vraies,4,true-false,fou-de-fraises aime les fraises.,,,,Vrai,A2,food,120
tricolore-1-5th-edition,reading,1a Lis le forum et trouve les quatre phrases qui sont vraies,5,true-false,mmmathilde_24 n'aime pas le poulet.,,,,Faux,A2,food,120
tricolore-1-5th-edition,reading,1a Lis le forum et trouve les quatre phrases qui sont vraies,6,true-false,mmmathilde_24 déteste les légumes.,,,,Faux,A2,food,120
tricolore-1-5th-edition,reading,1a Lis le forum et trouve les quatre phrases qui sont vraies,7,true-false,hamster-heureux ne mange pas d'œufs.,,,,Faux,A2,food,120
tricolore-1-5th-edition,reading,1a Lis le forum et trouve les quatre phrases qui sont vraies,8,true-false,ananas77 aime tous les fruits.,,,,Vrai,A2,food,120
tricolore-1-5th-edition,grammar,3 Une recette,1,fill-in,Il n'y a pas ___ sucre!,,,,de,A2,food,121
tricolore-1-5th-edition,speaking,4 A table (b),1,speaking-task,Lisez la conversation à deux. Puis inventez d'autres conversations.,,,,(open-ended),A2,food,121
tricolore-1-5th-edition,grammar,3 Une recette,2,fill-in,Il n'y a pas ___ f___ .,,,,,A2,food,121
tricolore-1-5th-edition,grammar,3 Une recette,3,fill-in,Il n'y a pas ___ ___ et il n'y a pas d'___ .,,,,,A2,food,121
tricolore-1-5th-edition,reading,1 Reseau Tricolore,1,true-false,Dominique déteste le déjeuner du dimanche.,,,,Faux,A2,mixed,122
tricolore-1-5th-edition,listening,2 Un pique-nique un peu special,1,matching,"Qui va apporter quoi? (Léa, Dominique, Chloé, Vivienne, Hugo, Noah apportent des ingrédients pour les pizzas: fromage, tomates, jambon, raisins, ananas, oignons, ail, poisson)",,,,,A2,mixed,122
tricolore-1-5th-edition,reading,1 Reseau Tricolore,2,true-false,Chloé va organiser des pique-niques.,,,,,A2,mixed,122
tricolore-1-5th-edition,reading,1 Reseau Tricolore,3,true-false,"Chez sa grand-mère, Dominique va manger de la viande et des légumes.",,,,,A2,mixed,122
tricolore-1-5th-edition,reading,1 Reseau Tricolore,4,true-false,Sa grand-mère va faire un gâteau pour son anniversaire.,,,,,A2,mixed,122
tricolore-1-5th-edition,reading,1 Reseau Tricolore,5,true-false,Chloé ne va pas aller à la campagne cet été.,,,,,A2,mixed,122
tricolore-1-5th-edition,reading,1 Reseau Tricolore,6,true-false,Dominique va passer son anniversaire chez sa tante.,,,,,A2,mixed,122
tricolore-1-5th-edition,reading,3a Le concours,1,short-answer,Qu'est-ce que Marine va manger comme hors-d'œuvre?,,,,,A2,food,123
tricolore-1-5th-edition,listening,3b Interview de Clementine,1,fill-in,"Comme hors-d'œuvre, Max va manger ___.",,,,,A2,food,123
tricolore-1-5th-edition,speaking,4a Faites des projets,1,speaking-task,"À deux, organisez un repas idéal pour cette personne (qui fait beaucoup de sport).",,,,(open-ended),A2,food,123
tricolore-1-5th-edition,writing,4b Faites des projets,1,writing-task,"À deux, organisez les repas pour la famille ou des amis pour le weekend, puis écrivez la carte.",,,,(open-ended),A2,food,123
tricolore-1-5th-edition,reading,3a Le concours,2,short-answer,Qu'est-ce qu'elle va prendre comme légumes?,,,,,A2,food,123
tricolore-1-5th-edition,listening,3b Interview de Clementine,2,fill-in,"Comme plat principal, Max et sa sœur vont manger ___ .",,,,,A2,food,123
tricolore-1-5th-edition,reading,3a Le concours,3,short-answer,Qu'est-ce que Julien va préparer comme plat principal?,,,,,A2,food,123
tricolore-1-5th-edition,listening,3b Interview de Clementine,3,fill-in,"Comme fruits, ils vont prendre ___ .",,,,,A2,food,123
tricolore-1-5th-edition,reading,3a Le concours,4,short-answer,"Et ses frères, qu'est-ce qu'ils vont manger avec l'omelette?",,,,,A2,food,123
tricolore-1-5th-edition,listening,3b Interview de Clementine,4,fill-in,Ils ne vont pas manger de ___ et ils ne vont pas manger de ___ .,,,,,A2,food,123
tricolore-1-5th-edition,reading,3a Le concours,5,short-answer,Ils vont manger du fromage après ou avant le dessert?,,,,,A2,food,123
tricolore-1-5th-edition,listening,3b Interview de Clementine,5,fill-in,Max et sa sœur sont ___ .,,,,,A2,food,123
tricolore-1-5th-edition,reading,3a Le concours,6,short-answer,Qui va probablement manger du gâteau?,,,,,A2,food,123
tricolore-1-5th-edition,reading,3a Le concours,7,short-answer,Est-ce que Marine va manger sainement?,,,,,A2,food,123
tricolore-1-5th-edition,reading,3a Le concours,8,short-answer,"Et ses frères aussi, ils vont manger sainement?",,,,,A2,food,123
tricolore-1-5th-edition,reading,a Reponds en anglais,1,short-answer,What will Magali wear for Eid?,,,,,A2,mixed,124
tricolore-1-5th-edition,reading,b Trouve le francais,1,matching,for 30 days,,,,,A2,mixed,124
tricolore-1-5th-edition,reading,b Trouve le francais,10,matching,faster and faster,,,,,A2,mixed,124
tricolore-1-5th-edition,reading,a Reponds en anglais,2,short-answer,How long is Thomas spending in Louisiana?,,,,,A2,mixed,124
tricolore-1-5th-edition,reading,b Trouve le francais,2,matching,during the day,,,,,A2,mixed,124
tricolore-1-5th-edition,reading,a Reponds en anglais,3,short-answer,What is he not going to do on Thanksgiving Day?,,,,,A2,mixed,124
tricolore-1-5th-edition,reading,b Trouve le francais,3,matching,at the end,,,,,A2,mixed,124
tricolore-1-5th-edition,reading,a Reponds en anglais,4,short-answer,What is in 'Kheer'?,,,,,A2,mixed,124
tricolore-1-5th-edition,reading,b Trouve le francais,4,matching,lamb curry,,,,,A2,mixed,124
tricolore-1-5th-edition,reading,a Reponds en anglais,5,short-answer,Why does Lalita find the dance fun?,,,,,A2,mixed,124
tricolore-1-5th-edition,reading,b Trouve le francais,5,matching,the first harvest,,,,,A2,mixed,124
tricolore-1-5th-edition,reading,b Trouve le francais,6,matching,with turkey,,,,,A2,mixed,124
tricolore-1-5th-edition,reading,b Trouve le francais,7,matching,pumpkin pie,,,,,A2,mixed,124
tricolore-1-5th-edition,reading,b Trouve le francais,8,matching,in the middle of,,,,,A2,mixed,124
tricolore-1-5th-edition,reading,b Trouve le francais,9,matching,made with rice,,,,,A2,mixed,124
tricolore-1-5th-edition,grammar,1 Ou sont les voyelles,1,fill-in,j _ _ ll _ t,,,,juillet,A1,mixed,126
tricolore-1-5th-edition,grammar,2 Des listes,1,fill-in,"lundi, mardi, ___ , jeudi",,,,mercredi,A1,mixed,126
tricolore-1-5th-edition,grammar,3 Masculin feminin,1,matching,"Écris deux listes (masculin/féminin) à partir des mots cachés dans le serpent: carotte, heure, matin, confiture, galette, fromage, limonade, dessin, omelette, lapin, pomme, potage, salade, village.",,,,,A1,mixed,126
tricolore-1-5th-edition,grammar,4 C'est quel verbe,1,fill-in,– Quel âge as-tu? – ___ douze ans.,,,,J'ai,A1,mixed,126
tricolore-1-5th-edition,grammar,5 Un e-mail,1,fill-in,"Aujourd'hui, c'est (1 my) ___ anniversaire.",,,,mon,A1,mixed,126
tricolore-1-5th-edition,grammar,1 Ou sont les voyelles,10,fill-in,l _ t _ chn _ l _ g _ _,,,,,A1,mixed,126
tricolore-1-5th-edition,grammar,1 Ou sont les voyelles,11,fill-in,v _ rt,,,,,A1,mixed,126
tricolore-1-5th-edition,grammar,1 Ou sont les voyelles,12,fill-in,r _ _ g _,,,,,A1,mixed,126
tricolore-1-5th-edition,grammar,1 Ou sont les voyelles,13,fill-in,j _ _ n _,,,,,A1,mixed,126
tricolore-1-5th-edition,grammar,1 Ou sont les voyelles,14,fill-in,n _ _ r,,,,,A1,mixed,126
tricolore-1-5th-edition,grammar,1 Ou sont les voyelles,15,fill-in,bl _ nc,,,,,A1,mixed,126
tricolore-1-5th-edition,grammar,1 Ou sont les voyelles,16,fill-in,l _ j _ gg _ ng,,,,,A1,mixed,126
tricolore-1-5th-edition,grammar,1 Ou sont les voyelles,17,fill-in,l _ ch _ m _ s _,,,,,A1,mixed,126
tricolore-1-5th-edition,grammar,1 Ou sont les voyelles,18,fill-in,l _ p _ nt _ l _ n,,,,,A1,mixed,126
tricolore-1-5th-edition,grammar,1 Ou sont les voyelles,19,fill-in,l _ s ch _ _ ss _ tt _ s,,,,,A1,mixed,126
tricolore-1-5th-edition,grammar,1 Ou sont les voyelles,2,fill-in,n _ v _ mbr _,,,,,A1,mixed,126
tricolore-1-5th-edition,grammar,2 Des listes,2,fill-in,"le matin, l'après-midi, ___ , la nuit",,,,,A1,mixed,126
tricolore-1-5th-edition,grammar,4 C'est quel verbe,2,fill-in,"– Tu aimes les bananes? – Oui, ___ tous les fruits.",,,,,A1,mixed,126
tricolore-1-5th-edition,grammar,5 Un e-mail,2,fill-in,"Ce soir, je vais dîner au restaurant avec (2 my) ___ parents.",,,,,A1,mixed,126
tricolore-1-5th-edition,grammar,1 Ou sont les voyelles,20,fill-in,l _ cr _ v _ t _,,,,,A1,mixed,126
tricolore-1-5th-edition,grammar,1 Ou sont les voyelles,3,fill-in,s _ pt _ mbr _,,,,,A1,mixed,126
tricolore-1-5th-edition,grammar,2 Des listes,3,fill-in,"il est une heure, ___ , il est une heure et demie, il est deux heures moins le quart",,,,,A1,mixed,126
tricolore-1-5th-edition,grammar,4 C'est quel verbe,3,fill-in,– Où vas-tu ce soir? – ___ au festival de musique.,,,,,A1,mixed,126
tricolore-1-5th-edition,grammar,5 Un e-mail,3,fill-in,(3 my) ___ sœur.,,,,,A1,mixed,126
tricolore-1-5th-edition,grammar,1 Ou sont les voyelles,4,fill-in,_ vr _ l,,,,,A1,mixed,126
tricolore-1-5th-edition,grammar,2 Des listes,4,fill-in,"première, deuxième, ___ , quatrième",,,,,A1,mixed,126
tricolore-1-5th-edition,grammar,4 C'est quel verbe,4,fill-in,"– Tu prends du sucre dans ton café? – Oui, ___ un peu de sucre dans le café, mais pas dans le thé.",,,,,A1,mixed,126
tricolore-1-5th-edition,grammar,5 Un e-mail,4,fill-in,(4 my) ___ grands-parents.,,,,,A1,mixed,126
tricolore-1-5th-edition,grammar,1 Ou sont les voyelles,5,fill-in,m _ _,,,,,A1,mixed,126
tricolore-1-5th-edition,grammar,2 Des listes,5,fill-in,"le printemps, l'été, l'automne, ___",,,,,A1,mixed,126
tricolore-1-5th-edition,grammar,4 C'est quel verbe,5,fill-in,"– Tu es content de tes cadeaux? – Oui, oui. ___ très content. Ils sont fantastiques!",,,,,A1,mixed,126
tricolore-1-5th-edition,grammar,5 Un e-mail,5,fill-in,"Ils passent une semaine ici avec (5 their) ___ petit chien, Toto.",,,,,A1,mixed,126
tricolore-1-5th-edition,grammar,1 Ou sont les voyelles,6,fill-in,l' _ ngl _ _ s,,,,,A1,mixed,126
tricolore-1-5th-edition,grammar,2 Des listes,6,fill-in,"le petit déjeuner, ___ , le goûter, le dîner",,,,,A1,mixed,126
tricolore-1-5th-edition,grammar,4 C'est quel verbe,6,fill-in,"– Je déteste le football, et toi? – Ah non. Moi, ___ beaucoup ça. Le weekend, ___ souvent au match de foot au Stade Colombe.",,,,,A1,mixed,126
tricolore-1-5th-edition,grammar,5 Un e-mail,6,fill-in,"et (6 their) ___ oiseaux, Fifi et Lulu.",,,,,A1,mixed,126
tricolore-1-5th-edition,grammar,1 Ou sont les voyelles,7,fill-in,l'h _ st _ _ r _,,,,,A1,mixed,126
tricolore-1-5th-edition,grammar,4 C'est quel verbe,7,fill-in,"– Moi, ___ le poulet avec des frites. Et toi? – Non, je ne prends pas de viande, ___ végétarien.",,,,,A1,mixed,126
tricolore-1-5th-edition,grammar,5 Un e-mail,7,fill-in,"Demain, nous allons à la mer avec (7 our) ___ amis.",,,,,A1,mixed,126
tricolore-1-5th-edition,grammar,1 Ou sont les voyelles,8,fill-in,l _ g _ _ gr _ ph _ _,,,,,A1,mixed,126
tricolore-1-5th-edition,grammar,4 C'est quel verbe,8,fill-in,"– Est-ce que tu as un lecteur MP3 dans ta chambre? – Non, mais ___ une radio.",,,,,A1,mixed,126
tricolore-1-5th-edition,grammar,5 Un e-mail,8,fill-in,Quelle est la date de (8 your) ___ anniversaire?,,,,,A1,mixed,126
tricolore-1-5th-edition,grammar,1 Ou sont les voyelles,9,fill-in,l _ m _ s _ q _ _,,,,,A1,mixed,126
tricolore-1-5th-edition,grammar,6 Un repas en morceaux,1,fill-in,"Comme hors-d'œuvre, il y a du ___ .",,,,jambon,A2,mixed,127
tricolore-1-5th-edition,reading,7 La journee de Mangetout (b),1,matching,"Picture ①: Mangetout asleep, curled up in his basket ('Zzz' above his head) — quelle phrase (a–h) correspond?",,,,b,A1,mixed,127
tricolore-1-5th-edition,reading,8 Questions et reponses,1,matching,Quelle est ta saison préférée?,,,,c,A2,mixed,127
tricolore-1-5th-edition,writing,9 A toi,1,short-answer,Choisis cinq des questions (1–10) dans l'activité 8 et donne une réponse personnelle.,,,,(open-ended),A2,mixed,127
tricolore-1-5th-edition,reading,8 Questions et reponses,10,matching,Qu'est-ce que tu prends pour le petit déjeuner?,,,,,A2,mixed,127
tricolore-1-5th-edition,grammar,6 Un repas en morceaux,2,fill-in,"Comme plat principal, on mange du ___ .",,,,,A2,mixed,127
tricolore-1-5th-edition,reading,7 La journee de Mangetout (b),2,matching,Picture ②: Mangetout standing beside a yellow fridge/cupboard — quelle phrase correspond?,,,,,A1,mixed,127
tricolore-1-5th-edition,reading,8 Questions et reponses,2,matching,Que fais-tu pendant les vacances?,,,,,A2,mixed,127
tricolore-1-5th-edition,grammar,6 Un repas en morceaux,3,fill-in,"Comme légumes, il y a des ___ .",,,,,A2,mixed,127
tricolore-1-5th-edition,reading,7 La journee de Mangetout (b),3,matching,Picture ③: Mangetout climbing through a hedge into the garden — quelle phrase correspond?,,,,,A1,mixed,127
tricolore-1-5th-edition,reading,8 Questions et reponses,3,matching,Qu'est-ce que tu vas faire ce week-end?,,,,,A2,mixed,127
tricolore-1-5th-edition,grammar,6 Un repas en morceaux,4,fill-in,"Ensuite, on mange de la ___ .",,,,,A2,mixed,127
tricolore-1-5th-edition,reading,7 La journee de Mangetout (b),4,matching,"Picture ④: Mangetout eating from a bowl, sun-shaped clock in the corner — quelle phrase correspond?",,,,,A1,mixed,127
tricolore-1-5th-edition,reading,8 Questions et reponses,4,matching,Qu'est-ce que tu prends comme boisson?,,,,,A2,mixed,127
tricolore-1-5th-edition,grammar,6 Un repas en morceaux,5,fill-in,Puis il y a du ___ .,,,,,A2,mixed,127
tricolore-1-5th-edition,reading,7 La journee de Mangetout (b),5,matching,Picture ⑤: Mangetout chasing two birds across the grass — quelle phrase correspond?,,,,,A1,mixed,127
tricolore-1-5th-edition,reading,8 Questions et reponses,5,matching,Est-ce qu'il y a des matières que tu n'aimes pas?,,,,,A2,mixed,127
tricolore-1-5th-edition,grammar,6 Un repas en morceaux,6,fill-in,"Et comme dessert, il y a un ___ .",,,,,A2,mixed,127
tricolore-1-5th-edition,reading,7 La journee de Mangetout (b),6,matching,Picture ⑥: Mangetout dreaming of a plate of food in a thought bubble — quelle phrase correspond?,,,,,A1,mixed,127
tricolore-1-5th-edition,reading,8 Questions et reponses,6,matching,Qu'est-ce que vous allez manger?,,,,,A2,mixed,127
tricolore-1-5th-edition,grammar,6 Un repas en morceaux,7,fill-in,"Comme boisson, il y a de la ___ .",,,,,A2,mixed,127
tricolore-1-5th-edition,reading,7 La journee de Mangetout (b),7,matching,"Picture ⑦: Mangetout eating from a bowl, sun-shaped clock in the corner — quelle phrase correspond?",,,,,A1,mixed,127
tricolore-1-5th-edition,reading,8 Questions et reponses,7,matching,Quelle heure est-il?,,,,,A2,mixed,127
tricolore-1-5th-edition,reading,7 La journee de Mangetout (b),8,matching,"Picture ⑧: Mangetout asleep again, dreaming of a plate of food — quelle phrase correspond?",,,,,A1,mixed,127
tricolore-1-5th-edition,reading,8 Questions et reponses,8,matching,Quel jour sommes-nous aujourd'hui?,,,,,A2,mixed,127
tricolore-1-5th-edition,reading,8 Questions et reponses,9,matching,Qui fait le jardinage chez toi?,,,,,A2,mixed,127
tricolore-1-5th-edition,grammar,7 La journee de Mangetout (a),a,fill-in,"À midi, il ___ dans la cuisine. (entrer)",,,,entre,A1,mixed,127
tricolore-1-5th-edition,grammar,7 La journee de Mangetout (a),b,fill-in,"Le matin, Mangetout ___ dans son panier. (rester)",,,,,A1,mixed,127
tricolore-1-5th-edition,grammar,7 La journee de Mangetout (a),c,fill-in,"Il ___ à manger. Mmm, c'est délicieux! (commencer)",,,,,A1,mixed,127
tricolore-1-5th-edition,grammar,7 La journee de Mangetout (a),d,fill-in,"Enfin, c'est l'heure du dîner. Il ___ tout très vite. (manger)",,,,,A1,mixed,127
tricolore-1-5th-edition,grammar,7 La journee de Mangetout (a),e,fill-in,Puis il ___ à son panier et il rêve. (retourner),,,,,A1,mixed,127
tricolore-1-5th-edition,grammar,7 La journee de Mangetout (a),f,fill-in,Il ___ son déjeuner. (chercher),,,,,A1,mixed,127
tricolore-1-5th-edition,grammar,7 La journee de Mangetout (a),g,fill-in,Mais il ___ au prochain repas. (penser),,,,,A1,mixed,127
tricolore-1-5th-edition,grammar,7 La journee de Mangetout (a),h,fill-in,Puis il va dans le jardin. Il ___ les oiseaux. (chasser),,,,,A1,mixed,127
tricolore-1-5th-edition,listening,1 Qu'est-ce qu'on fait (a),1,matching,Écris 1–8. Écoute et écris la lettre qui correspond au sport (choix A–H).,,,,,A1,hobby,128
tricolore-1-5th-edition,writing,1 Qu'est-ce qu'on fait (b),1,short-answer,Choisis une photo et écris trois phrases (Il y a combien de personnes? Qu'est-ce qu'on fait? Tu fais cette activité aussi? C'est amusant?).,,,,(open-ended),A1,hobby,128
tricolore-1-5th-edition,reading,2 Qu'est-ce qu'ils font,1,matching,Picture ①: a skier crashing/falling in the snow — quelle phrase (a–f) correspond?,,,,c,A1,hobby,129
tricolore-1-5th-edition,reading,3 Francais/Anglais,1,matching,Que faites-vous comme sports?,,,,,A1,hobby,129
tricolore-1-5th-edition,grammar,4 On fait de la voile (a),1,fill-in,(1) tu ___ aujourd'hui?,,,,tu fais,A1,hobby,129
tricolore-1-5th-edition,speaking,4 On fait de la voile (b),1,speaking-task,"À trois, lisez la conversation.",,,,(open-ended),A1,hobby,129
tricolore-1-5th-edition,writing,4 On fait de la voile (c),1,short-answer,What are you doing today?,,,,Qu'est-ce que tu fais aujourd'hui?,A2,hobby,129
tricolore-1-5th-edition,grammar,4 On fait de la voile (a),10,fill-in,"(10) tu ___ tes devoirs, n'est-ce pas?",,,,,A1,hobby,129
tricolore-1-5th-edition,grammar,4 On fait de la voile (a),11,fill-in,"(11) vous ___ les courses, non?",,,,,A1,hobby,129
tricolore-1-5th-edition,reading,2 Qu'est-ce qu'ils font,2,matching,Picture ②: a person on an inflatable at a swimming pool — quelle phrase correspond?,,,,,A1,hobby,129
tricolore-1-5th-edition,reading,3 Francais/Anglais,2,matching,Ils font de la peinture.,,,,,A1,hobby,129
tricolore-1-5th-edition,grammar,4 On fait de la voile (a),2,fill-in,(2) Je ___ des courses pour maman.,,,,,A1,hobby,129
tricolore-1-5th-edition,writing,4 On fait de la voile (c),2,short-answer,I'm doing the shopping.,,,,,A2,hobby,129
tricolore-1-5th-edition,reading,2 Qu'est-ce qu'ils font,3,matching,Picture ③: two people windsurfing/sailing on the water — quelle phrase correspond?,,,,,A1,hobby,129
tricolore-1-5th-edition,reading,3 Francais/Anglais,3,matching,Nous faisons les courses.,,,,,A1,hobby,129
tricolore-1-5th-edition,grammar,4 On fait de la voile (a),3,fill-in,(3) il ___ beau.,,,,,A1,hobby,129
tricolore-1-5th-edition,writing,4 On fait de la voile (c),3,short-answer,The weather is fine.,,,,,A2,hobby,129
tricolore-1-5th-edition,reading,2 Qu'est-ce qu'ils font,4,matching,Picture ④: two people walking a dog along a path — quelle phrase correspond?,,,,,A1,hobby,129
tricolore-1-5th-edition,reading,3 Francais/Anglais,4,matching,Je fais une photo.,,,,,A1,hobby,129
tricolore-1-5th-edition,grammar,4 On fait de la voile (a),4,fill-in,(4) Mes amis ___ de la voile aujourd'hui.,,,,,A1,hobby,129
tricolore-1-5th-edition,writing,4 On fait de la voile (c),4,short-answer,My friends are going sailing.,,,,,A2,hobby,129
tricolore-1-5th-edition,reading,2 Qu'est-ce qu'ils font,5,matching,Picture ⑤: children doing gymnastics on a vaulting horse — quelle phrase correspond?,,,,,A1,hobby,129
tricolore-1-5th-edition,reading,3 Francais/Anglais,5,matching,On fait une promenade?,,,,,A1,hobby,129
tricolore-1-5th-edition,grammar,4 On fait de la voile (a),5,fill-in,(5) elle ___ ses devoirs.,,,,,A1,hobby,129
tricolore-1-5th-edition,writing,4 On fait de la voile (c),5,short-answer,She's doing her homework.,,,,,A2,hobby,129
tricolore-1-5th-edition,reading,2 Qu'est-ce qu'ils font,6,matching,Picture ⑥: several people rollerblading along a path — quelle phrase correspond?,,,,,A1,hobby,129
tricolore-1-5th-edition,reading,3 Francais/Anglais,6,matching,Tu fais du vélo?,,,,,A1,hobby,129
tricolore-1-5th-edition,grammar,4 On fait de la voile (a),6,fill-in,"(6) on ___ de la voile, nous deux?",,,,,A1,hobby,129
tricolore-1-5th-edition,writing,4 On fait de la voile (c),6,short-answer,We're going sailing.,,,,,A2,hobby,129
tricolore-1-5th-edition,grammar,4 On fait de la voile (a),7,fill-in,"(7) nous ___ les courses plus tard, non?",,,,,A1,hobby,129
tricolore-1-5th-edition,grammar,4 On fait de la voile (a),8,fill-in,(8) vous ___ ?,,,,,A1,hobby,129
tricolore-1-5th-edition,grammar,4 On fait de la voile (a),9,fill-in,(9) Nous ___ de la voile.,,,,,A1,hobby,129
tricolore-1-5th-edition,reading,1 Les instruments de musique,1,matching,le clavier,,,,D,A1,hobby,130
tricolore-1-5th-edition,listening,2 La musique (a),1,matching,Écris 1–8. Écoute et regarde les instruments. Note la bonne lettre.,,,,,A1,hobby,130
tricolore-1-5th-edition,grammar,2 La musique (b),1,fill-in,Je joue ___ dans l'orchestre du collège.,,,,du violon,A1,hobby,130
tricolore-1-5th-edition,grammar,2 La musique (c),1,short-answer,Change l'instrument pour faire d'autres phrases.,,,,(open-ended),A2,hobby,130
tricolore-1-5th-edition,grammar,Dossier-langue jouer de,1,fill-in,Use du with a ___ noun.,,,,,A2,hobby,130
tricolore-1-5th-edition,reading,1 Les instruments de musique,10,matching,la flûte à bec,,,,,A1,hobby,130
tricolore-1-5th-edition,reading,1 Les instruments de musique,11,matching,la guitare,,,,,A1,hobby,130
tricolore-1-5th-edition,reading,1 Les instruments de musique,12,matching,la trompette,,,,,A1,hobby,130
tricolore-1-5th-edition,reading,1 Les instruments de musique,2,matching,le piano,,,,,A1,hobby,130
tricolore-1-5th-edition,grammar,2 La musique (b),2,fill-in,Je joue ___ dans un groupe.,,,,,A1,hobby,130
tricolore-1-5th-edition,grammar,Dossier-langue jouer de,2,fill-in,Use de la with a ___ noun.,,,,,A2,hobby,130
tricolore-1-5th-edition,reading,1 Les instruments de musique,3,matching,le trombone,,,,,A1,hobby,130
tricolore-1-5th-edition,grammar,2 La musique (b),3,fill-in,J'adore la musique et je joue ___ .,,,,,A1,hobby,130
tricolore-1-5th-edition,grammar,Dossier-langue jouer de,3,fill-in,Use de (d') after ___ .,,,,,A2,hobby,130
tricolore-1-5th-edition,reading,1 Les instruments de musique,4,matching,le saxophone,,,,,A1,hobby,130
tricolore-1-5th-edition,grammar,2 La musique (b),4,fill-in,Mon ami joue ___ .,,,,,A1,hobby,130
tricolore-1-5th-edition,reading,1 Les instruments de musique,5,matching,le violon,,,,,A1,hobby,130
tricolore-1-5th-edition,grammar,2 La musique (b),5,fill-in,Je joue ___ .,,,,,A1,hobby,130
tricolore-1-5th-edition,reading,1 Les instruments de musique,6,matching,le violoncelle,,,,,A1,hobby,130
tricolore-1-5th-edition,grammar,2 La musique (b),6,fill-in,"Je joue ___ , c'est mon instrument préféré.",,,,,A1,hobby,130
tricolore-1-5th-edition,reading,1 Les instruments de musique,7,matching,la batterie,,,,,A1,hobby,130
tricolore-1-5th-edition,grammar,2 La musique (b),7,fill-in,Je joue ___ .,,,,,A1,hobby,130
tricolore-1-5th-edition,reading,1 Les instruments de musique,8,matching,la clarinette,,,,,A1,hobby,130
tricolore-1-5th-edition,grammar,2 La musique (b),8,fill-in,Je vais aussi apprendre à jouer ___ un jour.,,,,,A1,hobby,130
tricolore-1-5th-edition,reading,1 Les instruments de musique,9,matching,la flûte,,,,,A1,hobby,130
tricolore-1-5th-edition,reading,3 Les jeunes musiciens,1,fill-in,"Théo joue (1) ___ et sa sœur, Camille, joue (2) ___ .",,,,de la flûte à bec,A1,hobby,131
tricolore-1-5th-edition,reading,4 Fete de la musique (a),1,matching,the longest day,,,,,A2,hobby,131
tricolore-1-5th-edition,reading,4 Fete de la musique (b),1,short-answer,On what date is the fête de la musique held and what's significant about this date?,,,,,A2,hobby,131
tricolore-1-5th-edition,writing,4 Fete de la musique (c),1,writing-task,Prépare une affiche ou une annonce pour la fête de la musique. Fais des recherches en ligne.,,,,(open-ended),A2,hobby,131
tricolore-1-5th-edition,reading,3 Les jeunes musiciens,2,fill-in,"Théo joue (1) ___ et sa sœur, Camille, joue (2) ___ .",,,,,A1,hobby,131
tricolore-1-5th-edition,reading,4 Fete de la musique (a),2,matching,a very large cultural event,,,,,A2,hobby,131
tricolore-1-5th-edition,reading,4 Fete de la musique (b),2,short-answer,Mention two outdoor places and two indoor places where music-making takes place.,,,,,A2,hobby,131
tricolore-1-5th-edition,reading,3 Les jeunes musiciens,3,fill-in,Voici Natalie qui joue (3) ___ . Elle joue dans l'orchestre du collège.,,,,,A1,hobby,131
tricolore-1-5th-edition,reading,4 Fete de la musique (a),3,matching,people make music everywhere,,,,,A2,hobby,131
tricolore-1-5th-edition,reading,4 Fete de la musique (b),3,short-answer,About how many countries organise a similar fête?,,,,,A2,hobby,131
tricolore-1-5th-edition,reading,3 Les jeunes musiciens,4,fill-in,Voici Hugo et Luc. Ils jouent (4) ___ au club des jeunes.,,,,,A1,hobby,131
tricolore-1-5th-edition,reading,4 Fete de la musique (a),4,matching,all the concerts are free,,,,,A2,hobby,131
tricolore-1-5th-edition,reading,4 Fete de la musique (b),4,short-answer,What is an important principle of the fête?,,,,,A2,hobby,131
tricolore-1-5th-edition,reading,3 Les jeunes musiciens,5,fill-in,"Et voici leur ami, David, qui joue (5) ___ .",,,,,A1,hobby,131
tricolore-1-5th-edition,reading,3 Les jeunes musiciens,6,fill-in,"Sophie ne joue pas (6) ___ , mais elle chante dans une chorale au collège.",,,,,A1,hobby,131
tricolore-1-5th-edition,reading,1 On s'amuse,1,matching,Ils font de la peinture ou du dessin.,,,,D,A1,hobby,132
tricolore-1-5th-edition,grammar,2 C'est quelle activite,1,short-answer,Picture ①: boy playing trumpet — écris le texte.,,,,Il joue de la trompette.,A1,hobby,132
tricolore-1-5th-edition,listening,3 Des interviews (a),1,matching,"Conversation 1: quelle question (a–e) a été posée, et quelle est la réponse?",,,,"e – du sport (football, natation)",A2,hobby,132
tricolore-1-5th-edition,writing,3 Des interviews (b),1,short-answer,Choisis trois questions et écris tes réponses.,,,,(open-ended),A2,hobby,132
tricolore-1-5th-edition,speaking,3 Des interviews (c),1,speaking-task,"À deux, faites des interviews. Inventez au moins trois questions et réponses.",,,,(open-ended),A2,hobby,132
tricolore-1-5th-edition,reading,1 On s'amuse,2,matching,Il joue à des jeux vidéo.,,,,,A1,hobby,132
tricolore-1-5th-edition,grammar,2 C'est quelle activite,2,short-answer,Picture ②: two girls playing drums — écris le texte.,,,,,A1,hobby,132
tricolore-1-5th-edition,listening,3 Des interviews (a),2,matching,"Conversation 2: quelle question (a–e) a été posée, et quelle est la réponse?",,,,,A2,hobby,132
tricolore-1-5th-edition,reading,1 On s'amuse,3,matching,Ils jouent aux cartes.,,,,,A1,hobby,132
tricolore-1-5th-edition,grammar,2 C'est quelle activite,3,short-answer,Picture ③: two boys playing football — écris le texte.,,,,,A1,hobby,132
tricolore-1-5th-edition,listening,3 Des interviews (a),3,matching,"Conversation 3: quelle question (a–e) a été posée, et quelle est la réponse?",,,,,A2,hobby,132
tricolore-1-5th-edition,reading,1 On s'amuse,4,matching,Elle aime lire.,,,,,A1,hobby,132
tricolore-1-5th-edition,grammar,2 C'est quelle activite,4,short-answer,Picture ④: person with drumsticks (batterie) — écris le texte.,,,,,A1,hobby,132
tricolore-1-5th-edition,listening,3 Des interviews (a),4,matching,"Conversation 4: quelle question (a–e) a été posée, et quelle est la réponse?",,,,,A2,hobby,132
tricolore-1-5th-edition,reading,1 On s'amuse,5,matching,Elles font de la danse.,,,,,A1,hobby,132
tricolore-1-5th-edition,grammar,2 C'est quelle activite,5,short-answer,"Picture ⑤: three children running, playing football — écris le texte.",,,,,A1,hobby,132
tricolore-1-5th-edition,listening,3 Des interviews (a),5,matching,"Conversation 5: quelle question (a–e) a été posée, et quelle est la réponse?",,,,,A2,hobby,132
tricolore-1-5th-edition,reading,1 On s'amuse,6,matching,Ils jouent aux échecs.,,,,,A1,hobby,132
tricolore-1-5th-edition,grammar,2 C'est quelle activite,6,short-answer,Picture ⑥: two people playing chess/draughts — écris le texte.,,,,,A1,hobby,132
tricolore-1-5th-edition,reading,4 Forum des jeunes (a),1,short-answer,... adore le sport?,,,,,A1,hobby,133
tricolore-1-5th-edition,writing,4 Forum des jeunes (c),1,writing-task,Invente un message pour ce forum pour une personne qui aime le sport et la musique. Invente un surnom aussi.,,,,(open-ended),A2,hobby,133
tricolore-1-5th-edition,writing,5 Un message,1,writing-task,"Écris un message à un(e) ami(e) français(e). Commence par une salutation et une question, parle de tes passe-temps, donne une opinion, parle d'une autre personne, pose une question.",,,,(open-ended),A2,hobby,133
tricolore-1-5th-edition,reading,4 Forum des jeunes (a),2,short-answer,... fait du vélo?,,,,,A1,hobby,133
tricolore-1-5th-edition,reading,4 Forum des jeunes (a),3,short-answer,... joue de deux instruments?,,,,,A1,hobby,133
tricolore-1-5th-edition,reading,4 Forum des jeunes (a),4,short-answer,... aime la lecture?,,,,,A1,hobby,133
tricolore-1-5th-edition,reading,4 Forum des jeunes (a),5,short-answer,... joue aux échecs?,,,,,A1,hobby,133
tricolore-1-5th-edition,reading,4 Forum des jeunes (a),6,short-answer,... ne joue pas d'un instrument?,,,,,A1,hobby,133
tricolore-1-5th-edition,listening,1 Samedi dernier,1,matching,"Écoute et note la lettre de l'activité (items 1–10, choix A–J).",,,,,A2,hobby,134
tricolore-1-5th-edition,grammar,2 Present ou passe,1,matching,Je joue de la batterie.,,,,présent,A2,hobby,134
tricolore-1-5th-edition,grammar,Recognising the perfect tense (1),1,short-answer,"How many words are used for the perfect tense in French, apart from je (j')? Which verb is used for the first part? Is this similar to English?",,,,(open-ended),A2,hobby,134
tricolore-1-5th-edition,grammar,2 Present ou passe,2,matching,"Aujourd'hui, je fais mes devoirs.",,,,,A2,hobby,134
tricolore-1-5th-edition,grammar,2 Present ou passe,3,matching,"Lundi dernier, j'ai fait une promenade.",,,,passé,A2,hobby,134
tricolore-1-5th-edition,grammar,2 Present ou passe,4,matching,"Et mardi dernier, j'ai joué du piano.",,,,,A2,hobby,134
tricolore-1-5th-edition,grammar,2 Present ou passe,5,matching,"Ensuite, j'ai joué à des jeux vidéo.",,,,,A2,hobby,134
tricolore-1-5th-edition,grammar,2 Present ou passe,6,matching,"Ce matin, je fais du roller.",,,,,A2,hobby,134
tricolore-1-5th-edition,grammar,2 Present ou passe,7,matching,"Jeudi dernier, j'ai fait de la gymnastique.",,,,,A2,hobby,134
tricolore-1-5th-edition,grammar,2 Present ou passe,8,matching,"Et aujourd'hui, je joue aux échecs.",,,,,A2,hobby,134
tricolore-1-5th-edition,writing,3 Des journees actives (a),1,short-answer,"Lundi dernier, tu as fait beaucoup de sport. Fais trois phrases.",,,,(open-ended),A2,hobby,135
tricolore-1-5th-edition,writing,3 Des journees actives (b),1,short-answer,"Mardi dernier, tu as fait beaucoup de musique. Fais trois phrases.",,,,(open-ended),A2,hobby,135
tricolore-1-5th-edition,writing,3 Des journees actives (c),1,writing-task,"Mercredi matin tu as fait du sport, l'après-midi de la musique, le soir une autre activité. Écris un paragraphe pour décrire mercredi dernier.",,,,(open-ended),A2,hobby,135
tricolore-1-5th-edition,speaking,4 Le weekend dernier,1,speaking-task,"À deux, inventez une petite conversation sur le weekend dernier.",,,,(open-ended),A2,hobby,135
tricolore-1-5th-edition,listening,5 La semaine derniere,1,fill-in,Écoute 1–8 et note les détails (quand / quoi / avec qui / où) pour chaque activité.,,,,,A2,hobby,135
tricolore-1-5th-edition,writing,6 Fais des phrases,1,short-answer,"Écris quatre nombres ou jette un dé quatre fois, puis fais la phrase qui correspond (quand / quoi / avec qui / où).",,,,(open-ended),A2,hobby,135
tricolore-1-5th-edition,writing,7 Dossier personnel,1,writing-task,Écris ton journal pour la semaine dernière dans ton Dossier personnel.,,,,(open-ended),A2,hobby,135
tricolore-1-5th-edition,reading,1 Asterix,1,true-false,Astérix habite dans une ville.,,,,,A2,vacation,136
tricolore-1-5th-edition,reading,2 Le Parc Asterix (a),1,matching,Photo ①: riders on a red roller-coaster loop — quel texte (A–E) correspond?,,,,,A2,vacation,136
tricolore-1-5th-edition,reading,1 Asterix,2,true-false,Obélix est l'ennemi d'Astérix.,,,,,A2,vacation,136
tricolore-1-5th-edition,reading,2 Le Parc Asterix (a),2,matching,Photo ②: an aerial/spinning fairground ride — quel texte correspond?,,,,,A2,vacation,136
tricolore-1-5th-edition,reading,1 Asterix,3,true-false,Obélix a un chat qui s'appelle Idéfix.,,,,,A2,vacation,136
tricolore-1-5th-edition,reading,2 Le Parc Asterix (a),3,matching,Photo ③: a fountain/water attraction amid trees — quel texte correspond?,,,,,A2,vacation,136
tricolore-1-5th-edition,reading,1 Asterix,4,true-false,Panoramix fait des baguettes magiques.,,,,,A2,vacation,136
tricolore-1-5th-edition,reading,1 Asterix,5,true-false,Astérix et ses amis résistent aux invasions des Anglais.,,,,,A2,vacation,136
tricolore-1-5th-edition,reading,2 Le Parc Asterix (a),5,matching,Photo ⑤: dolphins performing in a pool — quel texte correspond?,,,,,A2,vacation,136
tricolore-1-5th-edition,reading,2 Le Parc Asterix (b),1,short-answer,Le Parc ferme à quelle heure en mai?,,,,Le parc ferme à 18 heures.,A2,vacation,137
tricolore-1-5th-edition,reading,2 Le Parc Asterix (c),1,short-answer,Fais des recherches. Consulte le site web pour vérifier les tarifs d'entrée.,,,,(open-ended),A2,vacation,137
tricolore-1-5th-edition,listening,3 24 heures,1,fill-in,Écris 1–10. Écoute et écris l'heure entendue.,,,,,A2,vacation,137
tricolore-1-5th-edition,reading,4 Attention c'est l'heure,1,matching,Il est dix-sept heures cinq.,,,,B,A2,vacation,137
tricolore-1-5th-edition,reading,Strategies Translating (5),1,short-answer,"entrer = to go in, enter — l'entrée (f) = ?",,,,,A2,vacation,137
tricolore-1-5th-edition,reading,Strategies Translate sentences,1,short-answer,Où est l'entrée du parc?,,,,,A2,vacation,137
tricolore-1-5th-edition,reading,2 Le Parc Asterix (b),2,short-answer,Ça ferme à quelle heure en août?,,,,,A2,vacation,137
tricolore-1-5th-edition,reading,4 Attention c'est l'heure,2,matching,Il est douze heures cinquante-neuf.,,,,,A2,vacation,137
tricolore-1-5th-edition,reading,Strategies Translating (5),2,short-answer,sortir = to go out — la sortie = ?,,,,,A2,vacation,137
tricolore-1-5th-edition,reading,Strategies Translate sentences,2,short-answer,Le magasin se trouve près de la sortie.,,,,,A2,vacation,137
tricolore-1-5th-edition,reading,2 Le Parc Asterix (b),3,short-answer,Le Parc est ouvert quand en octobre?,,,,,A2,vacation,137
tricolore-1-5th-edition,reading,4 Attention c'est l'heure,3,matching,Il est une heure quinze.,,,,,A2,vacation,137
tricolore-1-5th-edition,reading,Strategies Translating (5),3,short-answer,fermer = to close — la fermeture = ?,,,,,A2,vacation,137
tricolore-1-5th-edition,reading,Strategies Translate sentences,3,short-answer,Les dauphins remontent régulièrement à la surface du lac.,,,,,A2,vacation,137
tricolore-1-5th-edition,reading,2 Le Parc Asterix (a),4,matching,Photo ④: riders on a swing/chair carousel ride in the air — quel texte (A–E) correspond?,,,,,A2,vacation,137
tricolore-1-5th-edition,reading,2 Le Parc Asterix (b),4,short-answer,Est-ce que le Parc est ouvert à Noël?,,,,,A2,vacation,137
tricolore-1-5th-edition,reading,4 Attention c'est l'heure,4,matching,Il est vingt-deux heures douze.,,,,,A2,vacation,137
tricolore-1-5th-edition,reading,Strategies Translating (5),4,short-answer,ouvrir = to open — l'ouverture = ?,,,,,A2,vacation,137
tricolore-1-5th-edition,reading,2 Le Parc Asterix (b),5,short-answer,Où est le Parc? C'est près de quelle ville?,,,,,A2,vacation,137
tricolore-1-5th-edition,reading,4 Attention c'est l'heure,5,matching,Il est vingt-trois heures cinquante-sept.,,,,,A2,vacation,137
tricolore-1-5th-edition,reading,Strategies Translating (5),5,short-answer,nager = to swim — un nageur = ?,,,,,A2,vacation,137
tricolore-1-5th-edition,reading,2 Le Parc Asterix (b),6,short-answer,L'entrée coûte combien pour un adulte?,,,,,A2,vacation,137
tricolore-1-5th-edition,reading,4 Attention c'est l'heure,6,matching,Il est dix-huit heures vingt-huit.,,,,,A2,vacation,137
tricolore-1-5th-edition,reading,2 Le Parc Asterix (b),7,short-answer,Et c'est combien pour un enfant de onze ans?,,,,,A2,vacation,137
tricolore-1-5th-edition,reading,a Corrige les erreurs,1,short-answer,"Pour sa journée idéale, Lucie va au bord de la mer.",,,,Lucie va au parc Astérix.,A2,vacation,138
tricolore-1-5th-edition,reading,b Comment ca se dit,1,short-answer,a group of friends,,,,,A2,vacation,138
tricolore-1-5th-edition,writing,2 Dossier personnel (a),1,writing-task,Écris la description d'une journée (quatre phrases ou plus). Choisis une journée idéale ou une journée catastrophique.,,,,(open-ended),A2,vacation,138
tricolore-1-5th-edition,writing,2 Dossier personnel (b),1,writing-task,Relis ta description et ajoute d'autres détails intéressants (huit phrases ou plus).,,,,(open-ended),A2,vacation,138
tricolore-1-5th-edition,reading,a Corrige les erreurs,2,short-answer,C'est au mois de juillet.,,,,C'est au mois de mai.,A2,vacation,138
tricolore-1-5th-edition,reading,b Comment ca se dit,2,short-answer,there's no queue,,,,,A2,vacation,138
tricolore-1-5th-edition,reading,a Corrige les erreurs,3,short-answer,Lucie et ses amis font un pique-nique à midi.,,,,Lucie et ses amis mangent à la pizzeria à midi.,A2,vacation,138
tricolore-1-5th-edition,reading,b Comment ca se dit,3,short-answer,we take a lot of photos,,,,,A2,vacation,138
tricolore-1-5th-edition,reading,a Corrige les erreurs,4,short-answer,Elle déteste les pizzas.,,,,Elle adore les pizzas.,A2,vacation,138
tricolore-1-5th-edition,reading,b Comment ca se dit,4,short-answer,first of all,,,,,A2,vacation,138
tricolore-1-5th-edition,reading,a Corrige les erreurs,5,short-answer,"Comme boisson, elle prend un jus d'orange.",,,,"Comme boisson, elle prend une limonade.",A2,vacation,138
tricolore-1-5th-edition,reading,b Comment ca se dit,5,short-answer,we watch a show,,,,,A2,vacation,138
tricolore-1-5th-edition,reading,a Corrige les erreurs,6,short-answer,"L'après-midi, elle regarde les pingouins au parc.",,,,"L'après-midi, elle regarde les dauphins au delphinarium.",A2,vacation,138
tricolore-1-5th-edition,reading,b Comment ca se dit,6,short-answer,later,,,,,A2,vacation,138
tricolore-1-5th-edition,reading,a Corrige les erreurs,7,short-answer,À cinq heures on prend le goûter.,,,,À quatre heures on prend le goûter.,A2,vacation,138
tricolore-1-5th-edition,reading,a Corrige les erreurs,8,short-answer,Lucie n'aime pas faire du shopping.,,,,Elle aime bien faire du shopping.,A2,vacation,138
tricolore-1-5th-edition,speaking,3 Bravo Lucie (a),1,speaking-task,Travaillez à deux. Lisez la conversation.,,,,(open-ended),A2,city-places,139
tricolore-1-5th-edition,reading,3 Bravo Lucie (b),1,short-answer,Qu'est-ce que Lucie a gagné?,,,,,A2,city-places,139
tricolore-1-5th-edition,listening,4 Tu as passe un bon weekend,1,matching,Écris 1–10. Écoute et note la destination (choix au/à la/à l'/aux + lieu).,,,,,A1,city-places,139
tricolore-1-5th-edition,grammar,5 Je suis alle en ville,1,short-answer,Picture ①: a stack of books — écris la phrase.,,,,Je suis allé(e) à la bibliothèque.,A2,city-places,139
tricolore-1-5th-edition,listening,6 Une journee a Paris,1,fill-in,j'ai passé un (1) ___ week-end.,,,,,A2,city-places,139
tricolore-1-5th-edition,grammar,5 Je suis alle en ville,10,short-answer,"Picture ⑩: a walking figure carrying a basket, under an arch — écris la phrase.",,,,,A2,city-places,139
tricolore-1-5th-edition,reading,3 Bravo Lucie (b),2,short-answer,Lucie a visité quel parc à thème récemment?,,,,,A2,city-places,139
tricolore-1-5th-edition,grammar,5 Je suis alle en ville,2,short-answer,Picture ②: a person swinging/holding a cocktail-style glass — écris la phrase.,,,,,A2,city-places,139
tricolore-1-5th-edition,listening,6 Une journee a Paris,2,fill-in,"(2) ___, je suis allé à la tour Eiffel.",,,,,A2,city-places,139
tricolore-1-5th-edition,reading,3 Bravo Lucie (b),3,short-answer,Quel jour est-elle allée au parc?,,,,,A2,city-places,139
tricolore-1-5th-edition,grammar,5 Je suis alle en ville,3,short-answer,Picture ③: a person swimming — écris la phrase.,,,,,A2,city-places,139
tricolore-1-5th-edition,listening,6 Une journee a Paris,3,fill-in,C'est vraiment (3) ___.,,,,,A2,city-places,139
tricolore-1-5th-edition,reading,3 Bravo Lucie (b),4,short-answer,"Daniel, quand est-il allé au même parc?",,,,,A2,city-places,139
tricolore-1-5th-edition,grammar,5 Je suis alle en ville,4,short-answer,Picture ④: a lounger under a beach parasol beside wavy water — écris la phrase.,,,,,A2,city-places,139
tricolore-1-5th-edition,listening,6 Une journee a Paris,4,fill-in,on a fait (4) ___ près de la Seine.,,,,,A2,city-places,139
tricolore-1-5th-edition,reading,3 Bravo Lucie (b),5,short-answer,Que pense-t-il du parc?,,,,,A2,city-places,139
tricolore-1-5th-edition,grammar,5 Je suis alle en ville,5,short-answer,Picture ⑤: a bowling ball and pins — écris la phrase.,,,,,A2,city-places,139
tricolore-1-5th-edition,listening,6 Une journee a Paris,5,fill-in,"(5) ___, je suis allé à la Cité des sciences.",,,,,A2,city-places,139
tricolore-1-5th-edition,reading,3 Bravo Lucie (b),6,short-answer,Et Lucie?,,,,,A2,city-places,139
tricolore-1-5th-edition,grammar,5 Je suis alle en ville,6,short-answer,Picture ⑥: a castle with two towers — écris la phrase.,,,,,A2,city-places,139
tricolore-1-5th-edition,listening,6 Une journee a Paris,6,fill-in,C'est un grand (6) ___ avec beaucoup d'activités scientifiques.,,,,,A2,city-places,139
tricolore-1-5th-edition,grammar,5 Je suis alle en ville,7,short-answer,Picture ⑦: a screen with a projector beam and seated silhouette figures — écris la phrase.,,,,,A2,city-places,139
tricolore-1-5th-edition,listening,6 Une journee a Paris,7,fill-in,il y a aussi un planétarium et un grand (7) ___ IMAX.,,,,,A2,city-places,139
tricolore-1-5th-edition,grammar,5 Je suis alle en ville,8,short-answer,Picture ⑧: two conifer trees beside a house — écris la phrase.,,,,,A2,city-places,139
tricolore-1-5th-edition,listening,6 Une journee a Paris,8,fill-in,C'est très (8) ___.,,,,,A2,city-places,139
tricolore-1-5th-edition,grammar,5 Je suis alle en ville,9,short-answer,Picture ⑨: a leaping shark or dolphin — écris la phrase.,,,,,A2,city-places,139
tricolore-1-5th-edition,grammar,1 Un jeu-test (a),1,fill-in,... jouer aux (1) ___ et discuter avec des amis.,,,,cartes,A1,hobby,140
tricolore-1-5th-edition,writing,1 Un jeu-test (c),1,writing-task,Prépare des questions avec oui/non comme réponses pour un questionnaire sur les loisirs (la musique / le sport / les loisirs en général).,,,,(open-ended),A2,hobby,140
tricolore-1-5th-edition,grammar,1 Un jeu-test (a),10,fill-in,jouer dans un (10) ___ ou chanter dans une chorale?,,,,,A1,hobby,140
tricolore-1-5th-edition,grammar,1 Un jeu-test (a),2,fill-in,"faire une (2) ___ avec des amis, puis aller prendre quelque chose dans un café.",,,,,A1,hobby,140
tricolore-1-5th-edition,grammar,1 Un jeu-test (a),3,fill-in,Tu achètes une (3) ___ au kiosque.,,,,,A1,hobby,140
tricolore-1-5th-edition,grammar,1 Un jeu-test (a),4,fill-in,tu fais une promenade avec tes (4) ___ .,,,,,A1,hobby,140
tricolore-1-5th-edition,grammar,1 Un jeu-test (a),5,fill-in,mais il fait (5) ___ .,,,,,A1,hobby,140
tricolore-1-5th-edition,grammar,1 Un jeu-test (a),6,fill-in,tu vas voir le match au (6) ___ en ville.,,,,,A1,hobby,140
tricolore-1-5th-edition,grammar,1 Un jeu-test (a),7,fill-in,"une BD, un (7) ___ vidéo ou un MP3.",,,,,A1,hobby,140
tricolore-1-5th-edition,grammar,1 Un jeu-test (a),8,fill-in,"un VTT, des (8) ___ de football ou des baskets.",,,,,A1,hobby,140
tricolore-1-5th-edition,grammar,1 Un jeu-test (a),9,fill-in,écouter de la musique avec des (9) ___ ?,,,,,A1,hobby,140
tricolore-1-5th-edition,reading,a Vocabulaire de l'histoire,1,short-answer,dormir,,,,to sleep,A1,food,142
tricolore-1-5th-edition,reading,b Mots avec un c,1,short-answer,un animal ...,,,,un chat,A1,food,142
tricolore-1-5th-edition,reading,c Mots avec un d,1,short-answer,un nombre ...,,,,,A1,food,142
tricolore-1-5th-edition,reading,a Vocabulaire de l'histoire,2,short-answer,quelque chose,,,,,A1,food,142
tricolore-1-5th-edition,reading,b Mots avec un c,2,short-answer,une pièce (dans la maison) ...,,,,,A1,food,142
tricolore-1-5th-edition,reading,c Mots avec un d,2,short-answer,un repas ...,,,,,A1,food,142
tricolore-1-5th-edition,reading,a Vocabulaire de l'histoire,3,short-answer,couverte de ...,,,,,A1,food,142
tricolore-1-5th-edition,reading,b Mots avec un c,3,short-answer,un légume ...,,,,,A1,food,142
tricolore-1-5th-edition,reading,c Mots avec un d,3,short-answer,on mange ça à la fin d'un repas ...,,,,,A1,food,142
tricolore-1-5th-edition,reading,a Vocabulaire de l'histoire,4,short-answer,... provisions,,,,,A1,food,142
tricolore-1-5th-edition,reading,a Vocabulaire de l'histoire,5,short-answer,un peu,,,,,A1,food,142
tricolore-1-5th-edition,reading,a Vocabulaire de l'histoire,6,short-answer,un gros morceau,,,,,A1,food,142
tricolore-1-5th-edition,reading,a Vocabulaire de l'histoire,7,short-answer,soudain,,,,,A1,food,142
tricolore-1-5th-edition,reading,a Vocabulaire de l'histoire,8,short-answer,s'échappe,,,,,A1,food,142
tricolore-1-5th-edition,reading,Le volley-ball,1,short-answer,Il y a combien de joueurs par équipe?,,,,,A2,mixed,143
tricolore-1-5th-edition,reading,La planche a voile,1,fill-in,C'est un sport ... (d'équipe/individuel/d'hiver),,,,,A2,mixed,143
tricolore-1-5th-edition,reading,Le judo,1,ordering,"Voici les couleurs des ceintures au judo: a blanc, b marron, c vert, d bleu, e noir, f orange, g jaune. Quel est le bon ordre?",,,,,A2,mixed,143
tricolore-1-5th-edition,reading,Le volley-ball,2,short-answer,C'est un sport simple ou compliqué?,,,,,A2,mixed,143
tricolore-1-5th-edition,reading,La planche a voile,2,fill-in,On pratique ce sport en mer ou sur ... (un terrain/une montagne/un lac),,,,,A2,mixed,143
tricolore-1-5th-edition,reading,Le judo,2,short-answer,Quel est l'âge minimum pour faire du judo?,,,,,A2,mixed,143
tricolore-1-5th-edition,reading,Le volley-ball,3,short-answer,"C'est un sport d'hiver, d'été ou de toutes les saisons?",,,,,A2,mixed,143
tricolore-1-5th-edition,reading,La planche a voile,3,fill-in,Comme matériel on utilise une planche avec ... (une voile/un ski/un ballon),,,,,A2,mixed,143
tricolore-1-5th-edition,reading,Le judo,3,multiple-choice,Le judo vient de quel pays?,le Japon,la Chine,la France,,A2,mixed,143
tricolore-1-5th-edition,listening,1 C'est quel nombre,1,matching,Écris 1–10. Écoute et note la bonne lettre (choix A–J).,,,,,A1,personal-info,144
tricolore-1-5th-edition,listening,2 Tele-jeu 30 secondes,1,ordering,Écoute. Chloé gagne quatre choses et Max gagne six choses. Écris les numéros dans l'ordre.,,,,,A1,personal-info,144
tricolore-1-5th-edition,reading,3 C'est quelle image,1,matching,Salut!,,,,B,A1,personal-info,144
tricolore-1-5th-edition,reading,4 Trouve la question,1,matching,Je m'appelle Enzo.,,,,c,A1,personal-info,144
tricolore-1-5th-edition,reading,3 C'est quelle image,2,matching,"Bonjour, madame.",,,,,A1,personal-info,144
tricolore-1-5th-edition,reading,4 Trouve la question,2,matching,"Ça va bien, merci.",,,,,A1,personal-info,144
tricolore-1-5th-edition,reading,3 C'est quelle image,3,matching,Voici des affaires d'école.,,,,,A1,personal-info,144
tricolore-1-5th-edition,reading,4 Trouve la question,3,matching,J'ai douze ans.,,,,,A1,personal-info,144
tricolore-1-5th-edition,reading,3 C'est quelle image,4,matching,"– Ça va? – Oui, ça va bien, merci.",,,,,A1,personal-info,144
tricolore-1-5th-edition,reading,4 Trouve la question,4,matching,C'est un crayon.,,,,,A1,personal-info,144
tricolore-1-5th-edition,reading,3 C'est quelle image,5,matching,– Quel âge as-tu?,,,,,A1,personal-info,144
tricolore-1-5th-edition,reading,4 Trouve la question,5,matching,C'est Coralie.,,,,,A1,personal-info,144
tricolore-1-5th-edition,reading,3 C'est quelle image,6,matching,"– Ça va? – Non, pas très bien.",,,,,A1,personal-info,144
tricolore-1-5th-edition,reading,4 Trouve la question,6,matching,"Oui, c'est un livre.",,,,,A1,personal-info,144
tricolore-1-5th-edition,reading,3 C'est quelle image,7,matching,Où sont mes affaires d'école?,,,,,A1,personal-info,144
tricolore-1-5th-edition,reading,3 C'est quelle image,8,matching,Comment t'appelles-tu?,,,,,A1,personal-info,144
tricolore-1-5th-edition,writing,1 C'est ou,1,short-answer,Glasgow,,,,"Glasgow, c'est une ville en Écosse.",A1,home,145
tricolore-1-5th-edition,grammar,2 J'habite,1,fill-in,J'habite ___ une maison ___ Lourdes.,,,,J'habite dans une maison à Lourdes.,A1,home,145
tricolore-1-5th-edition,listening,3 Qu'est-ce que c'est (a),1,matching,Écris 1–8. Écoute et choisis la bonne image.,,,,,A1,home,145
tricolore-1-5th-edition,listening,4 Jean-Pierre a des problemes,1,ordering,"Le professeur demande ces choses, mais dans quel ordre? Écoute et écris les lettres.",,,,,A1,home,145
tricolore-1-5th-edition,writing,1 C'est ou,10,short-answer,Aberdeen,,,,,A1,home,145
tricolore-1-5th-edition,writing,1 C'est ou,2,short-answer,Manchester,,,,,A1,home,145
tricolore-1-5th-edition,grammar,2 J'habite,2,fill-in,Tu habites ___ un village ou ___ une ville?,,,,,A1,home,145
tricolore-1-5th-edition,writing,1 C'est ou,3,short-answer,PARIS,,,,,A1,home,145
tricolore-1-5th-edition,grammar,2 J'habite,3,fill-in,"Luc habite ___ France, ___ un appartement.",,,,,A1,home,145
tricolore-1-5th-edition,writing,1 C'est ou,4,short-answer,LA ROCHELLE,,,,,A1,home,145
tricolore-1-5th-edition,grammar,2 J'habite,4,fill-in,"J'habite ___ Penarth, ___ de Cardiff, ___ pays de Galles.",,,,,A1,home,145
tricolore-1-5th-edition,writing,1 C'est ou,5,short-answer,BORDEAUX,,,,,A1,home,145
tricolore-1-5th-edition,grammar,2 J'habite,5,fill-in,"Caitlin habite ___ Irlande, ___ une ferme ___ de Cork.",,,,,A1,home,145
tricolore-1-5th-edition,writing,1 C'est ou,6,short-answer,Dublin,,,,,A1,home,145
tricolore-1-5th-edition,writing,1 C'est ou,7,short-answer,Leeds,,,,,A1,home,145
tricolore-1-5th-edition,writing,1 C'est ou,8,short-answer,Belfast,,,,,A1,home,145
tricolore-1-5th-edition,writing,1 C'est ou,9,short-answer,Swansea,,,,,A1,home,145
tricolore-1-5th-edition,writing,3 Qu'est-ce que c'est (b),a,short-answer,three dark-coloured mobile phones (portables),,,,Voici des portables.,A1,home,145
tricolore-1-5th-edition,writing,3 Qu'est-ce que c'est (b),b,short-answer,a single mobile phone,,,,,A1,home,145
tricolore-1-5th-edition,writing,3 Qu'est-ce que c'est (b),c,short-answer,a plain white box/cube,,,,,A1,home,145
tricolore-1-5th-edition,writing,3 Qu'est-ce que c'est (b),d,short-answer,six small boxes (boîtes) in different colours,,,,,A1,home,145
tricolore-1-5th-edition,writing,3 Qu'est-ce que c'est (b),e,short-answer,four children standing together (enfants),,,,,A1,home,145
tricolore-1-5th-edition,writing,3 Qu'est-ce que c'est (b),f,short-answer,a single boy in a blue top,,,,,A1,home,145
tricolore-1-5th-edition,writing,3 Qu'est-ce que c'est (b),g,short-answer,a purple highlighter pen (surligneur),,,,,A1,home,145
tricolore-1-5th-edition,writing,3 Qu'est-ce que c'est (b),h,short-answer,two highlighter pens (green and teal),,,,,A1,home,145
tricolore-1-5th-edition,writing,1 Combien,1,short-answer,two blue figures + one pink figure,,,,J'ai deux frères et une sœur.,A1,family,146
tricolore-1-5th-edition,grammar,2 Des questions utiles,1,fill-in,"___ frère, comment s'appelle-t-il?",,,,Ton,A1,family,146
tricolore-1-5th-edition,listening,3 La maison de la famille Lambert,1,fill-in,Voici la (1) ___ et le jardin de la famille Lambert.,,,,maison,A1,family,146
tricolore-1-5th-edition,reading,4 Jeu de memoire,1,short-answer,a radio,,,,C'est la radio de la famille Laurent.,A1,family,146
tricolore-1-5th-edition,listening,3 La maison de la famille Lambert,10,fill-in,(10) ___ bains.,,,,,A1,family,146
tricolore-1-5th-edition,writing,1 Combien,2,short-answer,one pink figure,,,,,A1,family,146
tricolore-1-5th-edition,grammar,2 Des questions utiles,2,fill-in,"___ sœur, comment s'appelle-t-elle?",,,,,A1,family,146
tricolore-1-5th-edition,listening,3 La maison de la famille Lambert,2,fill-in,"Dans la cuisine, il y a trois (2) ___",,,,,A1,family,146
tricolore-1-5th-edition,reading,4 Jeu de memoire,2,short-answer,a bed,,,,,A1,family,146
tricolore-1-5th-edition,writing,1 Combien,3,short-answer,"one blue figure + one pink figure, both crossed out with an X",,,,,A1,family,146
tricolore-1-5th-edition,grammar,2 Des questions utiles,3,fill-in,___ parents sont ici avec toi?,,,,,A1,family,146
tricolore-1-5th-edition,listening,3 La maison de la famille Lambert,3,fill-in,et une (3) ___ .,,,,,A1,family,146
tricolore-1-5th-edition,reading,4 Jeu de memoire,3,short-answer,a pen,,,,,A1,family,146
tricolore-1-5th-edition,writing,1 Combien,4,short-answer,four blue figures,,,,,A1,family,146
tricolore-1-5th-edition,grammar,2 Des questions utiles,4,fill-in,"___ collège (m), comment s'appelle-t-il?",,,,,A1,family,146
tricolore-1-5th-edition,listening,3 La maison de la famille Lambert,4,fill-in,Mme Lambert est dans la (4) ___ .,,,,,A1,family,146
tricolore-1-5th-edition,reading,4 Jeu de memoire,4,short-answer,an MP3 player with earphones,,,,,A1,family,146
tricolore-1-5th-edition,writing,1 Combien,5,short-answer,one blue figure + one pink figure,,,,,A1,family,146
tricolore-1-5th-edition,grammar,2 Des questions utiles,5,fill-in,Tu aimes ___ collège?,,,,,A1,family,146
tricolore-1-5th-edition,listening,3 La maison de la famille Lambert,5,fill-in,Anne-Marie Lambert est dans le (5) ___ .,,,,,A1,family,146
tricolore-1-5th-edition,reading,4 Jeu de memoire,5,short-answer,a television,,,,,A1,family,146
tricolore-1-5th-edition,writing,1 Combien,6,short-answer,three pink figures,,,,,A1,family,146
tricolore-1-5th-edition,grammar,2 Des questions utiles,6,fill-in,"___ amie, comment s'appelle-t-elle?",,,,,A1,family,146
tricolore-1-5th-edition,listening,3 La maison de la famille Lambert,6,fill-in,Elle regarde la (6) ___ .,,,,,A1,family,146
tricolore-1-5th-edition,reading,4 Jeu de memoire,6,short-answer,a cat,,,,,A1,family,146
tricolore-1-5th-edition,writing,1 Combien,7,short-answer,one blue figure,,,,,A1,family,146
tricolore-1-5th-edition,grammar,2 Des questions utiles,7,fill-in,Où est ___ maison en France?,,,,,A1,family,146
tricolore-1-5th-edition,listening,3 La maison de la famille Lambert,7,fill-in,"Dans sa chambre, il y a (7) ___ lit",,,,,A1,family,146
tricolore-1-5th-edition,reading,4 Jeu de memoire,7,short-answer,a bag with pens/ruler sticking out,,,,,A1,family,146
tricolore-1-5th-edition,writing,1 Combien,8,short-answer,one blue figure + two pink figures,,,,,A1,family,146
tricolore-1-5th-edition,grammar,2 Des questions utiles,8,fill-in,Où sont ___ affaires?,,,,,A1,family,146
tricolore-1-5th-edition,listening,3 La maison de la famille Lambert,8,fill-in,et aussi ses (8) ___ .,,,,,A1,family,146
tricolore-1-5th-edition,reading,4 Jeu de memoire,8,short-answer,a mobile phone,,,,,A1,family,146
tricolore-1-5th-edition,listening,3 La maison de la famille Lambert,9,fill-in,Voici (9) ___ salle,,,,,A1,family,146
tricolore-1-5th-edition,grammar,5 Samedi (b),1,fill-in,C'___ samedi chez la famille Laurent.,,,,est,A1,family,147
tricolore-1-5th-edition,writing,6 Ma famille,1,writing-task,"Écris quelques phrases sur ta famille pour ton Dossier personnel, ou dessine une affiche (avec des photos ou des dessins).",,,,(open-ended),A1,family,147
tricolore-1-5th-edition,grammar,5 Samedi (b),10,fill-in,"Dimanche, c'(10) ___ le concert rock en ville, non?",,,,,A1,family,147
tricolore-1-5th-edition,grammar,5 Samedi (b),2,fill-in,Je pense qu'elle (2) ___ dans sa chambre,,,,,A1,family,147
tricolore-1-5th-edition,grammar,5 Samedi (b),3,fill-in,"Louise, tu (3) ___ dans ta chambre?",,,,,A1,family,147
tricolore-1-5th-edition,grammar,5 Samedi (b),4,fill-in,Je (4) ___ ici. J'écoute de la musique.,,,,,A1,family,147
tricolore-1-5th-edition,grammar,5 Samedi (b),5,fill-in,"Thomas, tu (5) ___ dans ta chambre?",,,,,A1,family,147
tricolore-1-5th-edition,grammar,5 Samedi (b),6,fill-in,Je (6) ___ dans le salon. Je regarde la télé.,,,,,A1,family,147
tricolore-1-5th-edition,grammar,5 Samedi (b),7,fill-in,Mais où (7) ___ Daniel?,,,,,A1,family,147
tricolore-1-5th-edition,grammar,5 Samedi (b),8,fill-in,"Daniel, tu (8) ___ dans ta chambre?",,,,,A1,family,147
tricolore-1-5th-edition,grammar,5 Samedi (b),9,fill-in,je (9) ___ dans ma chambre. Je range mes affaires.,,,,,A1,family,147
tricolore-1-5th-edition,writing,1 Combien d'animaux,1,short-answer,Il y a combien de hamsters?,,,,Il y a trois hamsters.,A1,family,148
tricolore-1-5th-edition,listening,2 Chat perdu,1,multiple-choice,Voici une photo du chat que Mme Robert a trouvé. Le chat est à qui?,Mme Duval,Claire Martin,François Léon,,A1,family,148
tricolore-1-5th-edition,writing,3 Des animaux,1,short-answer,green and black dog with metal braces on its teeth,,,,C'est un chien. Il est vert et noir. Il est gros. Il est méchant.,A1,family,148
tricolore-1-5th-edition,writing,4 Des questions,1,writing-task,Invente six questions avec Est-ce que ...,,,,(open-ended),A1,family,148
tricolore-1-5th-edition,writing,1 Combien d'animaux,2,short-answer,Il y a combien de chiens?,,,,,A1,family,148
tricolore-1-5th-edition,writing,3 Des animaux,2,short-answer,grey mouse/rat sneezing,,,,,A1,family,148
tricolore-1-5th-edition,writing,1 Combien d'animaux,3,short-answer,Il y a combien d'oiseaux?,,,,,A1,family,148
tricolore-1-5th-edition,writing,3 Des animaux,3,short-answer,dark grey vulture-like bird,,,,,A1,family,148
tricolore-1-5th-edition,writing,1 Combien d'animaux,4,short-answer,Il y a combien de chats?,,,,,A1,family,148
tricolore-1-5th-edition,writing,3 Des animaux,4,short-answer,orange and yellow fish with sharp teeth,,,,,A1,family,148
tricolore-1-5th-edition,writing,1 Combien d'animaux,5,short-answer,Il y a combien de souris?,,,,,A1,family,148
tricolore-1-5th-edition,writing,3 Des animaux,5,short-answer,grey spider with a red patch and goggle eyes,,,,,A1,family,148
tricolore-1-5th-edition,writing,1 Combien d'animaux,6,short-answer,Il y a combien de poissons?,,,,,A1,family,148
tricolore-1-5th-edition,writing,3 Des animaux,6,short-answer,grey cat with orange markings and wide eyes,,,,,A1,family,148
tricolore-1-5th-edition,writing,1 Combien d'animaux,7,short-answer,Il y a combien de lapins?,,,,,A1,family,148
tricolore-1-5th-edition,reading,5 Chasse a l'intrus,1,short-answer,"lundi, mardi, mercredi, vingt",,,,vingt,A1,family,149
tricolore-1-5th-edition,reading,6 Un echange,1,true-false,Frédéric aime beaucoup les animaux.,,,,Vrai,A1,family,149
tricolore-1-5th-edition,reading,5 Chasse a l'intrus,10,short-answer,"blanche, brun, méchante, mignonne",,,,,A1,family,149
tricolore-1-5th-edition,reading,5 Chasse a l'intrus,11,short-answer,"a, as, à, ai",,,,,A1,family,149
tricolore-1-5th-edition,reading,5 Chasse a l'intrus,12,short-answer,"petit, très, énorme, gros",,,,,A1,family,149
tricolore-1-5th-edition,reading,5 Chasse a l'intrus,2,short-answer,"six, sept, oui, neuf",,,,,A1,family,149
tricolore-1-5th-edition,reading,6 Un echange,2,true-false,Frédéric n'aime pas les chiens.,,,,,A1,family,149
tricolore-1-5th-edition,reading,5 Chasse a l'intrus,3,short-answer,"un chien, une maison, une souris, un lapin",,,,,A1,family,149
tricolore-1-5th-edition,reading,6 Un echange,3,true-false,Frédéric déteste les chats.,,,,,A1,family,149
tricolore-1-5th-edition,reading,5 Chasse a l'intrus,4,short-answer,"un crayon, un garçon, une règle, une boîte",,,,,A1,family,149
tricolore-1-5th-edition,reading,6 Un echange,4,true-false,Sophie adore les petits garçons.,,,,,A1,family,149
tricolore-1-5th-edition,reading,5 Chasse a l'intrus,5,short-answer,"gris, jaune, noir, gros",,,,,A1,family,149
tricolore-1-5th-edition,reading,6 Un echange,5,true-false,Frédéric aime beaucoup les lapins et les souris.,,,,,A1,family,149
tricolore-1-5th-edition,reading,5 Chasse a l'intrus,6,short-answer,"la cuisine, la sœur, le frère, le père",,,,,A1,family,149
tricolore-1-5th-edition,reading,6 Un echange,6,true-false,Sophie adore son petit frère.,,,,,A1,family,149
tricolore-1-5th-edition,reading,5 Chasse a l'intrus,7,short-answer,"un magasin, une maison, un appartement, un cheval",,,,,A1,family,149
tricolore-1-5th-edition,reading,6 Un echange,7,true-false,Frédéric n'aime pas les cochons d'Inde.,,,,,A1,family,149
tricolore-1-5th-edition,reading,5 Chasse a l'intrus,8,short-answer,"Angleterre, Paris, France, Écosse",,,,,A1,family,149
tricolore-1-5th-edition,reading,6 Un echange,8,true-false,Sophie n'aime pas les chiens.,,,,,A1,family,149
tricolore-1-5th-edition,reading,5 Chasse a l'intrus,9,short-answer,"cinquante, soixante, treize, quarante",,,,,A1,family,149
tricolore-1-5th-edition,grammar,1 Les mois de l'annee,1,fill-in,"janvier, février, ___",,,,mars,A1,time-dates,150
tricolore-1-5th-edition,reading,2 Une annee en desordre,1,matching,benon nénea,,,,bonne année – c,A1,time-dates,150
tricolore-1-5th-edition,reading,3 Des annonces,1,true-false,Le voyage à La Rochelle est à Noël.,,,,Faux. C'est à Pâques.,A1,time-dates,150
tricolore-1-5th-edition,grammar,1 Les mois de l'annee,2,fill-in,"___, mai, juin",,,,,A1,time-dates,150
tricolore-1-5th-edition,reading,2 Une annee en desordre,2,matching,al teêf sed siro,,,,,A1,time-dates,150
tricolore-1-5th-edition,reading,3 Des annonces,2,true-false,Le voyage à La Rochelle est du samedi au mardi.,,,,,A1,time-dates,150
tricolore-1-5th-edition,grammar,1 Les mois de l'annee,3,fill-in,"juillet, ___, septembre",,,,,A1,time-dates,150
tricolore-1-5th-edition,reading,2 Une annee en desordre,3,matching,sonospi d'rilva,,,,,A1,time-dates,150
tricolore-1-5th-edition,reading,3 Des annonces,3,true-false,"Vendredi, samedi et dimanche sont des jours difficiles sur les routes.",,,,,A1,time-dates,150
tricolore-1-5th-edition,grammar,1 Les mois de l'annee,4,fill-in,"octobre, ___, décembre",,,,,A1,time-dates,150
tricolore-1-5th-edition,reading,2 Une annee en desordre,4,matching,al tefê sed sreèm,,,,,A1,time-dates,150
tricolore-1-5th-edition,reading,3 Des annonces,4,true-false,"Le quatorze juin, il y a un feu d'artifice.",,,,,A1,time-dates,150
tricolore-1-5th-edition,grammar,1 Les mois de l'annee,5,fill-in,le premier mois,,,,,A1,time-dates,150
tricolore-1-5th-edition,reading,2 Une annee en desordre,5,matching,la eêft aneolatin,,,,,A1,time-dates,150
tricolore-1-5th-edition,reading,3 Des annonces,5,true-false,"Le quatorze juillet il y a un bal, place de l'Hôtel de Ville.",,,,,A1,time-dates,150
tricolore-1-5th-edition,grammar,1 Les mois de l'annee,6,fill-in,le dernier mois,,,,,A1,time-dates,150
tricolore-1-5th-edition,reading,2 Une annee en desordre,6,matching,youexj oNlë,,,,,A1,time-dates,150
tricolore-1-5th-edition,reading,3 Des annonces,6,true-false,"À la cathédrale, il y a un concert de chants de Noël.",,,,,A1,time-dates,150
tricolore-1-5th-edition,grammar,1 Les mois de l'annee,7,fill-in,un mois avec trois lettres,,,,,A1,time-dates,150
tricolore-1-5th-edition,reading,3 Des annonces,7,true-false,"Le concert est le dix-sept, le dix-huit et le vingt-neuf décembre.",,,,,A1,time-dates,150
tricolore-1-5th-edition,grammar,1 Les mois de l'annee,8,fill-in,un mois avec neuf lettres,,,,,A1,time-dates,150
tricolore-1-5th-edition,grammar,Exercise 4,1,fill-in,Notre famille (1) ___ assez grande.,,,,est,A1,family,151
tricolore-1-5th-edition,writing,Exercise 5,1,fill-in,"Grand-mère: « (1) ___ anniversaire, Jacques. Voici un petit cadeau pour toi. »",,,,Bon,A1,family,151
tricolore-1-5th-edition,writing,Exercise 6a,1,short-answer,Écris le cadeau en français pour le dessin (1): lunettes de soleil rouges.,,,,les lunettes de soleil rouges,A2,family,151
tricolore-1-5th-edition,grammar,Exercise 4,10,fill-in,Mes parents (10) ___ là aussi.,,,,sont,A1,family,151
tricolore-1-5th-edition,writing,Exercise 5,10,fill-in,"Un homme: « Le (10) ___, c'est ta couleur préférée, non? »",,,,rouge,A1,family,151
tricolore-1-5th-edition,grammar,Exercise 4,11,fill-in,"Nous avons aussi deux cochons d'Inde, mais ils ne (11) ___ pas sur la photo.",,,,sont,A1,family,151
tricolore-1-5th-edition,writing,Exercise 5,11,fill-in,Jacques (lettre au Père Noël): « Je n'(11) ___ pas les chaussettes. »,,,,aime,A1,family,151
tricolore-1-5th-edition,grammar,Exercise 4,2,fill-in,J'ai quatorze ans et je (2) ___ l'aîné de la famille.,,,,suis,A1,family,151
tricolore-1-5th-edition,writing,Exercise 5,2,fill-in,Grand-mère: « Voici un petit (2) ___ pour toi. »,,,,cadeau,A1,family,151
tricolore-1-5th-edition,writing,Exercise 6a,2,short-answer,Écris le cadeau en français pour le dessin (2): un tee-shirt bleu.,,,,un tee-shirt bleu,A2,family,151
tricolore-1-5th-edition,grammar,Exercise 4,3,fill-in,Mon anniversaire (3) ___ le huit janvier.,,,,est,A1,family,151
tricolore-1-5th-edition,writing,Exercise 5,3,fill-in,"Jacques: « Oh, (3) ___ ! J'aime bien la couleur. »",,,,merci,A1,family,151
tricolore-1-5th-edition,writing,Exercise 6a,3,short-answer,Écris le cadeau en français pour le dessin (3): un short blanc.,,,,un short blanc,A2,family,151
tricolore-1-5th-edition,grammar,Exercise 4,4,fill-in,"Mon frère, Luc, a douze ans. Il (4) ___ grand.",,,,est,A1,family,151
tricolore-1-5th-edition,writing,Exercise 5,4,fill-in,"Une femme: « Bon (4) ___, Jacques. »",,,,anniversaire,A1,family,151
tricolore-1-5th-edition,writing,Exercise 6a,4,short-answer,Écris le cadeau en français pour le dessin (4): une casquette rouge.,,,,une casquette rouge,A2,family,151
tricolore-1-5th-edition,grammar,Exercise 4,5,fill-in,"Ma sœur, Sophie, a neuf ans. Elle (5) ___ petite.",,,,est,A1,family,151
tricolore-1-5th-edition,writing,Exercise 5,5,fill-in,Jacques: « Merci (5) ___. C'est très (6) ___. »,,,,beaucoup,A1,family,151
tricolore-1-5th-edition,writing,Exercise 6a,5,short-answer,Écris le cadeau en français pour le dessin (5): une raquette de tennis.,,,,une raquette de tennis,A2,family,151
tricolore-1-5th-edition,grammar,Exercise 4,6,fill-in,Est-ce que tu as des frères et sœurs ou (6) ___-tu fils/fille unique?,,,,es,A1,family,151
tricolore-1-5th-edition,writing,Exercise 5,6,fill-in,Jacques: « Merci beaucoup. C'est très (6) ___. »,,,,gentil,A1,family,151
tricolore-1-5th-edition,writing,Exercise 6a,6,short-answer,Écris le cadeau en français pour le dessin (6): une paire de chaussettes.,,,,des chaussettes,A2,family,151
tricolore-1-5th-edition,grammar,Exercise 4,7,fill-in,"Nous avons un chien, Caspar. Il (7) ___ gros et noir.",,,,est,A1,family,151
tricolore-1-5th-edition,writing,Exercise 5,7,fill-in,La femme: « De (7) ___. »,,,,rien,A1,family,151
tricolore-1-5th-edition,writing,Exercise 6a,7,short-answer,Écris le cadeau en français pour le dessin (7): deux balles de tennis.,,,,deux balles de tennis,A2,family,151
tricolore-1-5th-edition,grammar,Exercise 4,8,fill-in,Il (8) ___ adorable.,,,,est,A1,family,151
tricolore-1-5th-edition,writing,Exercise 5,8,fill-in,Un homme: « Voici un (8) ___ cadeau. »,,,,petit,A1,family,151
tricolore-1-5th-edition,writing,Exercise 6a,8,short-answer,Écris le cadeau en français pour le dessin (8): une souris jouet.,,,,une souris (jouet),A2,family,151
tricolore-1-5th-edition,grammar,Exercise 4,9,fill-in,"Sur cette photo, nous (9) ___ dans le jardin.",,,,sommes,A1,family,151
tricolore-1-5th-edition,writing,Exercise 5,9,fill-in,"Jacques: « Ah, des (9) ___, merci. »",,,,chaussettes,A1,family,151
tricolore-1-5th-edition,writing,Exercise 6b,b,writing-task,"C'est ton anniversaire. Tu as reçu quatre cadeaux. Écris une lettre à un(e) ami(e) français(e) – avec des dessins, si tu veux.",,,,(open-ended),A2,family,151
tricolore-1-5th-edition,writing,Exercise 1,1,short-answer,Quel temps fait-il à Brighton? (icône: visage triste sous un nuage de pluie gris),,,,Il fait mauvais.,A1,weather,152
tricolore-1-5th-edition,grammar,Exercise 3,1,fill-in,Tu ___ la télé?,,,,regardes,A1,hobby,152
tricolore-1-5th-edition,grammar,Exercise 4,1,open-ended,Écris quatre nombres ou jette un dé quatre fois. Puis fais la phrase qui correspond (sujet + verbe + animal + lieu).,,,,(open-ended),A1,mixed,152
tricolore-1-5th-edition,writing,Exercise 1,10,short-answer,Quel temps fait-il à Ipswich? (icône: visage content avec un soleil),,,,Il fait beau.,A1,weather,152
tricolore-1-5th-edition,grammar,Exercise 3,10,fill-in,Tous les adultes ___ la télé.,,,,regardent,A1,hobby,152
tricolore-1-5th-edition,grammar,Exercise 3,11,fill-in,Le chat s'appelle Mangetout. Il ___ la télé aussi.,,,,regarde,A1,hobby,152
tricolore-1-5th-edition,writing,Exercise 1,2,short-answer,Quel temps fait-il à Exeter? (icône: glace rouge qui fond),,,,Il fait chaud.,A1,weather,152
tricolore-1-5th-edition,grammar,Exercise 3,2,fill-in,Je ___ la télé.,,,,regarde,A1,hobby,152
tricolore-1-5th-edition,writing,Exercise 1,3,short-answer,Quel temps fait-il à Bristol? (icône: soleil jaune souriant),,,,Il fait beau.,A1,weather,152
tricolore-1-5th-edition,grammar,Exercise 3,3,fill-in,Ils ___ la télé.,,,,regardent,A1,hobby,152
tricolore-1-5th-edition,writing,Exercise 1,4,short-answer,Quel temps fait-il à Bangor? (icône: parapluie noir sous la pluie),,,,Il pleut.,A1,weather,152
tricolore-1-5th-edition,grammar,Exercise 3,4,fill-in,Vous ___ la télé?,,,,regardez,A1,hobby,152
tricolore-1-5th-edition,writing,Exercise 1,5,short-answer,Quel temps fait-il à Dublin? (icône: visage qui grelotte avec un chapeau),,,,Il fait froid.,A1,weather,152
tricolore-1-5th-edition,grammar,Exercise 3,5,fill-in,Elles ___ la télé.,,,,regardent,A1,hobby,152
tricolore-1-5th-edition,writing,Exercise 1,6,short-answer,Quel temps fait-il à Belfast? (icône: visage content avec un soleil),,,,Il fait beau.,A1,weather,152
tricolore-1-5th-edition,grammar,Exercise 3,6,fill-in,Nous ___ la télé.,,,,regardons,A1,hobby,152
tricolore-1-5th-edition,writing,Exercise 1,7,short-answer,Quel temps fait-il à Glasgow? (icône: glaçons/traces de neige),,,,Il neige.,A1,weather,152
tricolore-1-5th-edition,grammar,Exercise 3,7,fill-in,On ___ la télé.,,,,regarde,A1,hobby,152
tricolore-1-5th-edition,writing,Exercise 1,8,short-answer,"Quel temps fait-il à Aberdeen? (icône: points blancs sur fond gris, neige ou grêle)",,,,Il neige.,A1,weather,152
tricolore-1-5th-edition,grammar,Exercise 3,8,fill-in,Les enfants ___ la télé.,,,,regardent,A1,hobby,152
tricolore-1-5th-edition,writing,Exercise 1,9,short-answer,Quel temps fait-il à Leeds? (icône: nuage endormi et brumeux),,,,Il y a du brouillard.,A1,weather,152
tricolore-1-5th-edition,grammar,Exercise 3,9,fill-in,Papa ___ la télé.,,,,regarde,A1,hobby,152
tricolore-1-5th-edition,listening,Exercise 2,b,fill-in,"Écoute la météo et complète la grille: Cardiff, température (b) ___.",,,,,A1,weather,152
tricolore-1-5th-edition,listening,Exercise 2,c,fill-in,"Écoute la météo et complète la grille: Cardiff, match de … (c) ___.",,,,,A1,weather,152
tricolore-1-5th-edition,listening,Exercise 2,d,fill-in,"Écoute la météo et complète la grille: Birmingham, temps (d) ___.",,,,,A1,weather,152
tricolore-1-5th-edition,listening,Exercise 2,e,fill-in,"Écoute la météo et complète la grille: Birmingham, température (e) ___.",,,,,A1,weather,152
tricolore-1-5th-edition,listening,Exercise 2,f,fill-in,"Écoute la météo et complète la grille: Birmingham, match de … (f) ___.",,,,,A1,weather,152
tricolore-1-5th-edition,listening,Exercise 2,g,fill-in,"Écoute la météo et complète la grille: Édimbourg, temps (g) ___.",,,,,A1,weather,152
tricolore-1-5th-edition,listening,Exercise 2,h,fill-in,"Écoute la météo et complète la grille: Édimbourg, température (h) ___.",,,,,A1,weather,152
tricolore-1-5th-edition,listening,Exercise 2,i,fill-in,"Écoute la météo et complète la grille: Édimbourg, match de … (i) ___.",,,,,A1,weather,152
tricolore-1-5th-edition,reading,Exercise 5a,1,true-false,Julie a des problèmes de famille.,,,,Vrai,A1,family,153
tricolore-1-5th-edition,reading,Exercise 5b,1,fill-in,Julie a une petite ___.,,,,sœur,A1,family,153
tricolore-1-5th-edition,writing,Exercise 5c,1,fill-in,"(Panneau 1, Dani) Quand je ___, elle ___ mes bonbons.",,,,travaille; mange,A1,family,153
tricolore-1-5th-edition,writing,Exercise 6,1,open-ended,"Quand il fait froid, je …",,,,(modèle) Je porte un pull.,A1,weather,153
tricolore-1-5th-edition,writing,Exercise 7,1,writing-task,"Pendant tes vacances (imaginaires), le temps est très variable. Choisis deux jours différents et décris le temps et une activité.",,,,(open-ended),A1,vacation,153
tricolore-1-5th-edition,reading,Exercise 5a,2,true-false,Julie est fille unique.,,,,"Faux (elle a une petite sœur, Sophie)",A1,family,153
tricolore-1-5th-edition,reading,Exercise 5b,2,fill-in,___ s'appelle Sophie.,,,,Sa sœur,A1,family,153
tricolore-1-5th-edition,writing,Exercise 5c,2,fill-in,"(Panneau 2, Dani) Elle ___ dans ma chambre.",,,,joue,A1,family,153
tricolore-1-5th-edition,writing,Exercise 6,2,open-ended,"Quand il y a du soleil, je …",,,,(open-ended),A1,weather,153
tricolore-1-5th-edition,reading,Exercise 5a,3,true-false,Julie a une petite sœur.,,,,Vrai,A1,family,153
tricolore-1-5th-edition,reading,Exercise 5b,3,fill-in,Julie et Sophie partagent une ___ à la maison.,,,,chambre,A1,family,153
tricolore-1-5th-edition,writing,Exercise 5c,3,fill-in,"(Panneau 3, Dani) Elle ___ sur mon cahier.",,,,dessine,A1,family,153
tricolore-1-5th-edition,writing,Exercise 6,3,open-ended,"Quand il neige, je …",,,,(open-ended),A1,weather,153
tricolore-1-5th-edition,reading,Exercise 5a,4,true-false,Sophie a dix-sept ans.,,,,Faux (elle a sept ans),A1,family,153
tricolore-1-5th-edition,reading,Exercise 5b,4,fill-in,Sophie porte les ___ et les ___ de Julie.,,,,pulls; chaussures,A1,family,153
tricolore-1-5th-edition,writing,Exercise 5c,4,fill-in,"(Panneau 4, Dani) Elle ___ la télé.",,,,,A1,family,153
tricolore-1-5th-edition,writing,Exercise 6,4,open-ended,"Quand il fait chaud, mes amis …",,,,(open-ended),A1,weather,153
tricolore-1-5th-edition,reading,Exercise 5a,5,true-false,Sophie et Julie partagent une chambre.,,,,Vrai,A1,family,153
tricolore-1-5th-edition,reading,Exercise 5b,5,fill-in,"Quand Julie ___ de la musique, Sophie chante et elle ___.",,,,écoute; danse,A1,family,153
tricolore-1-5th-edition,writing,Exercise 6,5,open-ended,"Quand il pleut, nous …",,,,(open-ended),A1,weather,153
tricolore-1-5th-edition,reading,Exercise 5a,6,true-false,Julie porte les vêtements de Sophie.,,,,Faux (c'est Sophie qui porte les vêtements de Julie),A1,family,153
tricolore-1-5th-edition,reading,Exercise 5b,6,fill-in,"Quand Julie ___, Sophie parle beaucoup.",,,,travaille,A1,family,153
tricolore-1-5th-edition,writing,Exercise 6,6,open-ended,"Quand il fait beau, nous …",,,,(open-ended),A1,weather,153
tricolore-1-5th-edition,reading,Exercise 5a,7,true-false,Julie n'est pas contente de la situation.,,,,Vrai,A1,family,153
tricolore-1-5th-edition,reading,Exercise 5b,7,fill-in,"Quelquefois, Sophie arrive avec des amies et elles ___ dans la chambre.",,,,jouent,A1,family,153
tricolore-1-5th-edition,writing,Exercise 1,1,fill-in,"Visitez la jolie (1) ___ de La Rochelle, avec son vieux (2) ___ et ses trois (3) ___.",,,,ville,A1,city-places,154
tricolore-1-5th-edition,writing,Exercise 2,1,fill-in,Complète le mot avec les voyelles et les accents: 1 une c_th_dr_l_,,,,cathédrale,A1,city-places,154
tricolore-1-5th-edition,reading,Exercise 3,1,matching,Laure et Nicolas adorent jouer au football. Ils vont …,,,,B (terrain de football),A1,city-places,154
tricolore-1-5th-edition,writing,Exercise 4,1,open-ended,Trouve 3 mots (endroits en ville) qui commencent par un 'c'.,,,,,A1,city-places,154
tricolore-1-5th-edition,writing,Exercise 1,2,fill-in,...avec son vieux (2) ___ et ses trois (3) ___.,,,,port,A1,city-places,154
tricolore-1-5th-edition,writing,Exercise 2,2,fill-in,Complète le mot avec les voyelles et les accents: 2 un b_t_m_nt,,,,bâtiment,A1,city-places,154
tricolore-1-5th-edition,reading,Exercise 3,2,matching,Clément aime jouer au badminton. Il va …,,,,A (centre sportif),A1,city-places,154
tricolore-1-5th-edition,writing,Exercise 4,2,open-ended,Trouve 3 mots (endroits en ville) qui commencent par un 'm'.,,,,,A1,city-places,154
tricolore-1-5th-edition,writing,Exercise 1,3,fill-in,...et ses trois (3) ___.,,,,tours,A1,city-places,154
tricolore-1-5th-edition,writing,Exercise 2,3,fill-in,Complète le mot avec les voyelles et les accents: 3 un ch_t_ _ _,,,,château,A1,city-places,154
tricolore-1-5th-edition,reading,Exercise 3,3,matching,Julie et Chloé adorent le shopping. Elles vont …,,,,H (centre-ville / magasins),A1,city-places,154
tricolore-1-5th-edition,writing,Exercise 4,3,open-ended,Trouve 3 mots (endroits en ville) qui commencent par des lettres différentes.,,,,,A1,city-places,154
tricolore-1-5th-edition,writing,Exercise 1,4,fill-in,"Si vous aimez le shopping, il y a beaucoup de (4) ___ dans le centre-ville.",,,,magasins,A1,city-places,154
tricolore-1-5th-edition,writing,Exercise 2,4,fill-in,Complète le mot avec les voyelles et les accents: 4 une _gl_s_,,,,église,A1,city-places,154
tricolore-1-5th-edition,reading,Exercise 3,4,matching,Camille aime les poissons et les animaux. Elle va …,,,,G (aquarium),A1,city-places,154
tricolore-1-5th-edition,writing,Exercise 4,4,open-ended,Trouve 3 mots (endroits en ville) qui commencent par un 'h'.,,,,,A1,city-places,154
tricolore-1-5th-edition,writing,Exercise 1,5,fill-in,"Si vous aimez manger du poisson, allez dans un des (5) ___ près du port.",,,,restaurants,A1,city-places,154
tricolore-1-5th-edition,writing,Exercise 2,5,fill-in,Complète le mot avec les voyelles et les accents: 5 un h_p_t_l,,,,hôpital,A1,city-places,154
tricolore-1-5th-edition,reading,Exercise 3,5,matching,La famille Delarue va à Paris en train. Ils vont …,,,,F (gare),A1,city-places,154
tricolore-1-5th-edition,writing,Exercise 4,5,open-ended,Trouve 3 mots (endroits en ville) qui commencent par un 'p'.,,,,,A1,city-places,154
tricolore-1-5th-edition,writing,Exercise 1,6,fill-in,Prenez un (6) ___ pour circuler sans problème.,,,,vélo,A1,city-places,154
tricolore-1-5th-edition,writing,Exercise 2,6,fill-in,Complète le mot avec les voyelles et les accents: 6 un m_s_ _,,,,musée,A1,city-places,154
tricolore-1-5th-edition,reading,Exercise 3,6,matching,Il y a un accident. L'ambulance va …,,,,D (hôpital),A1,city-places,154
tricolore-1-5th-edition,writing,Exercise 1,7,fill-in,Visitez les (7) ___ intéressants et allez à l'(8) ___ pour voir des poissons extraordinaires.,,,,musées,A1,city-places,154
tricolore-1-5th-edition,writing,Exercise 2,7,fill-in,Complète le mot avec les voyelles et les accents: 7 un s_p_rm_rch_,,,,supermarché,A1,city-places,154
tricolore-1-5th-edition,reading,Exercise 3,7,matching,"Les touristes arrivent en ville. Pour des renseignements, ils vont …",,,,E (office de tourisme),A1,city-places,154
tricolore-1-5th-edition,writing,Exercise 1,8,fill-in,...et allez à l'(8) ___ pour voir des poissons extraordinaires.,,,,aquarium,A1,city-places,154
tricolore-1-5th-edition,writing,Exercise 2,8,fill-in,Complète le mot avec les voyelles et les accents: 8 un th_ _tr_,,,,théâtre,A1,city-places,154
tricolore-1-5th-edition,reading,Exercise 3,8,matching,Thomas et Théo sont en vacances et cherchent un logement. Ils vont …,,,,C (camping),A1,city-places,154
tricolore-1-5th-edition,reading,Exercise 5a,1,short-answer,Corrige l'erreur: C'est bientôt les vacances de Noël.,,,,C'est bientôt les vacances de printemps.,A1,travel,155
tricolore-1-5th-edition,reading,Exercise 5b,1,short-answer,Où va Hugo pendant les vacances?,,,,Il va à Saint-Malo.,A1,travel,155
tricolore-1-5th-edition,writing,Exercise 5c,1,writing-task,Écris un message à Hugo. Décris une ville que tu aimes bien.,,,,(open-ended),A1,travel,155
tricolore-1-5th-edition,reading,Exercise 6,1,short-answer,The tour de la Lanterne has served as a lighthouse and what else?,,,,A prison.,A2,travel,155
tricolore-1-5th-edition,reading,Exercise 5a,2,short-answer,Corrige l'erreur: Hugo et Élodie vont souvent à La Rochelle pendant les vacances.,,,,Hugo va souvent à Saint-Malo pendant les vacances.,A1,travel,155
tricolore-1-5th-edition,reading,Exercise 5b,2,short-answer,Qu'est-ce qu'il pense de la ville?,,,,Il aime bien la ville.,A1,travel,155
tricolore-1-5th-edition,reading,Exercise 6,2,short-answer,What can you see on the walls?,,,,Graffiti made by prisoners.,A2,travel,155
tricolore-1-5th-edition,reading,Exercise 5a,3,short-answer,Corrige l'erreur: Hugo trouve que c'est nul à Saint-Malo.,,,,Hugo aime bien la ville de Saint-Malo.,A1,travel,155
tricolore-1-5th-edition,reading,Exercise 5b,3,short-answer,Qu'est-ce qu'il y a pour les jeunes qui aiment le sport?,,,,Il y a un grand centre sportif et une piscine olympique avec un toboggan géant.,A1,travel,155
tricolore-1-5th-edition,reading,Exercise 6,3,short-answer,Entry is free for which group?,,,,Those under 18 years old.,A2,travel,155
tricolore-1-5th-edition,reading,Exercise 5a,4,short-answer,Corrige l'erreur: La sœur d'Hugo s'appelle Sophie.,,,,La sœur d'Hugo s'appelle Élodie.,A1,travel,155
tricolore-1-5th-edition,reading,Exercise 5b,4,short-answer,"Élodie aime la ville, pourquoi?",,,,Parce qu'il y a beaucoup de magasins en ville.,A1,travel,155
tricolore-1-5th-edition,reading,Exercise 6,4,short-answer,Where could you hire a yellow bike?,,,,Place de Verdun.,A2,travel,155
tricolore-1-5th-edition,reading,Exercise 5a,5,short-answer,Corrige l'erreur: Élodie n'aime pas le shopping.,,,,Élodie adore le shopping.,A1,travel,155
tricolore-1-5th-edition,reading,Exercise 5b,5,short-answer,Qu'est-ce qu'il y a pour les touristes?,,,,"Le centre-ville historique, illuminé la nuit en été, attire les touristes.",A1,travel,155
tricolore-1-5th-edition,reading,Exercise 6,5,short-answer,Is it open on Sundays?,,,,"No, it's closed on Sundays and public holidays.",A2,travel,155
tricolore-1-5th-edition,reading,Exercise 5a,6,short-answer,Corrige l'erreur: En hiver il y a beaucoup de touristes à Saint Malo.,,,,En été il y a beaucoup de touristes à Saint-Malo.,A1,travel,155
tricolore-1-5th-edition,reading,Exercise 6,6,short-answer,Where would you go to catch the 'sea bus'?,,,,The Vieux-Port (near the tour de la Chaîne) or the port des Minimes.,A2,travel,155
tricolore-1-5th-edition,reading,Exercise 6,7,short-answer,How long is the journey?,,,,15 to 20 minutes.,A2,travel,155
tricolore-1-5th-edition,reading,Exercise 6,8,short-answer,Why is the Maritime Museum called un musée flottant?,,,,"Because it's made up of real ships moored at the quay that visitors can board, rather than being a conventional building.",A2,travel,155
tricolore-1-5th-edition,writing,Exercise 1,1,short-answer,"À six heures (06:00), qu'est-ce que Mlle Dupont fait? (panneau: POSTE)",,,,"À six heures, elle va à la poste et elle part avec son sac.",A1,daily-routine,156
tricolore-1-5th-edition,grammar,Exercise 3a,1,fill-in,Luc fait ___ devoirs dans ___ chambre (f).,,,,ses; sa,A1,school,156
tricolore-1-5th-edition,grammar,Exercise 3b,1,fill-in,(Louise) cherche ___ stylo (m) et ___ crayons.,,,,son; ses,A1,school,156
tricolore-1-5th-edition,writing,Exercise 1,10,short-answer,"À dix heures et quart du soir (22:15), qu'est-ce que Mlle Dupont fait? (elle dort, elle bâille)",,,,,A1,daily-routine,156
tricolore-1-5th-edition,writing,Exercise 1,2,short-answer,"À sept heures et demie (07:30), où est Mlle Dupont? (panneau: COLLÈGE)",,,,,A1,daily-routine,156
tricolore-1-5th-edition,grammar,Exercise 3a,2,fill-in,"___ livres, et ___ règle (f) sont sur la table.",,,,Ses; sa,A1,school,156
tricolore-1-5th-edition,grammar,Exercise 3b,2,fill-in,"(Louise) met ___ jogging (m), ___ tee-shirt (m) et ___ chaussures de football.",,,,son; son; ses,A1,school,156
tricolore-1-5th-edition,writing,Exercise 1,3,short-answer,"À huit heures et quart (08:15), où est Mlle Dupont? (panneau: PISCINE)",,,,,A1,daily-routine,156
tricolore-1-5th-edition,grammar,Exercise 3a,3,fill-in,Luc cherche ___ cahier (m) et ___ livres de géographie dans ___ sac (m).,,,,son; ses; son,A1,school,156
tricolore-1-5th-edition,grammar,Exercise 3b,3,fill-in,(Louise) met ___ ballon (m) de football dans ___ sac (m) de sports.,,,,son; son,A1,school,156
tricolore-1-5th-edition,writing,Exercise 1,4,short-answer,"À neuf heures vingt (09:20), où est Mlle Dupont? (panneau: Café)",,,,,A1,daily-routine,156
tricolore-1-5th-edition,grammar,Exercise 3a,4,fill-in,Luc ferme ___ cahier (m) et range ___ affaires.,,,,son; ses,A1,school,156
tricolore-1-5th-edition,grammar,Exercise 3b,4,fill-in,"(Louise) commence ___ devoirs, mais où sont ___ gomme (f) et ___ taille-crayon (m)?",,,,ses; sa; son,A1,school,156
tricolore-1-5th-edition,writing,Exercise 1,5,short-answer,"À dix heures moins cinq (09:55), où est Mlle Dupont? (panneau: PARC)",,,,,A1,daily-routine,156
tricolore-1-5th-edition,writing,Exercise 1,6,short-answer,"À dix heures vingt-cinq (10:25), où est Mlle Dupont? (panneau: GARE)",,,,,A1,daily-routine,156
tricolore-1-5th-edition,writing,Exercise 1,7,short-answer,"À midi moins vingt (11:40), où est Mlle Dupont? (panneau: HÔTEL)",,,,,A1,daily-routine,156
tricolore-1-5th-edition,writing,Exercise 1,8,short-answer,"À midi (12:00), où est Mlle Dupont? (panneau: CINÉMA)",,,,,A1,daily-routine,156
tricolore-1-5th-edition,writing,Exercise 1,9,short-answer,"À une heure et demie (13:30), où est Mlle Dupont? (panneau: Restaurant)",,,,,A1,daily-routine,156
tricolore-1-5th-edition,writing,Exercise 2,L'après-midi et le soir,ordering,"Mets dans le bon ordre (l'après-midi et le soir): g. À quatre heures, nous rentrons à la maison. h. Normalement, je commence mes devoirs à cinq heures. i. Entre quatre heures et cinq heures, je joue sur l'ordinateur ou je regarde la télé. j. Les cours se terminent à quatre heures moins vingt. k. Le soir, nous mangeons à six heures. l. Je me couche à neuf heures moins le quart.",,,,"j, g, i, h, k, l",A1,daily-routine,156
tricolore-1-5th-edition,writing,Exercise 2,Le matin,ordering,"Mets dans le bon ordre (le matin): a. Nous arrivons au collège à huit heures vingt. b. Nous prenons le petit déjeuner à sept heures et quart. c. À midi, nous mangeons des sandwichs. d. Je me lève à sept heures. e. Les cours commencent à huit heures et demie. f. Ma sœur et moi, nous quittons la maison à huit heures.",,,,"d, b, f, a, e, c",A1,daily-routine,156
tricolore-1-5th-edition,reading,Exercise 4,1,short-answer,Lis les phrases sur Karim et corrige l'erreur: Son sport préféré est le rugby.,,,,"Non, son sport préféré est le basket.",A1,personal-info,157
tricolore-1-5th-edition,grammar,Exercise 5,1,multiple-choice,Nous allons chez (1 notre/nos/vos) grands-parents.,notre,nos,vos,nos,A1,family,157
tricolore-1-5th-edition,writing,Exercise 6b,1,writing-task,"Raconte la journée de Rangetout, le rat. Il aime ranger toutes les affaires.",,,,(open-ended),A1,daily-routine,157
tricolore-1-5th-edition,reading,Exercise 4,2,short-answer,Lis les phrases sur Karim et corrige l'erreur: Ses passe-temps préférés sont le sport et la musique.,,,,,A1,personal-info,157
tricolore-1-5th-edition,grammar,Exercise 5,2,multiple-choice,C'est l'anniversaire de (2 notre/votre/leur) grand-mère.,notre,votre,leur,notre,A1,family,157
tricolore-1-5th-edition,reading,Exercise 4,3,short-answer,"Lis les phrases sur Karim et corrige l'erreur: Sa matière préférée, c'est la technologie.",,,,,A1,personal-info,157
tricolore-1-5th-edition,grammar,Exercise 5,3,multiple-choice,Est-ce que (3 votre/vos/leur) cousins y vont aussi?,votre,vos,leur,vos,A1,family,157
tricolore-1-5th-edition,reading,Exercise 4,4,short-answer,Lis les phrases sur Karim et corrige l'erreur: Son anniversaire est le huit janvier.,,,,,A1,personal-info,157
tricolore-1-5th-edition,grammar,Exercise 5,4,multiple-choice,"Oui, (4 notre/leur/nos) grands-parents ont une ferme à la campagne.",notre,leur,nos,nos,A1,family,157
tricolore-1-5th-edition,grammar,Exercise 5,5,multiple-choice,(5 Leur/Leurs/Vos) maison est très grande.,Leur,Leurs,Vos,Leur,A1,family,157
tricolore-1-5th-edition,grammar,Exercise 5,6,multiple-choice,(6 Notre/Votre/Leurs) chiens s'appellent Noiraud et Blancot.,Notre,Votre,Leurs,Leurs,A1,family,157
tricolore-1-5th-edition,grammar,Exercise 5,7,multiple-choice,(7 nos/vos/leur) cheval s'appelle Esprit.,nos,vos,leur,leur,A1,family,157
tricolore-1-5th-edition,speaking,Exercise 6a,A1,short-answer,(Panneau A) Mangetout est dans le jardin ou dans la cuisine?,,,,Il est dans la cuisine.,A1,daily-routine,157
tricolore-1-5th-edition,speaking,Exercise 6a,A2,short-answer,"(Panneau A, il est neuf heures) Qu'est-ce que Mangetout fait?",,,,Il mange du poisson.,A1,daily-routine,157
tricolore-1-5th-edition,speaking,Exercise 6a,B1,short-answer,(Panneau B) Quelle heure est-il?,,,,Il est midi.,A1,daily-routine,157
tricolore-1-5th-edition,speaking,Exercise 6a,B2,short-answer,(Panneau B) Mangetout prend quel repas?,,,,Il prend le déjeuner.,A1,daily-routine,157
tricolore-1-5th-edition,speaking,Exercise 6a,C1,short-answer,"(Panneau C, il est deux heures) C'est le matin ou l'après-midi?",,,,C'est l'après-midi.,A1,daily-routine,157
tricolore-1-5th-edition,speaking,Exercise 6a,C2,short-answer,(Panneau C) Est-ce que Mangetout mange ou dort?,,,,Il dort.,A1,daily-routine,157
tricolore-1-5th-edition,speaking,Exercise 6a,D1,short-answer,"(Panneau D, il est quatre heures) C'est le matin ou le soir?",,,,C'est le soir.,A1,daily-routine,157
tricolore-1-5th-edition,speaking,Exercise 6a,D2,short-answer,(Panneau D) Quelle heure est-il?,,,,Il est quatre heures.,A1,daily-routine,157
tricolore-1-5th-edition,speaking,Exercise 6a,D3,short-answer,"(Panneau D) Le chat, qu'est-ce qu'il fait?",,,,Il mange.,A1,daily-routine,157
tricolore-1-5th-edition,speaking,Exercise 6a,E1,short-answer,"(Panneau E, minuit) Quelle heure est-il?",,,,Il est minuit.,A1,daily-routine,157
tricolore-1-5th-edition,speaking,Exercise 6a,E2,short-answer,(Panneau E) Mangetout dort ou mange?,,,,,A1,daily-routine,157
tricolore-1-5th-edition,writing,Exercise 1,1,fill-in,Écris ces mots avec les voyelles: 1 de la v__nd_,,,,viande,A1,food,158
tricolore-1-5th-edition,writing,Exercise 2,1,fill-in,"Trouve deux hors-d'œuvre dans le bol, avec du/de la/de l'/des.",,,,"du pâté, du jambon",A1,food,158
tricolore-1-5th-edition,writing,Exercise 3,1,fill-in,La souris mange …,,,,du fromage.,A1,food,158
tricolore-1-5th-edition,reading,Exercise 4,1,short-answer,Ce n'est pas une chose qu'on mange avec du pain.,,,,sucre,A1,food,158
tricolore-1-5th-edition,writing,Exercise 1,2,fill-in,Écris ces mots avec les voyelles: 2 de l'_m_l_tt_,,,,omelette,A1,food,158
tricolore-1-5th-edition,writing,Exercise 2,2,fill-in,"Trouve deux plats principaux dans le bol, avec du/de la/de l'/des.",,,,"une omelette, de la viande",A1,food,158
tricolore-1-5th-edition,writing,Exercise 3,2,fill-in,L'oiseau mange …,,,,,A1,food,158
tricolore-1-5th-edition,reading,Exercise 4,2,short-answer,"On ne mange pas ça comme entrée, on le mange après le plat principal.",,,,,A1,food,158
tricolore-1-5th-edition,writing,Exercise 1,3,fill-in,Écris ces mots avec les voyelles: 3 du p__l_t,,,,poulet,A1,food,158
tricolore-1-5th-edition,writing,Exercise 2,3,fill-in,"Trouve deux légumes dans le bol, avec du/de la/de l'/des.",,,,"des oignons, des carottes",A1,food,158
tricolore-1-5th-edition,writing,Exercise 3,3,fill-in,Le cheval mange …,,,,,A1,food,158
tricolore-1-5th-edition,reading,Exercise 4,3,short-answer,"On ne fait pas ça avec des fruits, on le fait avec du lait.",,,,,A1,food,158
tricolore-1-5th-edition,writing,Exercise 1,4,fill-in,Écris ces mots avec les voyelles: 4 des p_t_ts p__s,,,,petits pois,A1,food,158
tricolore-1-5th-edition,writing,Exercise 2,4,fill-in,"Trouve deux desserts dans le bol, avec du/de la/de l'/des.",,,,"des tartes aux fruits, des yaourts",A1,food,158
tricolore-1-5th-edition,writing,Exercise 3,4,fill-in,Le chien mange …,,,,,A1,food,158
tricolore-1-5th-edition,reading,Exercise 4,4,short-answer,Ce n'est pas un fruit.,,,,,A1,food,158
tricolore-1-5th-edition,writing,Exercise 1,5,fill-in,Écris ces mots avec les voyelles: 5 des p_mm_s d_ t_rr_,,,,pommes de terre,A1,food,158
tricolore-1-5th-edition,writing,Exercise 2,5,fill-in,"Trouve deux boissons dans le bol, avec du/de la/de l'/des.",,,,"du vin, de l'eau",A1,food,158
tricolore-1-5th-edition,writing,Exercise 3,5,fill-in,Le perroquet mange …,,,,,A1,food,158
tricolore-1-5th-edition,reading,Exercise 4,5,short-answer,"On ne mange pas ces choses pour le petit déjeuner, on les mange, quelquefois, après un repas. Mmm! Ils sont délicieux!",,,,,A1,food,158
tricolore-1-5th-edition,writing,Exercise 1,6,fill-in,Écris ces mots avec les voyelles: 6 une b_n_n_,,,,banane,A1,food,158
tricolore-1-5th-edition,writing,Exercise 2,6,fill-in,"Trouve deux fruits dans le bol, avec du/de la/de l'/des.",,,,"des oranges, des bananes",A1,food,158
tricolore-1-5th-edition,writing,Exercise 3,6,fill-in,Le cochon d'Inde mange …,,,,,A1,food,158
tricolore-1-5th-edition,reading,Exercise 4,6,short-answer,"Ce n'est pas un plat principal, mais on la mange, quelquefois, avec le plat principal.",,,,,A1,food,158
tricolore-1-5th-edition,writing,Exercise 1,7,fill-in,Écris ces mots avec les voyelles: 7 un y___rt,,,,yaourt,A1,food,158
tricolore-1-5th-edition,writing,Exercise 3,7,fill-in,Le chat mange …,,,,,A1,food,158
tricolore-1-5th-edition,reading,Exercise 4,7,short-answer,"On ne la boit pas, on la mange.",,,,,A1,food,158
tricolore-1-5th-edition,writing,Exercise 1,8,fill-in,Écris ces mots avec les voyelles: 8 de l'___,,,,eau,A1,food,158
tricolore-1-5th-edition,writing,Exercise 3,8,fill-in,Le lapin mange …,,,,,A1,food,158
tricolore-1-5th-edition,writing,Exercise 1,9,fill-in,Écris ces mots avec les voyelles: 9 du m_l_n,,,,melon,A1,food,158
tricolore-1-5th-edition,writing,Exercise 5a,1,writing-task,"Pour chaque repas (le petit déjeuner, le déjeuner et le dîner), écris quatre choses que tu prends – trois choses à manger et une à boire.",,,,(open-ended),A1,food,159
tricolore-1-5th-edition,speaking,Exercise 5b,1,speaking-task,Pose des questions pour découvrir un repas de ton/ta partenaire.,,,,(open-ended),A1,food,159
tricolore-1-5th-edition,grammar,Exercise 6a,1,ordering,Mets les mots dans le bon ordre: ne pas chats les jouent les avec enfants,,,,Les chats ne jouent pas avec les enfants.,A1,mixed,159
tricolore-1-5th-edition,grammar,Exercise 6b,1,ordering,Mets les mots dans le bon ordre: ne pas chiens sont les indépendants,,,,Les chiens ne sont pas indépendants.,A1,mixed,159
tricolore-1-5th-edition,reading,Exercise 7a,1,short-answer,Look at these menus for lunch at the Collège Missy. Write down: the number of courses.,,,,"Five courses per menu (entrée, plat principal, légume, fromage, dessert).",A1,school,159
tricolore-1-5th-edition,reading,Exercise 7b,1,fill-in,"Lundi, pour commencer, on va manger …",,,,une salade composée,A1,food,159
tricolore-1-5th-edition,listening,Exercise 7c,1,short-answer,Écoute. C'est quel jour?,,,,,A1,food,159
tricolore-1-5th-edition,writing,Exercise 7d,1,writing-task,Invente un menu pour le déjeuner au collège pour deux jours.,,,,(open-ended),A1,food,159
tricolore-1-5th-edition,grammar,Exercise 6a,2,ordering,Mets les mots dans le bon ordre: ne pas chats sont les intelligents,,,,Les chats ne sont pas intelligents.,A1,mixed,159
tricolore-1-5th-edition,grammar,Exercise 6b,2,ordering,Mets les mots dans le bon ordre: ne pas chiens intelligents les sont,,,,Les chiens ne sont pas intelligents.,A1,mixed,159
tricolore-1-5th-edition,reading,Exercise 7a,2,short-answer,Write down: the order of courses.,,,,"Starter, main course, vegetable side, cheese, dessert.",A1,school,159
tricolore-1-5th-edition,reading,Exercise 7b,2,fill-in,"Lundi, on va manger des … comme légumes.",,,,haricots (au beurre),A1,food,159
tricolore-1-5th-edition,grammar,Exercise 6a,3,ordering,Mets les mots dans le bon ordre: ne pas chats mangent bien les,,,,Les chats ne mangent pas bien.,A1,mixed,159
tricolore-1-5th-edition,grammar,Exercise 6b,3,ordering,Mets les mots dans le bon ordre: ne pas chiens bien mangent les,,,,Les chiens ne mangent pas bien.,A1,mixed,159
tricolore-1-5th-edition,reading,Exercise 7a,3,short-answer,Write down: the number of menus containing potatoes.,,,,One (Vendredi: pommes de terre).,A1,school,159
tricolore-1-5th-edition,reading,Exercise 7b,3,fill-in,"Mardi, on va prendre du … comme plat principal, avec des …",,,,poisson; lentilles,A1,food,159
tricolore-1-5th-edition,grammar,Exercise 6a,4,ordering,Mets les mots dans le bon ordre: ne pas chats restent les à maison la,,,,Les chats ne restent pas à la maison.,A1,mixed,159
tricolore-1-5th-edition,grammar,Exercise 6b,4,ordering,Mets les mots dans le bon ordre: ne pas chiens les respectent jardins les,,,,Les chiens ne respectent pas les jardins.,A1,mixed,159
tricolore-1-5th-edition,reading,Exercise 7a,4,short-answer,Write down: the number of menus containing salad and/or vegetables.,,,,Four (all the menus).,A1,school,159
tricolore-1-5th-edition,reading,Exercise 7b,4,fill-in,"Comme dessert, il y a du yaourt. C'est quel jour? C'est …",,,,mardi,A1,food,159
tricolore-1-5th-edition,grammar,Exercise 6a,5,ordering,Mets les mots dans le bon ordre: n' pas chats les aiment enfants les,,,,Les chats n'aiment pas les enfants.,A1,mixed,159
tricolore-1-5th-edition,grammar,Exercise 6b,5,ordering,Mets les mots dans le bon ordre: n' pas chiens les aiment animaux les autres,,,,Les chiens n'aiment pas les autres animaux.,A1,mixed,159
tricolore-1-5th-edition,reading,Exercise 7a,5,short-answer,Write down: the day that has no menu (why is that?).,,,,Mercredi (Wednesday) — French schools traditionally have no class on Wednesday.,A1,school,159
tricolore-1-5th-edition,reading,Exercise 7b,5,fill-in,"Vendredi, on va manger une entrée chaude. C'est du …",,,,potage (aux légumes),A1,food,159
tricolore-1-5th-edition,reading,Exercise 7b,6,fill-in,"Aujourd'hui, il n'y a pas de fromage. Alors, c'est …",,,,mardi,A1,food,159
tricolore-1-5th-edition,reading,Exercise 7b,7,fill-in,"Après le fromage, on prend souvent des …",,,,fruits,A1,food,159
tricolore-1-5th-edition,reading,Exercise 7b,8,fill-in,"Mardi, comme entrée, on va prendre du …",,,,jambon,A1,food,159
tricolore-1-5th-edition,grammar,Exercise 1,1,matching,Qu'est-ce que tu fais quand il fait beau?,,,,"b (Quand il fait beau, je fais de la voile.)",A1,hobby,160
tricolore-1-5th-edition,writing,Exercise 2a,1,fill-in,J'habite dans une petite (1) ___.,,,,ville,A1,hobby,160
tricolore-1-5th-edition,writing,Exercise 2b,1,writing-task,Copie le texte et change six détails ou plus.,,,,(open-ended),A1,hobby,160
tricolore-1-5th-edition,grammar,Exercise 3,1,ordering,"Copie les mots dans le bon ordre: avec mes amis — j'ai joué — Mercredi dernier, — aux cartes",,,,"Mercredi dernier, j'ai joué aux cartes avec mes amis.",A2,hobby,160
tricolore-1-5th-edition,writing,Exercise 2a,10,fill-in,"Et toi, qu'est-ce que tu (10) ___, le weekend?",,,,fais,A1,hobby,160
tricolore-1-5th-edition,grammar,Exercise 1,2,matching,"Ta sœur, qu'est-ce qu'elle fait comme sport?",,,,g (Elle fait de la natation.),A1,hobby,160
tricolore-1-5th-edition,writing,Exercise 2a,2,fill-in,"Il y a un centre sportif, mais il n'y a pas de (2) ___.",,,,piscine,A1,hobby,160
tricolore-1-5th-edition,grammar,Exercise 3,2,ordering,"Copie les mots dans le bon ordre: de la danse — j'ai fait — au club des jeunes — Samedi dernier,",,,,"Samedi dernier, j'ai fait de la danse au club des jeunes.",A2,hobby,160
tricolore-1-5th-edition,grammar,Exercise 1,3,matching,"Les filles, qu'est-ce qu'elles font tous les weekends?",,,,c (Elles font des courses en ville.),A1,hobby,160
tricolore-1-5th-edition,writing,Exercise 2a,3,fill-in,C'est dommage parce que j'aime la (3) ___.,,,,natation,A1,hobby,160
tricolore-1-5th-edition,grammar,Exercise 3,3,ordering,"Copie les mots dans le bon ordre: j'ai fait — Dimanche dernier, — avec mon chien — une promenade",,,,"Dimanche dernier, j'ai fait une promenade avec mon chien.",A2,hobby,160
tricolore-1-5th-edition,grammar,Exercise 1,4,matching,"Qu'est-ce qu'ils font, les garçons?",,,,f (Ils jouent au football ou ils font du skate.),A1,hobby,160
tricolore-1-5th-edition,writing,Exercise 2a,4,fill-in,"Le samedi matin, je joue au (4) ___ au parc.",,,,football,A1,hobby,160
tricolore-1-5th-edition,grammar,Exercise 3,4,ordering,"Copie les mots dans le bon ordre: Mercredi après-midi, — avec ma grand-mère — aux échecs — j'ai joué",,,,"Mercredi après-midi, j'ai joué aux échecs avec ma grand-mère.",A2,hobby,160
tricolore-1-5th-edition,grammar,Exercise 1,5,matching,Qu'est-ce que je fais tous les samedis? Devine!,,,,a (Ce n'est pas difficile. Tu fais du sport!),A1,hobby,160
tricolore-1-5th-edition,writing,Exercise 2a,5,fill-in,"Le football, c'est (5) ___.",,,,super,A1,hobby,160
tricolore-1-5th-edition,grammar,Exercise 3,5,ordering,"Copie les mots dans le bon ordre: au centre sportif — j'ai fait — Jeudi soir, — du judo",,,,"Jeudi soir, j'ai fait du judo au centre sportif.",A2,hobby,160
tricolore-1-5th-edition,grammar,Exercise 1,6,matching,"Clément, qu'est-ce qu'il fait?",,,,e (Il fait une promenade en VTT avec ses amis.),A1,hobby,160
tricolore-1-5th-edition,writing,Exercise 2a,6,fill-in,"Quelquefois, l'après-midi, je vais à la bibliothèque et je (6) ___ sur Internet.",,,,surfe,A1,hobby,160
tricolore-1-5th-edition,grammar,Exercise 3,6,ordering,"Copie les mots dans le bon ordre: au parc — Mardi matin, — du vélo — j'ai fait",,,,"Mardi matin, j'ai fait du vélo au parc.",A2,hobby,160
tricolore-1-5th-edition,grammar,Exercise 1,7,matching,"Qu'est-ce que vous faites, le soir?",,,,"h (Nous faisons nos devoirs, mais pas le weekend!)",A1,hobby,160
tricolore-1-5th-edition,writing,Exercise 2a,7,fill-in,"J'aime aussi lire, (7) ___, les (8) ___ de Harry Potter.",,,,surtout,A1,hobby,160
tricolore-1-5th-edition,grammar,Exercise 3,7,ordering,"Copie les mots dans le bon ordre: j'ai joué — dans un concert — du violon — Vendredi dernier,",,,,"Vendredi dernier, j'ai joué du violon dans un concert.",A2,hobby,160
tricolore-1-5th-edition,grammar,Exercise 1,8,matching,Quel temps fait-il?,,,,"d (Il fait beau, mais il fait un peu froid.)",A1,hobby,160
tricolore-1-5th-edition,writing,Exercise 2a,8,fill-in,"J'aime aussi lire, surtout, les (8) ___ de Harry Potter.",,,,livres,A1,hobby,160
tricolore-1-5th-edition,grammar,Exercise 3,8,ordering,"Copie les mots dans le bon ordre: au tennis — j'ai joué — dans un match — Lundi dernier,",,,,"Lundi dernier, j'ai joué au tennis dans un match.",A2,hobby,160
tricolore-1-5th-edition,writing,Exercise 2a,9,fill-in,Ma sœur joue de la (9) ___.,,,,flûte,A1,hobby,160
tricolore-1-5th-edition,listening,Exercise 4,1,multiple-choice,Le film commence à …,20h05,20h15,21h15,20h15,A1,time-dates,161
tricolore-1-5th-edition,speaking,Exercise 5a,1,speaking-task,"Inventez des conversations à deux sur ce que vous avez fait pendant la semaine (Lundi, je suis allé(e) au parc. Et toi?).",,,,(open-ended),A2,vacation,161
tricolore-1-5th-edition,writing,Exercise 5b,1,writing-task,"Complète les phrases: Le matin, je suis allé(e) … Puis l'après-midi, je suis allé(e) … Et le soir, …",,,,(open-ended),A2,vacation,161
tricolore-1-5th-edition,reading,Exercise 6a,1,short-answer,Which town did Thomas go to?,,,,La Rochelle,A2,vacation,161
tricolore-1-5th-edition,reading,Exercise 6b,1,short-answer,Trouve le français: last weekend,,,,le weekend dernier,A2,vacation,161
tricolore-1-5th-edition,listening,Exercise 4,2,multiple-choice,Le match commence à …,04h30,14h20,14h30,,A1,time-dates,161
tricolore-1-5th-edition,reading,Exercise 6a,2,short-answer,What did he do there?,,,,He went sailing on Saturday and visited the Aquarium on Sunday.,A2,vacation,161
tricolore-1-5th-edition,reading,Exercise 6b,2,short-answer,Trouve le français: Saturday morning,,,,samedi matin,A2,vacation,161
tricolore-1-5th-edition,listening,Exercise 4,3,multiple-choice,Le spectacle finit à …,21h30,22h00,22h30,,A1,time-dates,161
tricolore-1-5th-edition,reading,Exercise 6a,3,short-answer,What did Léa do for her birthday?,,,,She went to Parc Astérix with her brother and mother.,A2,vacation,161
tricolore-1-5th-edition,reading,Exercise 6b,3,short-answer,Trouve le français: in the afternoon,,,,l'après-midi,A2,vacation,161
tricolore-1-5th-edition,listening,Exercise 4,4,multiple-choice,Le concert commence à …,20h45,24h05,20h30,,A1,time-dates,161
tricolore-1-5th-edition,reading,Exercise 6a,4,short-answer,What was her impression?,,,,She thought it was really cool/great fun.,A2,vacation,161
tricolore-1-5th-edition,reading,Exercise 6b,4,short-answer,Trouve le français: on Sunday,,,,dimanche,A2,vacation,161
tricolore-1-5th-edition,listening,Exercise 4,5,multiple-choice,La patinoire ferme à …,20h30,21h00,22h00,,A1,time-dates,161
tricolore-1-5th-edition,reading,Exercise 6a,5,short-answer,Mention three things that Hugo did last weekend.,,,,"He went horse-riding, visited the village and watched a film at home, and played football with his cousins.",A2,vacation,161
tricolore-1-5th-edition,reading,Exercise 6b,5,short-answer,Trouve le français: I went to the village.,,,,Je suis allé au village.,A2,vacation,161
tricolore-1-5th-edition,listening,Exercise 4,6,multiple-choice,La piscine ouvre à …,14h00,04h00,14h15,,A1,time-dates,161
tricolore-1-5th-edition,reading,Exercise 6a,6,short-answer,What did Sophie do at lunchtime?,,,,She had a picnic (and ate a huge chocolate ice cream).,A2,vacation,161
tricolore-1-5th-edition,reading,Exercise 6b,6,short-answer,Trouve le français: I played football.,,,,J'ai joué au football.,A2,vacation,161
